{
  "type": "FeatureCollection",
  "name": "parliament_47_combined",
  "crs": {
    "type": "name",
    "properties": {
      "name": "urn:ogc:def:crs:OGC:1.3:CRS84"
    }
  },
  "features": [
    {
      "type": "Feature",
      "geometry": {
        "type": "Point",
        "coordinates": [
          151.09,
          -33.8743
        ]
      },
      "properties": {
        "education_id": "edu-13050-1-acara-43913",
        "member_id": "aph-13050",
        "member": "ALY, the Hon. Dr Anne",
        "family_name": "Aly",
        "given_name": "Anne",
        "gender": "Female",
        "dob": "1967-03-29 00:00:00",
        "chamber": "representatives",
        "party": "Australian Labor Party",
        "party_abbrev": "ALP",
        "electorate": "Cowan",
        "state_or_territory": "WA",
        "is_opening_day_member": true,
        "is_current_member": true,
        "institution_id": "acara-43913",
        "acara_id": "43913",
        "school_name": "Meriden School",
        "school_type": "Pri/Sec",
        "school_sector": "Independent",
        "campus_type": "Pri/Sec",
        "school_state": "NSW",
        "school_suburb": "Strathfield",
        "school_postcode": "2135",
        "years_attended": null,
        "graduation_year": null,
        "attended_status": "graduated",
        "confidence": "verified",
        "historical_2021_net_recurrent_income_per_student": 29991,
        "finance_year": 2024,
        "finance_metric": "total_net_recurrent_income_per_student",
        "finance_value": 31101,
        "finance_status": "estimated_indexed",
        "finance_method": "acara_state_sector_geolocation_index",
        "finance_peer_group": "NSW / Independent / Major Cities",
        "finance_source": "ACARA National Report on Schooling",
        "public_funding_year": null,
        "public_funding_jurisdiction": null,
        "public_funding_model": null,
        "public_funding_metric": null,
        "public_funding_value": null,
        "public_funding_unit": null,
        "public_funding_source": null
      }
    },
    {
      "type": "Feature",
      "geometry": {
        "type": "Point",
        "coordinates": [
          150.959,
          -33.9258
        ]
      },
      "properties": {
        "education_id": "edu-13050-0-acara-41596",
        "member_id": "aph-13050",
        "member": "ALY, the Hon. Dr Anne",
        "family_name": "Aly",
        "given_name": "Anne",
        "gender": "Female",
        "dob": "1967-03-29 00:00:00",
        "chamber": "representatives",
        "party": "Australian Labor Party",
        "party_abbrev": "ALP",
        "electorate": "Cowan",
        "state_or_territory": "WA",
        "is_opening_day_member": true,
        "is_current_member": true,
        "institution_id": "acara-41596",
        "acara_id": "41596",
        "school_name": "Moorebank High School",
        "school_type": "Sec",
        "school_sector": "Government",
        "campus_type": "Sec",
        "school_state": "NSW",
        "school_suburb": "Moorebank",
        "school_postcode": "2170",
        "years_attended": null,
        "graduation_year": null,
        "attended_status": "graduated",
        "confidence": "verified",
        "historical_2021_net_recurrent_income_per_student": null,
        "finance_year": 2024,
        "finance_metric": "total_net_recurrent_income_per_student",
        "finance_value": 19553,
        "finance_status": "benchmark_average",
        "finance_method": "peer_group_average",
        "finance_peer_group": "NSW / Government / Major Cities",
        "finance_source": "ACARA National Report on Schooling",
        "public_funding_year": null,
        "public_funding_jurisdiction": null,
        "public_funding_model": null,
        "public_funding_metric": null,
        "public_funding_value": null,
        "public_funding_unit": null,
        "public_funding_source": null
      }
    },
    {
      "type": "Feature",
      "geometry": {
        "type": "Point",
        "coordinates": [
          146.806,
          -19.252
        ]
      },
      "properties": {
        "education_id": "edu-230886-0-acara-47981",
        "member_id": "aph-230886",
        "member": "ANDREWS, the Hon. Karen Lesley",
        "family_name": "Andrews",
        "given_name": "Karen",
        "gender": "Female",
        "dob": "1960-08-23 00:00:00",
        "chamber": "representatives",
        "party": "Liberal Party of Australia",
        "party_abbrev": "LIB",
        "electorate": "McPherson",
        "state_or_territory": "Qld",
        "is_opening_day_member": true,
        "is_current_member": false,
        "institution_id": "acara-47981",
        "acara_id": "47981",
        "school_name": "Townsville Grammar School",
        "school_type": "Sec",
        "school_sector": "Independent",
        "campus_type": "Pri/Sec",
        "school_state": "QLD",
        "school_suburb": "North Ward",
        "school_postcode": "4810",
        "years_attended": null,
        "graduation_year": null,
        "attended_status": "graduated",
        "confidence": "verified",
        "historical_2021_net_recurrent_income_per_student": 20740,
        "finance_year": 2024,
        "finance_metric": "total_net_recurrent_income_per_student",
        "finance_value": 21507,
        "finance_status": "estimated_indexed",
        "finance_method": "acara_state_sector_geolocation_index",
        "finance_peer_group": "QLD / Independent / Outer Regional",
        "finance_source": "ACARA National Report on Schooling",
        "public_funding_year": null,
        "public_funding_jurisdiction": null,
        "public_funding_model": null,
        "public_funding_metric": null,
        "public_funding_value": null,
        "public_funding_unit": null,
        "public_funding_source": null
      }
    },
    {
      "type": "Feature",
      "geometry": {
        "type": "Point",
        "coordinates": [
          138.65,
          -34.9209
        ]
      },
      "properties": {
        "education_id": "edu-269375-0-acara-49833",
        "member_id": "aph-269375",
        "member": "ANTIC, Alexander (Alex) Charles",
        "family_name": "Antic",
        "given_name": "Alexander",
        "gender": "Male",
        "dob": "1974-12-17 00:00:00",
        "chamber": "senate",
        "party": "Liberal Party of Australia",
        "party_abbrev": "LIB",
        "electorate": NaN,
        "state_or_territory": "SA",
        "is_opening_day_member": true,
        "is_current_member": true,
        "institution_id": "acara-49833",
        "acara_id": "49833",
        "school_name": "Pembroke School - Middle School Campus",
        "school_type": "Pri/Sec",
        "school_sector": "Independent",
        "campus_type": "Pri/Sec",
        "school_state": "SA",
        "school_suburb": "Kensington Park",
        "school_postcode": "5068",
        "years_attended": null,
        "graduation_year": null,
        "attended_status": "graduated",
        "confidence": "verified",
        "historical_2021_net_recurrent_income_per_student": null,
        "finance_year": 2024,
        "finance_metric": "total_net_recurrent_income_per_student",
        "finance_value": 28046,
        "finance_status": "benchmark_average",
        "finance_method": "peer_group_average",
        "finance_peer_group": "SA / Independent / Major Cities",
        "finance_source": "ACARA National Report on Schooling",
        "public_funding_year": null,
        "public_funding_jurisdiction": null,
        "public_funding_model": null,
        "public_funding_metric": null,
        "public_funding_value": null,
        "public_funding_unit": null,
        "public_funding_source": null
      }
    },
    {
      "type": "Feature",
      "geometry": {
        "type": "Point",
        "coordinates": [
          147.129,
          -41.4082
        ]
      },
      "properties": {
        "education_id": "edu-282237-0-acara-40007",
        "member_id": "aph-282237",
        "member": "ARCHER, Bridget Kathleen",
        "family_name": "Archer",
        "given_name": "Bridget",
        "gender": "Female",
        "dob": "1975-05-18 00:00:00",
        "chamber": "representatives",
        "party": "Liberal Party of Australia",
        "party_abbrev": "LIB",
        "electorate": "Bass",
        "state_or_territory": "Tas",
        "is_opening_day_member": true,
        "is_current_member": true,
        "institution_id": "acara-40007",
        "acara_id": "40007",
        "school_name": "Launceston Church Grammar School",
        "school_type": "Sec",
        "school_sector": "Independent",
        "campus_type": "Prim",
        "school_state": "TAS",
        "school_suburb": "Mowbray",
        "school_postcode": "7248",
        "years_attended": null,
        "graduation_year": null,
        "attended_status": "graduated",
        "confidence": "verified",
        "historical_2021_net_recurrent_income_per_student": 25337,
        "finance_year": 2024,
        "finance_metric": "total_net_recurrent_income_per_student",
        "finance_value": 26275,
        "finance_status": "estimated_indexed",
        "finance_method": "acara_state_sector_geolocation_index",
        "finance_peer_group": "TAS / Independent / Inner Regional",
        "finance_source": "ACARA National Report on Schooling",
        "public_funding_year": null,
        "public_funding_jurisdiction": null,
        "public_funding_model": null,
        "public_funding_metric": null,
        "public_funding_value": null,
        "public_funding_unit": null,
        "public_funding_source": null
      }
    },
    {
      "type": "Feature",
      "geometry": {
        "type": "Point",
        "coordinates": [
          151.742,
          -29.7443
        ]
      },
      "properties": {
        "education_id": "edu-16913-0-acara-42516",
        "member_id": "aph-16913",
        "member": "AYRES, the Hon. Timothy (Tim)",
        "family_name": "Ayres",
        "given_name": "Timothy",
        "gender": "Male",
        "dob": "1973-12-18 00:00:00",
        "chamber": "senate",
        "party": "Australian Labor Party",
        "party_abbrev": "ALP",
        "electorate": NaN,
        "state_or_territory": "NSW",
        "is_opening_day_member": true,
        "is_current_member": true,
        "institution_id": "acara-42516",
        "acara_id": "42516",
        "school_name": "Glen Innes High School",
        "school_type": "Sec",
        "school_sector": "Government",
        "campus_type": "Sec",
        "school_state": "NSW",
        "school_suburb": "Glen Innes",
        "school_postcode": "2370",
        "years_attended": null,
        "graduation_year": null,
        "attended_status": "graduated",
        "confidence": "verified",
        "historical_2021_net_recurrent_income_per_student": 21902,
        "finance_year": 2024,
        "finance_metric": "total_net_recurrent_income_per_student",
        "finance_value": 25396,
        "finance_status": "estimated_indexed",
        "finance_method": "acara_state_sector_geolocation_index",
        "finance_peer_group": "NSW / Government / Outer Regional",
        "finance_source": "ACARA National Report on Schooling",
        "public_funding_year": 2024,
        "public_funding_jurisdiction": "NSW",
        "public_funding_model": "Resource Allocation Model (RAM)",
        "public_funding_metric": "ram_allocation_total",
        "public_funding_value": 6600000.0,
        "public_funding_unit": "AUD",
        "public_funding_source": "Data.NSW Education Resource Allocation Model"
      }
    },
    {
      "type": "Feature",
      "geometry": {
        "type": "Point",
        "coordinates": [
          115.804,
          -31.9577
        ]
      },
      "properties": {
        "education_id": "edu-m3c-0-acara-48250",
        "member_id": "aph-m3c",
        "member": "BANDT, Dr Adam Paul",
        "family_name": "Bandt",
        "given_name": "Adam",
        "gender": "Male",
        "dob": "1972-03-11 00:00:00",
        "chamber": "representatives",
        "party": "Australian Greens",
        "party_abbrev": "GRN",
        "electorate": "Melbourne",
        "state_or_territory": "Vic",
        "is_opening_day_member": true,
        "is_current_member": true,
        "institution_id": "acara-48250",
        "acara_id": "48250",
        "school_name": "Shenton College",
        "school_type": "Sec",
        "school_sector": "Government",
        "campus_type": "Sec",
        "school_state": "WA",
        "school_suburb": "Shenton Park",
        "school_postcode": "6008",
        "years_attended": null,
        "graduation_year": null,
        "attended_status": "graduated",
        "confidence": "verified",
        "historical_2021_net_recurrent_income_per_student": 13419,
        "finance_year": 2024,
        "finance_metric": "total_net_recurrent_income_per_student",
        "finance_value": 15559,
        "finance_status": "estimated_indexed",
        "finance_method": "acara_state_sector_geolocation_index",
        "finance_peer_group": "WA / Government / Major Cities",
        "finance_source": "ACARA National Report on Schooling",
        "public_funding_year": null,
        "public_funding_jurisdiction": null,
        "public_funding_model": null,
        "public_funding_metric": null,
        "public_funding_value": null,
        "public_funding_unit": null,
        "public_funding_source": null
      }
    },
    {
      "type": "Feature",
      "geometry": {
        "type": "Point",
        "coordinates": [
          138.736,
          -34.6195
        ]
      },
      "properties": {
        "education_id": "edu-282981-0-acara-49458",
        "member_id": "aph-282981",
        "member": "BELL, Angie Marion",
        "family_name": "Bell",
        "given_name": "Angie",
        "gender": "Female",
        "dob": "1968-07-11 00:00:00",
        "chamber": "representatives",
        "party": "Liberal Party of Australia",
        "party_abbrev": "LIB",
        "electorate": "Moncrieff",
        "state_or_territory": "Qld",
        "is_opening_day_member": true,
        "is_current_member": true,
        "institution_id": "acara-49458",
        "acara_id": "49458",
        "school_name": "Gawler and District College B-12",
        "school_type": "Pri/Sec",
        "school_sector": "Government",
        "campus_type": "Pri/Sec",
        "school_state": "SA",
        "school_suburb": "Evanston",
        "school_postcode": "5116",
        "years_attended": null,
        "graduation_year": null,
        "attended_status": "graduated",
        "confidence": "verified",
        "historical_2021_net_recurrent_income_per_student": 17907,
        "finance_year": 2024,
        "finance_metric": "total_net_recurrent_income_per_student",
        "finance_value": 20763,
        "finance_status": "estimated_indexed",
        "finance_method": "acara_state_sector_geolocation_index",
        "finance_peer_group": "SA / Government / Major Cities",
        "finance_source": "ACARA National Report on Schooling",
        "public_funding_year": null,
        "public_funding_jurisdiction": null,
        "public_funding_model": null,
        "public_funding_metric": null,
        "public_funding_value": null,
        "public_funding_unit": null,
        "public_funding_source": null
      }
    },
    {
      "type": "Feature",
      "geometry": {
        "type": "Point",
        "coordinates": [
          145.066,
          -37.9842
        ]
      },
      "properties": {
        "education_id": "edu-309484-0-acara-45712",
        "member_id": "aph-309484",
        "member": "BELYEA, Jodie Anne",
        "family_name": "Belyea",
        "given_name": "Jodie",
        "gender": "Female",
        "dob": "NaT",
        "chamber": "representatives",
        "party": "Australian Labor Party",
        "party_abbrev": "ALP",
        "electorate": "Dunkley",
        "state_or_territory": "Vic",
        "is_opening_day_member": false,
        "is_current_member": true,
        "institution_id": "acara-45712",
        "acara_id": "45712",
        "school_name": "Kilbreda College",
        "school_type": "Sec",
        "school_sector": "Catholic",
        "campus_type": "Sec",
        "school_state": "VIC",
        "school_suburb": "Mentone",
        "school_postcode": "3194",
        "years_attended": null,
        "graduation_year": null,
        "attended_status": "graduated",
        "confidence": "verified",
        "historical_2021_net_recurrent_income_per_student": null,
        "finance_year": 2024,
        "finance_metric": "total_net_recurrent_income_per_student",
        "finance_value": 20761,
        "finance_status": "benchmark_average",
        "finance_method": "peer_group_average",
        "finance_peer_group": "VIC / Catholic / Major Cities",
        "finance_source": "ACARA National Report on Schooling",
        "public_funding_year": null,
        "public_funding_jurisdiction": null,
        "public_funding_model": null,
        "public_funding_metric": null,
        "public_funding_value": null,
        "public_funding_unit": null,
        "public_funding_source": null
      }
    },
    {
      "type": "Feature",
      "geometry": {
        "type": "Point",
        "coordinates": [
          147.318,
          -42.8776
        ]
      },
      "properties": {
        "education_id": "edu-hzb-1-acara-40444",
        "member_id": "aph-hzb",
        "member": "BILYK, Catryna Louise",
        "family_name": "Bilyk",
        "given_name": "Catryna",
        "gender": "Female",
        "dob": "1959-02-07 00:00:00",
        "chamber": "senate",
        "party": "Australian Labor Party",
        "party_abbrev": "ALP",
        "electorate": NaN,
        "state_or_territory": "Tas",
        "is_opening_day_member": true,
        "is_current_member": true,
        "institution_id": "acara-40444",
        "acara_id": "40444",
        "school_name": "Elizabeth College",
        "school_type": "Sec",
        "school_sector": "Government",
        "campus_type": "Sec",
        "school_state": "TAS",
        "school_suburb": "North Hobart",
        "school_postcode": "7000",
        "years_attended": null,
        "graduation_year": null,
        "attended_status": "graduated",
        "confidence": "verified",
        "historical_2021_net_recurrent_income_per_student": null,
        "finance_year": 2024,
        "finance_metric": "total_net_recurrent_income_per_student",
        "finance_value": 22022,
        "finance_status": "benchmark_average",
        "finance_method": "peer_group_average",
        "finance_peer_group": "TAS / Government / Inner Regional",
        "finance_source": "ACARA National Report on Schooling",
        "public_funding_year": 2024,
        "public_funding_jurisdiction": "TAS",
        "public_funding_model": "School Resource Package (Fairer Funding Model)",
        "public_funding_metric": "srp_allocation_total",
        "public_funding_value": 8690000.0,
        "public_funding_unit": "AUD",
        "public_funding_source": "Tasmania DECYP School Resourcing Data"
      }
    },
    {
      "type": "Feature",
      "geometry": {
        "type": "Point",
        "coordinates": [
          147.300368798093,
          -42.8551525815878
        ]
      },
      "properties": {
        "education_id": "edu-hzb-0-acara-53087",
        "member_id": "aph-hzb",
        "member": "BILYK, Catryna Louise",
        "family_name": "Bilyk",
        "given_name": "Catryna",
        "gender": "Female",
        "dob": "1959-02-07 00:00:00",
        "chamber": "senate",
        "party": "Australian Labor Party",
        "party_abbrev": "ALP",
        "electorate": NaN,
        "state_or_territory": "Tas",
        "is_opening_day_member": true,
        "is_current_member": true,
        "institution_id": "acara-53087",
        "acara_id": "53087",
        "school_name": "Hobart City High School",
        "school_type": "Sec",
        "school_sector": "Government",
        "campus_type": "Sec",
        "school_state": "TAS",
        "school_suburb": "New Town",
        "school_postcode": "7008",
        "years_attended": null,
        "graduation_year": null,
        "attended_status": "graduated",
        "confidence": "verified",
        "historical_2021_net_recurrent_income_per_student": null,
        "finance_year": 2024,
        "finance_metric": "total_net_recurrent_income_per_student",
        "finance_value": 22022,
        "finance_status": "benchmark_average",
        "finance_method": "peer_group_average",
        "finance_peer_group": "TAS / Government / Inner Regional",
        "finance_source": "ACARA National Report on Schooling",
        "public_funding_year": null,
        "public_funding_jurisdiction": null,
        "public_funding_model": null,
        "public_funding_metric": null,
        "public_funding_value": null,
        "public_funding_unit": null,
        "public_funding_source": null
      }
    },
    {
      "type": "Feature",
      "geometry": {
        "type": "Point",
        "coordinates": [
          138.736,
          -34.6195
        ]
      },
      "properties": {
        "education_id": "edu-h6x-0-acara-49458",
        "member_id": "aph-h6x",
        "member": "BIRMINGHAM, the Hon. Simon John",
        "family_name": "Birmingham",
        "given_name": "Simon",
        "gender": "Male",
        "dob": "1974-06-14 00:00:00",
        "chamber": "senate",
        "party": "Liberal Party of Australia",
        "party_abbrev": "LIB",
        "electorate": NaN,
        "state_or_territory": "SA",
        "is_opening_day_member": true,
        "is_current_member": false,
        "institution_id": "acara-49458",
        "acara_id": "49458",
        "school_name": "Gawler and District College B-12",
        "school_type": "Pri/Sec",
        "school_sector": "Government",
        "campus_type": "Pri/Sec",
        "school_state": "SA",
        "school_suburb": "Evanston",
        "school_postcode": "5116",
        "years_attended": null,
        "graduation_year": null,
        "attended_status": "graduated",
        "confidence": "verified",
        "historical_2021_net_recurrent_income_per_student": 17907,
        "finance_year": 2024,
        "finance_metric": "total_net_recurrent_income_per_student",
        "finance_value": 20763,
        "finance_status": "estimated_indexed",
        "finance_method": "acara_state_sector_geolocation_index",
        "finance_peer_group": "SA / Government / Major Cities",
        "finance_source": "ACARA National Report on Schooling",
        "public_funding_year": null,
        "public_funding_jurisdiction": null,
        "public_funding_model": null,
        "public_funding_metric": null,
        "public_funding_value": null,
        "public_funding_unit": null,
        "public_funding_source": null
      }
    },
    {
      "type": "Feature",
      "geometry": {
        "type": "Point",
        "coordinates": [
          144.948,
          -37.301
        ]
      },
      "properties": {
        "education_id": "edu-288713-1-acara-45647",
        "member_id": "aph-288713",
        "member": "BIRRELL, Samuel (Sam) James",
        "family_name": "Birrell",
        "given_name": "Samuel",
        "gender": "Male",
        "dob": "1975-04-05 00:00:00",
        "chamber": "representatives",
        "party": "The Nationals",
        "party_abbrev": "NP",
        "electorate": "Nicholls",
        "state_or_territory": "Vic",
        "is_opening_day_member": true,
        "is_current_member": true,
        "institution_id": "acara-45647",
        "acara_id": "45647",
        "school_name": "Assumption College",
        "school_type": "Sec",
        "school_sector": "Catholic",
        "campus_type": "Sec",
        "school_state": "VIC",
        "school_suburb": "Kilmore",
        "school_postcode": "3764",
        "years_attended": null,
        "graduation_year": null,
        "attended_status": "graduated",
        "confidence": "verified",
        "historical_2021_net_recurrent_income_per_student": 17118,
        "finance_year": 2024,
        "finance_metric": "total_net_recurrent_income_per_student",
        "finance_value": 19479,
        "finance_status": "estimated_indexed",
        "finance_method": "acara_state_sector_geolocation_index",
        "finance_peer_group": "VIC / Catholic / Inner Regional",
        "finance_source": "ACARA National Report on Schooling",
        "public_funding_year": null,
        "public_funding_jurisdiction": null,
        "public_funding_model": null,
        "public_funding_metric": null,
        "public_funding_value": null,
        "public_funding_unit": null,
        "public_funding_source": null
      }
    },
    {
      "type": "Feature",
      "geometry": {
        "type": "Point",
        "coordinates": [
          145.415246069628,
          -36.3727899419763
        ]
      },
      "properties": {
        "education_id": "edu-288713-0-acara-53105",
        "member_id": "aph-288713",
        "member": "BIRRELL, Samuel (Sam) James",
        "family_name": "Birrell",
        "given_name": "Samuel",
        "gender": "Male",
        "dob": "1975-04-05 00:00:00",
        "chamber": "representatives",
        "party": "The Nationals",
        "party_abbrev": "NP",
        "electorate": "Nicholls",
        "state_or_territory": "Vic",
        "is_opening_day_member": true,
        "is_current_member": true,
        "institution_id": "acara-53105",
        "acara_id": "53105",
        "school_name": "Greater Shepparton Secondary College",
        "school_type": "Sec",
        "school_sector": "Government",
        "campus_type": "Sec",
        "school_state": "VIC",
        "school_suburb": "Shepparton",
        "school_postcode": "3630",
        "years_attended": null,
        "graduation_year": null,
        "attended_status": "graduated",
        "confidence": "verified",
        "historical_2021_net_recurrent_income_per_student": null,
        "finance_year": 2024,
        "finance_metric": "total_net_recurrent_income_per_student",
        "finance_value": 20360,
        "finance_status": "benchmark_average",
        "finance_method": "peer_group_average",
        "finance_peer_group": "VIC / Government / Inner Regional",
        "finance_source": "ACARA National Report on Schooling",
        "public_funding_year": null,
        "public_funding_jurisdiction": null,
        "public_funding_model": null,
        "public_funding_metric": null,
        "public_funding_value": null,
        "public_funding_unit": null,
        "public_funding_source": null
      }
    },
    {
      "type": "Feature",
      "geometry": {
        "type": "Point",
        "coordinates": [
          138.62,
          -34.9702
        ]
      },
      "properties": {
        "education_id": "edu-315170-0-acara-49479",
        "member_id": "aph-315170",
        "member": "BLYTH, Leah",
        "family_name": "Blyth",
        "given_name": "Leah",
        "gender": "Female",
        "dob": "NaT",
        "chamber": "senate",
        "party": "Liberal Party of Australia",
        "party_abbrev": "LIB",
        "electorate": NaN,
        "state_or_territory": "SA",
        "is_opening_day_member": false,
        "is_current_member": true,
        "institution_id": "acara-49479",
        "acara_id": "49479",
        "school_name": "Unley High School",
        "school_type": "Sec",
        "school_sector": "Government",
        "campus_type": "Sec",
        "school_state": "SA",
        "school_suburb": "Netherby",
        "school_postcode": "5062",
        "years_attended": null,
        "graduation_year": null,
        "attended_status": "graduated",
        "confidence": "verified",
        "historical_2021_net_recurrent_income_per_student": 17000,
        "finance_year": 2024,
        "finance_metric": "total_net_recurrent_income_per_student",
        "finance_value": 19712,
        "finance_status": "estimated_indexed",
        "finance_method": "acara_state_sector_geolocation_index",
        "finance_peer_group": "SA / Government / Major Cities",
        "finance_source": "ACARA National Report on Schooling",
        "public_funding_year": null,
        "public_funding_jurisdiction": null,
        "public_funding_model": null,
        "public_funding_metric": null,
        "public_funding_value": null,
        "public_funding_unit": null,
        "public_funding_source": null
      }
    },
    {
      "type": "Feature",
      "geometry": {
        "type": "Point",
        "coordinates": [
          150.892,
          -33.8731
        ]
      },
      "properties": {
        "education_id": "edu-dzs-0-acara-41598",
        "member_id": "aph-dzs",
        "member": "BOWEN, the Hon. Christopher (Chris) Eyles",
        "family_name": "Bowen",
        "given_name": "Christopher",
        "gender": "Male",
        "dob": "1973-01-17 00:00:00",
        "chamber": "representatives",
        "party": "Australian Labor Party",
        "party_abbrev": "ALP",
        "electorate": "McMahon",
        "state_or_territory": "NSW",
        "is_opening_day_member": true,
        "is_current_member": true,
        "institution_id": "acara-41598",
        "acara_id": "41598",
        "school_name": "St Johns Park High School",
        "school_type": "Sec",
        "school_sector": "Government",
        "campus_type": "Sec",
        "school_state": "NSW",
        "school_suburb": "St Johns Park",
        "school_postcode": "2176",
        "years_attended": null,
        "graduation_year": null,
        "attended_status": "graduated",
        "confidence": "verified",
        "historical_2021_net_recurrent_income_per_student": 17815,
        "finance_year": 2024,
        "finance_metric": "total_net_recurrent_income_per_student",
        "finance_value": 20657,
        "finance_status": "estimated_indexed",
        "finance_method": "acara_state_sector_geolocation_index",
        "finance_peer_group": "NSW / Government / Major Cities",
        "finance_source": "ACARA National Report on Schooling",
        "public_funding_year": null,
        "public_funding_jurisdiction": null,
        "public_funding_model": null,
        "public_funding_metric": null,
        "public_funding_value": null,
        "public_funding_unit": null,
        "public_funding_source": null
      }
    },
    {
      "type": "Feature",
      "geometry": {
        "type": "Point",
        "coordinates": [
          151.969,
          -27.5632
        ]
      },
      "properties": {
        "education_id": "edu-299498-0-acara-48037",
        "member_id": "aph-299498",
        "member": "BOYCE, Colin Einar",
        "family_name": "Boyce",
        "given_name": "Colin",
        "gender": "Male",
        "dob": "1962-10-30 00:00:00",
        "chamber": "representatives",
        "party": "The Nationals",
        "party_abbrev": "NP",
        "electorate": "Flynn",
        "state_or_territory": "Qld",
        "is_opening_day_member": true,
        "is_current_member": true,
        "institution_id": "acara-48037",
        "acara_id": "48037",
        "school_name": "Toowoomba Grammar School",
        "school_type": "Pri/Sec",
        "school_sector": "Independent",
        "campus_type": "Pri/Sec",
        "school_state": "QLD",
        "school_suburb": "East Toowoomba",
        "school_postcode": "4350",
        "years_attended": null,
        "graduation_year": null,
        "attended_status": "graduated",
        "confidence": "verified",
        "historical_2021_net_recurrent_income_per_student": 25965,
        "finance_year": 2024,
        "finance_metric": "total_net_recurrent_income_per_student",
        "finance_value": 26926,
        "finance_status": "estimated_indexed",
        "finance_method": "acara_state_sector_geolocation_index",
        "finance_peer_group": "QLD / Independent / Inner Regional",
        "finance_source": "ACARA National Report on Schooling",
        "public_funding_year": null,
        "public_funding_jurisdiction": null,
        "public_funding_model": null,
        "public_funding_metric": null,
        "public_funding_value": null,
        "public_funding_unit": null,
        "public_funding_source": null
      }
    },
    {
      "type": "Feature",
      "geometry": {
        "type": "Point",
        "coordinates": [
          115.865,
          -31.9796
        ]
      },
      "properties": {
        "education_id": "edu-mt4-0-acara-49026",
        "member_id": "aph-mt4",
        "member": "BROADBENT, Russell Evan",
        "family_name": "Broadbent",
        "given_name": "Russell",
        "gender": "Male",
        "dob": "1950-12-25 00:00:00",
        "chamber": "representatives",
        "party": "Independent",
        "party_abbrev": "IND",
        "electorate": "Monash",
        "state_or_territory": "Vic",
        "is_opening_day_member": true,
        "is_current_member": true,
        "institution_id": "acara-49026",
        "acara_id": "49026",
        "school_name": "Wesley College",
        "school_type": "Pri/Sec",
        "school_sector": "Independent",
        "campus_type": "Pri/Sec",
        "school_state": "WA",
        "school_suburb": "South Perth",
        "school_postcode": "6151",
        "years_attended": null,
        "graduation_year": null,
        "attended_status": "graduated",
        "confidence": "verified",
        "historical_2021_net_recurrent_income_per_student": null,
        "finance_year": 2024,
        "finance_metric": "total_net_recurrent_income_per_student",
        "finance_value": 28871,
        "finance_status": "benchmark_average",
        "finance_method": "peer_group_average",
        "finance_peer_group": "WA / Independent / Major Cities",
        "finance_source": "ACARA National Report on Schooling",
        "public_funding_year": null,
        "public_funding_jurisdiction": null,
        "public_funding_model": null,
        "public_funding_metric": null,
        "public_funding_value": null,
        "public_funding_unit": null,
        "public_funding_source": null
      }
    },
    {
      "type": "Feature",
      "geometry": {
        "type": "Point",
        "coordinates": [
          115.834,
          -32.0288
        ]
      },
      "properties": {
        "education_id": "edu-30484-0-acara-48117",
        "member_id": "aph-30484",
        "member": "BROCKMAN, William (Slade) Edward Slade",
        "family_name": "Brockman",
        "given_name": "William",
        "gender": "Male",
        "dob": "1970-03-27 00:00:00",
        "chamber": "senate",
        "party": "Liberal Party of Australia",
        "party_abbrev": "LIB",
        "electorate": NaN,
        "state_or_territory": "WA",
        "is_opening_day_member": true,
        "is_current_member": true,
        "institution_id": "acara-48117",
        "acara_id": "48117",
        "school_name": "Applecross Senior High School",
        "school_type": "Sec",
        "school_sector": "Government",
        "campus_type": "Sec",
        "school_state": "WA",
        "school_suburb": "Ardross",
        "school_postcode": "6153",
        "years_attended": null,
        "graduation_year": null,
        "attended_status": "graduated",
        "confidence": "verified",
        "historical_2021_net_recurrent_income_per_student": 13846,
        "finance_year": 2024,
        "finance_metric": "total_net_recurrent_income_per_student",
        "finance_value": 16055,
        "finance_status": "estimated_indexed",
        "finance_method": "acara_state_sector_geolocation_index",
        "finance_peer_group": "WA / Government / Major Cities",
        "finance_source": "ACARA National Report on Schooling",
        "public_funding_year": null,
        "public_funding_jurisdiction": null,
        "public_funding_model": null,
        "public_funding_metric": null,
        "public_funding_value": null,
        "public_funding_unit": null,
        "public_funding_source": null
      }
    },
    {
      "type": "Feature",
      "geometry": {
        "type": "Point",
        "coordinates": [
          147.365,
          -42.8693
        ]
      },
      "properties": {
        "education_id": "edu-f49-0-acara-40445",
        "member_id": "aph-f49",
        "member": "BROWN, the Hon. Carol Louise",
        "family_name": "Brown",
        "given_name": "Carol",
        "gender": "Female",
        "dob": "1963-07-19 00:00:00",
        "chamber": "senate",
        "party": "Australian Labor Party",
        "party_abbrev": "ALP",
        "electorate": NaN,
        "state_or_territory": "Tas",
        "is_opening_day_member": true,
        "is_current_member": true,
        "institution_id": "acara-40445",
        "acara_id": "40445",
        "school_name": "Rosny College",
        "school_type": "Sec",
        "school_sector": "Government",
        "campus_type": "Sec",
        "school_state": "TAS",
        "school_suburb": "Rosny Park",
        "school_postcode": "7018",
        "years_attended": null,
        "graduation_year": null,
        "attended_status": "graduated",
        "confidence": "verified",
        "historical_2021_net_recurrent_income_per_student": 18435,
        "finance_year": 2024,
        "finance_metric": "total_net_recurrent_income_per_student",
        "finance_value": 21376,
        "finance_status": "estimated_indexed",
        "finance_method": "acara_state_sector_geolocation_index",
        "finance_peer_group": "TAS / Government / Inner Regional",
        "finance_source": "ACARA National Report on Schooling",
        "public_funding_year": null,
        "public_funding_jurisdiction": null,
        "public_funding_model": null,
        "public_funding_metric": null,
        "public_funding_value": null,
        "public_funding_unit": null,
        "public_funding_source": null
      }
    },
    {
      "type": "Feature",
      "geometry": {
        "type": "Point",
        "coordinates": [
          150.728,
          -23.1153
        ]
      },
      "properties": {
        "education_id": "edu-230531-0-acara-47905",
        "member_id": "aph-230531",
        "member": "BUCHHOLZ, the Hon. Scott Andrew",
        "family_name": "Buchholz",
        "given_name": "Scott",
        "gender": "Male",
        "dob": "1968-03-27 00:00:00",
        "chamber": "representatives",
        "party": "Liberal Party of Australia",
        "party_abbrev": "LIB",
        "electorate": "Wright",
        "state_or_territory": "Qld",
        "is_opening_day_member": true,
        "is_current_member": true,
        "institution_id": "acara-47905",
        "acara_id": "47905",
        "school_name": "St Brendan's College",
        "school_type": "Sec",
        "school_sector": "Catholic",
        "campus_type": "Sec",
        "school_state": "QLD",
        "school_suburb": "Yeppoon",
        "school_postcode": "4703",
        "years_attended": null,
        "graduation_year": null,
        "attended_status": "graduated",
        "confidence": "verified",
        "historical_2021_net_recurrent_income_per_student": 25831,
        "finance_year": 2024,
        "finance_metric": "total_net_recurrent_income_per_student",
        "finance_value": 29394,
        "finance_status": "estimated_indexed",
        "finance_method": "acara_state_sector_geolocation_index",
        "finance_peer_group": "QLD / Catholic / Inner Regional",
        "finance_source": "ACARA National Report on Schooling",
        "public_funding_year": null,
        "public_funding_jurisdiction": null,
        "public_funding_model": null,
        "public_funding_metric": null,
        "public_funding_value": null,
        "public_funding_unit": null,
        "public_funding_source": null
      }
    },
    {
      "type": "Feature",
      "geometry": {
        "type": "Point",
        "coordinates": [
          142.145,
          -34.198
        ]
      },
      "properties": {
        "education_id": "edu-300129-0-acara-40562",
        "member_id": "aph-300129",
        "member": "BURNELL, Matthew (Matt) Paul",
        "family_name": "Burnell",
        "given_name": "Matthew",
        "gender": "Male",
        "dob": "1978-08-25 00:00:00",
        "chamber": "representatives",
        "party": "Australian Labor Party",
        "party_abbrev": "ALP",
        "electorate": "Spence",
        "state_or_territory": "SA",
        "is_opening_day_member": true,
        "is_current_member": true,
        "institution_id": "acara-40562",
        "acara_id": "40562",
        "school_name": "Mildura Senior College",
        "school_type": "Sec",
        "school_sector": "Government",
        "campus_type": "Sec",
        "school_state": "VIC",
        "school_suburb": "Mildura",
        "school_postcode": "3502",
        "years_attended": null,
        "graduation_year": null,
        "attended_status": "graduated",
        "confidence": "verified",
        "historical_2021_net_recurrent_income_per_student": 20610,
        "finance_year": 2024,
        "finance_metric": "total_net_recurrent_income_per_student",
        "finance_value": 23898,
        "finance_status": "estimated_indexed",
        "finance_method": "acara_state_sector_geolocation_index",
        "finance_peer_group": "VIC / Government / Outer Regional",
        "finance_source": "ACARA National Report on Schooling",
        "public_funding_year": null,
        "public_funding_jurisdiction": null,
        "public_funding_model": null,
        "public_funding_metric": null,
        "public_funding_value": null,
        "public_funding_unit": null,
        "public_funding_source": null
      }
    },
    {
      "type": "Feature",
      "geometry": {
        "type": "Point",
        "coordinates": [
          146.406,
          -34.5468
        ]
      },
      "properties": {
        "education_id": "edu-8gh-0-acara-42695",
        "member_id": "aph-8gh",
        "member": "BURNEY, the Hon. Linda Jean",
        "family_name": "Burney",
        "given_name": "Linda",
        "gender": "Female",
        "dob": "1957-04-25 00:00:00",
        "chamber": "representatives",
        "party": "Australian Labor Party",
        "party_abbrev": "ALP",
        "electorate": "Barton",
        "state_or_territory": "NSW",
        "is_opening_day_member": true,
        "is_current_member": false,
        "institution_id": "acara-42695",
        "acara_id": "42695",
        "school_name": "Leeton High School",
        "school_type": "Sec",
        "school_sector": "Government",
        "campus_type": "Sec",
        "school_state": "NSW",
        "school_suburb": "Leeton",
        "school_postcode": "2705",
        "years_attended": null,
        "graduation_year": null,
        "attended_status": "graduated",
        "confidence": "verified",
        "historical_2021_net_recurrent_income_per_student": 22725,
        "finance_year": 2024,
        "finance_metric": "total_net_recurrent_income_per_student",
        "finance_value": 26350,
        "finance_status": "estimated_indexed",
        "finance_method": "acara_state_sector_geolocation_index",
        "finance_peer_group": "NSW / Government / Outer Regional",
        "finance_source": "ACARA National Report on Schooling",
        "public_funding_year": null,
        "public_funding_jurisdiction": null,
        "public_funding_model": null,
        "public_funding_metric": null,
        "public_funding_value": null,
        "public_funding_unit": null,
        "public_funding_source": null
      }
    },
    {
      "type": "Feature",
      "geometry": {
        "type": "Point",
        "coordinates": [
          150.706,
          -33.7566
        ]
      },
      "properties": {
        "education_id": "edu-8gh-1-acara-41806",
        "member_id": "aph-8gh",
        "member": "BURNEY, the Hon. Linda Jean",
        "family_name": "Burney",
        "given_name": "Linda",
        "gender": "Female",
        "dob": "1957-04-25 00:00:00",
        "chamber": "representatives",
        "party": "Australian Labor Party",
        "party_abbrev": "ALP",
        "electorate": "Barton",
        "state_or_territory": "NSW",
        "is_opening_day_member": true,
        "is_current_member": false,
        "institution_id": "acara-41806",
        "acara_id": "41806",
        "school_name": "Penrith High School",
        "school_type": "Sec",
        "school_sector": "Government",
        "campus_type": "Sec",
        "school_state": "NSW",
        "school_suburb": "Penrith",
        "school_postcode": "2750",
        "years_attended": null,
        "graduation_year": null,
        "attended_status": "graduated",
        "confidence": "verified",
        "historical_2021_net_recurrent_income_per_student": 14187,
        "finance_year": 2024,
        "finance_metric": "total_net_recurrent_income_per_student",
        "finance_value": 16450,
        "finance_status": "estimated_indexed",
        "finance_method": "acara_state_sector_geolocation_index",
        "finance_peer_group": "NSW / Government / Major Cities",
        "finance_source": "ACARA National Report on Schooling",
        "public_funding_year": null,
        "public_funding_jurisdiction": null,
        "public_funding_model": null,
        "public_funding_metric": null,
        "public_funding_value": null,
        "public_funding_unit": null,
        "public_funding_source": null
      }
    },
    {
      "type": "Feature",
      "geometry": {
        "type": "Point",
        "coordinates": [
          145.118,
          -37.8472
        ]
      },
      "properties": {
        "education_id": "edu-278522-0-acara-46208",
        "member_id": "aph-278522",
        "member": "BURNS, Joshua (Josh) Solomon",
        "family_name": "Burns",
        "given_name": "Joshua",
        "gender": "Male",
        "dob": "1987-02-06 00:00:00",
        "chamber": "representatives",
        "party": "Australian Labor Party",
        "party_abbrev": "ALP",
        "electorate": "Macnamara",
        "state_or_territory": "Vic",
        "is_opening_day_member": true,
        "is_current_member": true,
        "institution_id": "acara-46208",
        "acara_id": "46208",
        "school_name": "Mount Scopus Memorial College",
        "school_type": "Pri/Sec",
        "school_sector": "Independent",
        "campus_type": "Pri/Sec",
        "school_state": "VIC",
        "school_suburb": "Burwood",
        "school_postcode": "3125",
        "years_attended": null,
        "graduation_year": null,
        "attended_status": "graduated",
        "confidence": "verified",
        "historical_2021_net_recurrent_income_per_student": 29099,
        "finance_year": 2024,
        "finance_metric": "total_net_recurrent_income_per_student",
        "finance_value": 30176,
        "finance_status": "estimated_indexed",
        "finance_method": "acara_state_sector_geolocation_index",
        "finance_peer_group": "VIC / Independent / Major Cities",
        "finance_source": "ACARA National Report on Schooling",
        "public_funding_year": null,
        "public_funding_jurisdiction": null,
        "public_funding_model": null,
        "public_funding_metric": null,
        "public_funding_value": null,
        "public_funding_unit": null,
        "public_funding_source": null
      }
    },
    {
      "type": "Feature",
      "geometry": {
        "type": "Point",
        "coordinates": [
          138.62,
          -34.9702
        ]
      },
      "properties": {
        "education_id": "edu-hwk-0-acara-49479",
        "member_id": "aph-hwk",
        "member": "BUTLER, the Hon. Mark Christopher",
        "family_name": "Butler",
        "given_name": "Mark",
        "gender": "Male",
        "dob": "1970-07-08 00:00:00",
        "chamber": "representatives",
        "party": "Australian Labor Party",
        "party_abbrev": "ALP",
        "electorate": "Hindmarsh",
        "state_or_territory": "SA",
        "is_opening_day_member": true,
        "is_current_member": true,
        "institution_id": "acara-49479",
        "acara_id": "49479",
        "school_name": "Unley High School",
        "school_type": "Sec",
        "school_sector": "Government",
        "campus_type": "Sec",
        "school_state": "SA",
        "school_suburb": "Netherby",
        "school_postcode": "5062",
        "years_attended": null,
        "graduation_year": null,
        "attended_status": "graduated",
        "confidence": "verified",
        "historical_2021_net_recurrent_income_per_student": 17000,
        "finance_year": 2024,
        "finance_metric": "total_net_recurrent_income_per_student",
        "finance_value": 19712,
        "finance_status": "estimated_indexed",
        "finance_method": "acara_state_sector_geolocation_index",
        "finance_peer_group": "SA / Government / Major Cities",
        "finance_source": "ACARA National Report on Schooling",
        "public_funding_year": null,
        "public_funding_jurisdiction": null,
        "public_funding_model": null,
        "public_funding_metric": null,
        "public_funding_value": null,
        "public_funding_unit": null,
        "public_funding_source": null
      }
    },
    {
      "type": "Feature",
      "geometry": {
        "type": "Point",
        "coordinates": [
          150.909,
          -34.3448
        ]
      },
      "properties": {
        "education_id": "edu-299145-0-acara-42918",
        "member_id": "aph-299145",
        "member": "BYRNES, Alison",
        "family_name": "Byrnes",
        "given_name": "Alison",
        "gender": "Female",
        "dob": "1974-02-05 00:00:00",
        "chamber": "representatives",
        "party": "Australian Labor Party",
        "party_abbrev": "ALP",
        "electorate": "Cunningham",
        "state_or_territory": "NSW",
        "is_opening_day_member": true,
        "is_current_member": true,
        "institution_id": "acara-42918",
        "acara_id": "42918",
        "school_name": "Woonona High School",
        "school_type": "Sec",
        "school_sector": "Government",
        "campus_type": "Sec",
        "school_state": "NSW",
        "school_suburb": "Woonona",
        "school_postcode": "2517",
        "years_attended": null,
        "graduation_year": null,
        "attended_status": "graduated",
        "confidence": "verified",
        "historical_2021_net_recurrent_income_per_student": 15859,
        "finance_year": 2024,
        "finance_metric": "total_net_recurrent_income_per_student",
        "finance_value": 18389,
        "finance_status": "estimated_indexed",
        "finance_method": "acara_state_sector_geolocation_index",
        "finance_peer_group": "NSW / Government / Major Cities",
        "finance_source": "ACARA National Report on Schooling",
        "public_funding_year": null,
        "public_funding_jurisdiction": null,
        "public_funding_model": null,
        "public_funding_metric": null,
        "public_funding_value": null,
        "public_funding_unit": null,
        "public_funding_source": null
      }
    },
    {
      "type": "Feature",
      "geometry": {
        "type": "Point",
        "coordinates": [
          146.718,
          -19.3157
        ]
      },
      "properties": {
        "education_id": "edu-306489-0-acara-47865",
        "member_id": "aph-306489",
        "member": "CALDWELL, Cameron",
        "family_name": "Caldwell",
        "given_name": "Cameron",
        "gender": "Male",
        "dob": "1979-05-22 00:00:00",
        "chamber": "representatives",
        "party": "Liberal Party of Australia",
        "party_abbrev": "LIB",
        "electorate": "Fadden",
        "state_or_territory": "Qld",
        "is_opening_day_member": false,
        "is_current_member": true,
        "institution_id": "acara-47865",
        "acara_id": "47865",
        "school_name": "Ryan Catholic College",
        "school_type": "Pri/Sec",
        "school_sector": "Catholic",
        "campus_type": "Pri/Sec",
        "school_state": "QLD",
        "school_suburb": "Kirwan",
        "school_postcode": "4817",
        "years_attended": null,
        "graduation_year": null,
        "attended_status": "graduated",
        "confidence": "verified",
        "historical_2021_net_recurrent_income_per_student": null,
        "finance_year": 2024,
        "finance_metric": "total_net_recurrent_income_per_student",
        "finance_value": 24516,
        "finance_status": "benchmark_average",
        "finance_method": "peer_group_average",
        "finance_peer_group": "QLD / Catholic / Outer Regional",
        "finance_source": "ACARA National Report on Schooling",
        "public_funding_year": null,
        "public_funding_jurisdiction": null,
        "public_funding_model": null,
        "public_funding_metric": null,
        "public_funding_value": null,
        "public_funding_unit": null,
        "public_funding_source": null
      }
    },
    {
      "type": "Feature",
      "geometry": {
        "type": "Point",
        "coordinates": [
          115.899,
          -31.9105
        ]
      },
      "properties": {
        "education_id": "edu-245212-0-acara-48902",
        "member_id": "aph-245212",
        "member": "CANAVAN, the Hon. Matthew (Matt) James",
        "family_name": "Canavan",
        "given_name": "Matthew",
        "gender": "Male",
        "dob": "1980-12-17 00:00:00",
        "chamber": "senate",
        "party": "The Nationals",
        "party_abbrev": "NP",
        "electorate": NaN,
        "state_or_territory": "Qld",
        "is_opening_day_member": true,
        "is_current_member": true,
        "institution_id": "acara-48902",
        "acara_id": "48902",
        "school_name": "Chisholm Catholic College",
        "school_type": "Sec",
        "school_sector": "Catholic",
        "campus_type": "Sec",
        "school_state": "WA",
        "school_suburb": "Bedford",
        "school_postcode": "6052",
        "years_attended": null,
        "graduation_year": null,
        "attended_status": "graduated",
        "confidence": "verified",
        "historical_2021_net_recurrent_income_per_student": null,
        "finance_year": 2024,
        "finance_metric": "total_net_recurrent_income_per_student",
        "finance_value": 22244,
        "finance_status": "benchmark_average",
        "finance_method": "peer_group_average",
        "finance_peer_group": "WA / Catholic / Major Cities",
        "finance_source": "ACARA National Report on Schooling",
        "public_funding_year": null,
        "public_funding_jurisdiction": null,
        "public_funding_model": null,
        "public_funding_metric": null,
        "public_funding_value": null,
        "public_funding_unit": null,
        "public_funding_source": null
      }
    },
    {
      "type": "Feature",
      "geometry": {
        "type": "Point",
        "coordinates": [
          115.768,
          -32.0085
        ]
      },
      "properties": {
        "education_id": "edu-i0m-0-acara-48924",
        "member_id": "aph-i0m",
        "member": "CASH, the Hon. Michaelia Clare",
        "family_name": "Cash",
        "given_name": "Michaelia",
        "gender": "Female",
        "dob": "1970-07-19 00:00:00",
        "chamber": "senate",
        "party": "Liberal Party of Australia",
        "party_abbrev": "LIB",
        "electorate": NaN,
        "state_or_territory": "WA",
        "is_opening_day_member": true,
        "is_current_member": true,
        "institution_id": "acara-48924",
        "acara_id": "48924",
        "school_name": "Iona Presentation College",
        "school_type": "Sec",
        "school_sector": "Catholic",
        "campus_type": "Sec",
        "school_state": "WA",
        "school_suburb": "Mosman Park",
        "school_postcode": "6012",
        "years_attended": null,
        "graduation_year": null,
        "attended_status": "graduated",
        "confidence": "verified",
        "historical_2021_net_recurrent_income_per_student": 20999,
        "finance_year": 2024,
        "finance_metric": "total_net_recurrent_income_per_student",
        "finance_value": 23896,
        "finance_status": "estimated_indexed",
        "finance_method": "acara_state_sector_geolocation_index",
        "finance_peer_group": "WA / Catholic / Major Cities",
        "finance_source": "ACARA National Report on Schooling",
        "public_funding_year": null,
        "public_funding_jurisdiction": null,
        "public_funding_model": null,
        "public_funding_metric": null,
        "public_funding_value": null,
        "public_funding_unit": null,
        "public_funding_source": null
      }
    },
    {
      "type": "Feature",
      "geometry": {
        "type": "Point",
        "coordinates": [
          153.076,
          -27.5527
        ]
      },
      "properties": {
        "education_id": "edu-37998-0-acara-47886",
        "member_id": "aph-37998",
        "member": "CHALMERS, the Hon. Dr James (Jim) Edward",
        "family_name": "Chalmers",
        "given_name": "James",
        "gender": "Male",
        "dob": "1978-03-02 00:00:00",
        "chamber": "representatives",
        "party": "Australian Labor Party",
        "party_abbrev": "ALP",
        "electorate": "Rankin",
        "state_or_territory": "Qld",
        "is_opening_day_member": true,
        "is_current_member": true,
        "institution_id": "acara-47886",
        "acara_id": "47886",
        "school_name": "Clairvaux MacKillop College",
        "school_type": "Sec",
        "school_sector": "Catholic",
        "campus_type": "Sec",
        "school_state": "QLD",
        "school_suburb": "Upper Mount Gravatt",
        "school_postcode": "4122",
        "years_attended": null,
        "graduation_year": null,
        "attended_status": "graduated",
        "confidence": "verified",
        "historical_2021_net_recurrent_income_per_student": 17717,
        "finance_year": 2024,
        "finance_metric": "total_net_recurrent_income_per_student",
        "finance_value": 20161,
        "finance_status": "estimated_indexed",
        "finance_method": "acara_state_sector_geolocation_index",
        "finance_peer_group": "QLD / Catholic / Major Cities",
        "finance_source": "ACARA National Report on Schooling",
        "public_funding_year": null,
        "public_funding_jurisdiction": null,
        "public_funding_model": null,
        "public_funding_metric": null,
        "public_funding_value": null,
        "public_funding_unit": null,
        "public_funding_source": null
      }
    },
    {
      "type": "Feature",
      "geometry": {
        "type": "Point",
        "coordinates": [
          147.323,
          -42.8882
        ]
      },
      "properties": {
        "education_id": "edu-264449-0-acara-40035",
        "member_id": "aph-264449",
        "member": "CHANDLER, Claire",
        "family_name": "Chandler",
        "given_name": "Claire",
        "gender": "Female",
        "dob": "1990-06-01 00:00:00",
        "chamber": "senate",
        "party": "Liberal Party of Australia",
        "party_abbrev": "LIB",
        "electorate": NaN,
        "state_or_territory": "Tas",
        "is_opening_day_member": true,
        "is_current_member": true,
        "institution_id": "acara-40035",
        "acara_id": "40035",
        "school_name": "St Michael's Collegiate School",
        "school_type": "Pri/Sec",
        "school_sector": "Independent",
        "campus_type": "Pri/Sec",
        "school_state": "TAS",
        "school_suburb": "Hobart",
        "school_postcode": "7000",
        "years_attended": null,
        "graduation_year": null,
        "attended_status": "graduated",
        "confidence": "provisional",
        "historical_2021_net_recurrent_income_per_student": 18686,
        "finance_year": 2024,
        "finance_metric": "total_net_recurrent_income_per_student",
        "finance_value": 19377,
        "finance_status": "estimated_indexed",
        "finance_method": "acara_state_sector_geolocation_index",
        "finance_peer_group": "TAS / Independent / Inner Regional",
        "finance_source": "ACARA National Report on Schooling",
        "public_funding_year": null,
        "public_funding_jurisdiction": null,
        "public_funding_model": null,
        "public_funding_metric": null,
        "public_funding_value": null,
        "public_funding_unit": null,
        "public_funding_source": null
      }
    },
    {
      "type": "Feature",
      "geometry": {
        "type": "Point",
        "coordinates": [
          153.019,
          -27.4794
        ]
      },
      "properties": {
        "education_id": "edu-300121-0-acara-47408",
        "member_id": "aph-300121",
        "member": "CHANDLER-MATHER, Max",
        "family_name": "Chandler-Mather",
        "given_name": "Max",
        "gender": "Male",
        "dob": "1992-02-15 00:00:00",
        "chamber": "representatives",
        "party": "Australian Greens",
        "party_abbrev": "GRN",
        "electorate": "Griffith",
        "state_or_territory": "Qld",
        "is_opening_day_member": true,
        "is_current_member": true,
        "institution_id": "acara-47408",
        "acara_id": "47408",
        "school_name": "Brisbane State High School",
        "school_type": "Sec",
        "school_sector": "Government",
        "campus_type": "Sec",
        "school_state": "QLD",
        "school_suburb": "South Brisbane",
        "school_postcode": "4101",
        "years_attended": null,
        "graduation_year": null,
        "attended_status": "graduated",
        "confidence": "verified",
        "historical_2021_net_recurrent_income_per_student": 13017,
        "finance_year": 2024,
        "finance_metric": "total_net_recurrent_income_per_student",
        "finance_value": 15093,
        "finance_status": "estimated_indexed",
        "finance_method": "acara_state_sector_geolocation_index",
        "finance_peer_group": "QLD / Government / Major Cities",
        "finance_source": "ACARA National Report on Schooling",
        "public_funding_year": null,
        "public_funding_jurisdiction": null,
        "public_funding_model": null,
        "public_funding_metric": null,
        "public_funding_value": null,
        "public_funding_unit": null,
        "public_funding_source": null
      }
    },
    {
      "type": "Feature",
      "geometry": {
        "type": "Point",
        "coordinates": [
          115.785,
          -31.9618
        ]
      },
      "properties": {
        "education_id": "edu-300006-0-acara-48967",
        "member_id": "aph-300006",
        "member": "CHANEY, Kate",
        "family_name": "Chaney",
        "given_name": "Kate",
        "gender": "Female",
        "dob": "1975-01-21 00:00:00",
        "chamber": "representatives",
        "party": "Independent",
        "party_abbrev": "IND",
        "electorate": "Curtin",
        "state_or_territory": "WA",
        "is_opening_day_member": true,
        "is_current_member": true,
        "institution_id": "acara-48967",
        "acara_id": "48967",
        "school_name": "John XXIII College",
        "school_type": "Pri/Sec",
        "school_sector": "Catholic",
        "campus_type": "Pri/Sec",
        "school_state": "WA",
        "school_suburb": "Mount Claremont",
        "school_postcode": "6010",
        "years_attended": null,
        "graduation_year": null,
        "attended_status": "graduated",
        "confidence": "verified",
        "historical_2021_net_recurrent_income_per_student": 22120,
        "finance_year": 2024,
        "finance_metric": "total_net_recurrent_income_per_student",
        "finance_value": 25171,
        "finance_status": "estimated_indexed",
        "finance_method": "acara_state_sector_geolocation_index",
        "finance_peer_group": "WA / Catholic / Major Cities",
        "finance_source": "ACARA National Report on Schooling",
        "public_funding_year": null,
        "public_funding_jurisdiction": null,
        "public_funding_model": null,
        "public_funding_metric": null,
        "public_funding_value": null,
        "public_funding_unit": null,
        "public_funding_source": null
      }
    },
    {
      "type": "Feature",
      "geometry": {
        "type": "Point",
        "coordinates": [
          151.119,
          -33.7231
        ]
      },
      "properties": {
        "education_id": "edu-i8m-0-acara-40367",
        "member_id": "aph-i8m",
        "member": "CHARLTON, the Hon. Dr Andrew Henry George",
        "family_name": "Charlton",
        "given_name": "Andrew",
        "gender": "Male",
        "dob": "1978-09-26 00:00:00",
        "chamber": "representatives",
        "party": "Australian Labor Party",
        "party_abbrev": "ALP",
        "electorate": "Parramatta",
        "state_or_territory": "NSW",
        "is_opening_day_member": true,
        "is_current_member": true,
        "institution_id": "acara-40367",
        "acara_id": "40367",
        "school_name": "Knox Grammar School",
        "school_type": "Pri/Sec",
        "school_sector": "Independent",
        "campus_type": "Sec",
        "school_state": "NSW",
        "school_suburb": "Wahroonga",
        "school_postcode": "2076",
        "years_attended": null,
        "graduation_year": null,
        "attended_status": "graduated",
        "confidence": "verified",
        "historical_2021_net_recurrent_income_per_student": 30133,
        "finance_year": 2024,
        "finance_metric": "total_net_recurrent_income_per_student",
        "finance_value": 31248,
        "finance_status": "estimated_indexed",
        "finance_method": "acara_state_sector_geolocation_index",
        "finance_peer_group": "NSW / Independent / Major Cities",
        "finance_source": "ACARA National Report on Schooling",
        "public_funding_year": null,
        "public_funding_jurisdiction": null,
        "public_funding_model": null,
        "public_funding_metric": null,
        "public_funding_value": null,
        "public_funding_unit": null,
        "public_funding_source": null
      }
    },
    {
      "type": "Feature",
      "geometry": {
        "type": "Point",
        "coordinates": [
          147.068,
          -38.1089
        ]
      },
      "properties": {
        "education_id": "edu-ipz-0-acara-40726",
        "member_id": "aph-ipz",
        "member": "CHESTER, the Hon. Darren Jeffrey",
        "family_name": "Chester",
        "given_name": "Darren",
        "gender": "Male",
        "dob": "1967-09-13 00:00:00",
        "chamber": "representatives",
        "party": "The Nationals",
        "party_abbrev": "NP",
        "electorate": "Gippsland",
        "state_or_territory": "Vic",
        "is_opening_day_member": true,
        "is_current_member": true,
        "institution_id": "acara-40726",
        "acara_id": "40726",
        "school_name": "Sale College",
        "school_type": "Sec",
        "school_sector": "Government",
        "campus_type": "Sec",
        "school_state": "VIC",
        "school_suburb": "Sale",
        "school_postcode": "3850",
        "years_attended": null,
        "graduation_year": null,
        "attended_status": "graduated",
        "confidence": "verified",
        "historical_2021_net_recurrent_income_per_student": 21347,
        "finance_year": 2024,
        "finance_metric": "total_net_recurrent_income_per_student",
        "finance_value": 24752,
        "finance_status": "estimated_indexed",
        "finance_method": "acara_state_sector_geolocation_index",
        "finance_peer_group": "VIC / Government / Inner Regional",
        "finance_source": "ACARA National Report on Schooling",
        "public_funding_year": null,
        "public_funding_jurisdiction": null,
        "public_funding_model": null,
        "public_funding_metric": null,
        "public_funding_value": null,
        "public_funding_unit": null,
        "public_funding_source": null
      }
    },
    {
      "type": "Feature",
      "geometry": {
        "type": "Point",
        "coordinates": [
          153.076,
          -26.6547
        ]
      },
      "properties": {
        "education_id": "edu-249710-0-acara-47482",
        "member_id": "aph-249710",
        "member": "CHESTERS, Lisa Marie",
        "family_name": "Chesters",
        "given_name": "Lisa",
        "gender": "Female",
        "dob": "1980-02-11 00:00:00",
        "chamber": "representatives",
        "party": "Australian Labor Party",
        "party_abbrev": "ALP",
        "electorate": "Bendigo",
        "state_or_territory": "Vic",
        "is_opening_day_member": true,
        "is_current_member": true,
        "institution_id": "acara-47482",
        "acara_id": "47482",
        "school_name": "Maroochydore State High School",
        "school_type": "Sec",
        "school_sector": "Government",
        "campus_type": "Sec",
        "school_state": "QLD",
        "school_suburb": "Maroochydore",
        "school_postcode": "4558",
        "years_attended": null,
        "graduation_year": null,
        "attended_status": "graduated",
        "confidence": "verified",
        "historical_2021_net_recurrent_income_per_student": 17120,
        "finance_year": 2024,
        "finance_metric": "total_net_recurrent_income_per_student",
        "finance_value": 19851,
        "finance_status": "estimated_indexed",
        "finance_method": "acara_state_sector_geolocation_index",
        "finance_peer_group": "QLD / Government / Major Cities",
        "finance_source": "ACARA National Report on Schooling",
        "public_funding_year": null,
        "public_funding_jurisdiction": null,
        "public_funding_model": null,
        "public_funding_metric": null,
        "public_funding_value": null,
        "public_funding_unit": null,
        "public_funding_source": null
      }
    },
    {
      "type": "Feature",
      "geometry": {
        "type": "Point",
        "coordinates": [
          153.038,
          -27.398
        ]
      },
      "properties": {
        "education_id": "edu-39801-0-acara-47442",
        "member_id": "aph-39801",
        "member": "CHISHOLM, the Hon. Anthony David",
        "family_name": "Chisholm",
        "given_name": "Anthony",
        "gender": "Male",
        "dob": "1978-02-24 00:00:00",
        "chamber": "senate",
        "party": "Australian Labor Party",
        "party_abbrev": "ALP",
        "electorate": NaN,
        "state_or_territory": "Qld",
        "is_opening_day_member": true,
        "is_current_member": true,
        "institution_id": "acara-47442",
        "acara_id": "47442",
        "school_name": "Wavell State High School",
        "school_type": "Sec",
        "school_sector": "Government",
        "campus_type": "Sec",
        "school_state": "QLD",
        "school_suburb": "Wavell Heights",
        "school_postcode": "4012",
        "years_attended": null,
        "graduation_year": null,
        "attended_status": "graduated",
        "confidence": "verified",
        "historical_2021_net_recurrent_income_per_student": 14464,
        "finance_year": 2024,
        "finance_metric": "total_net_recurrent_income_per_student",
        "finance_value": 16771,
        "finance_status": "estimated_indexed",
        "finance_method": "acara_state_sector_geolocation_index",
        "finance_peer_group": "QLD / Government / Major Cities",
        "finance_source": "ACARA National Report on Schooling",
        "public_funding_year": null,
        "public_funding_jurisdiction": null,
        "public_funding_model": null,
        "public_funding_metric": null,
        "public_funding_value": null,
        "public_funding_unit": null,
        "public_funding_source": null
      }
    },
    {
      "type": "Feature",
      "geometry": {
        "type": "Point",
        "coordinates": [
          145.1,
          -37.8827
        ]
      },
      "properties": {
        "education_id": "edu-281503-0-acara-45870",
        "member_id": "aph-281503",
        "member": "CICCONE, Raffaele (Raff)",
        "family_name": "Ciccone",
        "given_name": "Raffaele",
        "gender": "Male",
        "dob": "1983-11-01 00:00:00",
        "chamber": "senate",
        "party": "Australian Labor Party",
        "party_abbrev": "ALP",
        "electorate": NaN,
        "state_or_territory": "Vic",
        "is_opening_day_member": true,
        "is_current_member": true,
        "institution_id": "acara-45870",
        "acara_id": "45870",
        "school_name": "Salesian College Chadstone",
        "school_type": "Sec",
        "school_sector": "Catholic",
        "campus_type": "Sec",
        "school_state": "VIC",
        "school_suburb": "Chadstone",
        "school_postcode": "3148",
        "years_attended": null,
        "graduation_year": null,
        "attended_status": "graduated",
        "confidence": "verified",
        "historical_2021_net_recurrent_income_per_student": 18936,
        "finance_year": 2024,
        "finance_metric": "total_net_recurrent_income_per_student",
        "finance_value": 21548,
        "finance_status": "estimated_indexed",
        "finance_method": "acara_state_sector_geolocation_index",
        "finance_peer_group": "VIC / Catholic / Major Cities",
        "finance_source": "ACARA National Report on Schooling",
        "public_funding_year": null,
        "public_funding_jurisdiction": null,
        "public_funding_model": null,
        "public_funding_metric": null,
        "public_funding_value": null,
        "public_funding_unit": null,
        "public_funding_source": null
      }
    },
    {
      "type": "Feature",
      "geometry": {
        "type": "Point",
        "coordinates": [
          150.952,
          -33.8846
        ]
      },
      "properties": {
        "education_id": "edu-hwl-0-acara-41583",
        "member_id": "aph-hwl",
        "member": "CLARE, the Hon. Jason Dean",
        "family_name": "Clare",
        "given_name": "Jason",
        "gender": "Male",
        "dob": "1972-03-22 00:00:00",
        "chamber": "representatives",
        "party": "Australian Labor Party",
        "party_abbrev": "ALP",
        "electorate": "Blaxland",
        "state_or_territory": "NSW",
        "is_opening_day_member": true,
        "is_current_member": true,
        "institution_id": "acara-41583",
        "acara_id": "41583",
        "school_name": "Canley Vale High School",
        "school_type": "Sec",
        "school_sector": "Government",
        "campus_type": "Sec",
        "school_state": "NSW",
        "school_suburb": "Canley Vale",
        "school_postcode": "2166",
        "years_attended": null,
        "graduation_year": null,
        "attended_status": "graduated",
        "confidence": "verified",
        "historical_2021_net_recurrent_income_per_student": 15243,
        "finance_year": 2024,
        "finance_metric": "total_net_recurrent_income_per_student",
        "finance_value": 17674,
        "finance_status": "estimated_indexed",
        "finance_method": "acara_state_sector_geolocation_index",
        "finance_peer_group": "NSW / Government / Major Cities",
        "finance_source": "ACARA National Report on Schooling",
        "public_funding_year": 2024,
        "public_funding_jurisdiction": "NSW",
        "public_funding_model": "Resource Allocation Model (RAM)",
        "public_funding_metric": "ram_allocation_total",
        "public_funding_value": 15540000.0,
        "public_funding_unit": "AUD",
        "public_funding_source": "Data.NSW Education Resource Allocation Model"
      }
    },
    {
      "type": "Feature",
      "geometry": {
        "type": "Point",
        "coordinates": [
          151.722,
          -32.9179
        ]
      },
      "properties": {
        "education_id": "edu-248181-0-acara-42120",
        "member_id": "aph-248181",
        "member": "CLAYDON, Sharon Catherine",
        "family_name": "Claydon",
        "given_name": "Sharon",
        "gender": "Female",
        "dob": "1964-04-26 00:00:00",
        "chamber": "representatives",
        "party": "Australian Labor Party",
        "party_abbrev": "ALP",
        "electorate": "Newcastle",
        "state_or_territory": "NSW",
        "is_opening_day_member": true,
        "is_current_member": true,
        "institution_id": "acara-42120",
        "acara_id": "42120",
        "school_name": "Lambton High School",
        "school_type": "Sec",
        "school_sector": "Government",
        "campus_type": "Sec",
        "school_state": "NSW",
        "school_suburb": "Lambton",
        "school_postcode": "2299",
        "years_attended": null,
        "graduation_year": null,
        "attended_status": "graduated",
        "confidence": "verified",
        "historical_2021_net_recurrent_income_per_student": 15497,
        "finance_year": 2024,
        "finance_metric": "total_net_recurrent_income_per_student",
        "finance_value": 17969,
        "finance_status": "estimated_indexed",
        "finance_method": "acara_state_sector_geolocation_index",
        "finance_peer_group": "NSW / Government / Major Cities",
        "finance_source": "ACARA National Report on Schooling",
        "public_funding_year": null,
        "public_funding_jurisdiction": null,
        "public_funding_model": null,
        "public_funding_metric": null,
        "public_funding_value": null,
        "public_funding_unit": null,
        "public_funding_source": null
      }
    },
    {
      "type": "Feature",
      "geometry": {
        "type": "Point",
        "coordinates": [
          153.10783,
          -27.62104
        ]
      },
      "properties": {
        "education_id": "edu-263547-0-acara-52837",
        "member_id": "aph-263547",
        "member": "COKER, Elizabeth (Libby) Ann",
        "family_name": "Coker",
        "given_name": "Elizabeth",
        "gender": "Female",
        "dob": "1962-06-11 00:00:00",
        "chamber": "representatives",
        "party": "Australian Labor Party",
        "party_abbrev": "ALP",
        "electorate": "Corangamite",
        "state_or_territory": "Vic",
        "is_opening_day_member": true,
        "is_current_member": true,
        "institution_id": "acara-52837",
        "acara_id": "52837",
        "school_name": "Faith Christian School of Distance Education - Woodridge Campus",
        "school_type": "Sec",
        "school_sector": "Independent",
        "campus_type": "Sec",
        "school_state": "QLD",
        "school_suburb": "Woodridge",
        "school_postcode": "4114",
        "years_attended": null,
        "graduation_year": null,
        "attended_status": "graduated",
        "confidence": "verified",
        "historical_2021_net_recurrent_income_per_student": null,
        "finance_year": 2024,
        "finance_metric": "total_net_recurrent_income_per_student",
        "finance_value": 27771,
        "finance_status": "benchmark_average",
        "finance_method": "peer_group_average",
        "finance_peer_group": "QLD / Independent / Major Cities",
        "finance_source": "ACARA National Report on Schooling",
        "public_funding_year": null,
        "public_funding_jurisdiction": null,
        "public_funding_model": null,
        "public_funding_metric": null,
        "public_funding_value": null,
        "public_funding_unit": null,
        "public_funding_source": null
      }
    },
    {
      "type": "Feature",
      "geometry": {
        "type": "Point",
        "coordinates": [
          144.972,
          -37.836
        ]
      },
      "properties": {
        "education_id": "edu-263547-1-acara-45437",
        "member_id": "aph-263547",
        "member": "COKER, Elizabeth (Libby) Ann",
        "family_name": "Coker",
        "given_name": "Elizabeth",
        "gender": "Female",
        "dob": "1962-06-11 00:00:00",
        "chamber": "representatives",
        "party": "Australian Labor Party",
        "party_abbrev": "ALP",
        "electorate": "Corangamite",
        "state_or_territory": "Vic",
        "is_opening_day_member": true,
        "is_current_member": true,
        "institution_id": "acara-45437",
        "acara_id": "45437",
        "school_name": "MacRobertson Girls High School",
        "school_type": "Sec",
        "school_sector": "Government",
        "campus_type": "Sec",
        "school_state": "VIC",
        "school_suburb": "Melbourne",
        "school_postcode": "3004",
        "years_attended": null,
        "graduation_year": null,
        "attended_status": "graduated",
        "confidence": "verified",
        "historical_2021_net_recurrent_income_per_student": 13189,
        "finance_year": 2024,
        "finance_metric": "total_net_recurrent_income_per_student",
        "finance_value": 15293,
        "finance_status": "estimated_indexed",
        "finance_method": "acara_state_sector_geolocation_index",
        "finance_peer_group": "VIC / Government / Major Cities",
        "finance_source": "ACARA National Report on Schooling",
        "public_funding_year": null,
        "public_funding_jurisdiction": null,
        "public_funding_model": null,
        "public_funding_metric": null,
        "public_funding_value": null,
        "public_funding_unit": null,
        "public_funding_source": null
      }
    },
    {
      "type": "Feature",
      "geometry": {
        "type": "Point",
        "coordinates": [
          143.343,
          -35.1861
        ]
      },
      "properties": {
        "education_id": "edu-263547-2-acara-45241",
        "member_id": "aph-263547",
        "member": "COKER, Elizabeth (Libby) Ann",
        "family_name": "Coker",
        "given_name": "Elizabeth",
        "gender": "Female",
        "dob": "1962-06-11 00:00:00",
        "chamber": "representatives",
        "party": "Australian Labor Party",
        "party_abbrev": "ALP",
        "electorate": "Corangamite",
        "state_or_territory": "Vic",
        "is_opening_day_member": true,
        "is_current_member": true,
        "institution_id": "acara-45241",
        "acara_id": "45241",
        "school_name": "Nyah District Primary School",
        "school_type": "Prim",
        "school_sector": "Government",
        "campus_type": "Prim",
        "school_state": "VIC",
        "school_suburb": "Nyah West",
        "school_postcode": "3595",
        "years_attended": null,
        "graduation_year": null,
        "attended_status": "graduated",
        "confidence": "verified",
        "historical_2021_net_recurrent_income_per_student": null,
        "finance_year": 2024,
        "finance_metric": "total_net_recurrent_income_per_student",
        "finance_value": 21957,
        "finance_status": "benchmark_average",
        "finance_method": "peer_group_average",
        "finance_peer_group": "VIC / Government / Outer Regional",
        "finance_source": "ACARA National Report on Schooling",
        "public_funding_year": null,
        "public_funding_jurisdiction": null,
        "public_funding_model": null,
        "public_funding_metric": null,
        "public_funding_value": null,
        "public_funding_unit": null,
        "public_funding_source": null
      }
    },
    {
      "type": "Feature",
      "geometry": {
        "type": "Point",
        "coordinates": [
          147.389,
          -42.8779
        ]
      },
      "properties": {
        "education_id": "edu-00aol-0-acara-40129",
        "member_id": "aph-00aol",
        "member": "COLBECK, the Hon. Richard Mansell",
        "family_name": "Colbeck",
        "given_name": "Richard",
        "gender": "Male",
        "dob": "1958-04-05 00:00:00",
        "chamber": "senate",
        "party": "Liberal Party of Australia",
        "party_abbrev": "LIB",
        "electorate": NaN,
        "state_or_territory": "Tas",
        "is_opening_day_member": true,
        "is_current_member": true,
        "institution_id": "acara-40129",
        "acara_id": "40129",
        "school_name": "Clarence High School",
        "school_type": "Sec",
        "school_sector": "Government",
        "campus_type": "Sec",
        "school_state": "TAS",
        "school_suburb": "Bellerive",
        "school_postcode": "7018",
        "years_attended": null,
        "graduation_year": null,
        "attended_status": "graduated",
        "confidence": "verified",
        "historical_2021_net_recurrent_income_per_student": null,
        "finance_year": 2024,
        "finance_metric": "total_net_recurrent_income_per_student",
        "finance_value": 22022,
        "finance_status": "benchmark_average",
        "finance_method": "peer_group_average",
        "finance_peer_group": "TAS / Government / Inner Regional",
        "finance_source": "ACARA National Report on Schooling",
        "public_funding_year": null,
        "public_funding_jurisdiction": null,
        "public_funding_model": null,
        "public_funding_metric": null,
        "public_funding_value": null,
        "public_funding_unit": null,
        "public_funding_source": null
      }
    },
    {
      "type": "Feature",
      "geometry": {
        "type": "Point",
        "coordinates": [
          146.333,
          -41.1676
        ]
      },
      "properties": {
        "education_id": "edu-00aol-2-acara-50255",
        "member_id": "aph-00aol",
        "member": "COLBECK, the Hon. Richard Mansell",
        "family_name": "Colbeck",
        "given_name": "Richard",
        "gender": "Male",
        "dob": "1958-04-05 00:00:00",
        "chamber": "senate",
        "party": "Liberal Party of Australia",
        "party_abbrev": "LIB",
        "electorate": NaN,
        "state_or_territory": "Tas",
        "is_opening_day_member": true,
        "is_current_member": true,
        "institution_id": "acara-50255",
        "acara_id": "50255",
        "school_name": "Don College",
        "school_type": "Sec",
        "school_sector": "Government",
        "campus_type": "Sec",
        "school_state": "TAS",
        "school_suburb": "Devonport",
        "school_postcode": "7310",
        "years_attended": null,
        "graduation_year": null,
        "attended_status": "graduated",
        "confidence": "verified",
        "historical_2021_net_recurrent_income_per_student": 18410,
        "finance_year": 2024,
        "finance_metric": "total_net_recurrent_income_per_student",
        "finance_value": 21347,
        "finance_status": "estimated_indexed",
        "finance_method": "acara_state_sector_geolocation_index",
        "finance_peer_group": "TAS / Government / Inner Regional",
        "finance_source": "ACARA National Report on Schooling",
        "public_funding_year": null,
        "public_funding_jurisdiction": null,
        "public_funding_model": null,
        "public_funding_metric": null,
        "public_funding_value": null,
        "public_funding_unit": null,
        "public_funding_source": null
      }
    },
    {
      "type": "Feature",
      "geometry": {
        "type": "Point",
        "coordinates": [
          138.666,
          -34.8899
        ]
      },
      "properties": {
        "education_id": "edu-00aol-1-acara-49544",
        "member_id": "aph-00aol",
        "member": "COLBECK, the Hon. Richard Mansell",
        "family_name": "Colbeck",
        "given_name": "Richard",
        "gender": "Male",
        "dob": "1958-04-05 00:00:00",
        "chamber": "senate",
        "party": "Liberal Party of Australia",
        "party_abbrev": "LIB",
        "electorate": NaN,
        "state_or_territory": "Tas",
        "is_opening_day_member": true,
        "is_current_member": true,
        "institution_id": "acara-49544",
        "acara_id": "49544",
        "school_name": "East Torrens Primary School",
        "school_type": "Prim",
        "school_sector": "Government",
        "campus_type": "Prim",
        "school_state": "SA",
        "school_suburb": "Hectorville",
        "school_postcode": "5073",
        "years_attended": null,
        "graduation_year": null,
        "attended_status": "graduated",
        "confidence": "verified",
        "historical_2021_net_recurrent_income_per_student": null,
        "finance_year": 2024,
        "finance_metric": "total_net_recurrent_income_per_student",
        "finance_value": 19944,
        "finance_status": "benchmark_average",
        "finance_method": "peer_group_average",
        "finance_peer_group": "SA / Government / Major Cities",
        "finance_source": "ACARA National Report on Schooling",
        "public_funding_year": null,
        "public_funding_jurisdiction": null,
        "public_funding_model": null,
        "public_funding_metric": null,
        "public_funding_value": null,
        "public_funding_unit": null,
        "public_funding_source": null
      }
    },
    {
      "type": "Feature",
      "geometry": {
        "type": "Point",
        "coordinates": [
          151.146,
          -33.8974
        ]
      },
      "properties": {
        "education_id": "edu-241067-0-acara-43667",
        "member_id": "aph-241067",
        "member": "COLEMAN, the Hon. David Bernard",
        "family_name": "Coleman",
        "given_name": "David",
        "gender": "Male",
        "dob": "1974-03-05 00:00:00",
        "chamber": "representatives",
        "party": "Liberal Party of Australia",
        "party_abbrev": "LIB",
        "electorate": "Banks",
        "state_or_territory": "NSW",
        "is_opening_day_member": true,
        "is_current_member": true,
        "institution_id": "acara-43667",
        "acara_id": "43667",
        "school_name": "Christian Brothers' High School Lewisham",
        "school_type": "Pri/Sec",
        "school_sector": "Independent",
        "campus_type": "Pri/Sec",
        "school_state": "NSW",
        "school_suburb": "Lewisham",
        "school_postcode": "2049",
        "years_attended": null,
        "graduation_year": null,
        "attended_status": "graduated",
        "confidence": "verified",
        "historical_2021_net_recurrent_income_per_student": 18970,
        "finance_year": 2024,
        "finance_metric": "total_net_recurrent_income_per_student",
        "finance_value": 19672,
        "finance_status": "estimated_indexed",
        "finance_method": "acara_state_sector_geolocation_index",
        "finance_peer_group": "NSW / Independent / Major Cities",
        "finance_source": "ACARA National Report on Schooling",
        "public_funding_year": null,
        "public_funding_jurisdiction": null,
        "public_funding_model": null,
        "public_funding_metric": null,
        "public_funding_value": null,
        "public_funding_unit": null,
        "public_funding_source": null
      }
    },
    {
      "type": "Feature",
      "geometry": {
        "type": "Point",
        "coordinates": [
          147.283,
          -42.8365
        ]
      },
      "properties": {
        "education_id": "edu-hwm-0-acara-40054",
        "member_id": "aph-hwm",
        "member": "COLLINS, the Hon. Julie Maree",
        "family_name": "Collins",
        "given_name": "Julie",
        "gender": "Female",
        "dob": "1971-07-03 00:00:00",
        "chamber": "representatives",
        "party": "Australian Labor Party",
        "party_abbrev": "ALP",
        "electorate": "Franklin",
        "state_or_territory": "Tas",
        "is_opening_day_member": true,
        "is_current_member": true,
        "institution_id": "acara-40054",
        "acara_id": "40054",
        "school_name": "Cosgrove High School",
        "school_type": "Sec",
        "school_sector": "Government",
        "campus_type": "Sec",
        "school_state": "TAS",
        "school_suburb": "Glenorchy",
        "school_postcode": "7010",
        "years_attended": null,
        "graduation_year": null,
        "attended_status": "graduated",
        "confidence": "verified",
        "historical_2021_net_recurrent_income_per_student": 23704,
        "finance_year": 2024,
        "finance_metric": "total_net_recurrent_income_per_student",
        "finance_value": 27485,
        "finance_status": "estimated_indexed",
        "finance_method": "acara_state_sector_geolocation_index",
        "finance_peer_group": "TAS / Government / Inner Regional",
        "finance_source": "ACARA National Report on Schooling",
        "public_funding_year": null,
        "public_funding_jurisdiction": null,
        "public_funding_model": null,
        "public_funding_metric": null,
        "public_funding_value": null,
        "public_funding_unit": null,
        "public_funding_source": null
      }
    },
    {
      "type": "Feature",
      "geometry": {
        "type": "Point",
        "coordinates": [
          117.904,
          -35.0002
        ]
      },
      "properties": {
        "education_id": "edu-279991-1-acara-48860",
        "member_id": "aph-279991",
        "member": "CONAGHAN, Patrick (Pat) John",
        "family_name": "Conaghan",
        "given_name": "Patrick",
        "gender": "Male",
        "dob": "1971-01-31 00:00:00",
        "chamber": "representatives",
        "party": "The Nationals",
        "party_abbrev": "NP",
        "electorate": "Cowper",
        "state_or_territory": "NSW",
        "is_opening_day_member": true,
        "is_current_member": true,
        "institution_id": "acara-48860",
        "acara_id": "48860",
        "school_name": "St Joseph's College",
        "school_type": "Pri/Sec",
        "school_sector": "Catholic",
        "campus_type": "Pri/Sec",
        "school_state": "WA",
        "school_suburb": "Albany",
        "school_postcode": "6330",
        "years_attended": null,
        "graduation_year": null,
        "attended_status": "graduated",
        "confidence": "provisional",
        "historical_2021_net_recurrent_income_per_student": null,
        "finance_year": 2024,
        "finance_metric": "total_net_recurrent_income_per_student",
        "finance_value": 25487,
        "finance_status": "benchmark_average",
        "finance_method": "peer_group_average",
        "finance_peer_group": "WA / Catholic / Outer Regional",
        "finance_source": "ACARA National Report on Schooling",
        "public_funding_year": null,
        "public_funding_jurisdiction": null,
        "public_funding_model": null,
        "public_funding_metric": null,
        "public_funding_value": null,
        "public_funding_unit": null,
        "public_funding_source": null
      }
    },
    {
      "type": "Feature",
      "geometry": {
        "type": "Point",
        "coordinates": [
          153.33534,
          -27.8314
        ]
      },
      "properties": {
        "education_id": "edu-279991-1-acara-52499",
        "member_id": "aph-279991",
        "member": "CONAGHAN, Patrick (Pat) John",
        "family_name": "Conaghan",
        "given_name": "Patrick",
        "gender": "Male",
        "dob": "1971-01-31 00:00:00",
        "chamber": "representatives",
        "party": "The Nationals",
        "party_abbrev": "NP",
        "electorate": "Cowper",
        "state_or_territory": "NSW",
        "is_opening_day_member": true,
        "is_current_member": true,
        "institution_id": "acara-52499",
        "acara_id": "52499",
        "school_name": "St Joseph's College",
        "school_type": "Pri/Sec",
        "school_sector": "Catholic",
        "campus_type": "Pri/Sec",
        "school_state": "QLD",
        "school_suburb": "Coomera",
        "school_postcode": "4209",
        "years_attended": null,
        "graduation_year": null,
        "attended_status": "graduated",
        "confidence": "provisional",
        "historical_2021_net_recurrent_income_per_student": null,
        "finance_year": 2024,
        "finance_metric": "total_net_recurrent_income_per_student",
        "finance_value": 21396,
        "finance_status": "benchmark_average",
        "finance_method": "peer_group_average",
        "finance_peer_group": "QLD / Catholic / Major Cities",
        "finance_source": "ACARA National Report on Schooling",
        "public_funding_year": null,
        "public_funding_jurisdiction": null,
        "public_funding_model": null,
        "public_funding_metric": null,
        "public_funding_value": null,
        "public_funding_unit": null,
        "public_funding_source": null
      }
    },
    {
      "type": "Feature",
      "geometry": {
        "type": "Point",
        "coordinates": [
          138.655,
          -34.8472
        ]
      },
      "properties": {
        "education_id": "edu-279991-0-acara-49717",
        "member_id": "aph-279991",
        "member": "CONAGHAN, Patrick (Pat) John",
        "family_name": "Conaghan",
        "given_name": "Patrick",
        "gender": "Male",
        "dob": "1971-01-31 00:00:00",
        "chamber": "representatives",
        "party": "The Nationals",
        "party_abbrev": "NP",
        "electorate": "Cowper",
        "state_or_territory": "NSW",
        "is_opening_day_member": true,
        "is_current_member": true,
        "institution_id": "acara-49717",
        "acara_id": "49717",
        "school_name": "St Paul's College",
        "school_type": "Pri/Sec",
        "school_sector": "Catholic",
        "campus_type": "Pri/Sec",
        "school_state": "SA",
        "school_suburb": "Gilles Plains",
        "school_postcode": "5086",
        "years_attended": null,
        "graduation_year": null,
        "attended_status": "graduated",
        "confidence": "provisional",
        "historical_2021_net_recurrent_income_per_student": null,
        "finance_year": 2024,
        "finance_metric": "total_net_recurrent_income_per_student",
        "finance_value": 21608,
        "finance_status": "benchmark_average",
        "finance_method": "peer_group_average",
        "finance_peer_group": "SA / Catholic / Major Cities",
        "finance_source": "ACARA National Report on Schooling",
        "public_funding_year": null,
        "public_funding_jurisdiction": null,
        "public_funding_model": null,
        "public_funding_metric": null,
        "public_funding_value": null,
        "public_funding_unit": null,
        "public_funding_source": null
      }
    },
    {
      "type": "Feature",
      "geometry": {
        "type": "Point",
        "coordinates": [
          151.341,
          -33.4172
        ]
      },
      "properties": {
        "education_id": "edu-249127-0-acara-42090",
        "member_id": "aph-249127",
        "member": "CONROY, the Hon. Patrick (Pat) Martin",
        "family_name": "Conroy",
        "given_name": "Patrick",
        "gender": "Male",
        "dob": "1979-05-10 00:00:00",
        "chamber": "representatives",
        "party": "Australian Labor Party",
        "party_abbrev": "ALP",
        "electorate": "Shortland",
        "state_or_territory": "NSW",
        "is_opening_day_member": true,
        "is_current_member": true,
        "institution_id": "acara-42090",
        "acara_id": "42090",
        "school_name": "Gosford High School",
        "school_type": "Sec",
        "school_sector": "Government",
        "campus_type": "Sec",
        "school_state": "NSW",
        "school_suburb": "Gosford",
        "school_postcode": "2250",
        "years_attended": null,
        "graduation_year": null,
        "attended_status": "graduated",
        "confidence": "verified",
        "historical_2021_net_recurrent_income_per_student": 14517,
        "finance_year": 2024,
        "finance_metric": "total_net_recurrent_income_per_student",
        "finance_value": 16833,
        "finance_status": "estimated_indexed",
        "finance_method": "acara_state_sector_geolocation_index",
        "finance_peer_group": "NSW / Government / Major Cities",
        "finance_source": "ACARA National Report on Schooling",
        "public_funding_year": 2024,
        "public_funding_jurisdiction": "NSW",
        "public_funding_model": "Resource Allocation Model (RAM)",
        "public_funding_metric": "ram_allocation_total",
        "public_funding_value": 9160000.0,
        "public_funding_unit": "AUD",
        "public_funding_source": "Data.NSW Education Resource Allocation Model"
      }
    },
    {
      "type": "Feature",
      "geometry": {
        "type": "Point",
        "coordinates": [
          150.98,
          -31.1385
        ]
      },
      "properties": {
        "education_id": "edu-hwn-0-acara-42515",
        "member_id": "aph-hwn",
        "member": "COULTON, the Hon. Mark Maclean",
        "family_name": "Coulton",
        "given_name": "Mark",
        "gender": "Male",
        "dob": "1958-02-03 00:00:00",
        "chamber": "representatives",
        "party": "The Nationals",
        "party_abbrev": "NP",
        "electorate": "Parkes",
        "state_or_territory": "NSW",
        "is_opening_day_member": true,
        "is_current_member": false,
        "institution_id": "acara-42515",
        "acara_id": "42515",
        "school_name": "Farrer Memorial Agricultural High School",
        "school_type": "Sec",
        "school_sector": "Government",
        "campus_type": "Sec",
        "school_state": "NSW",
        "school_suburb": "Calala",
        "school_postcode": "2340",
        "years_attended": null,
        "graduation_year": null,
        "attended_status": "graduated",
        "confidence": "verified",
        "historical_2021_net_recurrent_income_per_student": 24414,
        "finance_year": 2024,
        "finance_metric": "total_net_recurrent_income_per_student",
        "finance_value": 28308,
        "finance_status": "estimated_indexed",
        "finance_method": "acara_state_sector_geolocation_index",
        "finance_peer_group": "NSW / Government / Inner Regional",
        "finance_source": "ACARA National Report on Schooling",
        "public_funding_year": 2024,
        "public_funding_jurisdiction": "NSW",
        "public_funding_model": "Resource Allocation Model (RAM)",
        "public_funding_metric": "ram_allocation_total",
        "public_funding_value": 7890000.0,
        "public_funding_unit": "AUD",
        "public_funding_source": "Data.NSW Education Resource Allocation Model"
      }
    },
    {
      "type": "Feature",
      "geometry": {
        "type": "Point",
        "coordinates": [
          118.67941,
          -26.126854
        ]
      },
      "properties": {
        "education_id": "edu-296215-0-acara-52834",
        "member_id": "aph-296215",
        "member": "COX, Dorinda Rose",
        "family_name": "Cox",
        "given_name": "Dorinda",
        "gender": "Female",
        "dob": "1976-05-25 00:00:00",
        "chamber": "senate",
        "party": "Australian Labor Party",
        "party_abbrev": "ALP",
        "electorate": NaN,
        "state_or_territory": "WA",
        "is_opening_day_member": true,
        "is_current_member": true,
        "institution_id": "acara-52834",
        "acara_id": "52834",
        "school_name": "Karalundi College",
        "school_type": "Sec",
        "school_sector": "Independent",
        "campus_type": "Sec",
        "school_state": "WA",
        "school_suburb": "Via Meekatharra",
        "school_postcode": "6642",
        "years_attended": null,
        "graduation_year": null,
        "attended_status": "graduated",
        "confidence": "verified",
        "historical_2021_net_recurrent_income_per_student": null,
        "finance_year": 2024,
        "finance_metric": "total_net_recurrent_income_per_student",
        "finance_value": 43607,
        "finance_status": "benchmark_average",
        "finance_method": "peer_group_average",
        "finance_peer_group": "WA / Independent / Very Remote",
        "finance_source": "ACARA National Report on Schooling",
        "public_funding_year": null,
        "public_funding_jurisdiction": null,
        "public_funding_model": null,
        "public_funding_metric": null,
        "public_funding_value": null,
        "public_funding_unit": null,
        "public_funding_source": null
      }
    },
    {
      "type": "Feature",
      "geometry": {
        "type": "Point",
        "coordinates": [
          125.923,
          -18.8777
        ]
      },
      "properties": {
        "education_id": "edu-296215-1-acara-48329",
        "member_id": "aph-296215",
        "member": "COX, Dorinda Rose",
        "family_name": "Cox",
        "given_name": "Dorinda",
        "gender": "Female",
        "dob": "1976-05-25 00:00:00",
        "chamber": "senate",
        "party": "Australian Labor Party",
        "party_abbrev": "ALP",
        "electorate": NaN,
        "state_or_territory": "WA",
        "is_opening_day_member": true,
        "is_current_member": true,
        "institution_id": "acara-48329",
        "acara_id": "48329",
        "school_name": "Wangkatjungka Remote Community School",
        "school_type": "Pri/Sec",
        "school_sector": "Government",
        "campus_type": "Pri/Sec",
        "school_state": "WA",
        "school_suburb": "Christmas Creek",
        "school_postcode": "6765",
        "years_attended": null,
        "graduation_year": null,
        "attended_status": "graduated",
        "confidence": "verified",
        "historical_2021_net_recurrent_income_per_student": null,
        "finance_year": 2024,
        "finance_metric": "total_net_recurrent_income_per_student",
        "finance_value": 31010,
        "finance_status": "benchmark_average",
        "finance_method": "peer_group_average",
        "finance_peer_group": "WA / Government / Very Remote",
        "finance_source": "ACARA National Report on Schooling",
        "public_funding_year": null,
        "public_funding_jurisdiction": null,
        "public_funding_model": null,
        "public_funding_metric": null,
        "public_funding_value": null,
        "public_funding_unit": null,
        "public_funding_source": null
      }
    },
    {
      "type": "Feature",
      "geometry": {
        "type": "Point",
        "coordinates": [
          147.176,
          -41.452
        ]
      },
      "properties": {
        "education_id": "edu-008ch-0-acara-40097",
        "member_id": "aph-008ch",
        "member": "DANIEL, Zoe",
        "family_name": "Daniel",
        "given_name": "Zoe",
        "gender": "Female",
        "dob": "1972-11-28 00:00:00",
        "chamber": "representatives",
        "party": "Independent",
        "party_abbrev": "IND",
        "electorate": "Goldstein",
        "state_or_territory": "Vic",
        "is_opening_day_member": true,
        "is_current_member": true,
        "institution_id": "acara-40097",
        "acara_id": "40097",
        "school_name": "Queechy High School",
        "school_type": "Sec",
        "school_sector": "Government",
        "campus_type": "Sec",
        "school_state": "TAS",
        "school_suburb": "Norwood",
        "school_postcode": "7250",
        "years_attended": null,
        "graduation_year": null,
        "attended_status": "graduated",
        "confidence": "verified",
        "historical_2021_net_recurrent_income_per_student": 16853,
        "finance_year": 2024,
        "finance_metric": "total_net_recurrent_income_per_student",
        "finance_value": 19541,
        "finance_status": "estimated_indexed",
        "finance_method": "acara_state_sector_geolocation_index",
        "finance_peer_group": "TAS / Government / Inner Regional",
        "finance_source": "ACARA National Report on Schooling",
        "public_funding_year": null,
        "public_funding_jurisdiction": null,
        "public_funding_model": null,
        "public_funding_metric": null,
        "public_funding_value": null,
        "public_funding_unit": null,
        "public_funding_source": null
      }
    },
    {
      "type": "Feature",
      "geometry": {
        "type": "Point",
        "coordinates": [
          147.365,
          -42.8693
        ]
      },
      "properties": {
        "education_id": "edu-008ch-1-acara-40445",
        "member_id": "aph-008ch",
        "member": "DANIEL, Zoe",
        "family_name": "Daniel",
        "given_name": "Zoe",
        "gender": "Female",
        "dob": "1972-11-28 00:00:00",
        "chamber": "representatives",
        "party": "Independent",
        "party_abbrev": "IND",
        "electorate": "Goldstein",
        "state_or_territory": "Vic",
        "is_opening_day_member": true,
        "is_current_member": true,
        "institution_id": "acara-40445",
        "acara_id": "40445",
        "school_name": "Rosny College",
        "school_type": "Sec",
        "school_sector": "Government",
        "campus_type": "Sec",
        "school_state": "TAS",
        "school_suburb": "Rosny Park",
        "school_postcode": "7018",
        "years_attended": null,
        "graduation_year": null,
        "attended_status": "graduated",
        "confidence": "verified",
        "historical_2021_net_recurrent_income_per_student": 18435,
        "finance_year": 2024,
        "finance_metric": "total_net_recurrent_income_per_student",
        "finance_value": 21376,
        "finance_status": "estimated_indexed",
        "finance_method": "acara_state_sector_geolocation_index",
        "finance_peer_group": "TAS / Government / Inner Regional",
        "finance_source": "ACARA National Report on Schooling",
        "public_funding_year": null,
        "public_funding_jurisdiction": null,
        "public_funding_model": null,
        "public_funding_metric": null,
        "public_funding_value": null,
        "public_funding_unit": null,
        "public_funding_source": null
      }
    },
    {
      "type": "Feature",
      "geometry": {
        "type": "Point",
        "coordinates": [
          147.248,
          -42.7894
        ]
      },
      "properties": {
        "education_id": "edu-281697-0-acara-40003",
        "member_id": "aph-281697",
        "member": "DAVEY, Perin McGregor",
        "family_name": "Davey",
        "given_name": "Perin",
        "gender": "Female",
        "dob": "1972-02-05 00:00:00",
        "chamber": "senate",
        "party": "The Nationals",
        "party_abbrev": "NP",
        "electorate": NaN,
        "state_or_territory": "NSW",
        "is_opening_day_member": true,
        "is_current_member": true,
        "institution_id": "acara-40003",
        "acara_id": "40003",
        "school_name": "Holy Rosary Catholic School",
        "school_type": "Prim",
        "school_sector": "Catholic",
        "campus_type": "Prim",
        "school_state": "TAS",
        "school_suburb": "Claremont",
        "school_postcode": "7011",
        "years_attended": null,
        "graduation_year": null,
        "attended_status": "graduated",
        "confidence": "verified",
        "historical_2021_net_recurrent_income_per_student": null,
        "finance_year": 2024,
        "finance_metric": "total_net_recurrent_income_per_student",
        "finance_value": 23859,
        "finance_status": "benchmark_average",
        "finance_method": "peer_group_average",
        "finance_peer_group": "TAS / Catholic / Inner Regional",
        "finance_source": "ACARA National Report on Schooling",
        "public_funding_year": null,
        "public_funding_jurisdiction": null,
        "public_funding_model": null,
        "public_funding_metric": null,
        "public_funding_value": null,
        "public_funding_unit": null,
        "public_funding_source": null
      }
    },
    {
      "type": "Feature",
      "geometry": {
        "type": "Point",
        "coordinates": [
          151.134,
          -33.7473
        ]
      },
      "properties": {
        "education_id": "edu-281697-1-acara-43846",
        "member_id": "aph-281697",
        "member": "DAVEY, Perin McGregor",
        "family_name": "Davey",
        "given_name": "Perin",
        "gender": "Female",
        "dob": "1972-02-05 00:00:00",
        "chamber": "senate",
        "party": "The Nationals",
        "party_abbrev": "NP",
        "electorate": NaN,
        "state_or_territory": "NSW",
        "is_opening_day_member": true,
        "is_current_member": true,
        "institution_id": "acara-43846",
        "acara_id": "43846",
        "school_name": "Pymble Ladies' College",
        "school_type": "Pri/Sec",
        "school_sector": "Independent",
        "campus_type": "Pri/Sec",
        "school_state": "NSW",
        "school_suburb": "Pymble",
        "school_postcode": "2073",
        "years_attended": null,
        "graduation_year": null,
        "attended_status": "graduated",
        "confidence": "verified",
        "historical_2021_net_recurrent_income_per_student": null,
        "finance_year": 2024,
        "finance_metric": "total_net_recurrent_income_per_student",
        "finance_value": 27496,
        "finance_status": "benchmark_average",
        "finance_method": "peer_group_average",
        "finance_peer_group": "NSW / Independent / Major Cities",
        "finance_source": "ACARA National Report on Schooling",
        "public_funding_year": null,
        "public_funding_jurisdiction": null,
        "public_funding_model": null,
        "public_funding_metric": null,
        "public_funding_value": null,
        "public_funding_unit": null,
        "public_funding_source": null
      }
    },
    {
      "type": "Feature",
      "geometry": {
        "type": "Point",
        "coordinates": [
          142.049,
          -37.742
        ]
      },
      "properties": {
        "education_id": "edu-sr5-0-acara-45893",
        "member_id": "aph-sr5",
        "member": "DODSON, Patrick (Pat) Lionel Djargun",
        "family_name": "Dodson",
        "given_name": "Patrick",
        "gender": "Male",
        "dob": "1948-01-29 00:00:00",
        "chamber": "senate",
        "party": "Australian Labor Party",
        "party_abbrev": "ALP",
        "electorate": NaN,
        "state_or_territory": "WA",
        "is_opening_day_member": true,
        "is_current_member": false,
        "institution_id": "acara-45893",
        "acara_id": "45893",
        "school_name": "Monivae College",
        "school_type": "Sec",
        "school_sector": "Catholic",
        "campus_type": "Sec",
        "school_state": "VIC",
        "school_suburb": "Hamilton",
        "school_postcode": "3300",
        "years_attended": null,
        "graduation_year": null,
        "attended_status": "graduated",
        "confidence": "verified",
        "historical_2021_net_recurrent_income_per_student": 22681,
        "finance_year": 2024,
        "finance_metric": "total_net_recurrent_income_per_student",
        "finance_value": 25810,
        "finance_status": "estimated_indexed",
        "finance_method": "acara_state_sector_geolocation_index",
        "finance_peer_group": "VIC / Catholic / Inner Regional",
        "finance_source": "ACARA National Report on Schooling",
        "public_funding_year": null,
        "public_funding_jurisdiction": null,
        "public_funding_model": null,
        "public_funding_metric": null,
        "public_funding_value": null,
        "public_funding_unit": null,
        "public_funding_source": null
      }
    },
    {
      "type": "Feature",
      "geometry": {
        "type": "Point",
        "coordinates": [
          144.28,
          -36.7551
        ]
      },
      "properties": {
        "education_id": "edu-299962-1-acara-40576",
        "member_id": "aph-299962",
        "member": "DOYLE, Mary",
        "family_name": "Doyle",
        "given_name": "Mary",
        "gender": "Female",
        "dob": "1970-06-26 00:00:00",
        "chamber": "representatives",
        "party": "Australian Labor Party",
        "party_abbrev": "ALP",
        "electorate": "Aston",
        "state_or_territory": "Vic",
        "is_opening_day_member": false,
        "is_current_member": true,
        "institution_id": "acara-40576",
        "acara_id": "40576",
        "school_name": "Bendigo Senior Secondary College",
        "school_type": "Sec",
        "school_sector": "Government",
        "campus_type": "Sec",
        "school_state": "VIC",
        "school_suburb": "Bendigo",
        "school_postcode": "3552",
        "years_attended": null,
        "graduation_year": null,
        "attended_status": "graduated",
        "confidence": "verified",
        "historical_2021_net_recurrent_income_per_student": null,
        "finance_year": 2024,
        "finance_metric": "total_net_recurrent_income_per_student",
        "finance_value": 20360,
        "finance_status": "benchmark_average",
        "finance_method": "peer_group_average",
        "finance_peer_group": "VIC / Government / Inner Regional",
        "finance_source": "ACARA National Report on Schooling",
        "public_funding_year": null,
        "public_funding_jurisdiction": null,
        "public_funding_model": null,
        "public_funding_metric": null,
        "public_funding_value": null,
        "public_funding_unit": null,
        "public_funding_source": null
      }
    },
    {
      "type": "Feature",
      "geometry": {
        "type": "Point",
        "coordinates": [
          145.053,
          -37.873
        ]
      },
      "properties": {
        "education_id": "edu-299962-0-acara-45778",
        "member_id": "aph-299962",
        "member": "DOYLE, Mary",
        "family_name": "Doyle",
        "given_name": "Mary",
        "gender": "Female",
        "dob": "1970-06-26 00:00:00",
        "chamber": "representatives",
        "party": "Australian Labor Party",
        "party_abbrev": "ALP",
        "electorate": "Aston",
        "state_or_territory": "Vic",
        "is_opening_day_member": false,
        "is_current_member": true,
        "institution_id": "acara-45778",
        "acara_id": "45778",
        "school_name": "St Mary's School",
        "school_type": "Prim",
        "school_sector": "Catholic",
        "campus_type": "Prim",
        "school_state": "VIC",
        "school_suburb": "Malvern East",
        "school_postcode": "3145",
        "years_attended": null,
        "graduation_year": null,
        "attended_status": "graduated",
        "confidence": "verified",
        "historical_2021_net_recurrent_income_per_student": null,
        "finance_year": 2024,
        "finance_metric": "total_net_recurrent_income_per_student",
        "finance_value": 20761,
        "finance_status": "benchmark_average",
        "finance_method": "peer_group_average",
        "finance_peer_group": "VIC / Catholic / Major Cities",
        "finance_source": "ACARA National Report on Schooling",
        "public_funding_year": null,
        "public_funding_jurisdiction": null,
        "public_funding_model": null,
        "public_funding_metric": null,
        "public_funding_value": null,
        "public_funding_unit": null,
        "public_funding_source": null
      }
    },
    {
      "type": "Feature",
      "geometry": {
        "type": "Point",
        "coordinates": [
          115.775,
          -31.9804
        ]
      },
      "properties": {
        "education_id": "edu-hwg-0-acara-49028",
        "member_id": "aph-hwg",
        "member": "DREYFUS, the Hon. Mark Alfred, KC",
        "family_name": "Dreyfus",
        "given_name": "Mark",
        "gender": "Male",
        "dob": "1956-10-03 00:00:00",
        "chamber": "representatives",
        "party": "Australian Labor Party",
        "party_abbrev": "ALP",
        "electorate": "Isaacs",
        "state_or_territory": "Vic",
        "is_opening_day_member": true,
        "is_current_member": true,
        "institution_id": "acara-49028",
        "acara_id": "49028",
        "school_name": "Scotch College",
        "school_type": "Pri/Sec",
        "school_sector": "Independent",
        "campus_type": "Pri/Sec",
        "school_state": "WA",
        "school_suburb": "Swanbourne",
        "school_postcode": "6010",
        "years_attended": null,
        "graduation_year": null,
        "attended_status": "graduated",
        "confidence": "verified",
        "historical_2021_net_recurrent_income_per_student": 28494,
        "finance_year": 2024,
        "finance_metric": "total_net_recurrent_income_per_student",
        "finance_value": 29548,
        "finance_status": "estimated_indexed",
        "finance_method": "acara_state_sector_geolocation_index",
        "finance_peer_group": "WA / Independent / Major Cities",
        "finance_source": "ACARA National Report on Schooling",
        "public_funding_year": null,
        "public_funding_jurisdiction": null,
        "public_funding_model": null,
        "public_funding_metric": null,
        "public_funding_value": null,
        "public_funding_unit": null,
        "public_funding_source": null
      }
    },
    {
      "type": "Feature",
      "geometry": {
        "type": "Point",
        "coordinates": [
          145.886,
          -41.04803
        ]
      },
      "properties": {
        "education_id": "edu-263418-0-acara-40252",
        "member_id": "aph-263418",
        "member": "DUNIAM, the Hon. Jonathon (Jonno) Roy",
        "family_name": "Duniam",
        "given_name": "Jonathon",
        "gender": "Male",
        "dob": "1982-12-31 00:00:00",
        "chamber": "senate",
        "party": "Liberal Party of Australia",
        "party_abbrev": "LIB",
        "electorate": NaN,
        "state_or_territory": "Tas",
        "is_opening_day_member": true,
        "is_current_member": true,
        "institution_id": "acara-40252",
        "acara_id": "40252",
        "school_name": "Marist Regional College",
        "school_type": "Sec",
        "school_sector": "Catholic",
        "campus_type": "Sec",
        "school_state": "TAS",
        "school_suburb": "Burnie",
        "school_postcode": "7320",
        "years_attended": null,
        "graduation_year": null,
        "attended_status": "graduated",
        "confidence": "verified",
        "historical_2021_net_recurrent_income_per_student": 20525,
        "finance_year": 2024,
        "finance_metric": "total_net_recurrent_income_per_student",
        "finance_value": 23356,
        "finance_status": "estimated_indexed",
        "finance_method": "acara_state_sector_geolocation_index",
        "finance_peer_group": "TAS / Catholic / Outer Regional",
        "finance_source": "ACARA National Report on Schooling",
        "public_funding_year": null,
        "public_funding_jurisdiction": null,
        "public_funding_model": null,
        "public_funding_metric": null,
        "public_funding_value": null,
        "public_funding_unit": null,
        "public_funding_source": null
      }
    },
    {
      "type": "Feature",
      "geometry": {
        "type": "Point",
        "coordinates": [
          153.111,
          -27.6356
        ]
      },
      "properties": {
        "education_id": "edu-00aki-0-acara-47729",
        "member_id": "aph-00aki",
        "member": "DUTTON, the Hon. Peter Craig",
        "family_name": "Dutton",
        "given_name": "Peter",
        "gender": "Male",
        "dob": "1970-11-18 00:00:00",
        "chamber": "representatives",
        "party": "Liberal Party of Australia",
        "party_abbrev": "LIB",
        "electorate": "Dickson",
        "state_or_territory": "Qld",
        "is_opening_day_member": true,
        "is_current_member": true,
        "institution_id": "acara-47729",
        "acara_id": "47729",
        "school_name": "St Paul's School",
        "school_type": "Prim",
        "school_sector": "Catholic",
        "campus_type": "Prim",
        "school_state": "QLD",
        "school_suburb": "Woodridge",
        "school_postcode": "4114",
        "years_attended": null,
        "graduation_year": null,
        "attended_status": "graduated",
        "confidence": "verified",
        "historical_2021_net_recurrent_income_per_student": null,
        "finance_year": 2024,
        "finance_metric": "total_net_recurrent_income_per_student",
        "finance_value": 21396,
        "finance_status": "benchmark_average",
        "finance_method": "peer_group_average",
        "finance_peer_group": "QLD / Catholic / Major Cities",
        "finance_source": "ACARA National Report on Schooling",
        "public_funding_year": null,
        "public_funding_jurisdiction": null,
        "public_funding_model": null,
        "public_funding_metric": null,
        "public_funding_value": null,
        "public_funding_unit": null,
        "public_funding_source": null
      }
    },
    {
      "type": "Feature",
      "geometry": {
        "type": "Point",
        "coordinates": [
          153.004,
          -27.3159
        ]
      },
      "properties": {
        "education_id": "edu-00aki-0-acara-47999",
        "member_id": "aph-00aki",
        "member": "DUTTON, the Hon. Peter Craig",
        "family_name": "Dutton",
        "given_name": "Peter",
        "gender": "Male",
        "dob": "1970-11-18 00:00:00",
        "chamber": "representatives",
        "party": "Liberal Party of Australia",
        "party_abbrev": "LIB",
        "electorate": "Dickson",
        "state_or_territory": "Qld",
        "is_opening_day_member": true,
        "is_current_member": true,
        "institution_id": "acara-47999",
        "acara_id": "47999",
        "school_name": "St Paul's School",
        "school_type": "Pri/Sec",
        "school_sector": "Independent",
        "campus_type": "Pri/Sec",
        "school_state": "QLD",
        "school_suburb": "Bald Hills",
        "school_postcode": "4036",
        "years_attended": null,
        "graduation_year": null,
        "attended_status": "graduated",
        "confidence": "verified",
        "historical_2021_net_recurrent_income_per_student": 19569,
        "finance_year": 2024,
        "finance_metric": "total_net_recurrent_income_per_student",
        "finance_value": 20293,
        "finance_status": "estimated_indexed",
        "finance_method": "acara_state_sector_geolocation_index",
        "finance_peer_group": "QLD / Independent / Major Cities",
        "finance_source": "ACARA National Report on Schooling",
        "public_funding_year": null,
        "public_funding_jurisdiction": null,
        "public_funding_model": null,
        "public_funding_metric": null,
        "public_funding_value": null,
        "public_funding_unit": null,
        "public_funding_source": null
      }
    },
    {
      "type": "Feature",
      "geometry": {
        "type": "Point",
        "coordinates": [
          152.956,
          -27.8071
        ]
      },
      "properties": {
        "education_id": "edu-dzw-1-acara-47573",
        "member_id": "aph-dzw",
        "member": "ELLIOT, the Hon. Maria Justine (Justine)",
        "family_name": "Elliot",
        "given_name": "Maria",
        "gender": "Female",
        "dob": "1967-07-29 00:00:00",
        "chamber": "representatives",
        "party": "Australian Labor Party",
        "party_abbrev": "ALP",
        "electorate": "Richmond",
        "state_or_territory": "NSW",
        "is_opening_day_member": true,
        "is_current_member": true,
        "institution_id": "acara-47573",
        "acara_id": "47573",
        "school_name": "Flagstone State Community College",
        "school_type": "Sec",
        "school_sector": "Government",
        "campus_type": "Sec",
        "school_state": "QLD",
        "school_suburb": "Flagstone",
        "school_postcode": "4280",
        "years_attended": null,
        "graduation_year": null,
        "attended_status": "graduated",
        "confidence": "verified",
        "historical_2021_net_recurrent_income_per_student": null,
        "finance_year": 2024,
        "finance_metric": "total_net_recurrent_income_per_student",
        "finance_value": 19749,
        "finance_status": "benchmark_average",
        "finance_method": "peer_group_average",
        "finance_peer_group": "QLD / Government / Major Cities",
        "finance_source": "ACARA National Report on Schooling",
        "public_funding_year": null,
        "public_funding_jurisdiction": null,
        "public_funding_model": null,
        "public_funding_metric": null,
        "public_funding_value": null,
        "public_funding_unit": null,
        "public_funding_source": null
      }
    },
    {
      "type": "Feature",
      "geometry": {
        "type": "Point",
        "coordinates": [
          152.951,
          -27.445
        ]
      },
      "properties": {
        "education_id": "edu-dzw-0-acara-47447",
        "member_id": "aph-dzw",
        "member": "ELLIOT, the Hon. Maria Justine (Justine)",
        "family_name": "Elliot",
        "given_name": "Maria",
        "gender": "Female",
        "dob": "1967-07-29 00:00:00",
        "chamber": "representatives",
        "party": "Australian Labor Party",
        "party_abbrev": "ALP",
        "electorate": "Richmond",
        "state_or_territory": "NSW",
        "is_opening_day_member": true,
        "is_current_member": true,
        "institution_id": "acara-47447",
        "acara_id": "47447",
        "school_name": "The Gap State High School",
        "school_type": "Sec",
        "school_sector": "Government",
        "campus_type": "Sec",
        "school_state": "QLD",
        "school_suburb": "The Gap",
        "school_postcode": "4061",
        "years_attended": null,
        "graduation_year": null,
        "attended_status": "graduated",
        "confidence": "verified",
        "historical_2021_net_recurrent_income_per_student": 14846,
        "finance_year": 2024,
        "finance_metric": "total_net_recurrent_income_per_student",
        "finance_value": 17214,
        "finance_status": "estimated_indexed",
        "finance_method": "acara_state_sector_geolocation_index",
        "finance_peer_group": "QLD / Government / Major Cities",
        "finance_source": "ACARA National Report on Schooling",
        "public_funding_year": null,
        "public_funding_jurisdiction": null,
        "public_funding_model": null,
        "public_funding_metric": null,
        "public_funding_value": null,
        "public_funding_unit": null,
        "public_funding_source": null
      }
    },
    {
      "type": "Feature",
      "geometry": {
        "type": "Point",
        "coordinates": [
          138.595,
          -34.8949
        ]
      },
      "properties": {
        "education_id": "edu-i0n-0-acara-49693",
        "member_id": "aph-i0n",
        "member": "FARRELL, the Hon. Donald (Don) Edward",
        "family_name": "Farrell",
        "given_name": "Donald",
        "gender": "Male",
        "dob": "1954-06-06 00:00:00",
        "chamber": "senate",
        "party": "Australian Labor Party",
        "party_abbrev": "ALP",
        "electorate": NaN,
        "state_or_territory": "SA",
        "is_opening_day_member": true,
        "is_current_member": true,
        "institution_id": "acara-49693",
        "acara_id": "49693",
        "school_name": "Blackfriars Priory School",
        "school_type": "Pri/Sec",
        "school_sector": "Catholic",
        "campus_type": "Pri/Sec",
        "school_state": "SA",
        "school_suburb": "Prospect",
        "school_postcode": "5082",
        "years_attended": null,
        "graduation_year": null,
        "attended_status": "graduated",
        "confidence": "verified",
        "historical_2021_net_recurrent_income_per_student": 21200,
        "finance_year": 2024,
        "finance_metric": "total_net_recurrent_income_per_student",
        "finance_value": 24124,
        "finance_status": "estimated_indexed",
        "finance_method": "acara_state_sector_geolocation_index",
        "finance_peer_group": "SA / Catholic / Major Cities",
        "finance_source": "ACARA National Report on Schooling",
        "public_funding_year": null,
        "public_funding_jurisdiction": null,
        "public_funding_model": null,
        "public_funding_metric": null,
        "public_funding_value": null,
        "public_funding_unit": null,
        "public_funding_source": null
      }
    },
    {
      "type": "Feature",
      "geometry": {
        "type": "Point",
        "coordinates": [
          138.618,
          -34.9231
        ]
      },
      "properties": {
        "education_id": "edu-dyu-0-acara-49811",
        "member_id": "aph-dyu",
        "member": "FAWCETT, the Hon. David Julian",
        "family_name": "Fawcett",
        "given_name": "David",
        "gender": "Male",
        "dob": "1963-10-23 00:00:00",
        "chamber": "senate",
        "party": "Liberal Party of Australia",
        "party_abbrev": "LIB",
        "electorate": NaN,
        "state_or_territory": "SA",
        "is_opening_day_member": true,
        "is_current_member": true,
        "institution_id": "acara-49811",
        "acara_id": "49811",
        "school_name": "Prince Alfred College",
        "school_type": "Pri/Sec",
        "school_sector": "Independent",
        "campus_type": "Pri/Sec",
        "school_state": "SA",
        "school_suburb": "Kent Town",
        "school_postcode": "5067",
        "years_attended": null,
        "graduation_year": null,
        "attended_status": "graduated",
        "confidence": "verified",
        "historical_2021_net_recurrent_income_per_student": 32534,
        "finance_year": 2024,
        "finance_metric": "total_net_recurrent_income_per_student",
        "finance_value": 33738,
        "finance_status": "estimated_indexed",
        "finance_method": "acara_state_sector_geolocation_index",
        "finance_peer_group": "SA / Independent / Major Cities",
        "finance_source": "ACARA National Report on Schooling",
        "public_funding_year": null,
        "public_funding_jurisdiction": null,
        "public_funding_model": null,
        "public_funding_metric": null,
        "public_funding_value": null,
        "public_funding_unit": null,
        "public_funding_source": null
      }
    },
    {
      "type": "Feature",
      "geometry": {
        "type": "Point",
        "coordinates": [
          145.03,
          -37.7005
        ]
      },
      "properties": {
        "education_id": "edu-299964-0-acara-45091",
        "member_id": "aph-299964",
        "member": "FERNANDO, Cassandra",
        "family_name": "Fernando",
        "given_name": "Cassandra",
        "gender": "Female",
        "dob": "1987-09-18 00:00:00",
        "chamber": "representatives",
        "party": "Australian Labor Party",
        "party_abbrev": "ALP",
        "electorate": "Holt",
        "state_or_territory": "Vic",
        "is_opening_day_member": true,
        "is_current_member": true,
        "institution_id": "acara-45091",
        "acara_id": "45091",
        "school_name": "Northern School For Autism",
        "school_type": "Special",
        "school_sector": "Government",
        "campus_type": "Special",
        "school_state": "VIC",
        "school_suburb": "Reservoir",
        "school_postcode": "3073",
        "years_attended": null,
        "graduation_year": null,
        "attended_status": "graduated",
        "confidence": "verified",
        "historical_2021_net_recurrent_income_per_student": null,
        "finance_year": 2024,
        "finance_metric": "total_net_recurrent_income_per_student",
        "finance_value": 19162,
        "finance_status": "benchmark_average",
        "finance_method": "peer_group_average",
        "finance_peer_group": "VIC / Government / Major Cities",
        "finance_source": "ACARA National Report on Schooling",
        "public_funding_year": null,
        "public_funding_jurisdiction": null,
        "public_funding_model": null,
        "public_funding_metric": null,
        "public_funding_value": null,
        "public_funding_unit": null,
        "public_funding_source": null
      }
    },
    {
      "type": "Feature",
      "geometry": {
        "type": "Point",
        "coordinates": [
          151.131,
          -33.8986
        ]
      },
      "properties": {
        "education_id": "edu-265979-0-acara-43710",
        "member_id": "aph-265979",
        "member": "FREELANDER, Dr Michael (Mike) Randolph",
        "family_name": "Freelander",
        "given_name": "Michael",
        "gender": "Male",
        "dob": "1953-04-23 00:00:00",
        "chamber": "representatives",
        "party": "Australian Labor Party",
        "party_abbrev": "ALP",
        "electorate": "Macarthur",
        "state_or_territory": "NSW",
        "is_opening_day_member": true,
        "is_current_member": true,
        "institution_id": "acara-43710",
        "acara_id": "43710",
        "school_name": "Trinity Grammar School",
        "school_type": "Pri/Sec",
        "school_sector": "Independent",
        "campus_type": "Pri/Sec",
        "school_state": "NSW",
        "school_suburb": "Summer Hill",
        "school_postcode": "2130",
        "years_attended": null,
        "graduation_year": null,
        "attended_status": "graduated",
        "confidence": "verified",
        "historical_2021_net_recurrent_income_per_student": 30152,
        "finance_year": 2024,
        "finance_metric": "total_net_recurrent_income_per_student",
        "finance_value": 31268,
        "finance_status": "estimated_indexed",
        "finance_method": "acara_state_sector_geolocation_index",
        "finance_peer_group": "NSW / Independent / Major Cities",
        "finance_source": "ACARA National Report on Schooling",
        "public_funding_year": null,
        "public_funding_jurisdiction": null,
        "public_funding_model": null,
        "public_funding_metric": null,
        "public_funding_value": null,
        "public_funding_unit": null,
        "public_funding_source": null
      }
    },
    {
      "type": "Feature",
      "geometry": {
        "type": "Point",
        "coordinates": [
          149.089,
          -35.3635
        ]
      },
      "properties": {
        "education_id": "edu-ing-0-acara-49924",
        "member_id": "aph-ing",
        "member": "GALLAGHER, the Hon. Katherine (Katy) Ruth",
        "family_name": "Gallagher",
        "given_name": "Katherine",
        "gender": "Female",
        "dob": "1970-03-18 00:00:00",
        "chamber": "senate",
        "party": "Australian Labor Party",
        "party_abbrev": "ALP",
        "electorate": NaN,
        "state_or_territory": "ACT",
        "is_opening_day_member": true,
        "is_current_member": true,
        "institution_id": "acara-49924",
        "acara_id": "49924",
        "school_name": "Melrose High School",
        "school_type": "Sec",
        "school_sector": "Government",
        "campus_type": "Sec",
        "school_state": "ACT",
        "school_suburb": "Pearce",
        "school_postcode": "2607",
        "years_attended": null,
        "graduation_year": null,
        "attended_status": "graduated",
        "confidence": "verified",
        "historical_2021_net_recurrent_income_per_student": null,
        "finance_year": 2024,
        "finance_metric": "total_net_recurrent_income_per_student",
        "finance_value": 20335,
        "finance_status": "benchmark_average",
        "finance_method": "peer_group_average",
        "finance_peer_group": "ACT / Government / Major Cities",
        "finance_source": "ACARA National Report on Schooling",
        "public_funding_year": null,
        "public_funding_jurisdiction": null,
        "public_funding_model": null,
        "public_funding_metric": null,
        "public_funding_value": null,
        "public_funding_unit": null,
        "public_funding_source": null
      }
    },
    {
      "type": "Feature",
      "geometry": {
        "type": "Point",
        "coordinates": [
          145.053,
          -37.8615
        ]
      },
      "properties": {
        "education_id": "edu-295588-0-acara-45654",
        "member_id": "aph-295588",
        "member": "GARLAND, Dr Carina Mary Lindsay",
        "family_name": "Garland",
        "given_name": "Carina",
        "gender": "Female",
        "dob": "NaT",
        "chamber": "representatives",
        "party": "Australian Labor Party",
        "party_abbrev": "ALP",
        "electorate": "Chisholm",
        "state_or_territory": "Vic",
        "is_opening_day_member": true,
        "is_current_member": true,
        "institution_id": "acara-45654",
        "acara_id": "45654",
        "school_name": "Sacre Coeur",
        "school_type": "Pri/Sec",
        "school_sector": "Catholic",
        "campus_type": "Pri/Sec",
        "school_state": "VIC",
        "school_suburb": "Glen Iris",
        "school_postcode": "3146",
        "years_attended": null,
        "graduation_year": null,
        "attended_status": "graduated",
        "confidence": "verified",
        "historical_2021_net_recurrent_income_per_student": 22847,
        "finance_year": 2024,
        "finance_metric": "total_net_recurrent_income_per_student",
        "finance_value": 25999,
        "finance_status": "estimated_indexed",
        "finance_method": "acara_state_sector_geolocation_index",
        "finance_peer_group": "VIC / Catholic / Major Cities",
        "finance_source": "ACARA National Report on Schooling",
        "public_funding_year": null,
        "public_funding_jurisdiction": null,
        "public_funding_model": null,
        "public_funding_metric": null,
        "public_funding_value": null,
        "public_funding_unit": null,
        "public_funding_source": null
      }
    },
    {
      "type": "Feature",
      "geometry": {
        "type": "Point",
        "coordinates": [
          151.78,
          -32.9299
        ]
      },
      "properties": {
        "education_id": "edu-261393-0-acara-43855",
        "member_id": "aph-261393",
        "member": "GEE, the Hon. Andrew Robert",
        "family_name": "Gee",
        "given_name": "Andrew",
        "gender": "Male",
        "dob": "1968-09-13 00:00:00",
        "chamber": "representatives",
        "party": "Independent",
        "party_abbrev": "IND",
        "electorate": "Calare",
        "state_or_territory": "NSW",
        "is_opening_day_member": true,
        "is_current_member": true,
        "institution_id": "acara-43855",
        "acara_id": "43855",
        "school_name": "Newcastle Grammar School",
        "school_type": "Pri/Sec",
        "school_sector": "Independent",
        "campus_type": "Pri/Sec",
        "school_state": "NSW",
        "school_suburb": "The Hill",
        "school_postcode": "2300",
        "years_attended": null,
        "graduation_year": null,
        "attended_status": "graduated",
        "confidence": "verified",
        "historical_2021_net_recurrent_income_per_student": 29126,
        "finance_year": 2024,
        "finance_metric": "total_net_recurrent_income_per_student",
        "finance_value": 30204,
        "finance_status": "estimated_indexed",
        "finance_method": "acara_state_sector_geolocation_index",
        "finance_peer_group": "NSW / Independent / Major Cities",
        "finance_source": "ACARA National Report on Schooling",
        "public_funding_year": null,
        "public_funding_jurisdiction": null,
        "public_funding_model": null,
        "public_funding_metric": null,
        "public_funding_value": null,
        "public_funding_unit": null,
        "public_funding_source": null
      }
    },
    {
      "type": "Feature",
      "geometry": {
        "type": "Point",
        "coordinates": [
          138.587,
          -34.9257
        ]
      },
      "properties": {
        "education_id": "edu-dzy-0-acara-49453",
        "member_id": "aph-dzy",
        "member": "GEORGANAS, Steven (Steve)",
        "family_name": "Georganas",
        "given_name": "Steven",
        "gender": "Male",
        "dob": "1959-06-13 00:00:00",
        "chamber": "representatives",
        "party": "Australian Labor Party",
        "party_abbrev": "ALP",
        "electorate": "Adelaide",
        "state_or_territory": "SA",
        "is_opening_day_member": true,
        "is_current_member": true,
        "institution_id": "acara-49453",
        "acara_id": "49453",
        "school_name": "Adelaide High School",
        "school_type": "Sec",
        "school_sector": "Government",
        "campus_type": "Sec",
        "school_state": "SA",
        "school_suburb": "Adelaide",
        "school_postcode": "5000",
        "years_attended": null,
        "graduation_year": null,
        "attended_status": "graduated",
        "confidence": "verified",
        "historical_2021_net_recurrent_income_per_student": 18341,
        "finance_year": 2024,
        "finance_metric": "total_net_recurrent_income_per_student",
        "finance_value": 21267,
        "finance_status": "estimated_indexed",
        "finance_method": "acara_state_sector_geolocation_index",
        "finance_peer_group": "SA / Government / Major Cities",
        "finance_source": "ACARA National Report on Schooling",
        "public_funding_year": null,
        "public_funding_jurisdiction": null,
        "public_funding_model": null,
        "public_funding_metric": null,
        "public_funding_value": null,
        "public_funding_unit": null,
        "public_funding_source": null
      }
    },
    {
      "type": "Feature",
      "geometry": {
        "type": "Point",
        "coordinates": [
          138.544,
          -34.9189
        ]
      },
      "properties": {
        "education_id": "edu-dzy-1-acara-49540",
        "member_id": "aph-dzy",
        "member": "GEORGANAS, Steven (Steve)",
        "family_name": "Georganas",
        "given_name": "Steven",
        "gender": "Male",
        "dob": "1959-06-13 00:00:00",
        "chamber": "representatives",
        "party": "Australian Labor Party",
        "party_abbrev": "ALP",
        "electorate": "Adelaide",
        "state_or_territory": "SA",
        "is_opening_day_member": true,
        "is_current_member": true,
        "institution_id": "acara-49540",
        "acara_id": "49540",
        "school_name": "Underdale High School",
        "school_type": "Sec",
        "school_sector": "Government",
        "campus_type": "Sec",
        "school_state": "SA",
        "school_suburb": "Underdale",
        "school_postcode": "5032",
        "years_attended": null,
        "graduation_year": null,
        "attended_status": "graduated",
        "confidence": "verified",
        "historical_2021_net_recurrent_income_per_student": 19582,
        "finance_year": 2024,
        "finance_metric": "total_net_recurrent_income_per_student",
        "finance_value": 22706,
        "finance_status": "estimated_indexed",
        "finance_method": "acara_state_sector_geolocation_index",
        "finance_peer_group": "SA / Government / Major Cities",
        "finance_source": "ACARA National Report on Schooling",
        "public_funding_year": null,
        "public_funding_jurisdiction": null,
        "public_funding_model": null,
        "public_funding_metric": null,
        "public_funding_value": null,
        "public_funding_unit": null,
        "public_funding_source": null
      }
    },
    {
      "type": "Feature",
      "geometry": {
        "type": "Point",
        "coordinates": [
          151.156,
          -33.8278
        ]
      },
      "properties": {
        "education_id": "edu-72184-0-acara-43668",
        "member_id": "aph-72184",
        "member": "GILLESPIE, the Hon. Dr David Arthur",
        "family_name": "Gillespie",
        "given_name": "David",
        "gender": "Male",
        "dob": "1957-12-20 00:00:00",
        "chamber": "representatives",
        "party": "The Nationals",
        "party_abbrev": "NP",
        "electorate": "Lyne",
        "state_or_territory": "NSW",
        "is_opening_day_member": true,
        "is_current_member": false,
        "institution_id": "acara-43668",
        "acara_id": "43668",
        "school_name": "Saint Ignatius' College Riverview",
        "school_type": "Sec",
        "school_sector": "Independent",
        "campus_type": "Sec",
        "school_state": "NSW",
        "school_suburb": "Riverview",
        "school_postcode": "2066",
        "years_attended": null,
        "graduation_year": null,
        "attended_status": "graduated",
        "confidence": "verified",
        "historical_2021_net_recurrent_income_per_student": 33976,
        "finance_year": 2024,
        "finance_metric": "total_net_recurrent_income_per_student",
        "finance_value": 35233,
        "finance_status": "estimated_indexed",
        "finance_method": "acara_state_sector_geolocation_index",
        "finance_peer_group": "NSW / Independent / Major Cities",
        "finance_source": "ACARA National Report on Schooling",
        "public_funding_year": null,
        "public_funding_jurisdiction": null,
        "public_funding_model": null,
        "public_funding_metric": null,
        "public_funding_value": null,
        "public_funding_unit": null,
        "public_funding_source": null
      }
    },
    {
      "type": "Feature",
      "geometry": {
        "type": "Point",
        "coordinates": [
          115.843,
          -31.9274
        ]
      },
      "properties": {
        "education_id": "edu-74046-0-acara-48911",
        "member_id": "aph-74046",
        "member": "GOODENOUGH, Ian Reginald",
        "family_name": "Goodenough",
        "given_name": "Ian",
        "gender": "Male",
        "dob": "1975-07-03 00:00:00",
        "chamber": "representatives",
        "party": "Independent",
        "party_abbrev": "IND",
        "electorate": "Moore",
        "state_or_territory": "WA",
        "is_opening_day_member": true,
        "is_current_member": true,
        "institution_id": "acara-48911",
        "acara_id": "48911",
        "school_name": "Aranmore Catholic College",
        "school_type": "Sec",
        "school_sector": "Catholic",
        "campus_type": "Sec",
        "school_state": "WA",
        "school_suburb": "Leederville",
        "school_postcode": "6007",
        "years_attended": null,
        "graduation_year": null,
        "attended_status": "graduated",
        "confidence": "verified",
        "historical_2021_net_recurrent_income_per_student": 17931,
        "finance_year": 2024,
        "finance_metric": "total_net_recurrent_income_per_student",
        "finance_value": 20404,
        "finance_status": "estimated_indexed",
        "finance_method": "acara_state_sector_geolocation_index",
        "finance_peer_group": "WA / Catholic / Major Cities",
        "finance_source": "ACARA National Report on Schooling",
        "public_funding_year": null,
        "public_funding_jurisdiction": null,
        "public_funding_model": null,
        "public_funding_metric": null,
        "public_funding_value": null,
        "public_funding_unit": null,
        "public_funding_source": null
      }
    },
    {
      "type": "Feature",
      "geometry": {
        "type": "Point",
        "coordinates": [
          115.805,
          -32.0467
        ]
      },
      "properties": {
        "education_id": "edu-74519-0-acara-48141",
        "member_id": "aph-74519",
        "member": "GORMAN, the Hon. Patrick",
        "family_name": "Gorman",
        "given_name": "Patrick",
        "gender": "Male",
        "dob": "1984-12-12 00:00:00",
        "chamber": "representatives",
        "party": "Australian Labor Party",
        "party_abbrev": "ALP",
        "electorate": "Perth",
        "state_or_territory": "WA",
        "is_opening_day_member": true,
        "is_current_member": true,
        "institution_id": "acara-48141",
        "acara_id": "48141",
        "school_name": "Melville Senior High School",
        "school_type": "Sec",
        "school_sector": "Government",
        "campus_type": "Sec",
        "school_state": "WA",
        "school_suburb": "Melville",
        "school_postcode": "6156",
        "years_attended": null,
        "graduation_year": null,
        "attended_status": "graduated",
        "confidence": "verified",
        "historical_2021_net_recurrent_income_per_student": 15761,
        "finance_year": 2024,
        "finance_metric": "total_net_recurrent_income_per_student",
        "finance_value": 18275,
        "finance_status": "estimated_indexed",
        "finance_method": "acara_state_sector_geolocation_index",
        "finance_peer_group": "WA / Government / Major Cities",
        "finance_source": "ACARA National Report on Schooling",
        "public_funding_year": null,
        "public_funding_jurisdiction": null,
        "public_funding_model": null,
        "public_funding_metric": null,
        "public_funding_value": null,
        "public_funding_unit": null,
        "public_funding_source": null
      }
    },
    {
      "type": "Feature",
      "geometry": {
        "type": "Point",
        "coordinates": [
          145.077,
          -37.7979
        ]
      },
      "properties": {
        "education_id": "edu-245392-2-acara-45351",
        "member_id": "aph-245392",
        "member": "GOSLING, Luke John Anthony, OAM",
        "family_name": "Gosling",
        "given_name": "Luke",
        "gender": "Male",
        "dob": "1971-09-17 00:00:00",
        "chamber": "representatives",
        "party": "Australian Labor Party",
        "party_abbrev": "ALP",
        "electorate": "Solomon",
        "state_or_territory": "NT",
        "is_opening_day_member": true,
        "is_current_member": true,
        "institution_id": "acara-45351",
        "acara_id": "45351",
        "school_name": "Balwyn High School",
        "school_type": "Sec",
        "school_sector": "Government",
        "campus_type": "Sec",
        "school_state": "VIC",
        "school_suburb": "Balwyn North",
        "school_postcode": "3104",
        "years_attended": null,
        "graduation_year": null,
        "attended_status": "graduated",
        "confidence": "verified",
        "historical_2021_net_recurrent_income_per_student": 15186,
        "finance_year": 2024,
        "finance_metric": "total_net_recurrent_income_per_student",
        "finance_value": 17608,
        "finance_status": "estimated_indexed",
        "finance_method": "acara_state_sector_geolocation_index",
        "finance_peer_group": "VIC / Government / Major Cities",
        "finance_source": "ACARA National Report on Schooling",
        "public_funding_year": null,
        "public_funding_jurisdiction": null,
        "public_funding_model": null,
        "public_funding_metric": null,
        "public_funding_value": null,
        "public_funding_unit": null,
        "public_funding_source": null
      }
    },
    {
      "type": "Feature",
      "geometry": {
        "type": "Point",
        "coordinates": [
          151.241,
          -33.9136
        ]
      },
      "properties": {
        "education_id": "edu-245392-1-acara-43482",
        "member_id": "aph-245392",
        "member": "GOSLING, Luke John Anthony, OAM",
        "family_name": "Gosling",
        "given_name": "Luke",
        "gender": "Male",
        "dob": "1971-09-17 00:00:00",
        "chamber": "representatives",
        "party": "Australian Labor Party",
        "party_abbrev": "ALP",
        "electorate": "Solomon",
        "state_or_territory": "NT",
        "is_opening_day_member": true,
        "is_current_member": true,
        "institution_id": "acara-43482",
        "acara_id": "43482",
        "school_name": "Marcellin College",
        "school_type": "Sec",
        "school_sector": "Catholic",
        "campus_type": "Pri/Sec",
        "school_state": "NSW",
        "school_suburb": "Randwick",
        "school_postcode": "2031",
        "years_attended": null,
        "graduation_year": null,
        "attended_status": "graduated",
        "confidence": "verified",
        "historical_2021_net_recurrent_income_per_student": null,
        "finance_year": 2024,
        "finance_metric": "total_net_recurrent_income_per_student",
        "finance_value": 21184,
        "finance_status": "benchmark_average",
        "finance_method": "peer_group_average",
        "finance_peer_group": "NSW / Catholic / Major Cities",
        "finance_source": "ACARA National Report on Schooling",
        "public_funding_year": null,
        "public_funding_jurisdiction": null,
        "public_funding_model": null,
        "public_funding_metric": null,
        "public_funding_value": null,
        "public_funding_unit": null,
        "public_funding_source": null
      }
    },
    {
      "type": "Feature",
      "geometry": {
        "type": "Point",
        "coordinates": [
          145.083,
          -37.7748
        ]
      },
      "properties": {
        "education_id": "edu-245392-1-acara-45874",
        "member_id": "aph-245392",
        "member": "GOSLING, Luke John Anthony, OAM",
        "family_name": "Gosling",
        "given_name": "Luke",
        "gender": "Male",
        "dob": "1971-09-17 00:00:00",
        "chamber": "representatives",
        "party": "Australian Labor Party",
        "party_abbrev": "ALP",
        "electorate": "Solomon",
        "state_or_territory": "NT",
        "is_opening_day_member": true,
        "is_current_member": true,
        "institution_id": "acara-45874",
        "acara_id": "45874",
        "school_name": "Marcellin College",
        "school_type": "Sec",
        "school_sector": "Catholic",
        "campus_type": "Sec",
        "school_state": "VIC",
        "school_suburb": "Bulleen",
        "school_postcode": "3105",
        "years_attended": null,
        "graduation_year": null,
        "attended_status": "graduated",
        "confidence": "verified",
        "historical_2021_net_recurrent_income_per_student": 20173,
        "finance_year": 2024,
        "finance_metric": "total_net_recurrent_income_per_student",
        "finance_value": 22956,
        "finance_status": "estimated_indexed",
        "finance_method": "acara_state_sector_geolocation_index",
        "finance_peer_group": "VIC / Catholic / Major Cities",
        "finance_source": "ACARA National Report on Schooling",
        "public_funding_year": null,
        "public_funding_jurisdiction": null,
        "public_funding_model": null,
        "public_funding_metric": null,
        "public_funding_value": null,
        "public_funding_unit": null,
        "public_funding_source": null
      }
    },
    {
      "type": "Feature",
      "geometry": {
        "type": "Point",
        "coordinates": [
          145.358,
          -37.7508
        ]
      },
      "properties": {
        "education_id": "edu-245392-0-acara-45706",
        "member_id": "aph-245392",
        "member": "GOSLING, Luke John Anthony, OAM",
        "family_name": "Gosling",
        "given_name": "Luke",
        "gender": "Male",
        "dob": "1971-09-17 00:00:00",
        "chamber": "representatives",
        "party": "Australian Labor Party",
        "party_abbrev": "ALP",
        "electorate": "Solomon",
        "state_or_territory": "NT",
        "is_opening_day_member": true,
        "is_current_member": true,
        "institution_id": "acara-45706",
        "acara_id": "45706",
        "school_name": "Mount Lilydale Mercy College",
        "school_type": "Sec",
        "school_sector": "Catholic",
        "campus_type": "Sec",
        "school_state": "VIC",
        "school_suburb": "Lilydale",
        "school_postcode": "3140",
        "years_attended": null,
        "graduation_year": null,
        "attended_status": "graduated",
        "confidence": "verified",
        "historical_2021_net_recurrent_income_per_student": 18214,
        "finance_year": 2024,
        "finance_metric": "total_net_recurrent_income_per_student",
        "finance_value": 20727,
        "finance_status": "estimated_indexed",
        "finance_method": "acara_state_sector_geolocation_index",
        "finance_peer_group": "VIC / Catholic / Major Cities",
        "finance_source": "ACARA National Report on Schooling",
        "public_funding_year": null,
        "public_funding_jurisdiction": null,
        "public_funding_model": null,
        "public_funding_metric": null,
        "public_funding_value": null,
        "public_funding_unit": null,
        "public_funding_source": null
      }
    },
    {
      "type": "Feature",
      "geometry": {
        "type": "Point",
        "coordinates": [
          150.92,
          -33.8684
        ]
      },
      "properties": {
        "education_id": "edu-259819-0-acara-41582",
        "member_id": "aph-259819",
        "member": "GREEN, the Hon. Nita Louise",
        "family_name": "Green",
        "given_name": "Nita",
        "gender": "Female",
        "dob": "1983-06-23 00:00:00",
        "chamber": "senate",
        "party": "Australian Labor Party",
        "party_abbrev": "ALP",
        "electorate": NaN,
        "state_or_territory": "Qld",
        "is_opening_day_member": true,
        "is_current_member": true,
        "institution_id": "acara-41582",
        "acara_id": "41582",
        "school_name": "Westfields Sports High School",
        "school_type": "Sec",
        "school_sector": "Government",
        "campus_type": "Sec",
        "school_state": "NSW",
        "school_suburb": "Fairfield West",
        "school_postcode": "2165",
        "years_attended": null,
        "graduation_year": null,
        "attended_status": "graduated",
        "confidence": "verified",
        "historical_2021_net_recurrent_income_per_student": 15831,
        "finance_year": 2024,
        "finance_metric": "total_net_recurrent_income_per_student",
        "finance_value": 18356,
        "finance_status": "estimated_indexed",
        "finance_method": "acara_state_sector_geolocation_index",
        "finance_peer_group": "NSW / Government / Major Cities",
        "finance_source": "ACARA National Report on Schooling",
        "public_funding_year": null,
        "public_funding_jurisdiction": null,
        "public_funding_model": null,
        "public_funding_metric": null,
        "public_funding_value": null,
        "public_funding_unit": null,
        "public_funding_source": null
      }
    },
    {
      "type": "Feature",
      "geometry": {
        "type": "Point",
        "coordinates": [
          152.752,
          -27.6129
        ]
      },
      "properties": {
        "education_id": "edu-291387-0-acara-48036",
        "member_id": "aph-291387",
        "member": "HAMILTON, Garth Russell",
        "family_name": "Hamilton",
        "given_name": "Garth",
        "gender": "Male",
        "dob": "1979-03-05 00:00:00",
        "chamber": "representatives",
        "party": "Liberal Party of Australia",
        "party_abbrev": "LIB",
        "electorate": "Groom",
        "state_or_territory": "Qld",
        "is_opening_day_member": true,
        "is_current_member": true,
        "institution_id": "acara-48036",
        "acara_id": "48036",
        "school_name": "Ipswich Grammar School",
        "school_type": "Pri/Sec",
        "school_sector": "Independent",
        "campus_type": "Pri/Sec",
        "school_state": "QLD",
        "school_suburb": "Ipswich",
        "school_postcode": "4305",
        "years_attended": null,
        "graduation_year": null,
        "attended_status": "graduated",
        "confidence": "verified",
        "historical_2021_net_recurrent_income_per_student": 21683,
        "finance_year": 2024,
        "finance_metric": "total_net_recurrent_income_per_student",
        "finance_value": 22485,
        "finance_status": "estimated_indexed",
        "finance_method": "acara_state_sector_geolocation_index",
        "finance_peer_group": "QLD / Independent / Major Cities",
        "finance_source": "ACARA National Report on Schooling",
        "public_funding_year": null,
        "public_funding_jurisdiction": null,
        "public_funding_model": null,
        "public_funding_metric": null,
        "public_funding_value": null,
        "public_funding_unit": null,
        "public_funding_source": null
      }
    },
    {
      "type": "Feature",
      "geometry": {
        "type": "Point",
        "coordinates": [
          152.586,
          -27.6361
        ]
      },
      "properties": {
        "education_id": "edu-bk6-0-acara-47530",
        "member_id": "aph-bk6",
        "member": "HANSON, Pauline Lee",
        "family_name": "Hanson",
        "given_name": "Pauline",
        "gender": "Female",
        "dob": "1954-05-27 00:00:00",
        "chamber": "senate",
        "party": "One Nation",
        "party_abbrev": "ON",
        "electorate": NaN,
        "state_or_territory": "Qld",
        "is_opening_day_member": true,
        "is_current_member": true,
        "institution_id": "acara-47530",
        "acara_id": "47530",
        "school_name": "Rosewood State High School",
        "school_type": "Sec",
        "school_sector": "Government",
        "campus_type": "Sec",
        "school_state": "QLD",
        "school_suburb": "Rosewood",
        "school_postcode": "4340",
        "years_attended": null,
        "graduation_year": null,
        "attended_status": "graduated",
        "confidence": "verified",
        "historical_2021_net_recurrent_income_per_student": null,
        "finance_year": 2024,
        "finance_metric": "total_net_recurrent_income_per_student",
        "finance_value": 20983,
        "finance_status": "benchmark_average",
        "finance_method": "peer_group_average",
        "finance_peer_group": "QLD / Government / Inner Regional",
        "finance_source": "ACARA National Report on Schooling",
        "public_funding_year": null,
        "public_funding_jurisdiction": null,
        "public_funding_model": null,
        "public_funding_metric": null,
        "public_funding_value": null,
        "public_funding_unit": null,
        "public_funding_source": null
      }
    },
    {
      "type": "Feature",
      "geometry": {
        "type": "Point",
        "coordinates": [
          148.466353,
          -37.704106
        ]
      },
      "properties": {
        "education_id": "edu-i0u-0-acara-45446",
        "member_id": "aph-i0u",
        "member": "HANSON-YOUNG, Sarah Coral",
        "family_name": "Hanson-Young",
        "given_name": "Sarah",
        "gender": "Female",
        "dob": "1981-12-23 00:00:00",
        "chamber": "senate",
        "party": "Australian Greens",
        "party_abbrev": "GRN",
        "electorate": NaN,
        "state_or_territory": "SA",
        "is_opening_day_member": true,
        "is_current_member": true,
        "institution_id": "acara-45446",
        "acara_id": "45446",
        "school_name": "Orbost Secondary College",
        "school_type": "Secondary",
        "school_sector": "Government",
        "campus_type": "School Head Campus",
        "school_state": "VIC",
        "school_suburb": "ORBOST",
        "school_postcode": "3888",
        "years_attended": null,
        "graduation_year": null,
        "attended_status": "graduated",
        "confidence": "verified",
        "historical_2021_net_recurrent_income_per_student": 26251,
        "finance_year": 2024,
        "finance_metric": "total_net_recurrent_income_per_student",
        "finance_value": 30438,
        "finance_status": "estimated_indexed",
        "finance_method": "acara_state_sector_geolocation_index",
        "finance_peer_group": "VIC / Government / Outer Regional",
        "finance_source": "ACARA National Report on Schooling",
        "public_funding_year": null,
        "public_funding_jurisdiction": null,
        "public_funding_model": null,
        "public_funding_metric": null,
        "public_funding_value": null,
        "public_funding_unit": null,
        "public_funding_source": null
      }
    },
    {
      "type": "Feature",
      "geometry": {
        "type": "Point",
        "coordinates": [
          146.985,
          -36.0312
        ]
      },
      "properties": {
        "education_id": "edu-260805-0-acara-43904",
        "member_id": "aph-260805",
        "member": "HASTIE, the Hon. Andrew William",
        "family_name": "Hastie",
        "given_name": "Andrew",
        "gender": "Male",
        "dob": "1982-09-30 00:00:00",
        "chamber": "representatives",
        "party": "Liberal Party of Australia",
        "party_abbrev": "LIB",
        "electorate": "Canning",
        "state_or_territory": "WA",
        "is_opening_day_member": true,
        "is_current_member": true,
        "institution_id": "acara-43904",
        "acara_id": "43904",
        "school_name": "Trinity Anglican College - Albury",
        "school_type": "Pri/Sec",
        "school_sector": "Independent",
        "campus_type": "Pri/Sec",
        "school_state": "NSW",
        "school_suburb": "Thurgoona",
        "school_postcode": "2640",
        "years_attended": null,
        "graduation_year": null,
        "attended_status": "graduated",
        "confidence": "verified",
        "historical_2021_net_recurrent_income_per_student": null,
        "finance_year": 2024,
        "finance_metric": "total_net_recurrent_income_per_student",
        "finance_value": 29215,
        "finance_status": "benchmark_average",
        "finance_method": "peer_group_average",
        "finance_peer_group": "NSW / Independent / Inner Regional",
        "finance_source": "ACARA National Report on Schooling",
        "public_funding_year": null,
        "public_funding_jurisdiction": null,
        "public_funding_model": null,
        "public_funding_metric": null,
        "public_funding_value": null,
        "public_funding_unit": null,
        "public_funding_source": null
      }
    },
    {
      "type": "Feature",
      "geometry": {
        "type": "Point",
        "coordinates": [
          151.037,
          -33.7852
        ]
      },
      "properties": {
        "education_id": "edu-hwo-0-acara-41849",
        "member_id": "aph-hwo",
        "member": "HAWKE, the Hon. Alexander (Alex) George",
        "family_name": "Hawke",
        "given_name": "Alexander",
        "gender": "Male",
        "dob": "1977-07-09 00:00:00",
        "chamber": "representatives",
        "party": "Liberal Party of Australia",
        "party_abbrev": "LIB",
        "electorate": "Mitchell",
        "state_or_territory": "NSW",
        "is_opening_day_member": true,
        "is_current_member": true,
        "institution_id": "acara-41849",
        "acara_id": "41849",
        "school_name": "Cumberland High School",
        "school_type": "Sec",
        "school_sector": "Government",
        "campus_type": "Sec",
        "school_state": "NSW",
        "school_suburb": "Carlingford",
        "school_postcode": "2118",
        "years_attended": null,
        "graduation_year": null,
        "attended_status": "graduated",
        "confidence": "verified",
        "historical_2021_net_recurrent_income_per_student": 15470,
        "finance_year": 2024,
        "finance_metric": "total_net_recurrent_income_per_student",
        "finance_value": 17938,
        "finance_status": "estimated_indexed",
        "finance_method": "acara_state_sector_geolocation_index",
        "finance_peer_group": "NSW / Government / Major Cities",
        "finance_source": "ACARA National Report on Schooling",
        "public_funding_year": 2024,
        "public_funding_jurisdiction": "NSW",
        "public_funding_model": "Resource Allocation Model (RAM)",
        "public_funding_metric": "ram_allocation_total",
        "public_funding_value": 9100000.0,
        "public_funding_unit": "AUD",
        "public_funding_source": "Data.NSW Education Resource Allocation Model"
      }
    },
    {
      "type": "Feature",
      "geometry": {
        "type": "Point",
        "coordinates": [
          147.305,
          -42.8622
        ]
      },
      "properties": {
        "education_id": "edu-zn4-0-acara-40238",
        "member_id": "aph-zn4",
        "member": "HENDERSON, the Hon. Sarah Moya",
        "family_name": "Henderson",
        "given_name": "Sarah",
        "gender": "Female",
        "dob": "NaT",
        "chamber": "senate",
        "party": "Liberal Party of Australia",
        "party_abbrev": "LIB",
        "electorate": NaN,
        "state_or_territory": "Vic",
        "is_opening_day_member": true,
        "is_current_member": true,
        "institution_id": "acara-40238",
        "acara_id": "40238",
        "school_name": "Sacred Heart College",
        "school_type": "Pri/Sec",
        "school_sector": "Catholic",
        "campus_type": "Pri/Sec",
        "school_state": "TAS",
        "school_suburb": "New Town",
        "school_postcode": "7008",
        "years_attended": null,
        "graduation_year": null,
        "attended_status": "graduated",
        "confidence": "verified",
        "historical_2021_net_recurrent_income_per_student": null,
        "finance_year": 2024,
        "finance_metric": "total_net_recurrent_income_per_student",
        "finance_value": 23859,
        "finance_status": "benchmark_average",
        "finance_method": "peer_group_average",
        "finance_peer_group": "TAS / Catholic / Inner Regional",
        "finance_source": "ACARA National Report on Schooling",
        "public_funding_year": null,
        "public_funding_jurisdiction": null,
        "public_funding_model": null,
        "public_funding_metric": null,
        "public_funding_value": null,
        "public_funding_unit": null,
        "public_funding_source": null
      }
    },
    {
      "type": "Feature",
      "geometry": {
        "type": "Point",
        "coordinates": [
          144.459,
          -37.2529
        ]
      },
      "properties": {
        "education_id": "edu-zn4-0-acara-45682",
        "member_id": "aph-zn4",
        "member": "HENDERSON, the Hon. Sarah Moya",
        "family_name": "Henderson",
        "given_name": "Sarah",
        "gender": "Female",
        "dob": "NaT",
        "chamber": "senate",
        "party": "Liberal Party of Australia",
        "party_abbrev": "LIB",
        "electorate": NaN,
        "state_or_territory": "Vic",
        "is_opening_day_member": true,
        "is_current_member": true,
        "institution_id": "acara-45682",
        "acara_id": "45682",
        "school_name": "Sacred Heart College",
        "school_type": "Sec",
        "school_sector": "Catholic",
        "campus_type": "Sec",
        "school_state": "VIC",
        "school_suburb": "Kyneton",
        "school_postcode": "3444",
        "years_attended": null,
        "graduation_year": null,
        "attended_status": "graduated",
        "confidence": "verified",
        "historical_2021_net_recurrent_income_per_student": null,
        "finance_year": 2024,
        "finance_metric": "total_net_recurrent_income_per_student",
        "finance_value": 22058,
        "finance_status": "benchmark_average",
        "finance_method": "peer_group_average",
        "finance_peer_group": "VIC / Catholic / Inner Regional",
        "finance_source": "ACARA National Report on Schooling",
        "public_funding_year": null,
        "public_funding_jurisdiction": null,
        "public_funding_model": null,
        "public_funding_metric": null,
        "public_funding_value": null,
        "public_funding_unit": null,
        "public_funding_source": null
      }
    },
    {
      "type": "Feature",
      "geometry": {
        "type": "Point",
        "coordinates": [
          142.152,
          -34.1873
        ]
      },
      "properties": {
        "education_id": "edu-zn4-1-acara-45914",
        "member_id": "aph-zn4",
        "member": "HENDERSON, the Hon. Sarah Moya",
        "family_name": "Henderson",
        "given_name": "Sarah",
        "gender": "Female",
        "dob": "NaT",
        "chamber": "senate",
        "party": "Liberal Party of Australia",
        "party_abbrev": "LIB",
        "electorate": NaN,
        "state_or_territory": "Vic",
        "is_opening_day_member": true,
        "is_current_member": true,
        "institution_id": "acara-45914",
        "acara_id": "45914",
        "school_name": "Sacred Heart School",
        "school_type": "Prim",
        "school_sector": "Catholic",
        "campus_type": "Prim",
        "school_state": "VIC",
        "school_suburb": "Mildura",
        "school_postcode": "3500",
        "years_attended": null,
        "graduation_year": null,
        "attended_status": "graduated",
        "confidence": "verified",
        "historical_2021_net_recurrent_income_per_student": null,
        "finance_year": 2024,
        "finance_metric": "total_net_recurrent_income_per_student",
        "finance_value": 23788,
        "finance_status": "benchmark_average",
        "finance_method": "peer_group_average",
        "finance_peer_group": "VIC / Catholic / Outer Regional",
        "finance_source": "ACARA National Report on Schooling",
        "public_funding_year": null,
        "public_funding_jurisdiction": null,
        "public_funding_model": null,
        "public_funding_metric": null,
        "public_funding_value": null,
        "public_funding_unit": null,
        "public_funding_source": null
      }
    },
    {
      "type": "Feature",
      "geometry": {
        "type": "Point",
        "coordinates": [
          115.865,
          -31.9796
        ]
      },
      "properties": {
        "education_id": "edu-86256-0-acara-49026",
        "member_id": "aph-86256",
        "member": "HILL, the Hon. Julian Christopher",
        "family_name": "Hill",
        "given_name": "Julian",
        "gender": "Male",
        "dob": "NaT",
        "chamber": "representatives",
        "party": "Australian Labor Party",
        "party_abbrev": "ALP",
        "electorate": "Bruce",
        "state_or_territory": "Vic",
        "is_opening_day_member": true,
        "is_current_member": true,
        "institution_id": "acara-49026",
        "acara_id": "49026",
        "school_name": "Wesley College",
        "school_type": "Pri/Sec",
        "school_sector": "Independent",
        "campus_type": "Pri/Sec",
        "school_state": "WA",
        "school_suburb": "South Perth",
        "school_postcode": "6151",
        "years_attended": null,
        "graduation_year": null,
        "attended_status": "graduated",
        "confidence": "verified",
        "historical_2021_net_recurrent_income_per_student": null,
        "finance_year": 2024,
        "finance_metric": "total_net_recurrent_income_per_student",
        "finance_value": 28871,
        "finance_status": "benchmark_average",
        "finance_method": "peer_group_average",
        "finance_peer_group": "WA / Independent / Major Cities",
        "finance_source": "ACARA National Report on Schooling",
        "public_funding_year": null,
        "public_funding_jurisdiction": null,
        "public_funding_model": null,
        "public_funding_metric": null,
        "public_funding_value": null,
        "public_funding_unit": null,
        "public_funding_source": null
      }
    },
    {
      "type": "Feature",
      "geometry": {
        "type": "Point",
        "coordinates": [
          137.749,
          -32.4843
        ]
      },
      "properties": {
        "education_id": "edu-218019-0-acara-49780",
        "member_id": "aph-218019",
        "member": "HOGAN, the Hon. Kevin John",
        "family_name": "Hogan",
        "given_name": "Kevin",
        "gender": "Male",
        "dob": "1963-08-11 00:00:00",
        "chamber": "representatives",
        "party": "The Nationals",
        "party_abbrev": "NP",
        "electorate": "Page",
        "state_or_territory": "NSW",
        "is_opening_day_member": true,
        "is_current_member": true,
        "institution_id": "acara-49780",
        "acara_id": "49780",
        "school_name": "Caritas College",
        "school_type": "Pri/Sec",
        "school_sector": "Catholic",
        "campus_type": "Pri/Sec",
        "school_state": "SA",
        "school_suburb": "Port Augusta West",
        "school_postcode": "5700",
        "years_attended": null,
        "graduation_year": null,
        "attended_status": "graduated",
        "confidence": "verified",
        "historical_2021_net_recurrent_income_per_student": 18739,
        "finance_year": 2024,
        "finance_metric": "total_net_recurrent_income_per_student",
        "finance_value": 21324,
        "finance_status": "estimated_indexed",
        "finance_method": "acara_state_sector_geolocation_index",
        "finance_peer_group": "SA / Catholic / Outer Regional",
        "finance_source": "ACARA National Report on Schooling",
        "public_funding_year": null,
        "public_funding_jurisdiction": null,
        "public_funding_model": null,
        "public_funding_metric": null,
        "public_funding_value": null,
        "public_funding_unit": null,
        "public_funding_source": null
      }
    },
    {
      "type": "Feature",
      "geometry": {
        "type": "Point",
        "coordinates": [
          147.127,
          -41.4736
        ]
      },
      "properties": {
        "education_id": "edu-247742-0-acara-40251",
        "member_id": "aph-247742",
        "member": "HOWARTH, the Hon. Luke Ronald",
        "family_name": "Howarth",
        "given_name": "Luke",
        "gender": "Male",
        "dob": "1972-06-06 00:00:00",
        "chamber": "representatives",
        "party": "Liberal Party of Australia",
        "party_abbrev": "LIB",
        "electorate": "Petrie",
        "state_or_territory": "Qld",
        "is_opening_day_member": true,
        "is_current_member": true,
        "institution_id": "acara-40251",
        "acara_id": "40251",
        "school_name": "St Patrick's College",
        "school_type": "Sec",
        "school_sector": "Catholic",
        "campus_type": "Sec",
        "school_state": "TAS",
        "school_suburb": "Prospect Vale",
        "school_postcode": "7250",
        "years_attended": null,
        "graduation_year": null,
        "attended_status": "graduated",
        "confidence": "verified",
        "historical_2021_net_recurrent_income_per_student": null,
        "finance_year": 2024,
        "finance_metric": "total_net_recurrent_income_per_student",
        "finance_value": 23859,
        "finance_status": "benchmark_average",
        "finance_method": "peer_group_average",
        "finance_peer_group": "TAS / Catholic / Inner Regional",
        "finance_source": "ACARA National Report on Schooling",
        "public_funding_year": null,
        "public_funding_jurisdiction": null,
        "public_funding_model": null,
        "public_funding_metric": null,
        "public_funding_value": null,
        "public_funding_unit": null,
        "public_funding_source": null
      }
    },
    {
      "type": "Feature",
      "geometry": {
        "type": "Point",
        "coordinates": [
          149.184,
          -21.1386
        ]
      },
      "properties": {
        "education_id": "edu-247742-0-acara-40684",
        "member_id": "aph-247742",
        "member": "HOWARTH, the Hon. Luke Ronald",
        "family_name": "Howarth",
        "given_name": "Luke",
        "gender": "Male",
        "dob": "1972-06-06 00:00:00",
        "chamber": "representatives",
        "party": "Liberal Party of Australia",
        "party_abbrev": "LIB",
        "electorate": "Petrie",
        "state_or_territory": "Qld",
        "is_opening_day_member": true,
        "is_current_member": true,
        "institution_id": "acara-40684",
        "acara_id": "40684",
        "school_name": "St Patrick's College",
        "school_type": "Sec",
        "school_sector": "Catholic",
        "campus_type": "Sec",
        "school_state": "QLD",
        "school_suburb": "Mackay",
        "school_postcode": "4740",
        "years_attended": null,
        "graduation_year": null,
        "attended_status": "graduated",
        "confidence": "verified",
        "historical_2021_net_recurrent_income_per_student": null,
        "finance_year": 2024,
        "finance_metric": "total_net_recurrent_income_per_student",
        "finance_value": 22733,
        "finance_status": "benchmark_average",
        "finance_method": "peer_group_average",
        "finance_peer_group": "QLD / Catholic / Inner Regional",
        "finance_source": "ACARA National Report on Schooling",
        "public_funding_year": null,
        "public_funding_jurisdiction": null,
        "public_funding_model": null,
        "public_funding_metric": null,
        "public_funding_value": null,
        "public_funding_unit": null,
        "public_funding_source": null
      }
    },
    {
      "type": "Feature",
      "geometry": {
        "type": "Point",
        "coordinates": [
          152.838,
          -27.5993
        ]
      },
      "properties": {
        "education_id": "edu-247742-1-acara-47883",
        "member_id": "aph-247742",
        "member": "HOWARTH, the Hon. Luke Ronald",
        "family_name": "Howarth",
        "given_name": "Luke",
        "gender": "Male",
        "dob": "1972-06-06 00:00:00",
        "chamber": "representatives",
        "party": "Liberal Party of Australia",
        "party_abbrev": "LIB",
        "electorate": "Petrie",
        "state_or_territory": "Qld",
        "is_opening_day_member": true,
        "is_current_member": true,
        "institution_id": "acara-47883",
        "acara_id": "47883",
        "school_name": "St Peter Claver College",
        "school_type": "Sec",
        "school_sector": "Catholic",
        "campus_type": "Sec",
        "school_state": "QLD",
        "school_suburb": "Riverview",
        "school_postcode": "4303",
        "years_attended": null,
        "graduation_year": null,
        "attended_status": "graduated",
        "confidence": "verified",
        "historical_2021_net_recurrent_income_per_student": null,
        "finance_year": 2024,
        "finance_metric": "total_net_recurrent_income_per_student",
        "finance_value": 21396,
        "finance_status": "benchmark_average",
        "finance_method": "peer_group_average",
        "finance_peer_group": "QLD / Catholic / Major Cities",
        "finance_source": "ACARA National Report on Schooling",
        "public_funding_year": null,
        "public_funding_jurisdiction": null,
        "public_funding_model": null,
        "public_funding_metric": null,
        "public_funding_value": null,
        "public_funding_unit": null,
        "public_funding_source": null
      }
    },
    {
      "type": "Feature",
      "geometry": {
        "type": "Point",
        "coordinates": [
          151.216,
          -33.8471
        ]
      },
      "properties": {
        "education_id": "edu-273828-0-acara-43657",
        "member_id": "aph-273828",
        "member": "HUGHES, Hollie Alexandra",
        "family_name": "Hughes",
        "given_name": "Hollie",
        "gender": "Female",
        "dob": "1975-02-12 00:00:00",
        "chamber": "senate",
        "party": "Liberal Party of Australia",
        "party_abbrev": "LIB",
        "electorate": NaN,
        "state_or_territory": "NSW",
        "is_opening_day_member": true,
        "is_current_member": true,
        "institution_id": "acara-43657",
        "acara_id": "43657",
        "school_name": "Loreto Kirribilli",
        "school_type": "Pri/Sec",
        "school_sector": "Independent",
        "campus_type": "Pri/Sec",
        "school_state": "NSW",
        "school_suburb": "Kirribilli",
        "school_postcode": "2061",
        "years_attended": null,
        "graduation_year": null,
        "attended_status": "graduated",
        "confidence": "verified",
        "historical_2021_net_recurrent_income_per_student": 29824,
        "finance_year": 2024,
        "finance_metric": "total_net_recurrent_income_per_student",
        "finance_value": 30928,
        "finance_status": "estimated_indexed",
        "finance_method": "acara_state_sector_geolocation_index",
        "finance_peer_group": "NSW / Independent / Major Cities",
        "finance_source": "ACARA National Report on Schooling",
        "public_funding_year": null,
        "public_funding_jurisdiction": null,
        "public_funding_model": null,
        "public_funding_metric": null,
        "public_funding_value": null,
        "public_funding_unit": null,
        "public_funding_source": null
      }
    },
    {
      "type": "Feature",
      "geometry": {
        "type": "Point",
        "coordinates": [
          145.025,
          -37.8523
        ]
      },
      "properties": {
        "education_id": "edu-266499-0-acara-46150",
        "member_id": "aph-266499",
        "member": "HUME, the Hon. Edwina Jane (Jane)",
        "family_name": "Hume",
        "given_name": "Edwina",
        "gender": "Female",
        "dob": "1971-04-30 00:00:00",
        "chamber": "senate",
        "party": "Liberal Party of Australia",
        "party_abbrev": "LIB",
        "electorate": NaN,
        "state_or_territory": "Vic",
        "is_opening_day_member": true,
        "is_current_member": true,
        "institution_id": "acara-46150",
        "acara_id": "46150",
        "school_name": "Lauriston Girls' School",
        "school_type": "Pri/Sec",
        "school_sector": "Independent",
        "campus_type": "Pri/Sec",
        "school_state": "VIC",
        "school_suburb": "Armadale",
        "school_postcode": "3143",
        "years_attended": null,
        "graduation_year": null,
        "attended_status": "graduated",
        "confidence": "verified",
        "historical_2021_net_recurrent_income_per_student": 36290,
        "finance_year": 2024,
        "finance_metric": "total_net_recurrent_income_per_student",
        "finance_value": 37633,
        "finance_status": "estimated_indexed",
        "finance_method": "acara_state_sector_geolocation_index",
        "finance_peer_group": "VIC / Independent / Major Cities",
        "finance_source": "ACARA National Report on Schooling",
        "public_funding_year": null,
        "public_funding_jurisdiction": null,
        "public_funding_model": null,
        "public_funding_metric": null,
        "public_funding_value": null,
        "public_funding_unit": null,
        "public_funding_source": null
      }
    },
    {
      "type": "Feature",
      "geometry": {
        "type": "Point",
        "coordinates": [
          150.916,
          -33.7848
        ]
      },
      "properties": {
        "education_id": "edu-91219-0-acara-41821",
        "member_id": "aph-91219",
        "member": "HUSIC, the Hon. Edham (Ed) Nurredin",
        "family_name": "Husic",
        "given_name": "Edham",
        "gender": "Male",
        "dob": "1970-02-03 00:00:00",
        "chamber": "representatives",
        "party": "Australian Labor Party",
        "party_abbrev": "ALP",
        "electorate": "Chifley",
        "state_or_territory": "NSW",
        "is_opening_day_member": true,
        "is_current_member": true,
        "institution_id": "acara-41821",
        "acara_id": "41821",
        "school_name": "Mitchell High School",
        "school_type": "Sec",
        "school_sector": "Government",
        "campus_type": "Sec",
        "school_state": "NSW",
        "school_suburb": "Blacktown",
        "school_postcode": "2148",
        "years_attended": null,
        "graduation_year": null,
        "attended_status": "graduated",
        "confidence": "verified",
        "historical_2021_net_recurrent_income_per_student": 15919,
        "finance_year": 2024,
        "finance_metric": "total_net_recurrent_income_per_student",
        "finance_value": 18458,
        "finance_status": "estimated_indexed",
        "finance_method": "acara_state_sector_geolocation_index",
        "finance_peer_group": "NSW / Government / Major Cities",
        "finance_source": "ACARA National Report on Schooling",
        "public_funding_year": null,
        "public_funding_jurisdiction": null,
        "public_funding_model": null,
        "public_funding_metric": null,
        "public_funding_value": null,
        "public_funding_unit": null,
        "public_funding_source": null
      }
    },
    {
      "type": "Feature",
      "geometry": {
        "type": "Point",
        "coordinates": [
          116.17798,
          -31.31289
        ]
      },
      "properties": {
        "education_id": "edu-a9b-0-acara-48871",
        "member_id": "aph-a9b",
        "member": "JONES, the Hon. Stephen Patrick",
        "family_name": "Jones",
        "given_name": "Stephen",
        "gender": "Male",
        "dob": "1965-06-29 00:00:00",
        "chamber": "representatives",
        "party": "Australian Labor Party",
        "party_abbrev": "ALP",
        "electorate": "Whitlam",
        "state_or_territory": "NSW",
        "is_opening_day_member": true,
        "is_current_member": false,
        "institution_id": "acara-48871",
        "acara_id": "48871",
        "school_name": "Edmund Rice College",
        "school_type": "Secondary",
        "school_sector": "Catholic",
        "campus_type": "School Single Entity",
        "school_state": "WA",
        "school_suburb": "BINDOON",
        "school_postcode": "6502",
        "years_attended": null,
        "graduation_year": null,
        "attended_status": "graduated",
        "confidence": "verified",
        "historical_2021_net_recurrent_income_per_student": null,
        "finance_year": 2024,
        "finance_metric": "total_net_recurrent_income_per_student",
        "finance_value": 25487,
        "finance_status": "benchmark_average",
        "finance_method": "peer_group_average",
        "finance_peer_group": "WA / Catholic / Outer Regional",
        "finance_source": "ACARA National Report on Schooling",
        "public_funding_year": null,
        "public_funding_jurisdiction": null,
        "public_funding_model": null,
        "public_funding_metric": null,
        "public_funding_value": null,
        "public_funding_unit": null,
        "public_funding_source": null
      }
    },
    {
      "type": "Feature",
      "geometry": {
        "type": "Point",
        "coordinates": [
          151.156,
          -33.8278
        ]
      },
      "properties": {
        "education_id": "edu-e5d-0-acara-43668",
        "member_id": "aph-e5d",
        "member": "JOYCE, the Hon. Barnaby Thomas Gerard",
        "family_name": "Joyce",
        "given_name": "Barnaby",
        "gender": "Male",
        "dob": "NaT",
        "chamber": "representatives",
        "party": "One Nation",
        "party_abbrev": "ON",
        "electorate": "New England",
        "state_or_territory": "NSW",
        "is_opening_day_member": true,
        "is_current_member": true,
        "institution_id": "acara-43668",
        "acara_id": "43668",
        "school_name": "Saint Ignatius' College Riverview",
        "school_type": "Sec",
        "school_sector": "Independent",
        "campus_type": "Sec",
        "school_state": "NSW",
        "school_suburb": "Riverview",
        "school_postcode": "2066",
        "years_attended": null,
        "graduation_year": null,
        "attended_status": "graduated",
        "confidence": "verified",
        "historical_2021_net_recurrent_income_per_student": 33976,
        "finance_year": 2024,
        "finance_metric": "total_net_recurrent_income_per_student",
        "finance_value": 35233,
        "finance_status": "estimated_indexed",
        "finance_method": "acara_state_sector_geolocation_index",
        "finance_peer_group": "NSW / Independent / Major Cities",
        "finance_source": "ACARA National Report on Schooling",
        "public_funding_year": null,
        "public_funding_jurisdiction": null,
        "public_funding_model": null,
        "public_funding_metric": null,
        "public_funding_value": null,
        "public_funding_unit": null,
        "public_funding_source": null
      }
    },
    {
      "type": "Feature",
      "geometry": {
        "type": "Point",
        "coordinates": [
          144.974,
          -37.8037
        ]
      },
      "properties": {
        "education_id": "edu-ltu-0-acara-45704",
        "member_id": "aph-ltu",
        "member": "KEARNEY, the Hon. Gerardine (Ged) Mary",
        "family_name": "Kearney",
        "given_name": "Gerardine",
        "gender": "Female",
        "dob": "1963-10-29 00:00:00",
        "chamber": "representatives",
        "party": "Australian Labor Party",
        "party_abbrev": "ALP",
        "electorate": "Cooper",
        "state_or_territory": "Vic",
        "is_opening_day_member": true,
        "is_current_member": true,
        "institution_id": "acara-45704",
        "acara_id": "45704",
        "school_name": "Academy of Mary Immaculate",
        "school_type": "Sec",
        "school_sector": "Catholic",
        "campus_type": "Sec",
        "school_state": "VIC",
        "school_suburb": "Fitzroy",
        "school_postcode": "3065",
        "years_attended": null,
        "graduation_year": null,
        "attended_status": "graduated",
        "confidence": "verified",
        "historical_2021_net_recurrent_income_per_student": 18846,
        "finance_year": 2024,
        "finance_metric": "total_net_recurrent_income_per_student",
        "finance_value": 21446,
        "finance_status": "estimated_indexed",
        "finance_method": "acara_state_sector_geolocation_index",
        "finance_peer_group": "VIC / Catholic / Major Cities",
        "finance_source": "ACARA National Report on Schooling",
        "public_funding_year": null,
        "public_funding_jurisdiction": null,
        "public_funding_model": null,
        "public_funding_metric": null,
        "public_funding_value": null,
        "public_funding_unit": null,
        "public_funding_source": null
      }
    },
    {
      "type": "Feature",
      "geometry": {
        "type": "Point",
        "coordinates": [
          145.166,
          -37.9152
        ]
      },
      "properties": {
        "education_id": "edu-249147-0-acara-45996",
        "member_id": "aph-249147",
        "member": "KEOGH, the Hon. Matthew (Matt) James",
        "family_name": "Keogh",
        "given_name": "Matthew",
        "gender": "Male",
        "dob": "1981-11-11 00:00:00",
        "chamber": "representatives",
        "party": "Australian Labor Party",
        "party_abbrev": "ALP",
        "electorate": "Burt",
        "state_or_territory": "WA",
        "is_opening_day_member": true,
        "is_current_member": true,
        "institution_id": "acara-45996",
        "acara_id": "45996",
        "school_name": "Mazenod College",
        "school_type": "Sec",
        "school_sector": "Catholic",
        "campus_type": "Sec",
        "school_state": "VIC",
        "school_suburb": "Mulgrave",
        "school_postcode": "3170",
        "years_attended": null,
        "graduation_year": null,
        "attended_status": "graduated",
        "confidence": "verified",
        "historical_2021_net_recurrent_income_per_student": null,
        "finance_year": 2024,
        "finance_metric": "total_net_recurrent_income_per_student",
        "finance_value": 20761,
        "finance_status": "benchmark_average",
        "finance_method": "peer_group_average",
        "finance_peer_group": "VIC / Catholic / Major Cities",
        "finance_source": "ACARA National Report on Schooling",
        "public_funding_year": null,
        "public_funding_jurisdiction": null,
        "public_funding_model": null,
        "public_funding_metric": null,
        "public_funding_value": null,
        "public_funding_unit": null,
        "public_funding_source": null
      }
    },
    {
      "type": "Feature",
      "geometry": {
        "type": "Point",
        "coordinates": [
          116.039,
          -32.0067
        ]
      },
      "properties": {
        "education_id": "edu-249147-0-acara-48912",
        "member_id": "aph-249147",
        "member": "KEOGH, the Hon. Matthew (Matt) James",
        "family_name": "Keogh",
        "given_name": "Matthew",
        "gender": "Male",
        "dob": "1981-11-11 00:00:00",
        "chamber": "representatives",
        "party": "Australian Labor Party",
        "party_abbrev": "ALP",
        "electorate": "Burt",
        "state_or_territory": "WA",
        "is_opening_day_member": true,
        "is_current_member": true,
        "institution_id": "acara-48912",
        "acara_id": "48912",
        "school_name": "Mazenod College",
        "school_type": "Sec",
        "school_sector": "Catholic",
        "campus_type": "Sec",
        "school_state": "WA",
        "school_suburb": "Lesmurdie",
        "school_postcode": "6076",
        "years_attended": null,
        "graduation_year": null,
        "attended_status": "graduated",
        "confidence": "verified",
        "historical_2021_net_recurrent_income_per_student": 19916,
        "finance_year": 2024,
        "finance_metric": "total_net_recurrent_income_per_student",
        "finance_value": 22663,
        "finance_status": "estimated_indexed",
        "finance_method": "acara_state_sector_geolocation_index",
        "finance_peer_group": "WA / Catholic / Major Cities",
        "finance_source": "ACARA National Report on Schooling",
        "public_funding_year": null,
        "public_funding_jurisdiction": null,
        "public_funding_model": null,
        "public_funding_metric": null,
        "public_funding_value": null,
        "public_funding_unit": null,
        "public_funding_source": null
      }
    },
    {
      "type": "Feature",
      "geometry": {
        "type": "Point",
        "coordinates": [
          150.793,
          -33.8323
        ]
      },
      "properties": {
        "education_id": "edu-00amr-0-acara-43216",
        "member_id": "aph-00amr",
        "member": "KING, the Hon. Catherine Fiona",
        "family_name": "King",
        "given_name": "Catherine",
        "gender": "Female",
        "dob": "1966-06-02 00:00:00",
        "chamber": "representatives",
        "party": "Australian Labor Party",
        "party_abbrev": "ALP",
        "electorate": "Ballarat",
        "state_or_territory": "Vic",
        "is_opening_day_member": true,
        "is_current_member": true,
        "institution_id": "acara-43216",
        "acara_id": "43216",
        "school_name": "Emmaus Catholic College",
        "school_type": "Sec",
        "school_sector": "Catholic",
        "campus_type": "Sec",
        "school_state": "NSW",
        "school_suburb": "Kemps Creek",
        "school_postcode": "2178",
        "years_attended": null,
        "graduation_year": null,
        "attended_status": "graduated",
        "confidence": "verified",
        "historical_2021_net_recurrent_income_per_student": null,
        "finance_year": 2024,
        "finance_metric": "total_net_recurrent_income_per_student",
        "finance_value": 21184,
        "finance_status": "benchmark_average",
        "finance_method": "peer_group_average",
        "finance_peer_group": "NSW / Catholic / Major Cities",
        "finance_source": "ACARA National Report on Schooling",
        "public_funding_year": null,
        "public_funding_jurisdiction": null,
        "public_funding_model": null,
        "public_funding_metric": null,
        "public_funding_value": null,
        "public_funding_unit": null,
        "public_funding_source": null
      }
    },
    {
      "type": "Feature",
      "geometry": {
        "type": "Point",
        "coordinates": [
          115.741,
          -32.3043
        ]
      },
      "properties": {
        "education_id": "edu-102376-0-acara-48218",
        "member_id": "aph-102376",
        "member": "KING, the Hon. Madeleine Mary Harvie",
        "family_name": "King",
        "given_name": "Madeleine",
        "gender": "Female",
        "dob": "1973-03-31 00:00:00",
        "chamber": "representatives",
        "party": "Australian Labor Party",
        "party_abbrev": "ALP",
        "electorate": "Brand",
        "state_or_territory": "WA",
        "is_opening_day_member": true,
        "is_current_member": true,
        "institution_id": "acara-48218",
        "acara_id": "48218",
        "school_name": "Safety Bay Senior High School",
        "school_type": "Sec",
        "school_sector": "Government",
        "campus_type": "Sec",
        "school_state": "WA",
        "school_suburb": "Safety Bay",
        "school_postcode": "6169",
        "years_attended": null,
        "graduation_year": null,
        "attended_status": "graduated",
        "confidence": "verified",
        "historical_2021_net_recurrent_income_per_student": 15215,
        "finance_year": 2024,
        "finance_metric": "total_net_recurrent_income_per_student",
        "finance_value": 17642,
        "finance_status": "estimated_indexed",
        "finance_method": "acara_state_sector_geolocation_index",
        "finance_peer_group": "WA / Government / Major Cities",
        "finance_source": "ACARA National Report on Schooling",
        "public_funding_year": null,
        "public_funding_jurisdiction": null,
        "public_funding_model": null,
        "public_funding_metric": null,
        "public_funding_value": null,
        "public_funding_unit": null,
        "public_funding_source": null
      }
    },
    {
      "type": "Feature",
      "geometry": {
        "type": "Point",
        "coordinates": [
          149.148,
          -35.3239
        ]
      },
      "properties": {
        "education_id": "edu-306168-0-acara-49968",
        "member_id": "aph-306168",
        "member": "KOVACIC, Maria",
        "family_name": "Kovacic",
        "given_name": "Maria",
        "gender": "Female",
        "dob": "NaT",
        "chamber": "senate",
        "party": "Liberal Party of Australia",
        "party_abbrev": "LIB",
        "electorate": NaN,
        "state_or_territory": "NSW",
        "is_opening_day_member": false,
        "is_current_member": true,
        "institution_id": "acara-49968",
        "acara_id": "49968",
        "school_name": "St Clare's College",
        "school_type": "Sec",
        "school_sector": "Catholic",
        "campus_type": "Sec",
        "school_state": "ACT",
        "school_suburb": "Griffith",
        "school_postcode": "2603",
        "years_attended": null,
        "graduation_year": null,
        "attended_status": "graduated",
        "confidence": "verified",
        "historical_2021_net_recurrent_income_per_student": null,
        "finance_year": 2024,
        "finance_metric": "total_net_recurrent_income_per_student",
        "finance_value": 22032,
        "finance_status": "benchmark_average",
        "finance_method": "peer_group_average",
        "finance_peer_group": "ACT / Catholic / Major Cities",
        "finance_source": "ACARA National Report on Schooling",
        "public_funding_year": null,
        "public_funding_jurisdiction": null,
        "public_funding_model": null,
        "public_funding_metric": null,
        "public_funding_value": null,
        "public_funding_unit": null,
        "public_funding_source": null
      }
    },
    {
      "type": "Feature",
      "geometry": {
        "type": "Point",
        "coordinates": [
          146.349,
          -41.178
        ]
      },
      "properties": {
        "education_id": "edu-250026-0-acara-40098",
        "member_id": "aph-250026",
        "member": "LAMBIE, Jacquiline (Jacqui) Louise",
        "family_name": "Lambie",
        "given_name": "Jacquiline",
        "gender": "Female",
        "dob": "1971-02-26 00:00:00",
        "chamber": "senate",
        "party": "Jacqui Lambie Network",
        "party_abbrev": "JLN",
        "electorate": NaN,
        "state_or_territory": "Tas",
        "is_opening_day_member": true,
        "is_current_member": true,
        "institution_id": "acara-40098",
        "acara_id": "40098",
        "school_name": "Devonport High School",
        "school_type": "Sec",
        "school_sector": "Government",
        "campus_type": "Sec",
        "school_state": "TAS",
        "school_suburb": "Devonport",
        "school_postcode": "7310",
        "years_attended": null,
        "graduation_year": null,
        "attended_status": "graduated",
        "confidence": "verified",
        "historical_2021_net_recurrent_income_per_student": 18385,
        "finance_year": 2024,
        "finance_metric": "total_net_recurrent_income_per_student",
        "finance_value": 21318,
        "finance_status": "estimated_indexed",
        "finance_method": "acara_state_sector_geolocation_index",
        "finance_peer_group": "TAS / Government / Inner Regional",
        "finance_source": "ACARA National Report on Schooling",
        "public_funding_year": null,
        "public_funding_jurisdiction": null,
        "public_funding_model": null,
        "public_funding_metric": null,
        "public_funding_value": null,
        "public_funding_unit": null,
        "public_funding_source": null
      }
    },
    {
      "type": "Feature",
      "geometry": {
        "type": "Point",
        "coordinates": [
          146.333,
          -41.1676
        ]
      },
      "properties": {
        "education_id": "edu-250026-1-acara-50255",
        "member_id": "aph-250026",
        "member": "LAMBIE, Jacquiline (Jacqui) Louise",
        "family_name": "Lambie",
        "given_name": "Jacquiline",
        "gender": "Female",
        "dob": "1971-02-26 00:00:00",
        "chamber": "senate",
        "party": "Jacqui Lambie Network",
        "party_abbrev": "JLN",
        "electorate": NaN,
        "state_or_territory": "Tas",
        "is_opening_day_member": true,
        "is_current_member": true,
        "institution_id": "acara-50255",
        "acara_id": "50255",
        "school_name": "Don College",
        "school_type": "Sec",
        "school_sector": "Government",
        "campus_type": "Sec",
        "school_state": "TAS",
        "school_suburb": "Devonport",
        "school_postcode": "7310",
        "years_attended": null,
        "graduation_year": null,
        "attended_status": "graduated",
        "confidence": "verified",
        "historical_2021_net_recurrent_income_per_student": 18410,
        "finance_year": 2024,
        "finance_metric": "total_net_recurrent_income_per_student",
        "finance_value": 21347,
        "finance_status": "estimated_indexed",
        "finance_method": "acara_state_sector_geolocation_index",
        "finance_peer_group": "TAS / Government / Inner Regional",
        "finance_source": "ACARA National Report on Schooling",
        "public_funding_year": null,
        "public_funding_jurisdiction": null,
        "public_funding_model": null,
        "public_funding_metric": null,
        "public_funding_value": null,
        "public_funding_unit": null,
        "public_funding_source": null
      }
    },
    {
      "type": "Feature",
      "geometry": {
        "type": "Point",
        "coordinates": [
          150.496,
          -23.3886
        ]
      },
      "properties": {
        "education_id": "edu-249764-0-acara-48031",
        "member_id": "aph-249764",
        "member": "LANDRY, the Hon. Michelle Leanne",
        "family_name": "Landry",
        "given_name": "Michelle",
        "gender": "Female",
        "dob": "1962-10-15 00:00:00",
        "chamber": "representatives",
        "party": "The Nationals",
        "party_abbrev": "NP",
        "electorate": "Capricornia",
        "state_or_territory": "Qld",
        "is_opening_day_member": true,
        "is_current_member": true,
        "institution_id": "acara-48031",
        "acara_id": "48031",
        "school_name": "Rockhampton Girls Grammar School",
        "school_type": "Pri/Sec",
        "school_sector": "Independent",
        "campus_type": "Pri/Sec",
        "school_state": "QLD",
        "school_suburb": "Rockhampton",
        "school_postcode": "4700",
        "years_attended": null,
        "graduation_year": null,
        "attended_status": "graduated",
        "confidence": "verified",
        "historical_2021_net_recurrent_income_per_student": 21798,
        "finance_year": 2024,
        "finance_metric": "total_net_recurrent_income_per_student",
        "finance_value": 22605,
        "finance_status": "estimated_indexed",
        "finance_method": "acara_state_sector_geolocation_index",
        "finance_peer_group": "QLD / Independent / Inner Regional",
        "finance_source": "ACARA National Report on Schooling",
        "public_funding_year": null,
        "public_funding_jurisdiction": null,
        "public_funding_model": null,
        "public_funding_metric": null,
        "public_funding_value": null,
        "public_funding_unit": null,
        "public_funding_source": null
      }
    },
    {
      "type": "Feature",
      "geometry": {
        "type": "Point",
        "coordinates": [
          116.668,
          -31.6477
        ]
      },
      "properties": {
        "education_id": "edu-299150-1-acara-48147",
        "member_id": "aph-299150",
        "member": "LAWRENCE, Tania",
        "family_name": "Lawrence",
        "given_name": "Tania",
        "gender": "Female",
        "dob": "1973-09-13 00:00:00",
        "chamber": "representatives",
        "party": "Australian Labor Party",
        "party_abbrev": "ALP",
        "electorate": "Hasluck",
        "state_or_territory": "WA",
        "is_opening_day_member": true,
        "is_current_member": true,
        "institution_id": "acara-48147",
        "acara_id": "48147",
        "school_name": "Northam Senior High School",
        "school_type": "Sec",
        "school_sector": "Government",
        "campus_type": "Sec",
        "school_state": "WA",
        "school_suburb": "Northam",
        "school_postcode": "6401",
        "years_attended": null,
        "graduation_year": null,
        "attended_status": "graduated",
        "confidence": "verified",
        "historical_2021_net_recurrent_income_per_student": 20443,
        "finance_year": 2024,
        "finance_metric": "total_net_recurrent_income_per_student",
        "finance_value": 23704,
        "finance_status": "estimated_indexed",
        "finance_method": "acara_state_sector_geolocation_index",
        "finance_peer_group": "WA / Government / Inner Regional",
        "finance_source": "ACARA National Report on Schooling",
        "public_funding_year": null,
        "public_funding_jurisdiction": null,
        "public_funding_model": null,
        "public_funding_metric": null,
        "public_funding_value": null,
        "public_funding_unit": null,
        "public_funding_source": null
      }
    },
    {
      "type": "Feature",
      "geometry": {
        "type": "Point",
        "coordinates": [
          116.76,
          -31.8937
        ]
      },
      "properties": {
        "education_id": "edu-299150-0-acara-48204",
        "member_id": "aph-299150",
        "member": "LAWRENCE, Tania",
        "family_name": "Lawrence",
        "given_name": "Tania",
        "gender": "Female",
        "dob": "1973-09-13 00:00:00",
        "chamber": "representatives",
        "party": "Australian Labor Party",
        "party_abbrev": "ALP",
        "electorate": "Hasluck",
        "state_or_territory": "WA",
        "is_opening_day_member": true,
        "is_current_member": true,
        "institution_id": "acara-48204",
        "acara_id": "48204",
        "school_name": "York District High School",
        "school_type": "Pri/Sec",
        "school_sector": "Government",
        "campus_type": "Pri/Sec",
        "school_state": "WA",
        "school_suburb": "York",
        "school_postcode": "6302",
        "years_attended": null,
        "graduation_year": null,
        "attended_status": "graduated",
        "confidence": "verified",
        "historical_2021_net_recurrent_income_per_student": 17633,
        "finance_year": 2024,
        "finance_metric": "total_net_recurrent_income_per_student",
        "finance_value": 20446,
        "finance_status": "estimated_indexed",
        "finance_method": "acara_state_sector_geolocation_index",
        "finance_peer_group": "WA / Government / Inner Regional",
        "finance_source": "ACARA National Report on Schooling",
        "public_funding_year": null,
        "public_funding_jurisdiction": null,
        "public_funding_model": null,
        "public_funding_metric": null,
        "public_funding_value": null,
        "public_funding_unit": null,
        "public_funding_source": null
      }
    },
    {
      "type": "Feature",
      "geometry": {
        "type": "Point",
        "coordinates": [
          151.026,
          -33.7886
        ]
      },
      "properties": {
        "education_id": "edu-299174-0-acara-43883",
        "member_id": "aph-299174",
        "member": "LAXALE, Jerome",
        "family_name": "Laxale",
        "given_name": "Jerome",
        "gender": "Male",
        "dob": "1983-11-20 00:00:00",
        "chamber": "representatives",
        "party": "Australian Labor Party",
        "party_abbrev": "ALP",
        "electorate": "Bennelong",
        "state_or_territory": "NSW",
        "is_opening_day_member": true,
        "is_current_member": true,
        "institution_id": "acara-43883",
        "acara_id": "43883",
        "school_name": "The King's School",
        "school_type": "Pri/Sec",
        "school_sector": "Independent",
        "campus_type": "Pri/Sec",
        "school_state": "NSW",
        "school_suburb": "North Parramatta",
        "school_postcode": "2151",
        "years_attended": null,
        "graduation_year": null,
        "attended_status": "graduated",
        "confidence": "verified",
        "historical_2021_net_recurrent_income_per_student": 39550,
        "finance_year": 2024,
        "finance_metric": "total_net_recurrent_income_per_student",
        "finance_value": 41013,
        "finance_status": "estimated_indexed",
        "finance_method": "acara_state_sector_geolocation_index",
        "finance_peer_group": "NSW / Independent / Major Cities",
        "finance_source": "ACARA National Report on Schooling",
        "public_funding_year": null,
        "public_funding_jurisdiction": null,
        "public_funding_model": null,
        "public_funding_metric": null,
        "public_funding_value": null,
        "public_funding_unit": null,
        "public_funding_source": null
      }
    },
    {
      "type": "Feature",
      "geometry": {
        "type": "Point",
        "coordinates": [
          151.252,
          -33.8717
        ]
      },
      "properties": {
        "education_id": "edu-109556-0-acara-43969",
        "member_id": "aph-109556",
        "member": "LEESER, Julian Martin",
        "family_name": "Leeser",
        "given_name": "Julian",
        "gender": "Male",
        "dob": "1976-05-25 00:00:00",
        "chamber": "representatives",
        "party": "Liberal Party of Australia",
        "party_abbrev": "LIB",
        "electorate": "Berowra",
        "state_or_territory": "NSW",
        "is_opening_day_member": true,
        "is_current_member": true,
        "institution_id": "acara-43969",
        "acara_id": "43969",
        "school_name": "Cranbrook School",
        "school_type": "Sec",
        "school_sector": "Independent",
        "campus_type": "Sec",
        "school_state": "NSW",
        "school_suburb": "Bellevue Hill",
        "school_postcode": "2023",
        "years_attended": null,
        "graduation_year": null,
        "attended_status": "graduated",
        "confidence": "verified",
        "historical_2021_net_recurrent_income_per_student": 30533,
        "finance_year": 2024,
        "finance_metric": "total_net_recurrent_income_per_student",
        "finance_value": 31663,
        "finance_status": "estimated_indexed",
        "finance_method": "acara_state_sector_geolocation_index",
        "finance_peer_group": "NSW / Independent / Major Cities",
        "finance_source": "ACARA National Report on Schooling",
        "public_funding_year": null,
        "public_funding_jurisdiction": null,
        "public_funding_model": null,
        "public_funding_metric": null,
        "public_funding_value": null,
        "public_funding_unit": null,
        "public_funding_source": null
      }
    },
    {
      "type": "Feature",
      "geometry": {
        "type": "Point",
        "coordinates": [
          151.043,
          -33.7806
        ]
      },
      "properties": {
        "education_id": "edu-bu8-0-acara-41811",
        "member_id": "aph-bu8",
        "member": "LEIGH, the Hon. Dr Andrew Keith",
        "family_name": "Leigh",
        "given_name": "Andrew",
        "gender": "Male",
        "dob": "1972-08-03 00:00:00",
        "chamber": "representatives",
        "party": "Australian Labor Party",
        "party_abbrev": "ALP",
        "electorate": "Fenner",
        "state_or_territory": "ACT",
        "is_opening_day_member": true,
        "is_current_member": true,
        "institution_id": "acara-41811",
        "acara_id": "41811",
        "school_name": "James Ruse Agricultural High School",
        "school_type": "Sec",
        "school_sector": "Government",
        "campus_type": "Sec",
        "school_state": "NSW",
        "school_suburb": "Carlingford",
        "school_postcode": "2118",
        "years_attended": null,
        "graduation_year": null,
        "attended_status": "graduated",
        "confidence": "verified",
        "historical_2021_net_recurrent_income_per_student": 16944,
        "finance_year": 2024,
        "finance_metric": "total_net_recurrent_income_per_student",
        "finance_value": 19647,
        "finance_status": "estimated_indexed",
        "finance_method": "acara_state_sector_geolocation_index",
        "finance_peer_group": "NSW / Government / Major Cities",
        "finance_source": "ACARA National Report on Schooling",
        "public_funding_year": 2024,
        "public_funding_jurisdiction": "NSW",
        "public_funding_model": "Resource Allocation Model (RAM)",
        "public_funding_metric": "ram_allocation_total",
        "public_funding_value": 8110000.0,
        "public_funding_unit": "AUD",
        "public_funding_source": "Data.NSW Education Resource Allocation Model"
      }
    },
    {
      "type": "Feature",
      "geometry": {
        "type": "Point",
        "coordinates": [
          149.147,
          -35.2781
        ]
      },
      "properties": {
        "education_id": "edu-00amn-1-acara-49912",
        "member_id": "aph-00amn",
        "member": "LEY, the Hon. Sussan Penelope",
        "family_name": "Ley",
        "given_name": "Sussan",
        "gender": "Female",
        "dob": "1961-12-14 00:00:00",
        "chamber": "representatives",
        "party": "Liberal Party of Australia",
        "party_abbrev": "LIB",
        "electorate": "Farrer",
        "state_or_territory": "NSW",
        "is_opening_day_member": true,
        "is_current_member": true,
        "institution_id": "acara-49912",
        "acara_id": "49912",
        "school_name": "Campbell High School",
        "school_type": "Sec",
        "school_sector": "Government",
        "campus_type": "Sec",
        "school_state": "ACT",
        "school_suburb": "Campbell",
        "school_postcode": "2612",
        "years_attended": null,
        "graduation_year": null,
        "attended_status": "graduated",
        "confidence": "verified",
        "historical_2021_net_recurrent_income_per_student": null,
        "finance_year": 2024,
        "finance_metric": "total_net_recurrent_income_per_student",
        "finance_value": 20335,
        "finance_status": "benchmark_average",
        "finance_method": "peer_group_average",
        "finance_peer_group": "ACT / Government / Major Cities",
        "finance_source": "ACARA National Report on Schooling",
        "public_funding_year": null,
        "public_funding_jurisdiction": null,
        "public_funding_model": null,
        "public_funding_metric": null,
        "public_funding_value": null,
        "public_funding_unit": null,
        "public_funding_source": null
      }
    },
    {
      "type": "Feature",
      "geometry": {
        "type": "Point",
        "coordinates": [
          149.154,
          -35.2485
        ]
      },
      "properties": {
        "education_id": "edu-00amn-2-acara-49915",
        "member_id": "aph-00amn",
        "member": "LEY, the Hon. Sussan Penelope",
        "family_name": "Ley",
        "given_name": "Sussan",
        "gender": "Female",
        "dob": "1961-12-14 00:00:00",
        "chamber": "representatives",
        "party": "Liberal Party of Australia",
        "party_abbrev": "LIB",
        "electorate": "Farrer",
        "state_or_territory": "NSW",
        "is_opening_day_member": true,
        "is_current_member": true,
        "institution_id": "acara-49915",
        "acara_id": "49915",
        "school_name": "Dickson College",
        "school_type": "Sec",
        "school_sector": "Government",
        "campus_type": "Sec",
        "school_state": "ACT",
        "school_suburb": "Dickson",
        "school_postcode": "2602",
        "years_attended": null,
        "graduation_year": null,
        "attended_status": "graduated",
        "confidence": "verified",
        "historical_2021_net_recurrent_income_per_student": 20653,
        "finance_year": 2024,
        "finance_metric": "total_net_recurrent_income_per_student",
        "finance_value": 23947,
        "finance_status": "estimated_indexed",
        "finance_method": "acara_state_sector_geolocation_index",
        "finance_peer_group": "ACT / Government / Major Cities",
        "finance_source": "ACARA National Report on Schooling",
        "public_funding_year": null,
        "public_funding_jurisdiction": null,
        "public_funding_model": null,
        "public_funding_metric": null,
        "public_funding_value": null,
        "public_funding_unit": null,
        "public_funding_source": null
      }
    },
    {
      "type": "Feature",
      "geometry": {
        "type": "Point",
        "coordinates": [
          151.965,
          -27.5452
        ]
      },
      "properties": {
        "education_id": "edu-00amn-0-acara-47417",
        "member_id": "aph-00amn",
        "member": "LEY, the Hon. Sussan Penelope",
        "family_name": "Ley",
        "given_name": "Sussan",
        "gender": "Female",
        "dob": "1961-12-14 00:00:00",
        "chamber": "representatives",
        "party": "Liberal Party of Australia",
        "party_abbrev": "LIB",
        "electorate": "Farrer",
        "state_or_territory": "NSW",
        "is_opening_day_member": true,
        "is_current_member": true,
        "institution_id": "acara-47417",
        "acara_id": "47417",
        "school_name": "Toowoomba State High School",
        "school_type": "Sec",
        "school_sector": "Government",
        "campus_type": "Sec",
        "school_state": "QLD",
        "school_suburb": "Mount Lofty",
        "school_postcode": "4350",
        "years_attended": null,
        "graduation_year": null,
        "attended_status": "graduated",
        "confidence": "verified",
        "historical_2021_net_recurrent_income_per_student": null,
        "finance_year": 2024,
        "finance_metric": "total_net_recurrent_income_per_student",
        "finance_value": 20983,
        "finance_status": "benchmark_average",
        "finance_method": "peer_group_average",
        "finance_peer_group": "QLD / Government / Inner Regional",
        "finance_source": "ACARA National Report on Schooling",
        "public_funding_year": null,
        "public_funding_jurisdiction": null,
        "public_funding_model": null,
        "public_funding_metric": null,
        "public_funding_value": null,
        "public_funding_unit": null,
        "public_funding_source": null
      }
    },
    {
      "type": "Feature",
      "geometry": {
        "type": "Point",
        "coordinates": [
          116.016,
          -32.1616
        ]
      },
      "properties": {
        "education_id": "edu-112096-0-acara-48118",
        "member_id": "aph-112096",
        "member": "LINES, the Hon. Susan (Sue)",
        "family_name": "Lines",
        "given_name": "Susan",
        "gender": "Female",
        "dob": "1953-12-15 00:00:00",
        "chamber": "senate",
        "party": "Australian Labor Party",
        "party_abbrev": "ALP",
        "electorate": NaN,
        "state_or_territory": "WA",
        "is_opening_day_member": true,
        "is_current_member": true,
        "institution_id": "acara-48118",
        "acara_id": "48118",
        "school_name": "Armadale Senior High School",
        "school_type": "Sec",
        "school_sector": "Government",
        "campus_type": "Sec",
        "school_state": "WA",
        "school_suburb": "Armadale",
        "school_postcode": "6112",
        "years_attended": null,
        "graduation_year": null,
        "attended_status": "graduated",
        "confidence": "verified",
        "historical_2021_net_recurrent_income_per_student": 19106,
        "finance_year": 2024,
        "finance_metric": "total_net_recurrent_income_per_student",
        "finance_value": 22154,
        "finance_status": "estimated_indexed",
        "finance_method": "acara_state_sector_geolocation_index",
        "finance_peer_group": "WA / Government / Major Cities",
        "finance_source": "ACARA National Report on Schooling",
        "public_funding_year": null,
        "public_funding_jurisdiction": null,
        "public_funding_model": null,
        "public_funding_metric": null,
        "public_funding_value": null,
        "public_funding_unit": null,
        "public_funding_source": null
      }
    },
    {
      "type": "Feature",
      "geometry": {
        "type": "Point",
        "coordinates": [
          150.62,
          -26.7489
        ]
      },
      "properties": {
        "education_id": "edu-265585-0-acara-47472",
        "member_id": "aph-265585",
        "member": "LITTLEPROUD, the Hon. David Kelly",
        "family_name": "Littleproud",
        "given_name": "David",
        "gender": "Male",
        "dob": "1976-09-04 00:00:00",
        "chamber": "representatives",
        "party": "The Nationals",
        "party_abbrev": "NP",
        "electorate": "Maranoa",
        "state_or_territory": "Qld",
        "is_opening_day_member": true,
        "is_current_member": true,
        "institution_id": "acara-47472",
        "acara_id": "47472",
        "school_name": "Chinchilla State High School",
        "school_type": "Sec",
        "school_sector": "Government",
        "campus_type": "Sec",
        "school_state": "QLD",
        "school_suburb": "Chinchilla",
        "school_postcode": "4413",
        "years_attended": null,
        "graduation_year": null,
        "attended_status": "graduated",
        "confidence": "verified",
        "historical_2021_net_recurrent_income_per_student": 19714,
        "finance_year": 2024,
        "finance_metric": "total_net_recurrent_income_per_student",
        "finance_value": 22859,
        "finance_status": "estimated_indexed",
        "finance_method": "acara_state_sector_geolocation_index",
        "finance_peer_group": "QLD / Government / Outer Regional",
        "finance_source": "ACARA National Report on Schooling",
        "public_funding_year": null,
        "public_funding_jurisdiction": null,
        "public_funding_model": null,
        "public_funding_metric": null,
        "public_funding_value": null,
        "public_funding_unit": null,
        "public_funding_source": null
      }
    },
    {
      "type": "Feature",
      "geometry": {
        "type": "Point",
        "coordinates": [
          151.969,
          -27.5632
        ]
      },
      "properties": {
        "education_id": "edu-265585-1-acara-48037",
        "member_id": "aph-265585",
        "member": "LITTLEPROUD, the Hon. David Kelly",
        "family_name": "Littleproud",
        "given_name": "David",
        "gender": "Male",
        "dob": "1976-09-04 00:00:00",
        "chamber": "representatives",
        "party": "The Nationals",
        "party_abbrev": "NP",
        "electorate": "Maranoa",
        "state_or_territory": "Qld",
        "is_opening_day_member": true,
        "is_current_member": true,
        "institution_id": "acara-48037",
        "acara_id": "48037",
        "school_name": "Toowoomba Grammar School",
        "school_type": "Pri/Sec",
        "school_sector": "Independent",
        "campus_type": "Pri/Sec",
        "school_state": "QLD",
        "school_suburb": "East Toowoomba",
        "school_postcode": "4350",
        "years_attended": null,
        "graduation_year": null,
        "attended_status": "graduated",
        "confidence": "verified",
        "historical_2021_net_recurrent_income_per_student": 25965,
        "finance_year": 2024,
        "finance_metric": "total_net_recurrent_income_per_student",
        "finance_value": 26926,
        "finance_status": "estimated_indexed",
        "finance_method": "acara_state_sector_geolocation_index",
        "finance_peer_group": "QLD / Independent / Inner Regional",
        "finance_source": "ACARA National Report on Schooling",
        "public_funding_year": null,
        "public_funding_jurisdiction": null,
        "public_funding_model": null,
        "public_funding_metric": null,
        "public_funding_value": null,
        "public_funding_unit": null,
        "public_funding_source": null
      }
    },
    {
      "type": "Feature",
      "geometry": {
        "type": "Point",
        "coordinates": [
          115.815,
          -33.30833
        ]
      },
      "properties": {
        "education_id": "edu-hwp-1-acara-48312",
        "member_id": "aph-hwp",
        "member": "MARINO, the Hon. Nola Bethwyn",
        "family_name": "Marino",
        "given_name": "Nola",
        "gender": "Female",
        "dob": "1954-02-18 00:00:00",
        "chamber": "representatives",
        "party": "Liberal Party of Australia",
        "party_abbrev": "LIB",
        "electorate": "Forrest",
        "state_or_territory": "WA",
        "is_opening_day_member": true,
        "is_current_member": false,
        "institution_id": "acara-48312",
        "acara_id": "48312",
        "school_name": "River Valley Primary School",
        "school_type": "Prim",
        "school_sector": "Government",
        "campus_type": "Prim",
        "school_state": "WA",
        "school_suburb": "Burekup",
        "school_postcode": "6227",
        "years_attended": null,
        "graduation_year": null,
        "attended_status": "graduated",
        "confidence": "verified",
        "historical_2021_net_recurrent_income_per_student": null,
        "finance_year": 2024,
        "finance_metric": "total_net_recurrent_income_per_student",
        "finance_value": 21814,
        "finance_status": "benchmark_average",
        "finance_method": "peer_group_average",
        "finance_peer_group": "WA / Government / Inner Regional",
        "finance_source": "ACARA National Report on Schooling",
        "public_funding_year": null,
        "public_funding_jurisdiction": null,
        "public_funding_model": null,
        "public_funding_metric": null,
        "public_funding_value": null,
        "public_funding_unit": null,
        "public_funding_source": null
      }
    },
    {
      "type": "Feature",
      "geometry": {
        "type": "Point",
        "coordinates": [
          144.702,
          -37.8477
        ]
      },
      "properties": {
        "education_id": "edu-hwq-0-acara-46102",
        "member_id": "aph-hwq",
        "member": "MARLES, the Hon. Richard Donald",
        "family_name": "Marles",
        "given_name": "Richard",
        "gender": "Male",
        "dob": "1967-07-13 00:00:00",
        "chamber": "representatives",
        "party": "Australian Labor Party",
        "party_abbrev": "ALP",
        "electorate": "Corio",
        "state_or_territory": "Vic",
        "is_opening_day_member": true,
        "is_current_member": true,
        "institution_id": "acara-46102",
        "acara_id": "46102",
        "school_name": "Thomas Carr College",
        "school_type": "Sec",
        "school_sector": "Catholic",
        "campus_type": "Sec",
        "school_state": "VIC",
        "school_suburb": "Tarneit",
        "school_postcode": "3029",
        "years_attended": null,
        "graduation_year": null,
        "attended_status": "graduated",
        "confidence": "verified",
        "historical_2021_net_recurrent_income_per_student": null,
        "finance_year": 2024,
        "finance_metric": "total_net_recurrent_income_per_student",
        "finance_value": 20761,
        "finance_status": "benchmark_average",
        "finance_method": "peer_group_average",
        "finance_peer_group": "VIC / Catholic / Major Cities",
        "finance_source": "ACARA National Report on Schooling",
        "public_funding_year": null,
        "public_funding_jurisdiction": null,
        "public_funding_model": null,
        "public_funding_metric": null,
        "public_funding_value": null,
        "public_funding_unit": null,
        "public_funding_source": null
      }
    },
    {
      "type": "Feature",
      "geometry": {
        "type": "Point",
        "coordinates": [
          115.922,
          -31.9737
        ]
      },
      "properties": {
        "education_id": "edu-298800-0-acara-48322",
        "member_id": "aph-298800",
        "member": "MASCARENHAS, Zaneta Felice Antoinetta",
        "family_name": "Mascarenhas",
        "given_name": "Zaneta",
        "gender": "Female",
        "dob": "1980-07-26 00:00:00",
        "chamber": "representatives",
        "party": "Australian Labor Party",
        "party_abbrev": "ALP",
        "electorate": "Swan",
        "state_or_territory": "WA",
        "is_opening_day_member": true,
        "is_current_member": true,
        "institution_id": "acara-48322",
        "acara_id": "48322",
        "school_name": "Carlisle Primary School",
        "school_type": "Prim",
        "school_sector": "Government",
        "campus_type": "Prim",
        "school_state": "WA",
        "school_suburb": "Kewdale",
        "school_postcode": "6105",
        "years_attended": null,
        "graduation_year": null,
        "attended_status": "graduated",
        "confidence": "verified",
        "historical_2021_net_recurrent_income_per_student": null,
        "finance_year": 2024,
        "finance_metric": "total_net_recurrent_income_per_student",
        "finance_value": 20531,
        "finance_status": "benchmark_average",
        "finance_method": "peer_group_average",
        "finance_peer_group": "WA / Government / Major Cities",
        "finance_source": "ACARA National Report on Schooling",
        "public_funding_year": null,
        "public_funding_jurisdiction": null,
        "public_funding_model": null,
        "public_funding_metric": null,
        "public_funding_value": null,
        "public_funding_unit": null,
        "public_funding_source": null
      }
    },
    {
      "type": "Feature",
      "geometry": {
        "type": "Point",
        "coordinates": [
          145.139,
          -38.1346
        ]
      },
      "properties": {
        "education_id": "edu-298800-1-acara-45994",
        "member_id": "aph-298800",
        "member": "MASCARENHAS, Zaneta Felice Antoinetta",
        "family_name": "Mascarenhas",
        "given_name": "Zaneta",
        "gender": "Female",
        "dob": "1980-07-26 00:00:00",
        "chamber": "representatives",
        "party": "Australian Labor Party",
        "party_abbrev": "ALP",
        "electorate": "Swan",
        "state_or_territory": "WA",
        "is_opening_day_member": true,
        "is_current_member": true,
        "institution_id": "acara-45994",
        "acara_id": "45994",
        "school_name": "John Paul College",
        "school_type": "Sec",
        "school_sector": "Catholic",
        "campus_type": "Sec",
        "school_state": "VIC",
        "school_suburb": "Frankston",
        "school_postcode": "3199",
        "years_attended": null,
        "graduation_year": null,
        "attended_status": "graduated",
        "confidence": "verified",
        "historical_2021_net_recurrent_income_per_student": null,
        "finance_year": 2024,
        "finance_metric": "total_net_recurrent_income_per_student",
        "finance_value": 20761,
        "finance_status": "benchmark_average",
        "finance_method": "peer_group_average",
        "finance_peer_group": "VIC / Catholic / Major Cities",
        "finance_source": "ACARA National Report on Schooling",
        "public_funding_year": null,
        "public_funding_jurisdiction": null,
        "public_funding_model": null,
        "public_funding_metric": null,
        "public_funding_value": null,
        "public_funding_unit": null,
        "public_funding_source": null
      }
    },
    {
      "type": "Feature",
      "geometry": {
        "type": "Point",
        "coordinates": [
          121.469,
          -30.7546
        ]
      },
      "properties": {
        "education_id": "edu-298800-1-acara-48982",
        "member_id": "aph-298800",
        "member": "MASCARENHAS, Zaneta Felice Antoinetta",
        "family_name": "Mascarenhas",
        "given_name": "Zaneta",
        "gender": "Female",
        "dob": "1980-07-26 00:00:00",
        "chamber": "representatives",
        "party": "Australian Labor Party",
        "party_abbrev": "ALP",
        "electorate": "Swan",
        "state_or_territory": "WA",
        "is_opening_day_member": true,
        "is_current_member": true,
        "institution_id": "acara-48982",
        "acara_id": "48982",
        "school_name": "John Paul College",
        "school_type": "Sec",
        "school_sector": "Catholic",
        "campus_type": "Sec",
        "school_state": "WA",
        "school_suburb": "Kalgoorlie",
        "school_postcode": "6430",
        "years_attended": null,
        "graduation_year": null,
        "attended_status": "graduated",
        "confidence": "verified",
        "historical_2021_net_recurrent_income_per_student": null,
        "finance_year": 2024,
        "finance_metric": "total_net_recurrent_income_per_student",
        "finance_value": 25487,
        "finance_status": "benchmark_average",
        "finance_method": "peer_group_average",
        "finance_peer_group": "WA / Catholic / Outer Regional",
        "finance_source": "ACARA National Report on Schooling",
        "public_funding_year": null,
        "public_funding_jurisdiction": null,
        "public_funding_model": null,
        "public_funding_metric": null,
        "public_funding_value": null,
        "public_funding_unit": null,
        "public_funding_source": null
      }
    },
    {
      "type": "Feature",
      "geometry": {
        "type": "Point",
        "coordinates": [
          138.555,
          -34.9916
        ]
      },
      "properties": {
        "education_id": "edu-296272-0-acara-49568",
        "member_id": "aph-296272",
        "member": "MILLER-FROST, Louise Jane",
        "family_name": "Miller-Frost",
        "given_name": "Louise",
        "gender": "Female",
        "dob": "1967-03-13 00:00:00",
        "chamber": "representatives",
        "party": "Australian Labor Party",
        "party_abbrev": "ALP",
        "electorate": "Boothby",
        "state_or_territory": "SA",
        "is_opening_day_member": true,
        "is_current_member": true,
        "institution_id": "acara-49568",
        "acara_id": "49568",
        "school_name": "SA School and Services for Vision Impaired",
        "school_type": "Special",
        "school_sector": "Government",
        "campus_type": "Special",
        "school_state": "SA",
        "school_suburb": "Park Holme",
        "school_postcode": "5043",
        "years_attended": null,
        "graduation_year": null,
        "attended_status": "graduated",
        "confidence": "verified",
        "historical_2021_net_recurrent_income_per_student": null,
        "finance_year": 2024,
        "finance_metric": "total_net_recurrent_income_per_student",
        "finance_value": 19944,
        "finance_status": "benchmark_average",
        "finance_method": "peer_group_average",
        "finance_peer_group": "SA / Government / Major Cities",
        "finance_source": "ACARA National Report on Schooling",
        "public_funding_year": null,
        "public_funding_jurisdiction": null,
        "public_funding_model": null,
        "public_funding_metric": null,
        "public_funding_value": null,
        "public_funding_unit": null,
        "public_funding_source": null
      }
    },
    {
      "type": "Feature",
      "geometry": {
        "type": "Point",
        "coordinates": [
          145.141,
          -37.0298
        ]
      },
      "properties": {
        "education_id": "edu-296272-1-acara-40851",
        "member_id": "aph-296272",
        "member": "MILLER-FROST, Louise Jane",
        "family_name": "Miller-Frost",
        "given_name": "Louise",
        "gender": "Female",
        "dob": "1967-03-13 00:00:00",
        "chamber": "representatives",
        "party": "Australian Labor Party",
        "party_abbrev": "ALP",
        "electorate": "Boothby",
        "state_or_territory": "SA",
        "is_opening_day_member": true,
        "is_current_member": true,
        "institution_id": "acara-40851",
        "acara_id": "40851",
        "school_name": "Seymour College",
        "school_type": "Pri/Sec",
        "school_sector": "Government",
        "campus_type": "Pri/Sec",
        "school_state": "VIC",
        "school_suburb": "Seymour",
        "school_postcode": "3661",
        "years_attended": null,
        "graduation_year": null,
        "attended_status": "graduated",
        "confidence": "verified",
        "historical_2021_net_recurrent_income_per_student": null,
        "finance_year": 2024,
        "finance_metric": "total_net_recurrent_income_per_student",
        "finance_value": 20360,
        "finance_status": "benchmark_average",
        "finance_method": "peer_group_average",
        "finance_peer_group": "VIC / Government / Inner Regional",
        "finance_source": "ACARA National Report on Schooling",
        "public_funding_year": null,
        "public_funding_jurisdiction": null,
        "public_funding_model": null,
        "public_funding_metric": null,
        "public_funding_value": null,
        "public_funding_unit": null,
        "public_funding_source": null
      }
    },
    {
      "type": "Feature",
      "geometry": {
        "type": "Point",
        "coordinates": [
          138.646,
          -34.956
        ]
      },
      "properties": {
        "education_id": "edu-296272-1-acara-49810",
        "member_id": "aph-296272",
        "member": "MILLER-FROST, Louise Jane",
        "family_name": "Miller-Frost",
        "given_name": "Louise",
        "gender": "Female",
        "dob": "1967-03-13 00:00:00",
        "chamber": "representatives",
        "party": "Australian Labor Party",
        "party_abbrev": "ALP",
        "electorate": "Boothby",
        "state_or_territory": "SA",
        "is_opening_day_member": true,
        "is_current_member": true,
        "institution_id": "acara-49810",
        "acara_id": "49810",
        "school_name": "Seymour College",
        "school_type": "Pri/Sec",
        "school_sector": "Independent",
        "campus_type": "Pri/Sec",
        "school_state": "SA",
        "school_suburb": "Glen Osmond",
        "school_postcode": "5064",
        "years_attended": null,
        "graduation_year": null,
        "attended_status": "graduated",
        "confidence": "verified",
        "historical_2021_net_recurrent_income_per_student": 27514,
        "finance_year": 2024,
        "finance_metric": "total_net_recurrent_income_per_student",
        "finance_value": 28532,
        "finance_status": "estimated_indexed",
        "finance_method": "acara_state_sector_geolocation_index",
        "finance_peer_group": "SA / Independent / Major Cities",
        "finance_source": "ACARA National Report on Schooling",
        "public_funding_year": null,
        "public_funding_jurisdiction": null,
        "public_funding_model": null,
        "public_funding_metric": null,
        "public_funding_value": null,
        "public_funding_unit": null,
        "public_funding_source": null
      }
    },
    {
      "type": "Feature",
      "geometry": {
        "type": "Point",
        "coordinates": [
          115.895,
          -31.892
        ]
      },
      "properties": {
        "education_id": "edu-129164-0-acara-48454",
        "member_id": "aph-129164",
        "member": "MITCHELL, Brian Keith",
        "family_name": "Mitchell",
        "given_name": "Brian",
        "gender": "Male",
        "dob": "NaT",
        "chamber": "representatives",
        "party": "Australian Labor Party",
        "party_abbrev": "ALP",
        "electorate": "Lyons",
        "state_or_territory": "Tas",
        "is_opening_day_member": true,
        "is_current_member": false,
        "institution_id": "acara-48454",
        "acara_id": "48454",
        "school_name": "Morley Primary School",
        "school_type": "Prim",
        "school_sector": "Government",
        "campus_type": "Prim",
        "school_state": "WA",
        "school_suburb": "Morley",
        "school_postcode": "6062",
        "years_attended": null,
        "graduation_year": null,
        "attended_status": "graduated",
        "confidence": "verified",
        "historical_2021_net_recurrent_income_per_student": null,
        "finance_year": 2024,
        "finance_metric": "total_net_recurrent_income_per_student",
        "finance_value": 20531,
        "finance_status": "benchmark_average",
        "finance_method": "peer_group_average",
        "finance_peer_group": "WA / Government / Major Cities",
        "finance_source": "ACARA National Report on Schooling",
        "public_funding_year": null,
        "public_funding_jurisdiction": null,
        "public_funding_model": null,
        "public_funding_metric": null,
        "public_funding_value": null,
        "public_funding_unit": null,
        "public_funding_source": null
      }
    },
    {
      "type": "Feature",
      "geometry": {
        "type": "Point",
        "coordinates": [
          151.219,
          -33.8922
        ]
      },
      "properties": {
        "education_id": "edu-e3l-0-acara-41149",
        "member_id": "aph-e3l",
        "member": "MORRISON, the Hon. Scott John AC",
        "family_name": "Morrison",
        "given_name": "Scott",
        "gender": "Male",
        "dob": "1968-05-13 00:00:00",
        "chamber": "representatives",
        "party": "Liberal Party of Australia",
        "party_abbrev": "LIB",
        "electorate": "Cook",
        "state_or_territory": "NSW",
        "is_opening_day_member": true,
        "is_current_member": false,
        "institution_id": "acara-41149",
        "acara_id": "41149",
        "school_name": "Sydney Boys High School",
        "school_type": "Sec",
        "school_sector": "Government",
        "campus_type": "Sec",
        "school_state": "NSW",
        "school_suburb": "Moore Park",
        "school_postcode": "2021",
        "years_attended": null,
        "graduation_year": null,
        "attended_status": "graduated",
        "confidence": "verified",
        "historical_2021_net_recurrent_income_per_student": 15562,
        "finance_year": 2024,
        "finance_metric": "total_net_recurrent_income_per_student",
        "finance_value": 18044,
        "finance_status": "estimated_indexed",
        "finance_method": "acara_state_sector_geolocation_index",
        "finance_peer_group": "NSW / Government / Major Cities",
        "finance_source": "ACARA National Report on Schooling",
        "public_funding_year": null,
        "public_funding_jurisdiction": null,
        "public_funding_model": null,
        "public_funding_metric": null,
        "public_funding_value": null,
        "public_funding_unit": null,
        "public_funding_source": null
      }
    },
    {
      "type": "Feature",
      "geometry": {
        "type": "Point",
        "coordinates": [
          149.088,
          -35.3603
        ]
      },
      "properties": {
        "education_id": "edu-132880-0-acara-40333",
        "member_id": "aph-132880",
        "member": "MULINO, the Hon. Dr Daniel",
        "family_name": "Mulino",
        "given_name": "Daniel",
        "gender": "Male",
        "dob": "1969-11-06 00:00:00",
        "chamber": "representatives",
        "party": "Australian Labor Party",
        "party_abbrev": "ALP",
        "electorate": "Fraser",
        "state_or_territory": "Vic",
        "is_opening_day_member": true,
        "is_current_member": true,
        "institution_id": "acara-40333",
        "acara_id": "40333",
        "school_name": "Marist College Canberra",
        "school_type": "Pri/Sec",
        "school_sector": "Independent",
        "campus_type": "Pri/Sec",
        "school_state": "ACT",
        "school_suburb": "Pearce",
        "school_postcode": "2607",
        "years_attended": null,
        "graduation_year": null,
        "attended_status": "graduated",
        "confidence": "verified",
        "historical_2021_net_recurrent_income_per_student": 18819,
        "finance_year": 2024,
        "finance_metric": "total_net_recurrent_income_per_student",
        "finance_value": 19515,
        "finance_status": "estimated_indexed",
        "finance_method": "acara_state_sector_geolocation_index",
        "finance_peer_group": "ACT / Independent / Major Cities",
        "finance_source": "ACARA National Report on Schooling",
        "public_funding_year": null,
        "public_funding_jurisdiction": null,
        "public_funding_model": null,
        "public_funding_metric": null,
        "public_funding_value": null,
        "public_funding_unit": null,
        "public_funding_source": null
      }
    },
    {
      "type": "Feature",
      "geometry": {
        "type": "Point",
        "coordinates": [
          147.382,
          -35.1429
        ]
      },
      "properties": {
        "education_id": "edu-133646-0-acara-42712",
        "member_id": "aph-133646",
        "member": "MURPHY, Peta Jan",
        "family_name": "Murphy",
        "given_name": "Peta",
        "gender": "Female",
        "dob": "1973-11-01 00:00:00",
        "chamber": "representatives",
        "party": "Australian Labor Party",
        "party_abbrev": "ALP",
        "electorate": "Dunkley",
        "state_or_territory": "Vic",
        "is_opening_day_member": true,
        "is_current_member": false,
        "institution_id": "acara-42712",
        "acara_id": "42712",
        "school_name": "Kooringal High School",
        "school_type": "Sec",
        "school_sector": "Government",
        "campus_type": "Sec",
        "school_state": "NSW",
        "school_suburb": "Kooringal",
        "school_postcode": "2650",
        "years_attended": null,
        "graduation_year": null,
        "attended_status": "graduated",
        "confidence": "provisional",
        "historical_2021_net_recurrent_income_per_student": 18223,
        "finance_year": 2024,
        "finance_metric": "total_net_recurrent_income_per_student",
        "finance_value": 21130,
        "finance_status": "estimated_indexed",
        "finance_method": "acara_state_sector_geolocation_index",
        "finance_peer_group": "NSW / Government / Inner Regional",
        "finance_source": "ACARA National Report on Schooling",
        "public_funding_year": null,
        "public_funding_jurisdiction": null,
        "public_funding_model": null,
        "public_funding_metric": null,
        "public_funding_value": null,
        "public_funding_unit": null,
        "public_funding_source": null
      }
    },
    {
      "type": "Feature",
      "geometry": {
        "type": "Point",
        "coordinates": [
          153.57,
          -28.2666
        ]
      },
      "properties": {
        "education_id": "edu-121628-0-acara-42406",
        "member_id": "aph-121628",
        "member": "McALLISTER, the Hon. Jennifer (Jenny) Ryll",
        "family_name": "Mcallister",
        "given_name": "Jennifer",
        "gender": "Female",
        "dob": "1973-07-04 00:00:00",
        "chamber": "senate",
        "party": "Australian Labor Party",
        "party_abbrev": "ALP",
        "electorate": NaN,
        "state_or_territory": "NSW",
        "is_opening_day_member": true,
        "is_current_member": true,
        "institution_id": "acara-42406",
        "acara_id": "42406",
        "school_name": "Kingscliff High School",
        "school_type": "Sec",
        "school_sector": "Government",
        "campus_type": "Sec",
        "school_state": "NSW",
        "school_suburb": "Kingscliff",
        "school_postcode": "2487",
        "years_attended": null,
        "graduation_year": null,
        "attended_status": "graduated",
        "confidence": "verified",
        "historical_2021_net_recurrent_income_per_student": null,
        "finance_year": 2024,
        "finance_metric": "total_net_recurrent_income_per_student",
        "finance_value": 19553,
        "finance_status": "benchmark_average",
        "finance_method": "peer_group_average",
        "finance_peer_group": "NSW / Government / Major Cities",
        "finance_source": "ACARA National Report on Schooling",
        "public_funding_year": null,
        "public_funding_jurisdiction": null,
        "public_funding_model": null,
        "public_funding_metric": null,
        "public_funding_value": null,
        "public_funding_unit": null,
        "public_funding_source": null
      }
    },
    {
      "type": "Feature",
      "geometry": {
        "type": "Point",
        "coordinates": [
          153.375,
          -28.0909
        ]
      },
      "properties": {
        "education_id": "edu-121628-1-acara-48093",
        "member_id": "aph-121628",
        "member": "McALLISTER, the Hon. Jennifer (Jenny) Ryll",
        "family_name": "Mcallister",
        "given_name": "Jennifer",
        "gender": "Female",
        "dob": "1973-07-04 00:00:00",
        "chamber": "senate",
        "party": "Australian Labor Party",
        "party_abbrev": "ALP",
        "electorate": NaN,
        "state_or_territory": "NSW",
        "is_opening_day_member": true,
        "is_current_member": true,
        "institution_id": "acara-48093",
        "acara_id": "48093",
        "school_name": "Somerset College",
        "school_type": "Pri/Sec",
        "school_sector": "Independent",
        "campus_type": "Pri/Sec",
        "school_state": "QLD",
        "school_suburb": "Mudgeeraba",
        "school_postcode": "4213",
        "years_attended": null,
        "graduation_year": null,
        "attended_status": "graduated",
        "confidence": "verified",
        "historical_2021_net_recurrent_income_per_student": null,
        "finance_year": 2024,
        "finance_metric": "total_net_recurrent_income_per_student",
        "finance_value": 27771,
        "finance_status": "benchmark_average",
        "finance_method": "peer_group_average",
        "finance_peer_group": "QLD / Independent / Major Cities",
        "finance_source": "ACARA National Report on Schooling",
        "public_funding_year": null,
        "public_funding_jurisdiction": null,
        "public_funding_model": null,
        "public_funding_metric": null,
        "public_funding_value": null,
        "public_funding_unit": null,
        "public_funding_source": null
      }
    },
    {
      "type": "Feature",
      "geometry": {
        "type": "Point",
        "coordinates": [
          149.907,
          -37.0553
        ]
      },
      "properties": {
        "education_id": "edu-281988-0-acara-42927",
        "member_id": "aph-281988",
        "member": "McBAIN, the Hon. Kristy Louise",
        "family_name": "Mcbain",
        "given_name": "Kristy",
        "gender": "Female",
        "dob": "1982-09-29 00:00:00",
        "chamber": "representatives",
        "party": "Australian Labor Party",
        "party_abbrev": "ALP",
        "electorate": "Eden-Monaro",
        "state_or_territory": "NSW",
        "is_opening_day_member": true,
        "is_current_member": true,
        "institution_id": "acara-42927",
        "acara_id": "42927",
        "school_name": "Eden Marine High School",
        "school_type": "Sec",
        "school_sector": "Government",
        "campus_type": "Sec",
        "school_state": "NSW",
        "school_suburb": "Eden",
        "school_postcode": "2551",
        "years_attended": null,
        "graduation_year": null,
        "attended_status": "graduated",
        "confidence": "verified",
        "historical_2021_net_recurrent_income_per_student": 20359,
        "finance_year": 2024,
        "finance_metric": "total_net_recurrent_income_per_student",
        "finance_value": 23607,
        "finance_status": "estimated_indexed",
        "finance_method": "acara_state_sector_geolocation_index",
        "finance_peer_group": "NSW / Government / Outer Regional",
        "finance_source": "ACARA National Report on Schooling",
        "public_funding_year": 2024,
        "public_funding_jurisdiction": "NSW",
        "public_funding_model": "Resource Allocation Model (RAM)",
        "public_funding_metric": "ram_allocation_total",
        "public_funding_value": 7300000.0,
        "public_funding_unit": "AUD",
        "public_funding_source": "Data.NSW Education Resource Allocation Model"
      }
    },
    {
      "type": "Feature",
      "geometry": {
        "type": "Point",
        "coordinates": [
          115.842,
          -32.0566
        ]
      },
      "properties": {
        "education_id": "edu-248353-1-acara-48978",
        "member_id": "aph-248353",
        "member": "McBRIDE, the Hon. Emma Margaret",
        "family_name": "Mcbride",
        "given_name": "Emma",
        "gender": "Female",
        "dob": "1975-04-27 00:00:00",
        "chamber": "representatives",
        "party": "Australian Labor Party",
        "party_abbrev": "ALP",
        "electorate": "Dobell",
        "state_or_territory": "NSW",
        "is_opening_day_member": true,
        "is_current_member": true,
        "institution_id": "acara-48978",
        "acara_id": "48978",
        "school_name": "Corpus Christi College",
        "school_type": "Pri/Sec",
        "school_sector": "Catholic",
        "campus_type": "Pri/Sec",
        "school_state": "WA",
        "school_suburb": "Bateman",
        "school_postcode": "6150",
        "years_attended": null,
        "graduation_year": null,
        "attended_status": "graduated",
        "confidence": "verified",
        "historical_2021_net_recurrent_income_per_student": null,
        "finance_year": 2024,
        "finance_metric": "total_net_recurrent_income_per_student",
        "finance_value": 22244,
        "finance_status": "benchmark_average",
        "finance_method": "peer_group_average",
        "finance_peer_group": "WA / Catholic / Major Cities",
        "finance_source": "ACARA National Report on Schooling",
        "public_funding_year": null,
        "public_funding_jurisdiction": null,
        "public_funding_model": null,
        "public_funding_metric": null,
        "public_funding_value": null,
        "public_funding_unit": null,
        "public_funding_source": null
      }
    },
    {
      "type": "Feature",
      "geometry": {
        "type": "Point",
        "coordinates": [
          115.777,
          -31.7639
        ]
      },
      "properties": {
        "education_id": "edu-248353-0-acara-49000",
        "member_id": "aph-248353",
        "member": "McBRIDE, the Hon. Emma Margaret",
        "family_name": "Mcbride",
        "given_name": "Emma",
        "gender": "Female",
        "dob": "1975-04-27 00:00:00",
        "chamber": "representatives",
        "party": "Australian Labor Party",
        "party_abbrev": "ALP",
        "electorate": "Dobell",
        "state_or_territory": "NSW",
        "is_opening_day_member": true,
        "is_current_member": true,
        "institution_id": "acara-49000",
        "acara_id": "49000",
        "school_name": "Mater Dei College",
        "school_type": "Sec",
        "school_sector": "Catholic",
        "campus_type": "Sec",
        "school_state": "WA",
        "school_suburb": "Edgewater",
        "school_postcode": "6027",
        "years_attended": null,
        "graduation_year": null,
        "attended_status": "graduated",
        "confidence": "verified",
        "historical_2021_net_recurrent_income_per_student": null,
        "finance_year": 2024,
        "finance_metric": "total_net_recurrent_income_per_student",
        "finance_value": 22244,
        "finance_status": "benchmark_average",
        "finance_method": "peer_group_average",
        "finance_peer_group": "WA / Catholic / Major Cities",
        "finance_source": "ACARA National Report on Schooling",
        "public_funding_year": null,
        "public_funding_jurisdiction": null,
        "public_funding_model": null,
        "public_funding_metric": null,
        "public_funding_value": null,
        "public_funding_unit": null,
        "public_funding_source": null
      }
    },
    {
      "type": "Feature",
      "geometry": {
        "type": "Point",
        "coordinates": [
          153.286,
          -28.9893
        ]
      },
      "properties": {
        "education_id": "edu-122087-0-acara-43513",
        "member_id": "aph-122087",
        "member": "McCARTHY, the Hon. Malarndirri Barbara Anne",
        "family_name": "Mccarthy",
        "given_name": "Malarndirri",
        "gender": "Female",
        "dob": "NaT",
        "chamber": "senate",
        "party": "Australian Labor Party",
        "party_abbrev": "ALP",
        "electorate": NaN,
        "state_or_territory": "NT",
        "is_opening_day_member": true,
        "is_current_member": true,
        "institution_id": "acara-43513",
        "acara_id": "43513",
        "school_name": "St Joseph's Primary School",
        "school_type": "Prim",
        "school_sector": "Catholic",
        "campus_type": "Prim",
        "school_state": "NSW",
        "school_suburb": "Coraki",
        "school_postcode": "2471",
        "years_attended": null,
        "graduation_year": null,
        "attended_status": "graduated",
        "confidence": "verified",
        "historical_2021_net_recurrent_income_per_student": null,
        "finance_year": 2024,
        "finance_metric": "total_net_recurrent_income_per_student",
        "finance_value": 22508,
        "finance_status": "benchmark_average",
        "finance_method": "peer_group_average",
        "finance_peer_group": "NSW / Catholic / Inner Regional",
        "finance_source": "ACARA National Report on Schooling",
        "public_funding_year": null,
        "public_funding_jurisdiction": null,
        "public_funding_model": null,
        "public_funding_metric": null,
        "public_funding_value": null,
        "public_funding_unit": null,
        "public_funding_source": null
      }
    },
    {
      "type": "Feature",
      "geometry": {
        "type": "Point",
        "coordinates": [
          152.891881,
          -31.456617
        ]
      },
      "properties": {
        "education_id": "edu-219646-0-acara-43530",
        "member_id": "aph-219646",
        "member": "McCORMACK, the Hon. Michael Francis",
        "family_name": "Mccormack",
        "given_name": "Michael",
        "gender": "Male",
        "dob": "1964-08-02 00:00:00",
        "chamber": "representatives",
        "party": "The Nationals",
        "party_abbrev": "NP",
        "electorate": "Riverina",
        "state_or_territory": "NSW",
        "is_opening_day_member": true,
        "is_current_member": true,
        "institution_id": "acara-43530",
        "acara_id": "43530",
        "school_name": "St Peter's Primary School",
        "school_type": "Prim",
        "school_sector": "Catholic",
        "campus_type": "Prim",
        "school_state": "NSW",
        "school_suburb": "Port Macquarie",
        "school_postcode": "2444",
        "years_attended": null,
        "graduation_year": null,
        "attended_status": "graduated",
        "confidence": "verified",
        "historical_2021_net_recurrent_income_per_student": null,
        "finance_year": 2024,
        "finance_metric": "total_net_recurrent_income_per_student",
        "finance_value": 22508,
        "finance_status": "benchmark_average",
        "finance_method": "peer_group_average",
        "finance_peer_group": "NSW / Catholic / Inner Regional",
        "finance_source": "ACARA National Report on Schooling",
        "public_funding_year": null,
        "public_funding_jurisdiction": null,
        "public_funding_model": null,
        "public_funding_metric": null,
        "public_funding_value": null,
        "public_funding_unit": null,
        "public_funding_source": null
      }
    },
    {
      "type": "Feature",
      "geometry": {
        "type": "Point",
        "coordinates": [
          152.891881,
          -31.456617
        ]
      },
      "properties": {
        "education_id": "edu-219646-1-acara-43530",
        "member_id": "aph-219646",
        "member": "McCORMACK, the Hon. Michael Francis",
        "family_name": "Mccormack",
        "given_name": "Michael",
        "gender": "Male",
        "dob": "1964-08-02 00:00:00",
        "chamber": "representatives",
        "party": "The Nationals",
        "party_abbrev": "NP",
        "electorate": "Riverina",
        "state_or_territory": "NSW",
        "is_opening_day_member": true,
        "is_current_member": true,
        "institution_id": "acara-43530",
        "acara_id": "43530",
        "school_name": "St Peter's Primary School",
        "school_type": "Prim",
        "school_sector": "Catholic",
        "campus_type": "Prim",
        "school_state": "NSW",
        "school_suburb": "Port Macquarie",
        "school_postcode": "2444",
        "years_attended": null,
        "graduation_year": null,
        "attended_status": "graduated",
        "confidence": "verified",
        "historical_2021_net_recurrent_income_per_student": null,
        "finance_year": 2024,
        "finance_metric": "total_net_recurrent_income_per_student",
        "finance_value": 22508,
        "finance_status": "benchmark_average",
        "finance_method": "peer_group_average",
        "finance_peer_group": "NSW / Catholic / Inner Regional",
        "finance_source": "ACARA National Report on Schooling",
        "public_funding_year": null,
        "public_funding_jurisdiction": null,
        "public_funding_model": null,
        "public_funding_metric": null,
        "public_funding_value": null,
        "public_funding_unit": null,
        "public_funding_source": null
      }
    },
    {
      "type": "Feature",
      "geometry": {
        "type": "Point",
        "coordinates": [
          153.401,
          -28.1023
        ]
      },
      "properties": {
        "education_id": "edu-123072-0-acara-48017",
        "member_id": "aph-123072",
        "member": "McDONALD, Susan Eileen",
        "family_name": "Mcdonald",
        "given_name": "Susan",
        "gender": "Female",
        "dob": "1970-02-07 00:00:00",
        "chamber": "senate",
        "party": "The Nationals",
        "party_abbrev": "NP",
        "electorate": NaN,
        "state_or_territory": "Qld",
        "is_opening_day_member": true,
        "is_current_member": true,
        "institution_id": "acara-48017",
        "acara_id": "48017",
        "school_name": "Graceview Adventist College",
        "school_type": "Pri/Sec",
        "school_sector": "Independent",
        "campus_type": "Pri/Sec",
        "school_state": "QLD",
        "school_suburb": "Reedy Creek",
        "school_postcode": "4227",
        "years_attended": null,
        "graduation_year": null,
        "attended_status": "graduated",
        "confidence": "verified",
        "historical_2021_net_recurrent_income_per_student": null,
        "finance_year": 2024,
        "finance_metric": "total_net_recurrent_income_per_student",
        "finance_value": 27771,
        "finance_status": "benchmark_average",
        "finance_method": "peer_group_average",
        "finance_peer_group": "QLD / Independent / Major Cities",
        "finance_source": "ACARA National Report on Schooling",
        "public_funding_year": null,
        "public_funding_jurisdiction": null,
        "public_funding_model": null,
        "public_funding_metric": null,
        "public_funding_value": null,
        "public_funding_unit": null,
        "public_funding_source": null
      }
    },
    {
      "type": "Feature",
      "geometry": {
        "type": "Point",
        "coordinates": [
          152.962,
          -27.2999
        ]
      },
      "properties": {
        "education_id": "edu-217241-0-acara-47551",
        "member_id": "aph-217241",
        "member": "McGRATH, the Hon. James",
        "family_name": "Mcgrath",
        "given_name": "James",
        "gender": "Male",
        "dob": "1974-05-14 00:00:00",
        "chamber": "senate",
        "party": "Liberal Party of Australia",
        "party_abbrev": "LIB",
        "electorate": NaN,
        "state_or_territory": "Qld",
        "is_opening_day_member": true,
        "is_current_member": true,
        "institution_id": "acara-47551",
        "acara_id": "47551",
        "school_name": "Bray Park State High School",
        "school_type": "Sec",
        "school_sector": "Government",
        "campus_type": "Sec",
        "school_state": "QLD",
        "school_suburb": "Bray Park",
        "school_postcode": "4500",
        "years_attended": null,
        "graduation_year": null,
        "attended_status": "graduated",
        "confidence": "verified",
        "historical_2021_net_recurrent_income_per_student": null,
        "finance_year": 2024,
        "finance_metric": "total_net_recurrent_income_per_student",
        "finance_value": 19749,
        "finance_status": "benchmark_average",
        "finance_method": "peer_group_average",
        "finance_peer_group": "QLD / Government / Major Cities",
        "finance_source": "ACARA National Report on Schooling",
        "public_funding_year": null,
        "public_funding_jurisdiction": null,
        "public_funding_model": null,
        "public_funding_metric": null,
        "public_funding_value": null,
        "public_funding_unit": null,
        "public_funding_source": null
      }
    },
    {
      "type": "Feature",
      "geometry": {
        "type": "Point",
        "coordinates": [
          152.956,
          -27.8071
        ]
      },
      "properties": {
        "education_id": "edu-217241-1-acara-47573",
        "member_id": "aph-217241",
        "member": "McGRATH, the Hon. James",
        "family_name": "Mcgrath",
        "given_name": "James",
        "gender": "Male",
        "dob": "1974-05-14 00:00:00",
        "chamber": "senate",
        "party": "Liberal Party of Australia",
        "party_abbrev": "LIB",
        "electorate": NaN,
        "state_or_territory": "Qld",
        "is_opening_day_member": true,
        "is_current_member": true,
        "institution_id": "acara-47573",
        "acara_id": "47573",
        "school_name": "Flagstone State Community College",
        "school_type": "Sec",
        "school_sector": "Government",
        "campus_type": "Sec",
        "school_state": "QLD",
        "school_suburb": "Flagstone",
        "school_postcode": "4280",
        "years_attended": null,
        "graduation_year": null,
        "attended_status": "graduated",
        "confidence": "verified",
        "historical_2021_net_recurrent_income_per_student": null,
        "finance_year": 2024,
        "finance_metric": "total_net_recurrent_income_per_student",
        "finance_value": 19749,
        "finance_status": "benchmark_average",
        "finance_method": "peer_group_average",
        "finance_peer_group": "QLD / Government / Major Cities",
        "finance_source": "ACARA National Report on Schooling",
        "public_funding_year": null,
        "public_funding_jurisdiction": null,
        "public_funding_model": null,
        "public_funding_metric": null,
        "public_funding_value": null,
        "public_funding_unit": null,
        "public_funding_source": null
      }
    },
    {
      "type": "Feature",
      "geometry": {
        "type": "Point",
        "coordinates": [
          151.965,
          -27.5452
        ]
      },
      "properties": {
        "education_id": "edu-217241-2-acara-47417",
        "member_id": "aph-217241",
        "member": "McGRATH, the Hon. James",
        "family_name": "Mcgrath",
        "given_name": "James",
        "gender": "Male",
        "dob": "1974-05-14 00:00:00",
        "chamber": "senate",
        "party": "Liberal Party of Australia",
        "party_abbrev": "LIB",
        "electorate": NaN,
        "state_or_territory": "Qld",
        "is_opening_day_member": true,
        "is_current_member": true,
        "institution_id": "acara-47417",
        "acara_id": "47417",
        "school_name": "Toowoomba State High School",
        "school_type": "Sec",
        "school_sector": "Government",
        "campus_type": "Sec",
        "school_state": "QLD",
        "school_suburb": "Mount Lofty",
        "school_postcode": "4350",
        "years_attended": null,
        "graduation_year": null,
        "attended_status": "graduated",
        "confidence": "verified",
        "historical_2021_net_recurrent_income_per_student": null,
        "finance_year": 2024,
        "finance_metric": "total_net_recurrent_income_per_student",
        "finance_value": 20983,
        "finance_status": "benchmark_average",
        "finance_method": "peer_group_average",
        "finance_peer_group": "QLD / Government / Inner Regional",
        "finance_source": "ACARA National Report on Schooling",
        "public_funding_year": null,
        "public_funding_jurisdiction": null,
        "public_funding_model": null,
        "public_funding_metric": null,
        "public_funding_value": null,
        "public_funding_unit": null,
        "public_funding_source": null
      }
    },
    {
      "type": "Feature",
      "geometry": {
        "type": "Point",
        "coordinates": [
          146.928,
          -36.0623
        ]
      },
      "properties": {
        "education_id": "edu-281513-0-acara-42687",
        "member_id": "aph-281513",
        "member": "McINTOSH, Melissa Iris",
        "family_name": "Mcintosh",
        "given_name": "Melissa",
        "gender": "Female",
        "dob": "1977-08-24 00:00:00",
        "chamber": "representatives",
        "party": "Liberal Party of Australia",
        "party_abbrev": "LIB",
        "electorate": "Lindsay",
        "state_or_territory": "NSW",
        "is_opening_day_member": true,
        "is_current_member": true,
        "institution_id": "acara-42687",
        "acara_id": "42687",
        "school_name": "Kandeer School",
        "school_type": "Special",
        "school_sector": "Government",
        "campus_type": "Special",
        "school_state": "NSW",
        "school_suburb": "North Albury",
        "school_postcode": "2640",
        "years_attended": null,
        "graduation_year": null,
        "attended_status": "graduated",
        "confidence": "verified",
        "historical_2021_net_recurrent_income_per_student": null,
        "finance_year": 2024,
        "finance_metric": "total_net_recurrent_income_per_student",
        "finance_value": 20775,
        "finance_status": "benchmark_average",
        "finance_method": "peer_group_average",
        "finance_peer_group": "NSW / Government / Inner Regional",
        "finance_source": "ACARA National Report on Schooling",
        "public_funding_year": null,
        "public_funding_jurisdiction": null,
        "public_funding_model": null,
        "public_funding_metric": null,
        "public_funding_value": null,
        "public_funding_unit": null,
        "public_funding_source": null
      }
    },
    {
      "type": "Feature",
      "geometry": {
        "type": "Point",
        "coordinates": [
          145.025,
          -37.8523
        ]
      },
      "properties": {
        "education_id": "edu-124514-0-acara-46150",
        "member_id": "aph-124514",
        "member": "McKENZIE, Zoe Anne",
        "family_name": "Mckenzie",
        "given_name": "Zoe",
        "gender": "Female",
        "dob": "1972-10-02 00:00:00",
        "chamber": "representatives",
        "party": "Liberal Party of Australia",
        "party_abbrev": "LIB",
        "electorate": "Flinders",
        "state_or_territory": "Vic",
        "is_opening_day_member": true,
        "is_current_member": true,
        "institution_id": "acara-46150",
        "acara_id": "46150",
        "school_name": "Lauriston Girls' School",
        "school_type": "Pri/Sec",
        "school_sector": "Independent",
        "campus_type": "Pri/Sec",
        "school_state": "VIC",
        "school_suburb": "Armadale",
        "school_postcode": "3143",
        "years_attended": null,
        "graduation_year": null,
        "attended_status": "graduated",
        "confidence": "verified",
        "historical_2021_net_recurrent_income_per_student": 36290,
        "finance_year": 2024,
        "finance_metric": "total_net_recurrent_income_per_student",
        "finance_value": 37633,
        "finance_status": "estimated_indexed",
        "finance_method": "acara_state_sector_geolocation_index",
        "finance_peer_group": "VIC / Independent / Major Cities",
        "finance_source": "ACARA National Report on Schooling",
        "public_funding_year": null,
        "public_funding_jurisdiction": null,
        "public_funding_model": null,
        "public_funding_metric": null,
        "public_funding_value": null,
        "public_funding_unit": null,
        "public_funding_source": null
      }
    },
    {
      "type": "Feature",
      "geometry": {
        "type": "Point",
        "coordinates": [
          145.175,
          -38.308
        ]
      },
      "properties": {
        "education_id": "edu-207825-0-acara-45396",
        "member_id": "aph-207825",
        "member": "McKENZIE, the Hon. Bridget",
        "family_name": "Mckenzie",
        "given_name": "Bridget",
        "gender": "Female",
        "dob": "1969-12-27 00:00:00",
        "chamber": "senate",
        "party": "The Nationals",
        "party_abbrev": "NP",
        "electorate": NaN,
        "state_or_territory": "Vic",
        "is_opening_day_member": true,
        "is_current_member": true,
        "institution_id": "acara-45396",
        "acara_id": "45396",
        "school_name": "Western Port Secondary College",
        "school_type": "Sec",
        "school_sector": "Government",
        "campus_type": "Sec",
        "school_state": "VIC",
        "school_suburb": "Hastings",
        "school_postcode": "3915",
        "years_attended": null,
        "graduation_year": null,
        "attended_status": "graduated",
        "confidence": "verified",
        "historical_2021_net_recurrent_income_per_student": null,
        "finance_year": 2024,
        "finance_metric": "total_net_recurrent_income_per_student",
        "finance_value": 19162,
        "finance_status": "benchmark_average",
        "finance_method": "peer_group_average",
        "finance_peer_group": "VIC / Government / Major Cities",
        "finance_source": "ACARA National Report on Schooling",
        "public_funding_year": null,
        "public_funding_jurisdiction": null,
        "public_funding_model": null,
        "public_funding_metric": null,
        "public_funding_value": null,
        "public_funding_unit": null,
        "public_funding_source": null
      }
    },
    {
      "type": "Feature",
      "geometry": {
        "type": "Point",
        "coordinates": [
          147.318,
          -42.8776
        ]
      },
      "properties": {
        "education_id": "edu-jkm-2-acara-40444",
        "member_id": "aph-jkm",
        "member": "McKIM, Nicholas (Nick) James",
        "family_name": "Mckim",
        "given_name": "Nicholas",
        "gender": "Male",
        "dob": "1965-06-11 00:00:00",
        "chamber": "senate",
        "party": "Australian Greens",
        "party_abbrev": "GRN",
        "electorate": NaN,
        "state_or_territory": "Tas",
        "is_opening_day_member": true,
        "is_current_member": true,
        "institution_id": "acara-40444",
        "acara_id": "40444",
        "school_name": "Elizabeth College",
        "school_type": "Sec",
        "school_sector": "Government",
        "campus_type": "Sec",
        "school_state": "TAS",
        "school_suburb": "North Hobart",
        "school_postcode": "7000",
        "years_attended": null,
        "graduation_year": null,
        "attended_status": "graduated",
        "confidence": "verified",
        "historical_2021_net_recurrent_income_per_student": null,
        "finance_year": 2024,
        "finance_metric": "total_net_recurrent_income_per_student",
        "finance_value": 22022,
        "finance_status": "benchmark_average",
        "finance_method": "peer_group_average",
        "finance_peer_group": "TAS / Government / Inner Regional",
        "finance_source": "ACARA National Report on Schooling",
        "public_funding_year": 2024,
        "public_funding_jurisdiction": "TAS",
        "public_funding_model": "School Resource Package (Fairer Funding Model)",
        "public_funding_metric": "srp_allocation_total",
        "public_funding_value": 8690000.0,
        "public_funding_unit": "AUD",
        "public_funding_source": "Tasmania DECYP School Resourcing Data"
      }
    },
    {
      "type": "Feature",
      "geometry": {
        "type": "Point",
        "coordinates": [
          147.308,
          -42.9737
        ]
      },
      "properties": {
        "education_id": "edu-jkm-1-acara-40076",
        "member_id": "aph-jkm",
        "member": "McKIM, Nicholas (Nick) James",
        "family_name": "Mckim",
        "given_name": "Nicholas",
        "gender": "Male",
        "dob": "1965-06-11 00:00:00",
        "chamber": "senate",
        "party": "Australian Greens",
        "party_abbrev": "GRN",
        "electorate": NaN,
        "state_or_territory": "Tas",
        "is_opening_day_member": true,
        "is_current_member": true,
        "institution_id": "acara-40076",
        "acara_id": "40076",
        "school_name": "Kingston High School",
        "school_type": "Sec",
        "school_sector": "Government",
        "campus_type": "Sec",
        "school_state": "TAS",
        "school_suburb": "Kingston",
        "school_postcode": "7050",
        "years_attended": null,
        "graduation_year": null,
        "attended_status": "graduated",
        "confidence": "verified",
        "historical_2021_net_recurrent_income_per_student": 17583,
        "finance_year": 2024,
        "finance_metric": "total_net_recurrent_income_per_student",
        "finance_value": 20388,
        "finance_status": "estimated_indexed",
        "finance_method": "acara_state_sector_geolocation_index",
        "finance_peer_group": "TAS / Government / Inner Regional",
        "finance_source": "ACARA National Report on Schooling",
        "public_funding_year": null,
        "public_funding_jurisdiction": null,
        "public_funding_model": null,
        "public_funding_metric": null,
        "public_funding_value": null,
        "public_funding_unit": null,
        "public_funding_source": null
      }
    },
    {
      "type": "Feature",
      "geometry": {
        "type": "Point",
        "coordinates": [
          135.858,
          -34.7243
        ]
      },
      "properties": {
        "education_id": "edu-jkm-0-acara-40487",
        "member_id": "aph-jkm",
        "member": "McKIM, Nicholas (Nick) James",
        "family_name": "Mckim",
        "given_name": "Nicholas",
        "gender": "Male",
        "dob": "1965-06-11 00:00:00",
        "chamber": "senate",
        "party": "Australian Greens",
        "party_abbrev": "GRN",
        "electorate": NaN,
        "state_or_territory": "Tas",
        "is_opening_day_member": true,
        "is_current_member": true,
        "institution_id": "acara-40487",
        "acara_id": "40487",
        "school_name": "Port Lincoln Junior Primary School",
        "school_type": "Prim",
        "school_sector": "Government",
        "campus_type": "Prim",
        "school_state": "SA",
        "school_suburb": "Port Lincoln",
        "school_postcode": "5606",
        "years_attended": null,
        "graduation_year": null,
        "attended_status": "graduated",
        "confidence": "verified",
        "historical_2021_net_recurrent_income_per_student": null,
        "finance_year": 2024,
        "finance_metric": "total_net_recurrent_income_per_student",
        "finance_value": 25969,
        "finance_status": "benchmark_average",
        "finance_method": "peer_group_average",
        "finance_peer_group": "SA / Government / Remote",
        "finance_source": "ACARA National Report on Schooling",
        "public_funding_year": null,
        "public_funding_jurisdiction": null,
        "public_funding_model": null,
        "public_funding_metric": null,
        "public_funding_value": null,
        "public_funding_unit": null,
        "public_funding_source": null
      }
    },
    {
      "type": "Feature",
      "geometry": {
        "type": "Point",
        "coordinates": [
          138.618,
          -34.9169
        ]
      },
      "properties": {
        "education_id": "edu-287062-0-acara-49813",
        "member_id": "aph-287062",
        "member": "McLACHLAN, Andrew Lockhart CSC",
        "family_name": "Mclachlan",
        "given_name": "Andrew",
        "gender": "Male",
        "dob": "1966-01-14 00:00:00",
        "chamber": "senate",
        "party": "Liberal Party of Australia",
        "party_abbrev": "LIB",
        "electorate": NaN,
        "state_or_territory": "SA",
        "is_opening_day_member": true,
        "is_current_member": true,
        "institution_id": "acara-49813",
        "acara_id": "49813",
        "school_name": "St Peter's College",
        "school_type": "Pri/Sec",
        "school_sector": "Independent",
        "campus_type": "Pri/Sec",
        "school_state": "SA",
        "school_suburb": "St Peters",
        "school_postcode": "5069",
        "years_attended": null,
        "graduation_year": null,
        "attended_status": "graduated",
        "confidence": "verified",
        "historical_2021_net_recurrent_income_per_student": 30767,
        "finance_year": 2024,
        "finance_metric": "total_net_recurrent_income_per_student",
        "finance_value": 31905,
        "finance_status": "estimated_indexed",
        "finance_method": "acara_state_sector_geolocation_index",
        "finance_peer_group": "SA / Independent / Major Cities",
        "finance_source": "ACARA National Report on Schooling",
        "public_funding_year": 2024,
        "public_funding_jurisdiction": "School Published",
        "public_funding_model": "Authoritative School Disclosure (annual_report)",
        "public_funding_metric": "total_net_recurrent_income_per_student",
        "public_funding_value": 31500.0,
        "public_funding_unit": "AUD_per_student",
        "public_funding_source": "School Published Disclosure (annual_report)"
      }
    },
    {
      "type": "Feature",
      "geometry": {
        "type": "Point",
        "coordinates": [
          146.718,
          -19.3157
        ]
      },
      "properties": {
        "education_id": "edu-138932-0-acara-47865",
        "member_id": "aph-138932",
        "member": "O'BRIEN, Edward (Ted) Lynam",
        "family_name": "O'Brien",
        "given_name": "Edward",
        "gender": "Male",
        "dob": "1974-05-07 00:00:00",
        "chamber": "representatives",
        "party": "Liberal Party of Australia",
        "party_abbrev": "LIB",
        "electorate": "Fairfax",
        "state_or_territory": "Qld",
        "is_opening_day_member": true,
        "is_current_member": true,
        "institution_id": "acara-47865",
        "acara_id": "47865",
        "school_name": "Ryan Catholic College",
        "school_type": "Pri/Sec",
        "school_sector": "Catholic",
        "campus_type": "Pri/Sec",
        "school_state": "QLD",
        "school_suburb": "Kirwan",
        "school_postcode": "4817",
        "years_attended": null,
        "graduation_year": null,
        "attended_status": "graduated",
        "confidence": "verified",
        "historical_2021_net_recurrent_income_per_student": null,
        "finance_year": 2024,
        "finance_metric": "total_net_recurrent_income_per_student",
        "finance_value": 24516,
        "finance_status": "benchmark_average",
        "finance_method": "peer_group_average",
        "finance_peer_group": "QLD / Catholic / Outer Regional",
        "finance_source": "ACARA National Report on Schooling",
        "public_funding_year": null,
        "public_funding_jurisdiction": null,
        "public_funding_model": null,
        "public_funding_metric": null,
        "public_funding_value": null,
        "public_funding_unit": null,
        "public_funding_source": null
      }
    },
    {
      "type": "Feature",
      "geometry": {
        "type": "Point",
        "coordinates": [
          115.865,
          -32.024
        ]
      },
      "properties": {
        "education_id": "edu-00an3-0-acara-48916",
        "member_id": "aph-00an3",
        "member": "O'CONNOR, the Hon. Brendan Patrick John",
        "family_name": "O'Connor",
        "given_name": "Brendan",
        "gender": "Male",
        "dob": "1962-03-02 00:00:00",
        "chamber": "representatives",
        "party": "Australian Labor Party",
        "party_abbrev": "ALP",
        "electorate": "Gorton",
        "state_or_territory": "Vic",
        "is_opening_day_member": true,
        "is_current_member": false,
        "institution_id": "acara-48916",
        "acara_id": "48916",
        "school_name": "Aquinas College",
        "school_type": "Pri/Sec",
        "school_sector": "Catholic",
        "campus_type": "Pri/Sec",
        "school_state": "WA",
        "school_suburb": "Salter Point",
        "school_postcode": "6152",
        "years_attended": null,
        "graduation_year": null,
        "attended_status": "graduated",
        "confidence": "verified",
        "historical_2021_net_recurrent_income_per_student": null,
        "finance_year": 2024,
        "finance_metric": "total_net_recurrent_income_per_student",
        "finance_value": 22244,
        "finance_status": "benchmark_average",
        "finance_method": "peer_group_average",
        "finance_peer_group": "WA / Catholic / Major Cities",
        "finance_source": "ACARA National Report on Schooling",
        "public_funding_year": null,
        "public_funding_jurisdiction": null,
        "public_funding_model": null,
        "public_funding_metric": null,
        "public_funding_value": null,
        "public_funding_unit": null,
        "public_funding_source": null
      }
    },
    {
      "type": "Feature",
      "geometry": {
        "type": "Point",
        "coordinates": [
          151.286,
          -33.7269
        ]
      },
      "properties": {
        "education_id": "edu-00an3-1-acara-43236",
        "member_id": "aph-00an3",
        "member": "O'CONNOR, the Hon. Brendan Patrick John",
        "family_name": "O'Connor",
        "given_name": "Brendan",
        "gender": "Male",
        "dob": "1962-03-02 00:00:00",
        "chamber": "representatives",
        "party": "Australian Labor Party",
        "party_abbrev": "ALP",
        "electorate": "Gorton",
        "state_or_territory": "Vic",
        "is_opening_day_member": true,
        "is_current_member": false,
        "institution_id": "acara-43236",
        "acara_id": "43236",
        "school_name": "St Rose Catholic Primary School",
        "school_type": "Prim",
        "school_sector": "Catholic",
        "campus_type": "Prim",
        "school_state": "NSW",
        "school_suburb": "Collaroy Plateau",
        "school_postcode": "2097",
        "years_attended": null,
        "graduation_year": null,
        "attended_status": "graduated",
        "confidence": "verified",
        "historical_2021_net_recurrent_income_per_student": null,
        "finance_year": 2024,
        "finance_metric": "total_net_recurrent_income_per_student",
        "finance_value": 21184,
        "finance_status": "benchmark_average",
        "finance_method": "peer_group_average",
        "finance_peer_group": "NSW / Catholic / Major Cities",
        "finance_source": "ACARA National Report on Schooling",
        "public_funding_year": null,
        "public_funding_jurisdiction": null,
        "public_funding_model": null,
        "public_funding_metric": null,
        "public_funding_value": null,
        "public_funding_unit": null,
        "public_funding_source": null
      }
    },
    {
      "type": "Feature",
      "geometry": {
        "type": "Point",
        "coordinates": [
          145.015,
          -37.8482
        ]
      },
      "properties": {
        "education_id": "edu-140590-0-acara-45810",
        "member_id": "aph-140590",
        "member": "O'NEIL, the Hon. Clare Ellen",
        "family_name": "O'Neil",
        "given_name": "Clare",
        "gender": "Female",
        "dob": "1980-09-12 00:00:00",
        "chamber": "representatives",
        "party": "Australian Labor Party",
        "party_abbrev": "ALP",
        "electorate": "Hotham",
        "state_or_territory": "Vic",
        "is_opening_day_member": true,
        "is_current_member": true,
        "institution_id": "acara-45810",
        "acara_id": "45810",
        "school_name": "Loreto Mandeville Hall",
        "school_type": "Pri/Sec",
        "school_sector": "Catholic",
        "campus_type": "Pri/Sec",
        "school_state": "VIC",
        "school_suburb": "Toorak",
        "school_postcode": "3142",
        "years_attended": null,
        "graduation_year": null,
        "attended_status": "graduated",
        "confidence": "verified",
        "historical_2021_net_recurrent_income_per_student": 11711,
        "finance_year": 2024,
        "finance_metric": "total_net_recurrent_income_per_student",
        "finance_value": 13326,
        "finance_status": "estimated_indexed",
        "finance_method": "acara_state_sector_geolocation_index",
        "finance_peer_group": "VIC / Catholic / Major Cities",
        "finance_source": "ACARA National Report on Schooling",
        "public_funding_year": null,
        "public_funding_jurisdiction": null,
        "public_funding_model": null,
        "public_funding_metric": null,
        "public_funding_value": null,
        "public_funding_unit": null,
        "public_funding_source": null
      }
    },
    {
      "type": "Feature",
      "geometry": {
        "type": "Point",
        "coordinates": [
          115.763,
          -32.0115
        ]
      },
      "properties": {
        "education_id": "edu-283585-0-acara-48805",
        "member_id": "aph-283585",
        "member": "O'SULLIVAN, Matt",
        "family_name": "O'Sullivan",
        "given_name": "Matthew",
        "gender": "Male",
        "dob": "1978-12-11 00:00:00",
        "chamber": "senate",
        "party": "Liberal Party of Australia",
        "party_abbrev": "LIB",
        "electorate": NaN,
        "state_or_territory": "WA",
        "is_opening_day_member": true,
        "is_current_member": true,
        "institution_id": "acara-48805",
        "acara_id": "48805",
        "school_name": "Mosman Park School For Deaf Children",
        "school_type": "Special",
        "school_sector": "Government",
        "campus_type": "Special",
        "school_state": "WA",
        "school_suburb": "Mosman Park",
        "school_postcode": "6012",
        "years_attended": null,
        "graduation_year": null,
        "attended_status": "graduated",
        "confidence": "verified",
        "historical_2021_net_recurrent_income_per_student": null,
        "finance_year": 2024,
        "finance_metric": "total_net_recurrent_income_per_student",
        "finance_value": 20531,
        "finance_status": "benchmark_average",
        "finance_method": "peer_group_average",
        "finance_peer_group": "WA / Government / Major Cities",
        "finance_source": "ACARA National Report on Schooling",
        "public_funding_year": null,
        "public_funding_jurisdiction": null,
        "public_funding_model": null,
        "public_funding_metric": null,
        "public_funding_value": null,
        "public_funding_unit": null,
        "public_funding_source": null
      }
    },
    {
      "type": "Feature",
      "geometry": {
        "type": "Point",
        "coordinates": [
          140.575,
          -34.4548
        ]
      },
      "properties": {
        "education_id": "edu-240756-0-acara-49753",
        "member_id": "aph-240756",
        "member": "PASIN, Antony (Tony)",
        "family_name": "Pasin",
        "given_name": "Antony",
        "gender": "Male",
        "dob": "1977-10-01 00:00:00",
        "chamber": "representatives",
        "party": "Liberal Party of Australia",
        "party_abbrev": "LIB",
        "electorate": "Barker",
        "state_or_territory": "SA",
        "is_opening_day_member": true,
        "is_current_member": true,
        "institution_id": "acara-49753",
        "acara_id": "49753",
        "school_name": "St Albert's Catholic School",
        "school_type": "Prim",
        "school_sector": "Catholic",
        "campus_type": "Prim",
        "school_state": "SA",
        "school_suburb": "Loxton",
        "school_postcode": "5333",
        "years_attended": null,
        "graduation_year": null,
        "attended_status": "graduated",
        "confidence": "verified",
        "historical_2021_net_recurrent_income_per_student": null,
        "finance_year": 2024,
        "finance_metric": "total_net_recurrent_income_per_student",
        "finance_value": 24759,
        "finance_status": "benchmark_average",
        "finance_method": "peer_group_average",
        "finance_peer_group": "SA / Catholic / Outer Regional",
        "finance_source": "ACARA National Report on Schooling",
        "public_funding_year": null,
        "public_funding_jurisdiction": null,
        "public_funding_model": null,
        "public_funding_metric": null,
        "public_funding_value": null,
        "public_funding_unit": null,
        "public_funding_source": null
      }
    },
    {
      "type": "Feature",
      "geometry": {
        "type": "Point",
        "coordinates": [
          145.049,
          -37.912
        ]
      },
      "properties": {
        "education_id": "edu-144138-0-acara-45436",
        "member_id": "aph-144138",
        "member": "PATERSON, James William",
        "family_name": "Paterson",
        "given_name": "James",
        "gender": "Male",
        "dob": "1987-11-21 00:00:00",
        "chamber": "senate",
        "party": "Liberal Party of Australia",
        "party_abbrev": "LIB",
        "electorate": NaN,
        "state_or_territory": "Vic",
        "is_opening_day_member": true,
        "is_current_member": true,
        "institution_id": "acara-45436",
        "acara_id": "45436",
        "school_name": "Mckinnon Secondary College",
        "school_type": "Sec",
        "school_sector": "Government",
        "campus_type": "Sec",
        "school_state": "VIC",
        "school_suburb": "Mckinnon",
        "school_postcode": "3204",
        "years_attended": null,
        "graduation_year": null,
        "attended_status": "graduated",
        "confidence": "verified",
        "historical_2021_net_recurrent_income_per_student": 14681,
        "finance_year": 2024,
        "finance_metric": "total_net_recurrent_income_per_student",
        "finance_value": 17023,
        "finance_status": "estimated_indexed",
        "finance_method": "acara_state_sector_geolocation_index",
        "finance_peer_group": "VIC / Government / Major Cities",
        "finance_source": "ACARA National Report on Schooling",
        "public_funding_year": null,
        "public_funding_jurisdiction": null,
        "public_funding_model": null,
        "public_funding_metric": null,
        "public_funding_value": null,
        "public_funding_unit": null,
        "public_funding_source": null
      }
    },
    {
      "type": "Feature",
      "geometry": {
        "type": "Point",
        "coordinates": [
          115.856,
          -31.9301
        ]
      },
      "properties": {
        "education_id": "edu-300707-0-acara-48483",
        "member_id": "aph-300707",
        "member": "PAYMAN, Fatima",
        "family_name": "Payman",
        "given_name": "Fatima",
        "gender": "Female",
        "dob": "NaT",
        "chamber": "senate",
        "party": "Australia's Voice",
        "party_abbrev": "AV",
        "electorate": NaN,
        "state_or_territory": "WA",
        "is_opening_day_member": true,
        "is_current_member": true,
        "institution_id": "acara-48483",
        "acara_id": "48483",
        "school_name": "North Perth Primary School",
        "school_type": "Prim",
        "school_sector": "Government",
        "campus_type": "Prim",
        "school_state": "WA",
        "school_suburb": "North Perth",
        "school_postcode": "6006",
        "years_attended": null,
        "graduation_year": null,
        "attended_status": "graduated",
        "confidence": "verified",
        "historical_2021_net_recurrent_income_per_student": null,
        "finance_year": 2024,
        "finance_metric": "total_net_recurrent_income_per_student",
        "finance_value": 20531,
        "finance_status": "benchmark_average",
        "finance_method": "peer_group_average",
        "finance_peer_group": "WA / Government / Major Cities",
        "finance_source": "ACARA National Report on Schooling",
        "public_funding_year": null,
        "public_funding_jurisdiction": null,
        "public_funding_model": null,
        "public_funding_metric": null,
        "public_funding_value": null,
        "public_funding_unit": null,
        "public_funding_source": null
      }
    },
    {
      "type": "Feature",
      "geometry": {
        "type": "Point",
        "coordinates": [
          115.539,
          -31.9922
        ]
      },
      "properties": {
        "education_id": "edu-144732-0-acara-50438",
        "member_id": "aph-144732",
        "member": "PAYNE, Alicia Emma",
        "family_name": "Payne",
        "given_name": "Alicia",
        "gender": "Female",
        "dob": "1982-07-24 00:00:00",
        "chamber": "representatives",
        "party": "Australian Labor Party",
        "party_abbrev": "ALP",
        "electorate": "Canberra",
        "state_or_territory": "ACT",
        "is_opening_day_member": true,
        "is_current_member": true,
        "institution_id": "acara-50438",
        "acara_id": "50438",
        "school_name": "Beaconsfield Primary School - Rottnest Island Campus",
        "school_type": "Prim",
        "school_sector": "Government",
        "campus_type": "Prim",
        "school_state": "WA",
        "school_suburb": "Rottnest Island",
        "school_postcode": "6161",
        "years_attended": null,
        "graduation_year": null,
        "attended_status": "graduated",
        "confidence": "verified",
        "historical_2021_net_recurrent_income_per_student": null,
        "finance_year": 2024,
        "finance_metric": "total_net_recurrent_income_per_student",
        "finance_value": 26733,
        "finance_status": "benchmark_average",
        "finance_method": "peer_group_average",
        "finance_peer_group": "WA / Government / Remote",
        "finance_source": "ACARA National Report on Schooling",
        "public_funding_year": null,
        "public_funding_jurisdiction": null,
        "public_funding_model": null,
        "public_funding_metric": null,
        "public_funding_value": null,
        "public_funding_unit": null,
        "public_funding_source": null
      }
    },
    {
      "type": "Feature",
      "geometry": {
        "type": "Point",
        "coordinates": [
          149.068,
          -35.4138
        ]
      },
      "properties": {
        "education_id": "edu-144732-1-acara-49945",
        "member_id": "aph-144732",
        "member": "PAYNE, Alicia Emma",
        "family_name": "Payne",
        "given_name": "Alicia",
        "gender": "Female",
        "dob": "1982-07-24 00:00:00",
        "chamber": "representatives",
        "party": "Australian Labor Party",
        "party_abbrev": "ALP",
        "electorate": "Canberra",
        "state_or_territory": "ACT",
        "is_opening_day_member": true,
        "is_current_member": true,
        "institution_id": "acara-49945",
        "acara_id": "49945",
        "school_name": "Lake Tuggeranong College",
        "school_type": "Sec",
        "school_sector": "Government",
        "campus_type": "Sec",
        "school_state": "ACT",
        "school_suburb": "Greenway",
        "school_postcode": "2900",
        "years_attended": null,
        "graduation_year": null,
        "attended_status": "graduated",
        "confidence": "verified",
        "historical_2021_net_recurrent_income_per_student": null,
        "finance_year": 2024,
        "finance_metric": "total_net_recurrent_income_per_student",
        "finance_value": 20335,
        "finance_status": "benchmark_average",
        "finance_method": "peer_group_average",
        "finance_peer_group": "ACT / Government / Major Cities",
        "finance_source": "ACARA National Report on Schooling",
        "public_funding_year": null,
        "public_funding_jurisdiction": null,
        "public_funding_model": null,
        "public_funding_metric": null,
        "public_funding_value": null,
        "public_funding_unit": null,
        "public_funding_source": null
      }
    },
    {
      "type": "Feature",
      "geometry": {
        "type": "Point",
        "coordinates": [
          145.038,
          -37.8148
        ]
      },
      "properties": {
        "education_id": "edu-m56-0-acara-46144",
        "member_id": "aph-m56",
        "member": "PAYNE, the Hon. Marise Ann",
        "family_name": "Payne",
        "given_name": "Marise",
        "gender": "Female",
        "dob": "1964-07-29 00:00:00",
        "chamber": "senate",
        "party": "Liberal Party of Australia",
        "party_abbrev": "LIB",
        "electorate": NaN,
        "state_or_territory": "NSW",
        "is_opening_day_member": true,
        "is_current_member": false,
        "institution_id": "acara-46144",
        "acara_id": "46144",
        "school_name": "Methodist Ladies' College",
        "school_type": "Pri/Sec",
        "school_sector": "Independent",
        "campus_type": "Pri/Sec",
        "school_state": "VIC",
        "school_suburb": "Kew",
        "school_postcode": "3101",
        "years_attended": null,
        "graduation_year": null,
        "attended_status": "graduated",
        "confidence": "verified",
        "historical_2021_net_recurrent_income_per_student": 36644,
        "finance_year": 2024,
        "finance_metric": "total_net_recurrent_income_per_student",
        "finance_value": 38000,
        "finance_status": "estimated_indexed",
        "finance_method": "acara_state_sector_geolocation_index",
        "finance_peer_group": "VIC / Independent / Major Cities",
        "finance_source": "ACARA National Report on Schooling",
        "public_funding_year": null,
        "public_funding_jurisdiction": null,
        "public_funding_model": null,
        "public_funding_metric": null,
        "public_funding_value": null,
        "public_funding_unit": null,
        "public_funding_source": null
      }
    },
    {
      "type": "Feature",
      "geometry": {
        "type": "Point",
        "coordinates": [
          145.718,
          -40.9863
        ]
      },
      "properties": {
        "education_id": "edu-282306-0-acara-40053",
        "member_id": "aph-282306",
        "member": "PEARCE, Gavin Bruce",
        "family_name": "Pearce",
        "given_name": "Gavin",
        "gender": "Male",
        "dob": "1967-12-21 00:00:00",
        "chamber": "representatives",
        "party": "Liberal Party of Australia",
        "party_abbrev": "LIB",
        "electorate": "Braddon",
        "state_or_territory": "Tas",
        "is_opening_day_member": true,
        "is_current_member": false,
        "institution_id": "acara-40053",
        "acara_id": "40053",
        "school_name": "Wynyard High School",
        "school_type": "Sec",
        "school_sector": "Government",
        "campus_type": "Sec",
        "school_state": "TAS",
        "school_suburb": "Wynyard",
        "school_postcode": "7325",
        "years_attended": null,
        "graduation_year": null,
        "attended_status": "graduated",
        "confidence": "verified",
        "historical_2021_net_recurrent_income_per_student": 20180,
        "finance_year": 2024,
        "finance_metric": "total_net_recurrent_income_per_student",
        "finance_value": 23399,
        "finance_status": "estimated_indexed",
        "finance_method": "acara_state_sector_geolocation_index",
        "finance_peer_group": "TAS / Government / Outer Regional",
        "finance_source": "ACARA National Report on Schooling",
        "public_funding_year": null,
        "public_funding_jurisdiction": null,
        "public_funding_model": null,
        "public_funding_metric": null,
        "public_funding_value": null,
        "public_funding_unit": null,
        "public_funding_source": null
      }
    },
    {
      "type": "Feature",
      "geometry": {
        "type": "Point",
        "coordinates": [
          150.61025,
          -34.87139
        ]
      },
      "properties": {
        "education_id": "edu-147140-0-acara-42911",
        "member_id": "aph-147140",
        "member": "PHILLIPS, Fiona Evon",
        "family_name": "Phillips",
        "given_name": "Fiona",
        "gender": "Female",
        "dob": "1970-02-18 00:00:00",
        "chamber": "representatives",
        "party": "Australian Labor Party",
        "party_abbrev": "ALP",
        "electorate": "Gilmore",
        "state_or_territory": "NSW",
        "is_opening_day_member": true,
        "is_current_member": true,
        "institution_id": "acara-42911",
        "acara_id": "42911",
        "school_name": "Nowra High School",
        "school_type": "Sec",
        "school_sector": "Government",
        "campus_type": "Sec",
        "school_state": "NSW",
        "school_suburb": "Nowra",
        "school_postcode": "2541",
        "years_attended": null,
        "graduation_year": null,
        "attended_status": "graduated",
        "confidence": "verified",
        "historical_2021_net_recurrent_income_per_student": 17549,
        "finance_year": 2024,
        "finance_metric": "total_net_recurrent_income_per_student",
        "finance_value": 20348,
        "finance_status": "estimated_indexed",
        "finance_method": "acara_state_sector_geolocation_index",
        "finance_peer_group": "NSW / Government / Inner Regional",
        "finance_source": "ACARA National Report on Schooling",
        "public_funding_year": null,
        "public_funding_jurisdiction": null,
        "public_funding_model": null,
        "public_funding_metric": null,
        "public_funding_value": null,
        "public_funding_unit": null,
        "public_funding_source": null
      }
    },
    {
      "type": "Feature",
      "geometry": {
        "type": "Point",
        "coordinates": [
          149.128,
          -35.3298
        ]
      },
      "properties": {
        "education_id": "edu-300120-0-acara-49990",
        "member_id": "aph-300120",
        "member": "PIKE, Henry Jon",
        "family_name": "Pike",
        "given_name": "Henry",
        "gender": "Male",
        "dob": "1987-10-16 00:00:00",
        "chamber": "representatives",
        "party": "Liberal Party of Australia",
        "party_abbrev": "LIB",
        "electorate": "Bowman",
        "state_or_territory": "Qld",
        "is_opening_day_member": true,
        "is_current_member": true,
        "institution_id": "acara-49990",
        "acara_id": "49990",
        "school_name": "Canberra Grammar School",
        "school_type": "Sec",
        "school_sector": "Independent",
        "campus_type": "Sec",
        "school_state": "ACT",
        "school_suburb": "Red Hill",
        "school_postcode": "2603",
        "years_attended": null,
        "graduation_year": null,
        "attended_status": "graduated",
        "confidence": "verified",
        "historical_2021_net_recurrent_income_per_student": 24278,
        "finance_year": 2024,
        "finance_metric": "total_net_recurrent_income_per_student",
        "finance_value": 25176,
        "finance_status": "estimated_indexed",
        "finance_method": "acara_state_sector_geolocation_index",
        "finance_peer_group": "ACT / Independent / Major Cities",
        "finance_source": "ACARA National Report on Schooling",
        "public_funding_year": 2024,
        "public_funding_jurisdiction": "School Published",
        "public_funding_model": "Authoritative School Disclosure (annual_report)",
        "public_funding_metric": "total_net_recurrent_income_per_student",
        "public_funding_value": 30200.0,
        "public_funding_unit": "AUD_per_student",
        "public_funding_source": "School Published Disclosure (annual_report)"
      }
    },
    {
      "type": "Feature",
      "geometry": {
        "type": "Point",
        "coordinates": [
          152.377,
          -24.8762
        ]
      },
      "properties": {
        "education_id": "edu-148150-0-acara-47480",
        "member_id": "aph-148150",
        "member": "PITT, the Hon. Keith John",
        "family_name": "Pitt",
        "given_name": "Keith",
        "gender": "Male",
        "dob": "1969-08-31 00:00:00",
        "chamber": "representatives",
        "party": "The Nationals",
        "party_abbrev": "NP",
        "electorate": "Hinkler",
        "state_or_territory": "Qld",
        "is_opening_day_member": true,
        "is_current_member": false,
        "institution_id": "acara-47480",
        "acara_id": "47480",
        "school_name": "Kepnock State High School",
        "school_type": "Sec",
        "school_sector": "Government",
        "campus_type": "Sec",
        "school_state": "QLD",
        "school_suburb": "Kepnock",
        "school_postcode": "4670",
        "years_attended": null,
        "graduation_year": null,
        "attended_status": "graduated",
        "confidence": "verified",
        "historical_2021_net_recurrent_income_per_student": 17474,
        "finance_year": 2024,
        "finance_metric": "total_net_recurrent_income_per_student",
        "finance_value": 20261,
        "finance_status": "estimated_indexed",
        "finance_method": "acara_state_sector_geolocation_index",
        "finance_peer_group": "QLD / Government / Inner Regional",
        "finance_source": "ACARA National Report on Schooling",
        "public_funding_year": null,
        "public_funding_jurisdiction": null,
        "public_funding_model": null,
        "public_funding_metric": null,
        "public_funding_value": null,
        "public_funding_unit": null,
        "public_funding_source": null
      }
    },
    {
      "type": "Feature",
      "geometry": {
        "type": "Point",
        "coordinates": [
          146.412,
          -34.5635
        ]
      },
      "properties": {
        "education_id": "edu-83m-0-acara-42686",
        "member_id": "aph-83m",
        "member": "PLIBERSEK, the Hon. Tanya Joan",
        "family_name": "Plibersek",
        "given_name": "Tanya",
        "gender": "Female",
        "dob": "1969-12-02 00:00:00",
        "chamber": "representatives",
        "party": "Australian Labor Party",
        "party_abbrev": "ALP",
        "electorate": "Sydney",
        "state_or_territory": "NSW",
        "is_opening_day_member": true,
        "is_current_member": true,
        "institution_id": "acara-42686",
        "acara_id": "42686",
        "school_name": "Gralee School",
        "school_type": "Special",
        "school_sector": "Government",
        "campus_type": "Special",
        "school_state": "NSW",
        "school_suburb": "Leeton",
        "school_postcode": "2705",
        "years_attended": null,
        "graduation_year": null,
        "attended_status": "graduated",
        "confidence": "verified",
        "historical_2021_net_recurrent_income_per_student": null,
        "finance_year": 2024,
        "finance_metric": "total_net_recurrent_income_per_student",
        "finance_value": 22405,
        "finance_status": "benchmark_average",
        "finance_method": "peer_group_average",
        "finance_peer_group": "NSW / Government / Outer Regional",
        "finance_source": "ACARA National Report on Schooling",
        "public_funding_year": 2024,
        "public_funding_jurisdiction": "NSW",
        "public_funding_model": "Resource Allocation Model (RAM)",
        "public_funding_metric": "ram_allocation_total",
        "public_funding_value": 2750000.0,
        "public_funding_unit": "AUD",
        "public_funding_source": "Data.NSW Education Resource Allocation Model"
      }
    },
    {
      "type": "Feature",
      "geometry": {
        "type": "Point",
        "coordinates": [
          153.051,
          -27.4822
        ]
      },
      "properties": {
        "education_id": "edu-256136-0-acara-47996",
        "member_id": "aph-256136",
        "member": "POCOCK, David Willmer",
        "family_name": "Pocock",
        "given_name": "David",
        "gender": "Male",
        "dob": "1988-04-23 00:00:00",
        "chamber": "senate",
        "party": "Independent",
        "party_abbrev": "IND",
        "electorate": NaN,
        "state_or_territory": "ACT",
        "is_opening_day_member": true,
        "is_current_member": true,
        "institution_id": "acara-47996",
        "acara_id": "47996",
        "school_name": "Anglican Church Grammar School",
        "school_type": "Pri/Sec",
        "school_sector": "Independent",
        "campus_type": "Pri/Sec",
        "school_state": "QLD",
        "school_suburb": "East Brisbane",
        "school_postcode": "4169",
        "years_attended": null,
        "graduation_year": null,
        "attended_status": "graduated",
        "confidence": "provisional",
        "historical_2021_net_recurrent_income_per_student": 27751,
        "finance_year": 2024,
        "finance_metric": "total_net_recurrent_income_per_student",
        "finance_value": 28778,
        "finance_status": "estimated_indexed",
        "finance_method": "acara_state_sector_geolocation_index",
        "finance_peer_group": "QLD / Independent / Major Cities",
        "finance_source": "ACARA National Report on Schooling",
        "public_funding_year": 2024,
        "public_funding_jurisdiction": "QLD",
        "public_funding_model": "State Recurrent Grant Scheme for Non-State Schools",
        "public_funding_metric": "state_recurrent_grant_total",
        "public_funding_value": 5120000.0,
        "public_funding_unit": "AUD",
        "public_funding_source": "Queensland Non-State Schools Recurrent Grants"
      }
    },
    {
      "type": "Feature",
      "geometry": {
        "type": "Point",
        "coordinates": [
          138.666,
          -34.8899
        ]
      },
      "properties": {
        "education_id": "edu-bfq-2-acara-49544",
        "member_id": "aph-bfq",
        "member": "POCOCK, Dr Barbara Ann AM",
        "family_name": "Pocock",
        "given_name": "Barbara",
        "gender": "Female",
        "dob": "1955-03-22 00:00:00",
        "chamber": "senate",
        "party": "Australian Greens",
        "party_abbrev": "GRN",
        "electorate": NaN,
        "state_or_territory": "SA",
        "is_opening_day_member": true,
        "is_current_member": true,
        "institution_id": "acara-49544",
        "acara_id": "49544",
        "school_name": "East Torrens Primary School",
        "school_type": "Prim",
        "school_sector": "Government",
        "campus_type": "Prim",
        "school_state": "SA",
        "school_suburb": "Hectorville",
        "school_postcode": "5073",
        "years_attended": null,
        "graduation_year": null,
        "attended_status": "graduated",
        "confidence": "verified",
        "historical_2021_net_recurrent_income_per_student": null,
        "finance_year": 2024,
        "finance_metric": "total_net_recurrent_income_per_student",
        "finance_value": 19944,
        "finance_status": "benchmark_average",
        "finance_method": "peer_group_average",
        "finance_peer_group": "SA / Government / Major Cities",
        "finance_source": "ACARA National Report on Schooling",
        "public_funding_year": null,
        "public_funding_jurisdiction": null,
        "public_funding_model": null,
        "public_funding_metric": null,
        "public_funding_value": null,
        "public_funding_unit": null,
        "public_funding_source": null
      }
    },
    {
      "type": "Feature",
      "geometry": {
        "type": "Point",
        "coordinates": [
          140.523,
          -35.3314
        ]
      },
      "properties": {
        "education_id": "edu-bfq-0-acara-49444",
        "member_id": "aph-bfq",
        "member": "POCOCK, Dr Barbara Ann AM",
        "family_name": "Pocock",
        "given_name": "Barbara",
        "gender": "Female",
        "dob": "1955-03-22 00:00:00",
        "chamber": "senate",
        "party": "Australian Greens",
        "party_abbrev": "GRN",
        "electorate": NaN,
        "state_or_territory": "SA",
        "is_opening_day_member": true,
        "is_current_member": true,
        "institution_id": "acara-49444",
        "acara_id": "49444",
        "school_name": "Lameroo Regional Community School",
        "school_type": "Pri/Sec",
        "school_sector": "Government",
        "campus_type": "Pri/Sec",
        "school_state": "SA",
        "school_suburb": "Lameroo",
        "school_postcode": "5302",
        "years_attended": null,
        "graduation_year": null,
        "attended_status": "graduated",
        "confidence": "verified",
        "historical_2021_net_recurrent_income_per_student": null,
        "finance_year": 2024,
        "finance_metric": "total_net_recurrent_income_per_student",
        "finance_value": 25969,
        "finance_status": "benchmark_average",
        "finance_method": "peer_group_average",
        "finance_peer_group": "SA / Government / Remote",
        "finance_source": "ACARA National Report on Schooling",
        "public_funding_year": null,
        "public_funding_jurisdiction": null,
        "public_funding_model": null,
        "public_funding_metric": null,
        "public_funding_value": null,
        "public_funding_unit": null,
        "public_funding_source": null
      }
    },
    {
      "type": "Feature",
      "geometry": {
        "type": "Point",
        "coordinates": [
          138.609,
          -34.8984
        ]
      },
      "properties": {
        "education_id": "edu-bfq-1-acara-49818",
        "member_id": "aph-bfq",
        "member": "POCOCK, Dr Barbara Ann AM",
        "family_name": "Pocock",
        "given_name": "Barbara",
        "gender": "Female",
        "dob": "1955-03-22 00:00:00",
        "chamber": "senate",
        "party": "Australian Greens",
        "party_abbrev": "GRN",
        "electorate": NaN,
        "state_or_territory": "SA",
        "is_opening_day_member": true,
        "is_current_member": true,
        "institution_id": "acara-49818",
        "acara_id": "49818",
        "school_name": "Wilderness School",
        "school_type": "Pri/Sec",
        "school_sector": "Independent",
        "campus_type": "Pri/Sec",
        "school_state": "SA",
        "school_suburb": "Medindie",
        "school_postcode": "5081",
        "years_attended": null,
        "graduation_year": null,
        "attended_status": "graduated",
        "confidence": "verified",
        "historical_2021_net_recurrent_income_per_student": 27690,
        "finance_year": 2024,
        "finance_metric": "total_net_recurrent_income_per_student",
        "finance_value": 28715,
        "finance_status": "estimated_indexed",
        "finance_method": "acara_state_sector_geolocation_index",
        "finance_peer_group": "SA / Independent / Major Cities",
        "finance_source": "ACARA National Report on Schooling",
        "public_funding_year": null,
        "public_funding_jurisdiction": null,
        "public_funding_model": null,
        "public_funding_metric": null,
        "public_funding_value": null,
        "public_funding_unit": null,
        "public_funding_source": null
      }
    },
    {
      "type": "Feature",
      "geometry": {
        "type": "Point",
        "coordinates": [
          146.66,
          -41.5297
        ]
      },
      "properties": {
        "education_id": "edu-e5x-0-acara-40061",
        "member_id": "aph-e5x",
        "member": "POLLEY, Helen Beatrice",
        "family_name": "Polley",
        "given_name": "Helen",
        "gender": "Female",
        "dob": "1957-02-09 00:00:00",
        "chamber": "senate",
        "party": "Australian Labor Party",
        "party_abbrev": "ALP",
        "electorate": NaN,
        "state_or_territory": "Tas",
        "is_opening_day_member": true,
        "is_current_member": true,
        "institution_id": "acara-40061",
        "acara_id": "40061",
        "school_name": "Deloraine High School",
        "school_type": "Sec",
        "school_sector": "Government",
        "campus_type": "Sec",
        "school_state": "TAS",
        "school_suburb": "Deloraine",
        "school_postcode": "7304",
        "years_attended": null,
        "graduation_year": null,
        "attended_status": "graduated",
        "confidence": "verified",
        "historical_2021_net_recurrent_income_per_student": 20883,
        "finance_year": 2024,
        "finance_metric": "total_net_recurrent_income_per_student",
        "finance_value": 24214,
        "finance_status": "estimated_indexed",
        "finance_method": "acara_state_sector_geolocation_index",
        "finance_peer_group": "TAS / Government / Outer Regional",
        "finance_source": "ACARA National Report on Schooling",
        "public_funding_year": null,
        "public_funding_jurisdiction": null,
        "public_funding_model": null,
        "public_funding_metric": null,
        "public_funding_value": null,
        "public_funding_unit": null,
        "public_funding_source": null
      }
    },
    {
      "type": "Feature",
      "geometry": {
        "type": "Point",
        "coordinates": [
          116.22,
          -31.8752
        ]
      },
      "properties": {
        "education_id": "edu-i0t-0-acara-48127",
        "member_id": "aph-i0t",
        "member": "PRATT, Louise Clare",
        "family_name": "Pratt",
        "given_name": "Louise",
        "gender": "Female",
        "dob": "1972-04-18 00:00:00",
        "chamber": "senate",
        "party": "Australian Labor Party",
        "party_abbrev": "ALP",
        "electorate": NaN,
        "state_or_territory": "WA",
        "is_opening_day_member": true,
        "is_current_member": true,
        "institution_id": "acara-48127",
        "acara_id": "48127",
        "school_name": "Eastern Hills Senior High School",
        "school_type": "Sec",
        "school_sector": "Government",
        "campus_type": "Sec",
        "school_state": "WA",
        "school_suburb": "Mount Helena",
        "school_postcode": "6082",
        "years_attended": null,
        "graduation_year": null,
        "attended_status": "graduated",
        "confidence": "verified",
        "historical_2021_net_recurrent_income_per_student": 16092,
        "finance_year": 2024,
        "finance_metric": "total_net_recurrent_income_per_student",
        "finance_value": 18659,
        "finance_status": "estimated_indexed",
        "finance_method": "acara_state_sector_geolocation_index",
        "finance_peer_group": "WA / Government / Major Cities",
        "finance_source": "ACARA National Report on Schooling",
        "public_funding_year": null,
        "public_funding_jurisdiction": null,
        "public_funding_model": null,
        "public_funding_metric": null,
        "public_funding_value": null,
        "public_funding_unit": null,
        "public_funding_source": null
      }
    },
    {
      "type": "Feature",
      "geometry": {
        "type": "Point",
        "coordinates": [
          115.758,
          -31.7744
        ]
      },
      "properties": {
        "education_id": "edu-249308-0-acara-48674",
        "member_id": "aph-249308",
        "member": "PRICE, the Hon. Melissa Lee",
        "family_name": "Price",
        "given_name": "Melissa",
        "gender": "Female",
        "dob": "1963-12-12 00:00:00",
        "chamber": "representatives",
        "party": "Liberal Party of Australia",
        "party_abbrev": "LIB",
        "electorate": "Durack",
        "state_or_territory": "WA",
        "is_opening_day_member": true,
        "is_current_member": true,
        "institution_id": "acara-48674",
        "acara_id": "48674",
        "school_name": "Beldon Primary School",
        "school_type": "Prim",
        "school_sector": "Government",
        "campus_type": "Prim",
        "school_state": "WA",
        "school_suburb": "Beldon",
        "school_postcode": "6027",
        "years_attended": null,
        "graduation_year": null,
        "attended_status": "graduated",
        "confidence": "verified",
        "historical_2021_net_recurrent_income_per_student": null,
        "finance_year": 2024,
        "finance_metric": "total_net_recurrent_income_per_student",
        "finance_value": 20531,
        "finance_status": "benchmark_average",
        "finance_method": "peer_group_average",
        "finance_peer_group": "WA / Government / Major Cities",
        "finance_source": "ACARA National Report on Schooling",
        "public_funding_year": null,
        "public_funding_jurisdiction": null,
        "public_funding_model": null,
        "public_funding_metric": null,
        "public_funding_value": null,
        "public_funding_unit": null,
        "public_funding_source": null
      }
    },
    {
      "type": "Feature",
      "geometry": {
        "type": "Point",
        "coordinates": [
          149.095,
          -35.3243
        ]
      },
      "properties": {
        "education_id": "edu-300122-0-acara-49911",
        "member_id": "aph-300122",
        "member": "RAE, the Hon. Samuel (Sam) Thomas",
        "family_name": "Rae",
        "given_name": "Samuel",
        "gender": "Male",
        "dob": "1986-09-29 00:00:00",
        "chamber": "representatives",
        "party": "Australian Labor Party",
        "party_abbrev": "ALP",
        "electorate": "Hawke",
        "state_or_territory": "Vic",
        "is_opening_day_member": true,
        "is_current_member": true,
        "institution_id": "acara-49911",
        "acara_id": "49911",
        "school_name": "Alfred Deakin High School",
        "school_type": "Sec",
        "school_sector": "Government",
        "campus_type": "Sec",
        "school_state": "ACT",
        "school_suburb": "Deakin",
        "school_postcode": "2600",
        "years_attended": null,
        "graduation_year": null,
        "attended_status": "graduated",
        "confidence": "verified",
        "historical_2021_net_recurrent_income_per_student": 17519,
        "finance_year": 2024,
        "finance_metric": "total_net_recurrent_income_per_student",
        "finance_value": 20314,
        "finance_status": "estimated_indexed",
        "finance_method": "acara_state_sector_geolocation_index",
        "finance_peer_group": "ACT / Government / Major Cities",
        "finance_source": "ACARA National Report on Schooling",
        "public_funding_year": null,
        "public_funding_jurisdiction": null,
        "public_funding_model": null,
        "public_funding_metric": null,
        "public_funding_value": null,
        "public_funding_unit": null,
        "public_funding_source": null
      }
    },
    {
      "type": "Feature",
      "geometry": {
        "type": "Point",
        "coordinates": [
          136.419,
          -33.1356
        ]
      },
      "properties": {
        "education_id": "edu-hws-0-acara-49423",
        "member_id": "aph-hws",
        "member": "RAMSEY, Rowan Eric",
        "family_name": "Ramsey",
        "given_name": "Rowan",
        "gender": "Male",
        "dob": "1956-08-04 00:00:00",
        "chamber": "representatives",
        "party": "Liberal Party of Australia",
        "party_abbrev": "LIB",
        "electorate": "Grey",
        "state_or_territory": "SA",
        "is_opening_day_member": true,
        "is_current_member": false,
        "institution_id": "acara-49423",
        "acara_id": "49423",
        "school_name": "Kimba Area School",
        "school_type": "Pri/Sec",
        "school_sector": "Government",
        "campus_type": "Pri/Sec",
        "school_state": "SA",
        "school_suburb": "Kimba",
        "school_postcode": "5641",
        "years_attended": null,
        "graduation_year": null,
        "attended_status": "graduated",
        "confidence": "verified",
        "historical_2021_net_recurrent_income_per_student": 21934,
        "finance_year": 2024,
        "finance_metric": "total_net_recurrent_income_per_student",
        "finance_value": 25433,
        "finance_status": "estimated_indexed",
        "finance_method": "acara_state_sector_geolocation_index",
        "finance_peer_group": "SA / Government / Remote",
        "finance_source": "ACARA National Report on Schooling",
        "public_funding_year": null,
        "public_funding_jurisdiction": null,
        "public_funding_model": null,
        "public_funding_metric": null,
        "public_funding_value": null,
        "public_funding_unit": null,
        "public_funding_source": null
      }
    },
    {
      "type": "Feature",
      "geometry": {
        "type": "Point",
        "coordinates": [
          151.399,
          -33.4257
        ]
      },
      "properties": {
        "education_id": "edu-300126-0-acara-43945",
        "member_id": "aph-300126",
        "member": "REID, Gordon James",
        "family_name": "Reid",
        "given_name": "Gordon",
        "gender": "Male",
        "dob": "1992-08-16 00:00:00",
        "chamber": "representatives",
        "party": "Australian Labor Party",
        "party_abbrev": "ALP",
        "electorate": "Robertson",
        "state_or_territory": "NSW",
        "is_opening_day_member": true,
        "is_current_member": true,
        "institution_id": "acara-43945",
        "acara_id": "43945",
        "school_name": "Central Coast Grammar School",
        "school_type": "Pri/Sec",
        "school_sector": "Independent",
        "campus_type": "Pri/Sec",
        "school_state": "NSW",
        "school_suburb": "Erina Heights",
        "school_postcode": "2260",
        "years_attended": null,
        "graduation_year": null,
        "attended_status": "graduated",
        "confidence": "verified",
        "historical_2021_net_recurrent_income_per_student": 21822,
        "finance_year": 2024,
        "finance_metric": "total_net_recurrent_income_per_student",
        "finance_value": 22629,
        "finance_status": "estimated_indexed",
        "finance_method": "acara_state_sector_geolocation_index",
        "finance_peer_group": "NSW / Independent / Major Cities",
        "finance_source": "ACARA National Report on Schooling",
        "public_funding_year": null,
        "public_funding_jurisdiction": null,
        "public_funding_model": null,
        "public_funding_metric": null,
        "public_funding_value": null,
        "public_funding_unit": null,
        "public_funding_source": null
      }
    },
    {
      "type": "Feature",
      "geometry": {
        "type": "Point",
        "coordinates": [
          151.958,
          -27.5353
        ]
      },
      "properties": {
        "education_id": "edu-283596-0-acara-47895",
        "member_id": "aph-283596",
        "member": "RENNICK, Gerard Brock",
        "family_name": "Rennick",
        "given_name": "Gerard",
        "gender": "Male",
        "dob": "1970-11-05 00:00:00",
        "chamber": "senate",
        "party": "Gerard Rennick People First",
        "party_abbrev": "GRPF",
        "electorate": NaN,
        "state_or_territory": "Qld",
        "is_opening_day_member": true,
        "is_current_member": true,
        "institution_id": "acara-47895",
        "acara_id": "47895",
        "school_name": "Downlands College",
        "school_type": "Pri/Sec",
        "school_sector": "Catholic",
        "campus_type": "Sec",
        "school_state": "QLD",
        "school_suburb": "Toowoomba",
        "school_postcode": "4350",
        "years_attended": null,
        "graduation_year": null,
        "attended_status": "graduated",
        "confidence": "verified",
        "historical_2021_net_recurrent_income_per_student": 23377,
        "finance_year": 2024,
        "finance_metric": "total_net_recurrent_income_per_student",
        "finance_value": 26602,
        "finance_status": "estimated_indexed",
        "finance_method": "acara_state_sector_geolocation_index",
        "finance_peer_group": "QLD / Catholic / Inner Regional",
        "finance_source": "ACARA National Report on Schooling",
        "public_funding_year": null,
        "public_funding_jurisdiction": null,
        "public_funding_model": null,
        "public_funding_metric": null,
        "public_funding_value": null,
        "public_funding_unit": null,
        "public_funding_source": null
      }
    },
    {
      "type": "Feature",
      "geometry": {
        "type": "Point",
        "coordinates": [
          116.005,
          -32.212
        ]
      },
      "properties": {
        "education_id": "edu-250216-0-acara-48722",
        "member_id": "aph-250216",
        "member": "REYNOLDS, the Hon. Linda Karen, CSC",
        "family_name": "Reynolds",
        "given_name": "Linda",
        "gender": "Female",
        "dob": "1965-05-16 00:00:00",
        "chamber": "senate",
        "party": "Liberal Party of Australia",
        "party_abbrev": "LIB",
        "electorate": NaN,
        "state_or_territory": "WA",
        "is_opening_day_member": true,
        "is_current_member": true,
        "institution_id": "acara-48722",
        "acara_id": "48722",
        "school_name": "Marri Grove Primary School",
        "school_type": "Prim",
        "school_sector": "Government",
        "campus_type": "Prim",
        "school_state": "WA",
        "school_suburb": "Byford",
        "school_postcode": "6122",
        "years_attended": null,
        "graduation_year": null,
        "attended_status": "graduated",
        "confidence": "verified",
        "historical_2021_net_recurrent_income_per_student": null,
        "finance_year": 2024,
        "finance_metric": "total_net_recurrent_income_per_student",
        "finance_value": 20531,
        "finance_status": "benchmark_average",
        "finance_method": "peer_group_average",
        "finance_peer_group": "WA / Government / Major Cities",
        "finance_source": "ACARA National Report on Schooling",
        "public_funding_year": null,
        "public_funding_jurisdiction": null,
        "public_funding_model": null,
        "public_funding_metric": null,
        "public_funding_value": null,
        "public_funding_unit": null,
        "public_funding_source": null
      }
    },
    {
      "type": "Feature",
      "geometry": {
        "type": "Point",
        "coordinates": [
          148.012,
          -37.871
        ]
      },
      "properties": {
        "education_id": "edu-155410-0-acara-45927",
        "member_id": "aph-155410",
        "member": "RICE, Janet Elizabeth",
        "family_name": "Rice",
        "given_name": "Janet",
        "gender": "Female",
        "dob": "1960-11-18 00:00:00",
        "chamber": "senate",
        "party": "Australian Greens",
        "party_abbrev": "GRN",
        "electorate": NaN,
        "state_or_territory": "Vic",
        "is_opening_day_member": true,
        "is_current_member": false,
        "institution_id": "acara-45927",
        "acara_id": "45927",
        "school_name": "St Brendan's School",
        "school_type": "Prim",
        "school_sector": "Catholic",
        "campus_type": "Prim",
        "school_state": "VIC",
        "school_suburb": "Lakes Entrance",
        "school_postcode": "3909",
        "years_attended": null,
        "graduation_year": null,
        "attended_status": "graduated",
        "confidence": "verified",
        "historical_2021_net_recurrent_income_per_student": null,
        "finance_year": 2024,
        "finance_metric": "total_net_recurrent_income_per_student",
        "finance_value": 23788,
        "finance_status": "benchmark_average",
        "finance_method": "peer_group_average",
        "finance_peer_group": "VIC / Catholic / Outer Regional",
        "finance_source": "ACARA National Report on Schooling",
        "public_funding_year": null,
        "public_funding_jurisdiction": null,
        "public_funding_model": null,
        "public_funding_metric": null,
        "public_funding_value": null,
        "public_funding_unit": null,
        "public_funding_source": null
      }
    },
    {
      "type": "Feature",
      "geometry": {
        "type": "Point",
        "coordinates": [
          138.62,
          -34.9702
        ]
      },
      "properties": {
        "education_id": "edu-hwa-0-acara-49479",
        "member_id": "aph-hwa",
        "member": "RISHWORTH, the Hon. Amanda Louise",
        "family_name": "Rishworth",
        "given_name": "Amanda",
        "gender": "Female",
        "dob": "1978-07-10 00:00:00",
        "chamber": "representatives",
        "party": "Australian Labor Party",
        "party_abbrev": "ALP",
        "electorate": "Kingston",
        "state_or_territory": "SA",
        "is_opening_day_member": true,
        "is_current_member": true,
        "institution_id": "acara-49479",
        "acara_id": "49479",
        "school_name": "Unley High School",
        "school_type": "Sec",
        "school_sector": "Government",
        "campus_type": "Sec",
        "school_state": "SA",
        "school_suburb": "Netherby",
        "school_postcode": "5062",
        "years_attended": null,
        "graduation_year": null,
        "attended_status": "graduated",
        "confidence": "verified",
        "historical_2021_net_recurrent_income_per_student": 17000,
        "finance_year": 2024,
        "finance_metric": "total_net_recurrent_income_per_student",
        "finance_value": 19712,
        "finance_status": "estimated_indexed",
        "finance_method": "acara_state_sector_geolocation_index",
        "finance_peer_group": "SA / Government / Major Cities",
        "finance_source": "ACARA National Report on Schooling",
        "public_funding_year": null,
        "public_funding_jurisdiction": null,
        "public_funding_model": null,
        "public_funding_metric": null,
        "public_funding_value": null,
        "public_funding_unit": null,
        "public_funding_source": null
      }
    },
    {
      "type": "Feature",
      "geometry": {
        "type": "Point",
        "coordinates": [
          152.377,
          -24.8762
        ]
      },
      "properties": {
        "education_id": "edu-hwt-0-acara-47480",
        "member_id": "aph-hwt",
        "member": "ROBERT, the Hon. Stuart Rowland",
        "family_name": "Robert",
        "given_name": "Stuart",
        "gender": "Male",
        "dob": "1970-12-11 00:00:00",
        "chamber": "representatives",
        "party": "Liberal Party of Australia",
        "party_abbrev": "LIB",
        "electorate": "Fadden",
        "state_or_territory": "Qld",
        "is_opening_day_member": true,
        "is_current_member": false,
        "institution_id": "acara-47480",
        "acara_id": "47480",
        "school_name": "Kepnock State High School",
        "school_type": "Sec",
        "school_sector": "Government",
        "campus_type": "Sec",
        "school_state": "QLD",
        "school_suburb": "Kepnock",
        "school_postcode": "4670",
        "years_attended": null,
        "graduation_year": null,
        "attended_status": "graduated",
        "confidence": "verified",
        "historical_2021_net_recurrent_income_per_student": 17474,
        "finance_year": 2024,
        "finance_metric": "total_net_recurrent_income_per_student",
        "finance_value": 20261,
        "finance_status": "estimated_indexed",
        "finance_method": "acara_state_sector_geolocation_index",
        "finance_peer_group": "QLD / Government / Inner Regional",
        "finance_source": "ACARA National Report on Schooling",
        "public_funding_year": null,
        "public_funding_jurisdiction": null,
        "public_funding_model": null,
        "public_funding_metric": null,
        "public_funding_value": null,
        "public_funding_unit": null,
        "public_funding_source": null
      }
    },
    {
      "type": "Feature",
      "geometry": {
        "type": "Point",
        "coordinates": [
          153.232,
          -27.4918
        ]
      },
      "properties": {
        "education_id": "edu-hwt-1-acara-48092",
        "member_id": "aph-hwt",
        "member": "ROBERT, the Hon. Stuart Rowland",
        "family_name": "Robert",
        "given_name": "Stuart",
        "gender": "Male",
        "dob": "1970-12-11 00:00:00",
        "chamber": "representatives",
        "party": "Liberal Party of Australia",
        "party_abbrev": "LIB",
        "electorate": "Fadden",
        "state_or_territory": "Qld",
        "is_opening_day_member": true,
        "is_current_member": false,
        "institution_id": "acara-48092",
        "acara_id": "48092",
        "school_name": "Redlands College",
        "school_type": "Pri/Sec",
        "school_sector": "Independent",
        "campus_type": "Pri/Sec",
        "school_state": "QLD",
        "school_suburb": "Wellington Point",
        "school_postcode": "4160",
        "years_attended": null,
        "graduation_year": null,
        "attended_status": "graduated",
        "confidence": "verified",
        "historical_2021_net_recurrent_income_per_student": null,
        "finance_year": 2024,
        "finance_metric": "total_net_recurrent_income_per_student",
        "finance_value": 27771,
        "finance_status": "benchmark_average",
        "finance_method": "peer_group_average",
        "finance_peer_group": "QLD / Independent / Major Cities",
        "finance_source": "ACARA National Report on Schooling",
        "public_funding_year": null,
        "public_funding_jurisdiction": null,
        "public_funding_model": null,
        "public_funding_metric": null,
        "public_funding_value": null,
        "public_funding_unit": null,
        "public_funding_source": null
      }
    },
    {
      "type": "Feature",
      "geometry": {
        "type": "Point",
        "coordinates": [
          153.017,
          -27.4599
        ]
      },
      "properties": {
        "education_id": "edu-266524-1-acara-48033",
        "member_id": "aph-266524",
        "member": "ROBERTS, Malcolm Ieuan",
        "family_name": "Roberts",
        "given_name": "Malcolm",
        "gender": "Male",
        "dob": "1955-05-03 00:00:00",
        "chamber": "senate",
        "party": "One Nation",
        "party_abbrev": "ON",
        "electorate": NaN,
        "state_or_territory": "Qld",
        "is_opening_day_member": true,
        "is_current_member": true,
        "institution_id": "acara-48033",
        "acara_id": "48033",
        "school_name": "Brisbane Grammar School",
        "school_type": "Pri/Sec",
        "school_sector": "Independent",
        "campus_type": "Pri/Sec",
        "school_state": "QLD",
        "school_suburb": "Brisbane",
        "school_postcode": "4000",
        "years_attended": null,
        "graduation_year": null,
        "attended_status": "graduated",
        "confidence": "verified",
        "historical_2021_net_recurrent_income_per_student": 34594,
        "finance_year": 2024,
        "finance_metric": "total_net_recurrent_income_per_student",
        "finance_value": 35874,
        "finance_status": "estimated_indexed",
        "finance_method": "acara_state_sector_geolocation_index",
        "finance_peer_group": "QLD / Independent / Major Cities",
        "finance_source": "ACARA National Report on Schooling",
        "public_funding_year": 2024,
        "public_funding_jurisdiction": "QLD",
        "public_funding_model": "State Recurrent Grant Scheme for Non-State Schools",
        "public_funding_metric": "state_recurrent_grant_total",
        "public_funding_value": 4850000.0,
        "public_funding_unit": "AUD",
        "public_funding_source": "Queensland Non-State Schools Recurrent Grants"
      }
    },
    {
      "type": "Feature",
      "geometry": {
        "type": "Point",
        "coordinates": [
          151.486,
          -32.8101
        ]
      },
      "properties": {
        "education_id": "edu-266524-0-acara-42095",
        "member_id": "aph-266524",
        "member": "ROBERTS, Malcolm Ieuan",
        "family_name": "Roberts",
        "given_name": "Malcolm",
        "gender": "Male",
        "dob": "1955-05-03 00:00:00",
        "chamber": "senate",
        "party": "One Nation",
        "party_abbrev": "ON",
        "electorate": NaN,
        "state_or_territory": "Qld",
        "is_opening_day_member": true,
        "is_current_member": true,
        "institution_id": "acara-42095",
        "acara_id": "42095",
        "school_name": "Kurri Kurri High School",
        "school_type": "Sec",
        "school_sector": "Government",
        "campus_type": "Sec",
        "school_state": "NSW",
        "school_suburb": "Kurri Kurri",
        "school_postcode": "2327",
        "years_attended": null,
        "graduation_year": null,
        "attended_status": "graduated",
        "confidence": "verified",
        "historical_2021_net_recurrent_income_per_student": 20155,
        "finance_year": 2024,
        "finance_metric": "total_net_recurrent_income_per_student",
        "finance_value": 23370,
        "finance_status": "estimated_indexed",
        "finance_method": "acara_state_sector_geolocation_index",
        "finance_peer_group": "NSW / Government / Major Cities",
        "finance_source": "ACARA National Report on Schooling",
        "public_funding_year": null,
        "public_funding_jurisdiction": null,
        "public_funding_model": null,
        "public_funding_metric": null,
        "public_funding_value": null,
        "public_funding_unit": null,
        "public_funding_source": null
      }
    },
    {
      "type": "Feature",
      "geometry": {
        "type": "Point",
        "coordinates": [
          115.74823,
          -33.26904
        ]
      },
      "properties": {
        "education_id": "edu-159771-0-acara-52800",
        "member_id": "aph-159771",
        "member": "ROWLAND, the Hon. Michelle Anne",
        "family_name": "Rowland",
        "given_name": "Michelle",
        "gender": "Female",
        "dob": "1971-11-16 00:00:00",
        "chamber": "representatives",
        "party": "Australian Labor Party",
        "party_abbrev": "ALP",
        "electorate": "Greenway",
        "state_or_territory": "NSW",
        "is_opening_day_member": true,
        "is_current_member": true,
        "institution_id": "acara-52800",
        "acara_id": "52800",
        "school_name": "Our Lady of Mercy College",
        "school_type": "Sec",
        "school_sector": "Catholic",
        "campus_type": "Sec",
        "school_state": "WA",
        "school_suburb": "Australind",
        "school_postcode": "6233",
        "years_attended": null,
        "graduation_year": null,
        "attended_status": "graduated",
        "confidence": "verified",
        "historical_2021_net_recurrent_income_per_student": null,
        "finance_year": 2024,
        "finance_metric": "total_net_recurrent_income_per_student",
        "finance_value": 23634,
        "finance_status": "benchmark_average",
        "finance_method": "peer_group_average",
        "finance_peer_group": "WA / Catholic / Inner Regional",
        "finance_source": "ACARA National Report on Schooling",
        "public_funding_year": null,
        "public_funding_jurisdiction": null,
        "public_funding_model": null,
        "public_funding_metric": null,
        "public_funding_value": null,
        "public_funding_unit": null,
        "public_funding_source": null
      }
    },
    {
      "type": "Feature",
      "geometry": {
        "type": "Point",
        "coordinates": [
          140.741,
          -34.1721
        ]
      },
      "properties": {
        "education_id": "edu-243273-0-acara-49477",
        "member_id": "aph-243273",
        "member": "RUSTON, the Hon. Anne Sowerby",
        "family_name": "Ruston",
        "given_name": "Anne",
        "gender": "Female",
        "dob": "1963-06-10 00:00:00",
        "chamber": "senate",
        "party": "Liberal Party of Australia",
        "party_abbrev": "LIB",
        "electorate": NaN,
        "state_or_territory": "SA",
        "is_opening_day_member": true,
        "is_current_member": true,
        "institution_id": "acara-49477",
        "acara_id": "49477",
        "school_name": "Renmark High School",
        "school_type": "Sec",
        "school_sector": "Government",
        "campus_type": "Sec",
        "school_state": "SA",
        "school_suburb": "Renmark",
        "school_postcode": "5341",
        "years_attended": null,
        "graduation_year": null,
        "attended_status": "graduated",
        "confidence": "verified",
        "historical_2021_net_recurrent_income_per_student": 20196,
        "finance_year": 2024,
        "finance_metric": "total_net_recurrent_income_per_student",
        "finance_value": 23418,
        "finance_status": "estimated_indexed",
        "finance_method": "acara_state_sector_geolocation_index",
        "finance_peer_group": "SA / Government / Outer Regional",
        "finance_source": "ACARA National Report on Schooling",
        "public_funding_year": null,
        "public_funding_jurisdiction": null,
        "public_funding_model": null,
        "public_funding_metric": null,
        "public_funding_value": null,
        "public_funding_unit": null,
        "public_funding_source": null
      }
    },
    {
      "type": "Feature",
      "geometry": {
        "type": "Point",
        "coordinates": [
          149.588,
          -33.4325
        ]
      },
      "properties": {
        "education_id": "edu-249224-0-acara-43578",
        "member_id": "aph-249224",
        "member": "RYAN, Joanne Catherine",
        "family_name": "Ryan",
        "given_name": "Joanne",
        "gender": "Female",
        "dob": "1961-07-29 00:00:00",
        "chamber": "representatives",
        "party": "Australian Labor Party",
        "party_abbrev": "ALP",
        "electorate": "Lalor",
        "state_or_territory": "Vic",
        "is_opening_day_member": true,
        "is_current_member": true,
        "institution_id": "acara-43578",
        "acara_id": "43578",
        "school_name": "MacKillop College Bathurst",
        "school_type": "Sec",
        "school_sector": "Catholic",
        "campus_type": "Sec",
        "school_state": "NSW",
        "school_suburb": "Bathurst",
        "school_postcode": "2795",
        "years_attended": null,
        "graduation_year": null,
        "attended_status": "graduated",
        "confidence": "verified",
        "historical_2021_net_recurrent_income_per_student": null,
        "finance_year": 2024,
        "finance_metric": "total_net_recurrent_income_per_student",
        "finance_value": 22508,
        "finance_status": "benchmark_average",
        "finance_method": "peer_group_average",
        "finance_peer_group": "NSW / Catholic / Inner Regional",
        "finance_source": "ACARA National Report on Schooling",
        "public_funding_year": null,
        "public_funding_jurisdiction": null,
        "public_funding_model": null,
        "public_funding_metric": null,
        "public_funding_value": null,
        "public_funding_unit": null,
        "public_funding_source": null
      }
    },
    {
      "type": "Feature",
      "geometry": {
        "type": "Point",
        "coordinates": [
          144.812,
          -37.8639
        ]
      },
      "properties": {
        "education_id": "edu-249224-1-acara-45964",
        "member_id": "aph-249224",
        "member": "RYAN, Joanne Catherine",
        "family_name": "Ryan",
        "given_name": "Joanne",
        "gender": "Female",
        "dob": "1961-07-29 00:00:00",
        "chamber": "representatives",
        "party": "Australian Labor Party",
        "party_abbrev": "ALP",
        "electorate": "Lalor",
        "state_or_territory": "Vic",
        "is_opening_day_member": true,
        "is_current_member": true,
        "institution_id": "acara-45964",
        "acara_id": "45964",
        "school_name": "Mount St Joseph Girls' College",
        "school_type": "Sec",
        "school_sector": "Catholic",
        "campus_type": "Sec",
        "school_state": "VIC",
        "school_suburb": "Altona",
        "school_postcode": "3018",
        "years_attended": null,
        "graduation_year": null,
        "attended_status": "graduated",
        "confidence": "verified",
        "historical_2021_net_recurrent_income_per_student": null,
        "finance_year": 2024,
        "finance_metric": "total_net_recurrent_income_per_student",
        "finance_value": 20761,
        "finance_status": "benchmark_average",
        "finance_method": "peer_group_average",
        "finance_peer_group": "VIC / Catholic / Major Cities",
        "finance_source": "ACARA National Report on Schooling",
        "public_funding_year": null,
        "public_funding_jurisdiction": null,
        "public_funding_model": null,
        "public_funding_metric": null,
        "public_funding_value": null,
        "public_funding_unit": null,
        "public_funding_source": null
      }
    },
    {
      "type": "Feature",
      "geometry": {
        "type": "Point",
        "coordinates": [
          145.444,
          -36.0865
        ]
      },
      "properties": {
        "education_id": "edu-297660-0-acara-45719",
        "member_id": "aph-297660",
        "member": "RYAN, Monique Marie",
        "family_name": "Ryan",
        "given_name": "Monique",
        "gender": "Female",
        "dob": "1967-01-20 00:00:00",
        "chamber": "representatives",
        "party": "Independent",
        "party_abbrev": "IND",
        "electorate": "Kooyong",
        "state_or_territory": "Vic",
        "is_opening_day_member": true,
        "is_current_member": true,
        "institution_id": "acara-45719",
        "acara_id": "45719",
        "school_name": "St Joseph's School",
        "school_type": "Prim",
        "school_sector": "Catholic",
        "campus_type": "Prim",
        "school_state": "VIC",
        "school_suburb": "Numurkah",
        "school_postcode": "3636",
        "years_attended": null,
        "graduation_year": null,
        "attended_status": "graduated",
        "confidence": "verified",
        "historical_2021_net_recurrent_income_per_student": null,
        "finance_year": 2024,
        "finance_metric": "total_net_recurrent_income_per_student",
        "finance_value": 22058,
        "finance_status": "benchmark_average",
        "finance_method": "peer_group_average",
        "finance_peer_group": "VIC / Catholic / Inner Regional",
        "finance_source": "ACARA National Report on Schooling",
        "public_funding_year": null,
        "public_funding_jurisdiction": null,
        "public_funding_model": null,
        "public_funding_metric": null,
        "public_funding_value": null,
        "public_funding_unit": null,
        "public_funding_source": null
      }
    },
    {
      "type": "Feature",
      "geometry": {
        "type": "Point",
        "coordinates": [
          152.752,
          -27.6129
        ]
      },
      "properties": {
        "education_id": "edu-282997-0-acara-48036",
        "member_id": "aph-282997",
        "member": "SCARR, Paul Martin",
        "family_name": "Scarr",
        "given_name": "Paul",
        "gender": "Male",
        "dob": "1969-08-20 00:00:00",
        "chamber": "senate",
        "party": "Liberal Party of Australia",
        "party_abbrev": "LIB",
        "electorate": NaN,
        "state_or_territory": "Qld",
        "is_opening_day_member": true,
        "is_current_member": true,
        "institution_id": "acara-48036",
        "acara_id": "48036",
        "school_name": "Ipswich Grammar School",
        "school_type": "Pri/Sec",
        "school_sector": "Independent",
        "campus_type": "Pri/Sec",
        "school_state": "QLD",
        "school_suburb": "Ipswich",
        "school_postcode": "4305",
        "years_attended": null,
        "graduation_year": null,
        "attended_status": "graduated",
        "confidence": "verified",
        "historical_2021_net_recurrent_income_per_student": 21683,
        "finance_year": 2024,
        "finance_metric": "total_net_recurrent_income_per_student",
        "finance_value": 22485,
        "finance_status": "estimated_indexed",
        "finance_method": "acara_state_sector_geolocation_index",
        "finance_peer_group": "QLD / Independent / Major Cities",
        "finance_source": "ACARA National Report on Schooling",
        "public_funding_year": null,
        "public_funding_jurisdiction": null,
        "public_funding_model": null,
        "public_funding_metric": null,
        "public_funding_value": null,
        "public_funding_unit": null,
        "public_funding_source": null
      }
    },
    {
      "type": "Feature",
      "geometry": {
        "type": "Point",
        "coordinates": [
          151.22,
          -33.9127
        ]
      },
      "properties": {
        "education_id": "edu-f2s-0-acara-43473",
        "member_id": "aph-f2s",
        "member": "SCRYMGOUR, Marion",
        "family_name": "Scrymgour",
        "given_name": "Marion",
        "gender": "Female",
        "dob": "1960-09-13 00:00:00",
        "chamber": "representatives",
        "party": "Australian Labor Party",
        "party_abbrev": "ALP",
        "electorate": "Lingiari",
        "state_or_territory": "NT",
        "is_opening_day_member": true,
        "is_current_member": true,
        "institution_id": "acara-43473",
        "acara_id": "43473",
        "school_name": "Our Lady of the Sacred Heart College",
        "school_type": "Sec",
        "school_sector": "Catholic",
        "campus_type": "Sec",
        "school_state": "NSW",
        "school_suburb": "Kensington",
        "school_postcode": "2033",
        "years_attended": null,
        "graduation_year": null,
        "attended_status": "graduated",
        "confidence": "verified",
        "historical_2021_net_recurrent_income_per_student": null,
        "finance_year": 2024,
        "finance_metric": "total_net_recurrent_income_per_student",
        "finance_value": 21184,
        "finance_status": "benchmark_average",
        "finance_method": "peer_group_average",
        "finance_peer_group": "NSW / Catholic / Major Cities",
        "finance_source": "ACARA National Report on Schooling",
        "public_funding_year": null,
        "public_funding_jurisdiction": null,
        "public_funding_model": null,
        "public_funding_metric": null,
        "public_funding_value": null,
        "public_funding_unit": null,
        "public_funding_source": null
      }
    },
    {
      "type": "Feature",
      "geometry": {
        "type": "Point",
        "coordinates": [
          138.604,
          -34.873
        ]
      },
      "properties": {
        "education_id": "edu-f2s-0-acara-49704",
        "member_id": "aph-f2s",
        "member": "SCRYMGOUR, Marion",
        "family_name": "Scrymgour",
        "given_name": "Marion",
        "gender": "Female",
        "dob": "1960-09-13 00:00:00",
        "chamber": "representatives",
        "party": "Australian Labor Party",
        "party_abbrev": "ALP",
        "electorate": "Lingiari",
        "state_or_territory": "NT",
        "is_opening_day_member": true,
        "is_current_member": true,
        "institution_id": "acara-49704",
        "acara_id": "49704",
        "school_name": "Our Lady of the Sacred Heart College",
        "school_type": "Sec",
        "school_sector": "Catholic",
        "campus_type": "Sec",
        "school_state": "SA",
        "school_suburb": "Enfield",
        "school_postcode": "5085",
        "years_attended": null,
        "graduation_year": null,
        "attended_status": "graduated",
        "confidence": "verified",
        "historical_2021_net_recurrent_income_per_student": null,
        "finance_year": 2024,
        "finance_metric": "total_net_recurrent_income_per_student",
        "finance_value": 21608,
        "finance_status": "benchmark_average",
        "finance_method": "peer_group_average",
        "finance_peer_group": "SA / Catholic / Major Cities",
        "finance_source": "ACARA National Report on Schooling",
        "public_funding_year": null,
        "public_funding_jurisdiction": null,
        "public_funding_model": null,
        "public_funding_metric": null,
        "public_funding_value": null,
        "public_funding_unit": null,
        "public_funding_source": null
      }
    },
    {
      "type": "Feature",
      "geometry": {
        "type": "Point",
        "coordinates": [
          152.945,
          -26.6382
        ]
      },
      "properties": {
        "education_id": "edu-f2s-1-acara-47753",
        "member_id": "aph-f2s",
        "member": "SCRYMGOUR, Marion",
        "family_name": "Scrymgour",
        "given_name": "Marion",
        "gender": "Female",
        "dob": "1960-09-13 00:00:00",
        "chamber": "representatives",
        "party": "Australian Labor Party",
        "party_abbrev": "ALP",
        "electorate": "Lingiari",
        "state_or_territory": "NT",
        "is_opening_day_member": true,
        "is_current_member": true,
        "institution_id": "acara-47753",
        "acara_id": "47753",
        "school_name": "St John's College",
        "school_type": "Sec",
        "school_sector": "Catholic",
        "campus_type": "Sec",
        "school_state": "QLD",
        "school_suburb": "Nambour",
        "school_postcode": "4560",
        "years_attended": null,
        "graduation_year": null,
        "attended_status": "graduated",
        "confidence": "verified",
        "historical_2021_net_recurrent_income_per_student": null,
        "finance_year": 2024,
        "finance_metric": "total_net_recurrent_income_per_student",
        "finance_value": 21396,
        "finance_status": "benchmark_average",
        "finance_method": "peer_group_average",
        "finance_peer_group": "QLD / Catholic / Major Cities",
        "finance_source": "ACARA National Report on Schooling",
        "public_funding_year": null,
        "public_funding_jurisdiction": null,
        "public_funding_model": null,
        "public_funding_metric": null,
        "public_funding_value": null,
        "public_funding_unit": null,
        "public_funding_source": null
      }
    },
    {
      "type": "Feature",
      "geometry": {
        "type": "Point",
        "coordinates": [
          138.498,
          -35.1455
        ]
      },
      "properties": {
        "education_id": "edu-265980-0-acara-49688",
        "member_id": "aph-265980",
        "member": "SHARKIE, Rebekha Carina Che",
        "family_name": "Sharkie",
        "given_name": "Rebekha",
        "gender": "Female",
        "dob": "NaT",
        "chamber": "representatives",
        "party": "Centre Alliance",
        "party_abbrev": "CA",
        "electorate": "Mayo",
        "state_or_territory": "SA",
        "is_opening_day_member": true,
        "is_current_member": true,
        "institution_id": "acara-49688",
        "acara_id": "49688",
        "school_name": "Cardijn College - Marian Campus",
        "school_type": "Sec",
        "school_sector": "Catholic",
        "campus_type": "Sec",
        "school_state": "SA",
        "school_suburb": "Noarlunga Downs",
        "school_postcode": "5168",
        "years_attended": null,
        "graduation_year": null,
        "attended_status": "graduated",
        "confidence": "verified",
        "historical_2021_net_recurrent_income_per_student": 20879,
        "finance_year": 2024,
        "finance_metric": "total_net_recurrent_income_per_student",
        "finance_value": 23759,
        "finance_status": "estimated_indexed",
        "finance_method": "acara_state_sector_geolocation_index",
        "finance_peer_group": "SA / Catholic / Major Cities",
        "finance_source": "ACARA National Report on Schooling",
        "public_funding_year": null,
        "public_funding_jurisdiction": null,
        "public_funding_model": null,
        "public_funding_metric": null,
        "public_funding_value": null,
        "public_funding_unit": null,
        "public_funding_source": null
      }
    },
    {
      "type": "Feature",
      "geometry": {
        "type": "Point",
        "coordinates": [
          138.735,
          -34.634
        ]
      },
      "properties": {
        "education_id": "edu-265980-1-acara-49830",
        "member_id": "aph-265980",
        "member": "SHARKIE, Rebekha Carina Che",
        "family_name": "Sharkie",
        "given_name": "Rebekha",
        "gender": "Female",
        "dob": "NaT",
        "chamber": "representatives",
        "party": "Centre Alliance",
        "party_abbrev": "CA",
        "electorate": "Mayo",
        "state_or_territory": "SA",
        "is_opening_day_member": true,
        "is_current_member": true,
        "institution_id": "acara-49830",
        "acara_id": "49830",
        "school_name": "Trinity College North",
        "school_type": "Pri/Sec",
        "school_sector": "Independent",
        "campus_type": "Pri/Sec",
        "school_state": "SA",
        "school_suburb": "Evanston South",
        "school_postcode": "5116",
        "years_attended": null,
        "graduation_year": null,
        "attended_status": "graduated",
        "confidence": "verified",
        "historical_2021_net_recurrent_income_per_student": null,
        "finance_year": 2024,
        "finance_metric": "total_net_recurrent_income_per_student",
        "finance_value": 28046,
        "finance_status": "benchmark_average",
        "finance_method": "peer_group_average",
        "finance_peer_group": "SA / Independent / Major Cities",
        "finance_source": "ACARA National Report on Schooling",
        "public_funding_year": null,
        "public_funding_jurisdiction": null,
        "public_funding_model": null,
        "public_funding_metric": null,
        "public_funding_value": null,
        "public_funding_unit": null,
        "public_funding_source": null
      }
    },
    {
      "type": "Feature",
      "geometry": {
        "type": "Point",
        "coordinates": [
          151.115,
          -33.7573
        ]
      },
      "properties": {
        "education_id": "edu-274506-0-acara-41339",
        "member_id": "aph-274506",
        "member": "SHARMA, Devanand (Dave) Noel",
        "family_name": "Sharma",
        "given_name": "Devanand",
        "gender": "Male",
        "dob": "NaT",
        "chamber": "senate",
        "party": "Liberal Party of Australia",
        "party_abbrev": "LIB",
        "electorate": NaN,
        "state_or_territory": "NSW",
        "is_opening_day_member": true,
        "is_current_member": true,
        "institution_id": "acara-41339",
        "acara_id": "41339",
        "school_name": "Turramurra High School",
        "school_type": "Sec",
        "school_sector": "Government",
        "campus_type": "Sec",
        "school_state": "NSW",
        "school_suburb": "South Turramurra",
        "school_postcode": "2074",
        "years_attended": null,
        "graduation_year": null,
        "attended_status": "graduated",
        "confidence": "verified",
        "historical_2021_net_recurrent_income_per_student": 15302,
        "finance_year": 2024,
        "finance_metric": "total_net_recurrent_income_per_student",
        "finance_value": 17743,
        "finance_status": "estimated_indexed",
        "finance_method": "acara_state_sector_geolocation_index",
        "finance_peer_group": "NSW / Government / Major Cities",
        "finance_source": "ACARA National Report on Schooling",
        "public_funding_year": null,
        "public_funding_jurisdiction": null,
        "public_funding_model": null,
        "public_funding_metric": null,
        "public_funding_value": null,
        "public_funding_unit": null,
        "public_funding_source": null
      }
    },
    {
      "type": "Feature",
      "geometry": {
        "type": "Point",
        "coordinates": [
          150.733,
          -33.7144
        ]
      },
      "properties": {
        "education_id": "edu-00atg-0-acara-43223",
        "member_id": "aph-00atg",
        "member": "SHORTEN, the Hon. William (Bill) Richard",
        "family_name": "Shorten",
        "given_name": "William",
        "gender": "Male",
        "dob": "1967-05-12 00:00:00",
        "chamber": "representatives",
        "party": "Australian Labor Party",
        "party_abbrev": "ALP",
        "electorate": "Maribyrnong",
        "state_or_territory": "Vic",
        "is_opening_day_member": true,
        "is_current_member": false,
        "institution_id": "acara-43223",
        "acara_id": "43223",
        "school_name": "Xavier College",
        "school_type": "Sec",
        "school_sector": "Catholic",
        "campus_type": "Sec",
        "school_state": "NSW",
        "school_suburb": "Llandilo",
        "school_postcode": "2747",
        "years_attended": null,
        "graduation_year": null,
        "attended_status": "graduated",
        "confidence": "verified",
        "historical_2021_net_recurrent_income_per_student": null,
        "finance_year": 2024,
        "finance_metric": "total_net_recurrent_income_per_student",
        "finance_value": 21184,
        "finance_status": "benchmark_average",
        "finance_method": "peer_group_average",
        "finance_peer_group": "NSW / Catholic / Major Cities",
        "finance_source": "ACARA National Report on Schooling",
        "public_funding_year": null,
        "public_funding_jurisdiction": null,
        "public_funding_model": null,
        "public_funding_metric": null,
        "public_funding_value": null,
        "public_funding_unit": null,
        "public_funding_source": null
      }
    },
    {
      "type": "Feature",
      "geometry": {
        "type": "Point",
        "coordinates": [
          138.734,
          -34.5761
        ]
      },
      "properties": {
        "education_id": "edu-00atg-0-acara-49726",
        "member_id": "aph-00atg",
        "member": "SHORTEN, the Hon. William (Bill) Richard",
        "family_name": "Shorten",
        "given_name": "William",
        "gender": "Male",
        "dob": "1967-05-12 00:00:00",
        "chamber": "representatives",
        "party": "Australian Labor Party",
        "party_abbrev": "ALP",
        "electorate": "Maribyrnong",
        "state_or_territory": "Vic",
        "is_opening_day_member": true,
        "is_current_member": false,
        "institution_id": "acara-49726",
        "acara_id": "49726",
        "school_name": "Xavier College - Head Campus",
        "school_type": "Sec",
        "school_sector": "Catholic",
        "campus_type": "Sec",
        "school_state": "SA",
        "school_suburb": "Gawler Belt",
        "school_postcode": "5118",
        "years_attended": null,
        "graduation_year": null,
        "attended_status": "graduated",
        "confidence": "verified",
        "historical_2021_net_recurrent_income_per_student": null,
        "finance_year": 2024,
        "finance_metric": "total_net_recurrent_income_per_student",
        "finance_value": 21608,
        "finance_status": "benchmark_average",
        "finance_method": "peer_group_average",
        "finance_peer_group": "SA / Catholic / Major Cities",
        "finance_source": "ACARA National Report on Schooling",
        "public_funding_year": null,
        "public_funding_jurisdiction": null,
        "public_funding_model": null,
        "public_funding_metric": null,
        "public_funding_value": null,
        "public_funding_unit": null,
        "public_funding_source": null
      }
    },
    {
      "type": "Feature",
      "geometry": {
        "type": "Point",
        "coordinates": [
          151.009,
          -33.8795
        ]
      },
      "properties": {
        "education_id": "edu-298121-0-acara-41576",
        "member_id": "aph-298121",
        "member": "SITOU, Sally",
        "family_name": "Sitou",
        "given_name": "Sally",
        "gender": "Female",
        "dob": "1982-09-24 00:00:00",
        "chamber": "representatives",
        "party": "Australian Labor Party",
        "party_abbrev": "ALP",
        "electorate": "Reid",
        "state_or_territory": "NSW",
        "is_opening_day_member": true,
        "is_current_member": true,
        "institution_id": "acara-41576",
        "acara_id": "41576",
        "school_name": "Sefton High School",
        "school_type": "Sec",
        "school_sector": "Government",
        "campus_type": "Sec",
        "school_state": "NSW",
        "school_suburb": "Sefton",
        "school_postcode": "2162",
        "years_attended": null,
        "graduation_year": null,
        "attended_status": "graduated",
        "confidence": "verified",
        "historical_2021_net_recurrent_income_per_student": 13701,
        "finance_year": 2024,
        "finance_metric": "total_net_recurrent_income_per_student",
        "finance_value": 15886,
        "finance_status": "estimated_indexed",
        "finance_method": "acara_state_sector_geolocation_index",
        "finance_peer_group": "NSW / Government / Major Cities",
        "finance_source": "ACARA National Report on Schooling",
        "public_funding_year": null,
        "public_funding_jurisdiction": null,
        "public_funding_model": null,
        "public_funding_metric": null,
        "public_funding_value": null,
        "public_funding_unit": null,
        "public_funding_source": null
      }
    },
    {
      "type": "Feature",
      "geometry": {
        "type": "Point",
        "coordinates": [
          148.159,
          -23.5447
        ]
      },
      "properties": {
        "education_id": "edu-276714-0-acara-47647",
        "member_id": "aph-276714",
        "member": "SMITH, David Philip Benedict",
        "family_name": "Smith",
        "given_name": "David",
        "gender": "Male",
        "dob": "1970-03-25 00:00:00",
        "chamber": "representatives",
        "party": "Australian Labor Party",
        "party_abbrev": "ALP",
        "electorate": "Bean",
        "state_or_territory": "ACT",
        "is_opening_day_member": true,
        "is_current_member": true,
        "institution_id": "acara-47647",
        "acara_id": "47647",
        "school_name": "Marist College",
        "school_type": "Sec",
        "school_sector": "Catholic",
        "campus_type": "Sec",
        "school_state": "QLD",
        "school_suburb": "Emerald",
        "school_postcode": "4720",
        "years_attended": null,
        "graduation_year": null,
        "attended_status": "graduated",
        "confidence": "verified",
        "historical_2021_net_recurrent_income_per_student": null,
        "finance_year": 2024,
        "finance_metric": "total_net_recurrent_income_per_student",
        "finance_value": 24516,
        "finance_status": "benchmark_average",
        "finance_method": "peer_group_average",
        "finance_peer_group": "QLD / Catholic / Outer Regional",
        "finance_source": "ACARA National Report on Schooling",
        "public_funding_year": null,
        "public_funding_jurisdiction": null,
        "public_funding_model": null,
        "public_funding_metric": null,
        "public_funding_value": null,
        "public_funding_unit": null,
        "public_funding_source": null
      }
    },
    {
      "type": "Feature",
      "geometry": {
        "type": "Point",
        "coordinates": [
          115.798,
          -31.9964
        ]
      },
      "properties": {
        "education_id": "edu-241710-0-acara-48348",
        "member_id": "aph-241710",
        "member": "SMITH, Dean Anthony",
        "family_name": "Smith",
        "given_name": "Dean",
        "gender": "Male",
        "dob": "1969-05-15 00:00:00",
        "chamber": "senate",
        "party": "Liberal Party of Australia",
        "party_abbrev": "LIB",
        "electorate": NaN,
        "state_or_territory": "WA",
        "is_opening_day_member": true,
        "is_current_member": true,
        "institution_id": "acara-48348",
        "acara_id": "48348",
        "school_name": "Dalkeith Primary School",
        "school_type": "Prim",
        "school_sector": "Government",
        "campus_type": "Prim",
        "school_state": "WA",
        "school_suburb": "Dalkeith",
        "school_postcode": "6009",
        "years_attended": null,
        "graduation_year": null,
        "attended_status": "graduated",
        "confidence": "verified",
        "historical_2021_net_recurrent_income_per_student": null,
        "finance_year": 2024,
        "finance_metric": "total_net_recurrent_income_per_student",
        "finance_value": 20531,
        "finance_status": "benchmark_average",
        "finance_method": "peer_group_average",
        "finance_peer_group": "WA / Government / Major Cities",
        "finance_source": "ACARA National Report on Schooling",
        "public_funding_year": null,
        "public_funding_jurisdiction": null,
        "public_funding_model": null,
        "public_funding_metric": null,
        "public_funding_value": null,
        "public_funding_unit": null,
        "public_funding_source": null
      }
    },
    {
      "type": "Feature",
      "geometry": {
        "type": "Point",
        "coordinates": [
          138.602,
          -34.9179
        ]
      },
      "properties": {
        "education_id": "edu-281603-0-acara-40700",
        "member_id": "aph-281603",
        "member": "SMITH, Marielle Feuerherdt",
        "family_name": "Smith",
        "given_name": "Marielle",
        "gender": "Female",
        "dob": "1986-12-30 00:00:00",
        "chamber": "senate",
        "party": "Australian Labor Party",
        "party_abbrev": "ALP",
        "electorate": NaN,
        "state_or_territory": "SA",
        "is_opening_day_member": true,
        "is_current_member": true,
        "institution_id": "acara-40700",
        "acara_id": "40700",
        "school_name": "University Senior College at Adelaide University - Jordan Campus",
        "school_type": "Sec",
        "school_sector": "Independent",
        "campus_type": "Sec",
        "school_state": "SA",
        "school_suburb": "Adelaide University",
        "school_postcode": "5005",
        "years_attended": null,
        "graduation_year": null,
        "attended_status": "graduated",
        "confidence": "verified",
        "historical_2021_net_recurrent_income_per_student": null,
        "finance_year": 2024,
        "finance_metric": "total_net_recurrent_income_per_student",
        "finance_value": 28046,
        "finance_status": "benchmark_average",
        "finance_method": "peer_group_average",
        "finance_peer_group": "SA / Independent / Major Cities",
        "finance_source": "ACARA National Report on Schooling",
        "public_funding_year": null,
        "public_funding_jurisdiction": null,
        "public_funding_model": null,
        "public_funding_metric": null,
        "public_funding_value": null,
        "public_funding_unit": null,
        "public_funding_source": null
      }
    },
    {
      "type": "Feature",
      "geometry": {
        "type": "Point",
        "coordinates": [
          151.237,
          -33.8787
        ]
      },
      "properties": {
        "education_id": "edu-286042-0-acara-43953",
        "member_id": "aph-286042",
        "member": "SPENDER, Allegra",
        "family_name": "Spender",
        "given_name": "Allegra",
        "gender": "Female",
        "dob": "1978-03-10 00:00:00",
        "chamber": "representatives",
        "party": "Community Strong Australia",
        "party_abbrev": "CSA",
        "electorate": "Wentworth",
        "state_or_territory": "NSW",
        "is_opening_day_member": true,
        "is_current_member": true,
        "institution_id": "acara-43953",
        "acara_id": "43953",
        "school_name": "Ascham School",
        "school_type": "Pri/Sec",
        "school_sector": "Independent",
        "campus_type": "Pri/Sec",
        "school_state": "NSW",
        "school_suburb": "Edgecliff",
        "school_postcode": "2027",
        "years_attended": null,
        "graduation_year": null,
        "attended_status": "graduated",
        "confidence": "verified",
        "historical_2021_net_recurrent_income_per_student": 42757,
        "finance_year": 2024,
        "finance_metric": "total_net_recurrent_income_per_student",
        "finance_value": 44339,
        "finance_status": "estimated_indexed",
        "finance_method": "acara_state_sector_geolocation_index",
        "finance_peer_group": "NSW / Independent / Major Cities",
        "finance_source": "ACARA National Report on Schooling",
        "public_funding_year": null,
        "public_funding_jurisdiction": null,
        "public_funding_model": null,
        "public_funding_metric": null,
        "public_funding_value": null,
        "public_funding_unit": null,
        "public_funding_source": null
      }
    },
    {
      "type": "Feature",
      "geometry": {
        "type": "Point",
        "coordinates": [
          151.248,
          -33.8238
        ]
      },
      "properties": {
        "education_id": "edu-175696-0-acara-43795",
        "member_id": "aph-175696",
        "member": "STEGGALL, Zali, OAM",
        "family_name": "Steggall",
        "given_name": "Zali",
        "gender": "Female",
        "dob": "1974-04-16 00:00:00",
        "chamber": "representatives",
        "party": "Community Strong Australia",
        "party_abbrev": "CSA",
        "electorate": "Warringah",
        "state_or_territory": "NSW",
        "is_opening_day_member": true,
        "is_current_member": true,
        "institution_id": "acara-43795",
        "acara_id": "43795",
        "school_name": "Queenwood",
        "school_type": "Pri/Sec",
        "school_sector": "Independent",
        "campus_type": "Sec",
        "school_state": "NSW",
        "school_suburb": "Mosman",
        "school_postcode": "2088",
        "years_attended": null,
        "graduation_year": null,
        "attended_status": "graduated",
        "confidence": "provisional",
        "historical_2021_net_recurrent_income_per_student": 32019,
        "finance_year": 2024,
        "finance_metric": "total_net_recurrent_income_per_student",
        "finance_value": 33204,
        "finance_status": "estimated_indexed",
        "finance_method": "acara_state_sector_geolocation_index",
        "finance_peer_group": "NSW / Independent / Major Cities",
        "finance_source": "ACARA National Report on Schooling",
        "public_funding_year": null,
        "public_funding_jurisdiction": null,
        "public_funding_model": null,
        "public_funding_metric": null,
        "public_funding_value": null,
        "public_funding_unit": null,
        "public_funding_source": null
      }
    },
    {
      "type": "Feature",
      "geometry": {
        "type": "Point",
        "coordinates": [
          115.96,
          -32.0655
        ]
      },
      "properties": {
        "education_id": "edu-e68-0-acara-48158",
        "member_id": "aph-e68",
        "member": "STERLE, Glenn",
        "family_name": "Sterle",
        "given_name": "Glenn",
        "gender": "Male",
        "dob": "1960-01-03 00:00:00",
        "chamber": "senate",
        "party": "Australian Labor Party",
        "party_abbrev": "ALP",
        "electorate": NaN,
        "state_or_territory": "WA",
        "is_opening_day_member": true,
        "is_current_member": true,
        "institution_id": "acara-48158",
        "acara_id": "48158",
        "school_name": "Thornlie Senior High School",
        "school_type": "Sec",
        "school_sector": "Government",
        "campus_type": "Sec",
        "school_state": "WA",
        "school_suburb": "Thornlie",
        "school_postcode": "6108",
        "years_attended": null,
        "graduation_year": null,
        "attended_status": "graduated",
        "confidence": "verified",
        "historical_2021_net_recurrent_income_per_student": 14752,
        "finance_year": 2024,
        "finance_metric": "total_net_recurrent_income_per_student",
        "finance_value": 17105,
        "finance_status": "estimated_indexed",
        "finance_method": "acara_state_sector_geolocation_index",
        "finance_peer_group": "WA / Government / Major Cities",
        "finance_source": "ACARA National Report on Schooling",
        "public_funding_year": null,
        "public_funding_jurisdiction": null,
        "public_funding_model": null,
        "public_funding_metric": null,
        "public_funding_value": null,
        "public_funding_unit": null,
        "public_funding_source": null
      }
    },
    {
      "type": "Feature",
      "geometry": {
        "type": "Point",
        "coordinates": [
          138.618,
          -34.9169
        ]
      },
      "properties": {
        "education_id": "edu-176304-0-acara-49813",
        "member_id": "aph-176304",
        "member": "STEVENS, James William",
        "family_name": "Stevens",
        "given_name": "James",
        "gender": "Male",
        "dob": "1983-03-27 00:00:00",
        "chamber": "representatives",
        "party": "Liberal Party of Australia",
        "party_abbrev": "LIB",
        "electorate": "Sturt",
        "state_or_territory": "SA",
        "is_opening_day_member": true,
        "is_current_member": true,
        "institution_id": "acara-49813",
        "acara_id": "49813",
        "school_name": "St Peter's College",
        "school_type": "Pri/Sec",
        "school_sector": "Independent",
        "campus_type": "Pri/Sec",
        "school_state": "SA",
        "school_suburb": "St Peters",
        "school_postcode": "5069",
        "years_attended": null,
        "graduation_year": null,
        "attended_status": "graduated",
        "confidence": "verified",
        "historical_2021_net_recurrent_income_per_student": 30767,
        "finance_year": 2024,
        "finance_metric": "total_net_recurrent_income_per_student",
        "finance_value": 31905,
        "finance_status": "estimated_indexed",
        "finance_method": "acara_state_sector_geolocation_index",
        "finance_peer_group": "SA / Independent / Major Cities",
        "finance_source": "ACARA National Report on Schooling",
        "public_funding_year": 2024,
        "public_funding_jurisdiction": "School Published",
        "public_funding_model": "Authoritative School Disclosure (annual_report)",
        "public_funding_metric": "total_net_recurrent_income_per_student",
        "public_funding_value": 31500.0,
        "public_funding_unit": "AUD_per_student",
        "public_funding_source": "School Published Disclosure (annual_report)"
      }
    },
    {
      "type": "Feature",
      "geometry": {
        "type": "Point",
        "coordinates": [
          143.553,
          -35.3352
        ]
      },
      "properties": {
        "education_id": "edu-299352-1-acara-45540",
        "member_id": "aph-299352",
        "member": "STEWART, Jana Naretha Ann",
        "family_name": "Stewart",
        "given_name": "Jana",
        "gender": "Female",
        "dob": "1987-08-27 00:00:00",
        "chamber": "senate",
        "party": "Australian Labor Party",
        "party_abbrev": "ALP",
        "electorate": NaN,
        "state_or_territory": "Vic",
        "is_opening_day_member": true,
        "is_current_member": true,
        "institution_id": "acara-45540",
        "acara_id": "45540",
        "school_name": "Swan Hill College",
        "school_type": "Sec",
        "school_sector": "Government",
        "campus_type": "Sec",
        "school_state": "VIC",
        "school_suburb": "Swan Hill",
        "school_postcode": "3585",
        "years_attended": null,
        "graduation_year": null,
        "attended_status": "graduated",
        "confidence": "verified",
        "historical_2021_net_recurrent_income_per_student": null,
        "finance_year": 2024,
        "finance_metric": "total_net_recurrent_income_per_student",
        "finance_value": 21957,
        "finance_status": "benchmark_average",
        "finance_method": "peer_group_average",
        "finance_peer_group": "VIC / Government / Outer Regional",
        "finance_source": "ACARA National Report on Schooling",
        "public_funding_year": null,
        "public_funding_jurisdiction": null,
        "public_funding_model": null,
        "public_funding_metric": null,
        "public_funding_value": null,
        "public_funding_unit": null,
        "public_funding_source": null
      }
    },
    {
      "type": "Feature",
      "geometry": {
        "type": "Point",
        "coordinates": [
          145.003,
          -37.679
        ]
      },
      "properties": {
        "education_id": "edu-299352-0-acara-45473",
        "member_id": "aph-299352",
        "member": "STEWART, Jana Naretha Ann",
        "family_name": "Stewart",
        "given_name": "Jana",
        "gender": "Female",
        "dob": "1987-08-27 00:00:00",
        "chamber": "senate",
        "party": "Australian Labor Party",
        "party_abbrev": "ALP",
        "electorate": NaN,
        "state_or_territory": "Vic",
        "is_opening_day_member": true,
        "is_current_member": true,
        "institution_id": "acara-45473",
        "acara_id": "45473",
        "school_name": "Thomastown Secondary College",
        "school_type": "Sec",
        "school_sector": "Government",
        "campus_type": "Sec",
        "school_state": "VIC",
        "school_suburb": "Thomastown",
        "school_postcode": "3074",
        "years_attended": null,
        "graduation_year": null,
        "attended_status": "graduated",
        "confidence": "verified",
        "historical_2021_net_recurrent_income_per_student": null,
        "finance_year": 2024,
        "finance_metric": "total_net_recurrent_income_per_student",
        "finance_value": 19162,
        "finance_status": "benchmark_average",
        "finance_method": "peer_group_average",
        "finance_peer_group": "VIC / Government / Major Cities",
        "finance_source": "ACARA National Report on Schooling",
        "public_funding_year": null,
        "public_funding_jurisdiction": null,
        "public_funding_model": null,
        "public_funding_metric": null,
        "public_funding_value": null,
        "public_funding_unit": null,
        "public_funding_source": null
      }
    },
    {
      "type": "Feature",
      "geometry": {
        "type": "Point",
        "coordinates": [
          115.865,
          -32.024
        ]
      },
      "properties": {
        "education_id": "edu-242515-0-acara-48916",
        "member_id": "aph-242515",
        "member": "SUKKAR, the Hon. Michael Sven",
        "family_name": "Sukkar",
        "given_name": "Michael",
        "gender": "Male",
        "dob": "1981-09-11 00:00:00",
        "chamber": "representatives",
        "party": "Liberal Party of Australia",
        "party_abbrev": "LIB",
        "electorate": "Deakin",
        "state_or_territory": "Vic",
        "is_opening_day_member": true,
        "is_current_member": true,
        "institution_id": "acara-48916",
        "acara_id": "48916",
        "school_name": "Aquinas College",
        "school_type": "Pri/Sec",
        "school_sector": "Catholic",
        "campus_type": "Pri/Sec",
        "school_state": "WA",
        "school_suburb": "Salter Point",
        "school_postcode": "6152",
        "years_attended": null,
        "graduation_year": null,
        "attended_status": "graduated",
        "confidence": "verified",
        "historical_2021_net_recurrent_income_per_student": null,
        "finance_year": 2024,
        "finance_metric": "total_net_recurrent_income_per_student",
        "finance_value": 22244,
        "finance_status": "benchmark_average",
        "finance_method": "peer_group_average",
        "finance_peer_group": "WA / Catholic / Major Cities",
        "finance_source": "ACARA National Report on Schooling",
        "public_funding_year": null,
        "public_funding_jurisdiction": null,
        "public_funding_model": null,
        "public_funding_metric": null,
        "public_funding_value": null,
        "public_funding_unit": null,
        "public_funding_source": null
      }
    },
    {
      "type": "Feature",
      "geometry": {
        "type": "Point",
        "coordinates": [
          151.486,
          -32.8101
        ]
      },
      "properties": {
        "education_id": "edu-264170-0-acara-42095",
        "member_id": "aph-264170",
        "member": "SWANSON, Meryl Jane",
        "family_name": "Swanson",
        "given_name": "Meryl",
        "gender": "Female",
        "dob": "1970-09-03 00:00:00",
        "chamber": "representatives",
        "party": "Australian Labor Party",
        "party_abbrev": "ALP",
        "electorate": "Paterson",
        "state_or_territory": "NSW",
        "is_opening_day_member": true,
        "is_current_member": true,
        "institution_id": "acara-42095",
        "acara_id": "42095",
        "school_name": "Kurri Kurri High School",
        "school_type": "Sec",
        "school_sector": "Government",
        "campus_type": "Sec",
        "school_state": "NSW",
        "school_suburb": "Kurri Kurri",
        "school_postcode": "2327",
        "years_attended": null,
        "graduation_year": null,
        "attended_status": "graduated",
        "confidence": "verified",
        "historical_2021_net_recurrent_income_per_student": 20155,
        "finance_year": 2024,
        "finance_metric": "total_net_recurrent_income_per_student",
        "finance_value": 23370,
        "finance_status": "estimated_indexed",
        "finance_method": "acara_state_sector_geolocation_index",
        "finance_peer_group": "NSW / Government / Major Cities",
        "finance_source": "ACARA National Report on Schooling",
        "public_funding_year": null,
        "public_funding_jurisdiction": null,
        "public_funding_model": null,
        "public_funding_metric": null,
        "public_funding_value": null,
        "public_funding_unit": null,
        "public_funding_source": null
      }
    },
    {
      "type": "Feature",
      "geometry": {
        "type": "Point",
        "coordinates": [
          151.026,
          -33.7886
        ]
      },
      "properties": {
        "education_id": "edu-231027-0-acara-43883",
        "member_id": "aph-231027",
        "member": "TAYLOR, the Hon. Angus James",
        "family_name": "Taylor",
        "given_name": "Angus",
        "gender": "Male",
        "dob": "1966-09-30 00:00:00",
        "chamber": "representatives",
        "party": "Liberal Party of Australia",
        "party_abbrev": "LIB",
        "electorate": "Hume",
        "state_or_territory": "NSW",
        "is_opening_day_member": true,
        "is_current_member": true,
        "institution_id": "acara-43883",
        "acara_id": "43883",
        "school_name": "The King's School",
        "school_type": "Pri/Sec",
        "school_sector": "Independent",
        "campus_type": "Pri/Sec",
        "school_state": "NSW",
        "school_suburb": "North Parramatta",
        "school_postcode": "2151",
        "years_attended": null,
        "graduation_year": null,
        "attended_status": "graduated",
        "confidence": "verified",
        "historical_2021_net_recurrent_income_per_student": 39550,
        "finance_year": 2024,
        "finance_metric": "total_net_recurrent_income_per_student",
        "finance_value": 41013,
        "finance_status": "estimated_indexed",
        "finance_method": "acara_state_sector_geolocation_index",
        "finance_peer_group": "NSW / Independent / Major Cities",
        "finance_source": "ACARA National Report on Schooling",
        "public_funding_year": null,
        "public_funding_jurisdiction": null,
        "public_funding_model": null,
        "public_funding_metric": null,
        "public_funding_value": null,
        "public_funding_unit": null,
        "public_funding_source": null
      }
    },
    {
      "type": "Feature",
      "geometry": {
        "type": "Point",
        "coordinates": [
          152.929,
          -27.0705
        ]
      },
      "properties": {
        "education_id": "edu-210911-0-acara-47565",
        "member_id": "aph-210911",
        "member": "TEHAN, the Hon. Daniel (Dan) Thomas",
        "family_name": "Tehan",
        "given_name": "Daniel",
        "gender": "Male",
        "dob": "1968-01-27 00:00:00",
        "chamber": "representatives",
        "party": "Liberal Party of Australia",
        "party_abbrev": "LIB",
        "electorate": "Wannon",
        "state_or_territory": "Vic",
        "is_opening_day_member": true,
        "is_current_member": true,
        "institution_id": "acara-47565",
        "acara_id": "47565",
        "school_name": "Tullawong State High School",
        "school_type": "Sec",
        "school_sector": "Government",
        "campus_type": "Sec",
        "school_state": "QLD",
        "school_suburb": "Caboolture",
        "school_postcode": "4510",
        "years_attended": null,
        "graduation_year": null,
        "attended_status": "graduated",
        "confidence": "verified",
        "historical_2021_net_recurrent_income_per_student": null,
        "finance_year": 2024,
        "finance_metric": "total_net_recurrent_income_per_student",
        "finance_value": 19749,
        "finance_status": "benchmark_average",
        "finance_method": "peer_group_average",
        "finance_peer_group": "QLD / Government / Major Cities",
        "finance_source": "ACARA National Report on Schooling",
        "public_funding_year": null,
        "public_funding_jurisdiction": null,
        "public_funding_model": null,
        "public_funding_metric": null,
        "public_funding_value": null,
        "public_funding_unit": null,
        "public_funding_source": null
      }
    },
    {
      "type": "Feature",
      "geometry": {
        "type": "Point",
        "coordinates": [
          150.733,
          -33.7144
        ]
      },
      "properties": {
        "education_id": "edu-210911-1-acara-43223",
        "member_id": "aph-210911",
        "member": "TEHAN, the Hon. Daniel (Dan) Thomas",
        "family_name": "Tehan",
        "given_name": "Daniel",
        "gender": "Male",
        "dob": "1968-01-27 00:00:00",
        "chamber": "representatives",
        "party": "Liberal Party of Australia",
        "party_abbrev": "LIB",
        "electorate": "Wannon",
        "state_or_territory": "Vic",
        "is_opening_day_member": true,
        "is_current_member": true,
        "institution_id": "acara-43223",
        "acara_id": "43223",
        "school_name": "Xavier College",
        "school_type": "Sec",
        "school_sector": "Catholic",
        "campus_type": "Sec",
        "school_state": "NSW",
        "school_suburb": "Llandilo",
        "school_postcode": "2747",
        "years_attended": null,
        "graduation_year": null,
        "attended_status": "graduated",
        "confidence": "verified",
        "historical_2021_net_recurrent_income_per_student": null,
        "finance_year": 2024,
        "finance_metric": "total_net_recurrent_income_per_student",
        "finance_value": 21184,
        "finance_status": "benchmark_average",
        "finance_method": "peer_group_average",
        "finance_peer_group": "NSW / Catholic / Major Cities",
        "finance_source": "ACARA National Report on Schooling",
        "public_funding_year": null,
        "public_funding_jurisdiction": null,
        "public_funding_model": null,
        "public_funding_metric": null,
        "public_funding_value": null,
        "public_funding_unit": null,
        "public_funding_source": null
      }
    },
    {
      "type": "Feature",
      "geometry": {
        "type": "Point",
        "coordinates": [
          138.734,
          -34.5761
        ]
      },
      "properties": {
        "education_id": "edu-210911-1-acara-49726",
        "member_id": "aph-210911",
        "member": "TEHAN, the Hon. Daniel (Dan) Thomas",
        "family_name": "Tehan",
        "given_name": "Daniel",
        "gender": "Male",
        "dob": "1968-01-27 00:00:00",
        "chamber": "representatives",
        "party": "Liberal Party of Australia",
        "party_abbrev": "LIB",
        "electorate": "Wannon",
        "state_or_territory": "Vic",
        "is_opening_day_member": true,
        "is_current_member": true,
        "institution_id": "acara-49726",
        "acara_id": "49726",
        "school_name": "Xavier College - Head Campus",
        "school_type": "Sec",
        "school_sector": "Catholic",
        "campus_type": "Sec",
        "school_state": "SA",
        "school_suburb": "Gawler Belt",
        "school_postcode": "5118",
        "years_attended": null,
        "graduation_year": null,
        "attended_status": "graduated",
        "confidence": "verified",
        "historical_2021_net_recurrent_income_per_student": null,
        "finance_year": 2024,
        "finance_metric": "total_net_recurrent_income_per_student",
        "finance_value": 21608,
        "finance_status": "benchmark_average",
        "finance_method": "peer_group_average",
        "finance_peer_group": "SA / Catholic / Major Cities",
        "finance_source": "ACARA National Report on Schooling",
        "public_funding_year": null,
        "public_funding_jurisdiction": null,
        "public_funding_model": null,
        "public_funding_metric": null,
        "public_funding_value": null,
        "public_funding_unit": null,
        "public_funding_source": null
      }
    },
    {
      "type": "Feature",
      "geometry": {
        "type": "Point",
        "coordinates": [
          148.159,
          -23.5447
        ]
      },
      "properties": {
        "education_id": "edu-182468-0-acara-47647",
        "member_id": "aph-182468",
        "member": "THISTLETHWAITE, the Hon. Matthew (Matt) James",
        "family_name": "Thistlethwaite",
        "given_name": "Matthew",
        "gender": "Male",
        "dob": "1972-09-06 00:00:00",
        "chamber": "representatives",
        "party": "Australian Labor Party",
        "party_abbrev": "ALP",
        "electorate": "Kingsford Smith",
        "state_or_territory": "NSW",
        "is_opening_day_member": true,
        "is_current_member": true,
        "institution_id": "acara-47647",
        "acara_id": "47647",
        "school_name": "Marist College",
        "school_type": "Sec",
        "school_sector": "Catholic",
        "campus_type": "Sec",
        "school_state": "QLD",
        "school_suburb": "Emerald",
        "school_postcode": "4720",
        "years_attended": null,
        "graduation_year": null,
        "attended_status": "graduated",
        "confidence": "verified",
        "historical_2021_net_recurrent_income_per_student": null,
        "finance_year": 2024,
        "finance_metric": "total_net_recurrent_income_per_student",
        "finance_value": 24516,
        "finance_status": "benchmark_average",
        "finance_method": "peer_group_average",
        "finance_peer_group": "QLD / Catholic / Outer Regional",
        "finance_source": "ACARA National Report on Schooling",
        "public_funding_year": null,
        "public_funding_jurisdiction": null,
        "public_funding_model": null,
        "public_funding_metric": null,
        "public_funding_value": null,
        "public_funding_unit": null,
        "public_funding_source": null
      }
    },
    {
      "type": "Feature",
      "geometry": {
        "type": "Point",
        "coordinates": [
          145.038,
          -37.8148
        ]
      },
      "properties": {
        "education_id": "edu-282212-0-acara-46144",
        "member_id": "aph-282212",
        "member": "THWAITES, the Hon. Kate Lynne",
        "family_name": "Thwaites",
        "given_name": "Kate",
        "gender": "Female",
        "dob": "1980-01-19 00:00:00",
        "chamber": "representatives",
        "party": "Australian Labor Party",
        "party_abbrev": "ALP",
        "electorate": "Jagajaga",
        "state_or_territory": "Vic",
        "is_opening_day_member": true,
        "is_current_member": true,
        "institution_id": "acara-46144",
        "acara_id": "46144",
        "school_name": "Methodist Ladies' College",
        "school_type": "Pri/Sec",
        "school_sector": "Independent",
        "campus_type": "Pri/Sec",
        "school_state": "VIC",
        "school_suburb": "Kew",
        "school_postcode": "3101",
        "years_attended": null,
        "graduation_year": null,
        "attended_status": "graduated",
        "confidence": "verified",
        "historical_2021_net_recurrent_income_per_student": 36644,
        "finance_year": 2024,
        "finance_metric": "total_net_recurrent_income_per_student",
        "finance_value": 38000,
        "finance_status": "estimated_indexed",
        "finance_method": "acara_state_sector_geolocation_index",
        "finance_peer_group": "VIC / Independent / Major Cities",
        "finance_source": "ACARA National Report on Schooling",
        "public_funding_year": null,
        "public_funding_jurisdiction": null,
        "public_funding_model": null,
        "public_funding_metric": null,
        "public_funding_value": null,
        "public_funding_unit": null,
        "public_funding_source": null
      }
    },
    {
      "type": "Feature",
      "geometry": {
        "type": "Point",
        "coordinates": [
          149.28376,
          -31.282773
        ]
      },
      "properties": {
        "education_id": "edu-300124-0-acara-43109",
        "member_id": "aph-300124",
        "member": "TINK, Kylea",
        "family_name": "Tink",
        "given_name": "Kylea",
        "gender": "Female",
        "dob": "1970-09-05 00:00:00",
        "chamber": "representatives",
        "party": "Independent",
        "party_abbrev": "IND",
        "electorate": "North Sydney",
        "state_or_territory": "NSW",
        "is_opening_day_member": true,
        "is_current_member": false,
        "institution_id": "acara-43109",
        "acara_id": "43109",
        "school_name": "Coonabarabran High School",
        "school_type": "Sec",
        "school_sector": "Government",
        "campus_type": "Sec",
        "school_state": "NSW",
        "school_suburb": "Coonabarabran",
        "school_postcode": "2357",
        "years_attended": null,
        "graduation_year": null,
        "attended_status": "graduated",
        "confidence": "verified",
        "historical_2021_net_recurrent_income_per_student": 26126,
        "finance_year": 2024,
        "finance_metric": "total_net_recurrent_income_per_student",
        "finance_value": 30293,
        "finance_status": "estimated_indexed",
        "finance_method": "acara_state_sector_geolocation_index",
        "finance_peer_group": "NSW / Government / Outer Regional",
        "finance_source": "ACARA National Report on Schooling",
        "public_funding_year": 2024,
        "public_funding_jurisdiction": "NSW",
        "public_funding_model": "Resource Allocation Model (RAM)",
        "public_funding_metric": "ram_allocation_total",
        "public_funding_value": 6230000.0,
        "public_funding_unit": "AUD",
        "public_funding_source": "Data.NSW Education Resource Allocation Model"
      }
    },
    {
      "type": "Feature",
      "geometry": {
        "type": "Point",
        "coordinates": [
          145.146,
          -37.996
        ]
      },
      "properties": {
        "education_id": "edu-m2y-0-acara-46189",
        "member_id": "aph-m2y",
        "member": "TUDGE, the Hon. Alan Edward",
        "family_name": "Tudge",
        "given_name": "Alan",
        "gender": "Male",
        "dob": "1971-02-24 00:00:00",
        "chamber": "representatives",
        "party": "Liberal Party of Australia",
        "party_abbrev": "LIB",
        "electorate": "Aston",
        "state_or_territory": "Vic",
        "is_opening_day_member": true,
        "is_current_member": false,
        "institution_id": "acara-46189",
        "acara_id": "46189",
        "school_name": "Haileybury College - Keysborough Boys",
        "school_type": "Pri/Sec",
        "school_sector": "Independent",
        "campus_type": "Pri/Sec",
        "school_state": "VIC",
        "school_suburb": "Keysborough",
        "school_postcode": "3173",
        "years_attended": null,
        "graduation_year": null,
        "attended_status": "graduated",
        "confidence": "verified",
        "historical_2021_net_recurrent_income_per_student": null,
        "finance_year": 2024,
        "finance_metric": "total_net_recurrent_income_per_student",
        "finance_value": 26946,
        "finance_status": "benchmark_average",
        "finance_method": "peer_group_average",
        "finance_peer_group": "VIC / Independent / Major Cities",
        "finance_source": "ACARA National Report on Schooling",
        "public_funding_year": null,
        "public_funding_jurisdiction": null,
        "public_funding_model": null,
        "public_funding_metric": null,
        "public_funding_value": null,
        "public_funding_unit": null,
        "public_funding_source": null
      }
    },
    {
      "type": "Feature",
      "geometry": {
        "type": "Point",
        "coordinates": [
          146.333,
          -41.1676
        ]
      },
      "properties": {
        "education_id": "edu-300639-1-acara-50255",
        "member_id": "aph-300639",
        "member": "TYRRELL, Tammy Marie",
        "family_name": "Tyrrell",
        "given_name": "Tammy",
        "gender": "Female",
        "dob": "1970-08-01 00:00:00",
        "chamber": "senate",
        "party": "Australian Labor Party",
        "party_abbrev": "ALP",
        "electorate": NaN,
        "state_or_territory": "Tas",
        "is_opening_day_member": true,
        "is_current_member": true,
        "institution_id": "acara-50255",
        "acara_id": "50255",
        "school_name": "Don College",
        "school_type": "Sec",
        "school_sector": "Government",
        "campus_type": "Sec",
        "school_state": "TAS",
        "school_suburb": "Devonport",
        "school_postcode": "7310",
        "years_attended": null,
        "graduation_year": null,
        "attended_status": "graduated",
        "confidence": "verified",
        "historical_2021_net_recurrent_income_per_student": 18410,
        "finance_year": 2024,
        "finance_metric": "total_net_recurrent_income_per_student",
        "finance_value": 21347,
        "finance_status": "estimated_indexed",
        "finance_method": "acara_state_sector_geolocation_index",
        "finance_peer_group": "TAS / Government / Inner Regional",
        "finance_source": "ACARA National Report on Schooling",
        "public_funding_year": null,
        "public_funding_jurisdiction": null,
        "public_funding_model": null,
        "public_funding_metric": null,
        "public_funding_value": null,
        "public_funding_unit": null,
        "public_funding_source": null
      }
    },
    {
      "type": "Feature",
      "geometry": {
        "type": "Point",
        "coordinates": [
          147.296,
          -42.8381
        ]
      },
      "properties": {
        "education_id": "edu-300639-0-acara-40115",
        "member_id": "aph-300639",
        "member": "TYRRELL, Tammy Marie",
        "family_name": "Tyrrell",
        "given_name": "Tammy",
        "gender": "Female",
        "dob": "1970-08-01 00:00:00",
        "chamber": "senate",
        "party": "Australian Labor Party",
        "party_abbrev": "ALP",
        "electorate": NaN,
        "state_or_territory": "Tas",
        "is_opening_day_member": true,
        "is_current_member": true,
        "institution_id": "acara-40115",
        "acara_id": "40115",
        "school_name": "Moonah Primary School",
        "school_type": "Prim",
        "school_sector": "Government",
        "campus_type": "Prim",
        "school_state": "TAS",
        "school_suburb": "Derwent Park",
        "school_postcode": "7009",
        "years_attended": null,
        "graduation_year": null,
        "attended_status": "graduated",
        "confidence": "verified",
        "historical_2021_net_recurrent_income_per_student": null,
        "finance_year": 2024,
        "finance_metric": "total_net_recurrent_income_per_student",
        "finance_value": 22022,
        "finance_status": "benchmark_average",
        "finance_method": "peer_group_average",
        "finance_peer_group": "TAS / Government / Inner Regional",
        "finance_source": "ACARA National Report on Schooling",
        "public_funding_year": null,
        "public_funding_jurisdiction": null,
        "public_funding_model": null,
        "public_funding_metric": null,
        "public_funding_value": null,
        "public_funding_unit": null,
        "public_funding_source": null
      }
    },
    {
      "type": "Feature",
      "geometry": {
        "type": "Point",
        "coordinates": [
          147.296,
          -42.8381
        ]
      },
      "properties": {
        "education_id": "edu-231199-0-acara-40115",
        "member_id": "aph-231199",
        "member": "URQUHART, Anne Elizabeth",
        "family_name": "Urquhart",
        "given_name": "Anne",
        "gender": "Female",
        "dob": "1957-10-18 00:00:00",
        "chamber": "representatives",
        "party": "Australian Labor Party",
        "party_abbrev": "ALP",
        "electorate": "Braddon",
        "state_or_territory": "Tas",
        "is_opening_day_member": true,
        "is_current_member": true,
        "institution_id": "acara-40115",
        "acara_id": "40115",
        "school_name": "Moonah Primary School",
        "school_type": "Prim",
        "school_sector": "Government",
        "campus_type": "Prim",
        "school_state": "TAS",
        "school_suburb": "Derwent Park",
        "school_postcode": "7009",
        "years_attended": null,
        "graduation_year": null,
        "attended_status": "graduated",
        "confidence": "verified",
        "historical_2021_net_recurrent_income_per_student": null,
        "finance_year": 2024,
        "finance_metric": "total_net_recurrent_income_per_student",
        "finance_value": 22022,
        "finance_status": "benchmark_average",
        "finance_method": "peer_group_average",
        "finance_peer_group": "TAS / Government / Inner Regional",
        "finance_source": "ACARA National Report on Schooling",
        "public_funding_year": null,
        "public_funding_jurisdiction": null,
        "public_funding_model": null,
        "public_funding_metric": null,
        "public_funding_value": null,
        "public_funding_unit": null,
        "public_funding_source": null
      }
    },
    {
      "type": "Feature",
      "geometry": {
        "type": "Point",
        "coordinates": [
          145.062,
          -37.9267
        ]
      },
      "properties": {
        "education_id": "edu-00amt-0-acara-45115",
        "member_id": "aph-00amt",
        "member": "VAMVAKINOU, Maria",
        "family_name": "Vamvakinou",
        "given_name": "Maria",
        "gender": "Female",
        "dob": "1959-01-04 00:00:00",
        "chamber": "representatives",
        "party": "Australian Labor Party",
        "party_abbrev": "ALP",
        "electorate": "Calwell",
        "state_or_territory": "Vic",
        "is_opening_day_member": true,
        "is_current_member": false,
        "institution_id": "acara-45115",
        "acara_id": "45115",
        "school_name": "Southern Autistic School",
        "school_type": "Special",
        "school_sector": "Government",
        "campus_type": "Special",
        "school_state": "VIC",
        "school_suburb": "East Bentleigh",
        "school_postcode": "3165",
        "years_attended": null,
        "graduation_year": null,
        "attended_status": "graduated",
        "confidence": "verified",
        "historical_2021_net_recurrent_income_per_student": null,
        "finance_year": 2024,
        "finance_metric": "total_net_recurrent_income_per_student",
        "finance_value": 19162,
        "finance_status": "benchmark_average",
        "finance_method": "peer_group_average",
        "finance_peer_group": "VIC / Government / Major Cities",
        "finance_source": "ACARA National Report on Schooling",
        "public_funding_year": null,
        "public_funding_jurisdiction": null,
        "public_funding_model": null,
        "public_funding_metric": null,
        "public_funding_value": null,
        "public_funding_unit": null,
        "public_funding_source": null
      }
    },
    {
      "type": "Feature",
      "geometry": {
        "type": "Point",
        "coordinates": [
          145.068,
          -37.9912
        ]
      },
      "properties": {
        "education_id": "edu-283601-0-acara-45855",
        "member_id": "aph-283601",
        "member": "VAN, David Allan",
        "family_name": "Van",
        "given_name": "David",
        "gender": "Male",
        "dob": "1964-11-14 00:00:00",
        "chamber": "senate",
        "party": "Independent",
        "party_abbrev": "IND",
        "electorate": NaN,
        "state_or_territory": "Vic",
        "is_opening_day_member": true,
        "is_current_member": true,
        "institution_id": "acara-45855",
        "acara_id": "45855",
        "school_name": "St Bede's College",
        "school_type": "Sec",
        "school_sector": "Catholic",
        "campus_type": "Sec",
        "school_state": "VIC",
        "school_suburb": "Mentone",
        "school_postcode": "3194",
        "years_attended": null,
        "graduation_year": null,
        "attended_status": "graduated",
        "confidence": "verified",
        "historical_2021_net_recurrent_income_per_student": 16323,
        "finance_year": 2024,
        "finance_metric": "total_net_recurrent_income_per_student",
        "finance_value": 18575,
        "finance_status": "estimated_indexed",
        "finance_method": "acara_state_sector_geolocation_index",
        "finance_peer_group": "VIC / Catholic / Major Cities",
        "finance_source": "ACARA National Report on Schooling",
        "public_funding_year": null,
        "public_funding_jurisdiction": null,
        "public_funding_model": null,
        "public_funding_metric": null,
        "public_funding_value": null,
        "public_funding_unit": null,
        "public_funding_source": null
      }
    },
    {
      "type": "Feature",
      "geometry": {
        "type": "Point",
        "coordinates": [
          153.052,
          -27.4965
        ]
      },
      "properties": {
        "education_id": "edu-e0d-0-acara-47858",
        "member_id": "aph-e0d",
        "member": "VASTA, Ross Xavier",
        "family_name": "Vasta",
        "given_name": "Ross",
        "gender": "Male",
        "dob": "1966-10-08 00:00:00",
        "chamber": "representatives",
        "party": "Liberal Party of Australia",
        "party_abbrev": "LIB",
        "electorate": "Bonner",
        "state_or_territory": "Qld",
        "is_opening_day_member": true,
        "is_current_member": true,
        "institution_id": "acara-47858",
        "acara_id": "47858",
        "school_name": "Villanova College",
        "school_type": "Pri/Sec",
        "school_sector": "Catholic",
        "campus_type": "Pri/Sec",
        "school_state": "QLD",
        "school_suburb": "Coorparoo",
        "school_postcode": "4151",
        "years_attended": null,
        "graduation_year": null,
        "attended_status": "graduated",
        "confidence": "verified",
        "historical_2021_net_recurrent_income_per_student": 19107,
        "finance_year": 2024,
        "finance_metric": "total_net_recurrent_income_per_student",
        "finance_value": 21743,
        "finance_status": "estimated_indexed",
        "finance_method": "acara_state_sector_geolocation_index",
        "finance_peer_group": "QLD / Catholic / Major Cities",
        "finance_source": "ACARA National Report on Schooling",
        "public_funding_year": null,
        "public_funding_jurisdiction": null,
        "public_funding_model": null,
        "public_funding_metric": null,
        "public_funding_value": null,
        "public_funding_unit": null,
        "public_funding_source": null
      }
    },
    {
      "type": "Feature",
      "geometry": {
        "type": "Point",
        "coordinates": [
          145.358,
          -37.7508
        ]
      },
      "properties": {
        "education_id": "edu-300147-0-acara-45706",
        "member_id": "aph-300147",
        "member": "VIOLI, Aaron",
        "family_name": "Violi",
        "given_name": "Aaron",
        "gender": "Male",
        "dob": "1984-08-06 00:00:00",
        "chamber": "representatives",
        "party": "Liberal Party of Australia",
        "party_abbrev": "LIB",
        "electorate": "Casey",
        "state_or_territory": "Vic",
        "is_opening_day_member": true,
        "is_current_member": true,
        "institution_id": "acara-45706",
        "acara_id": "45706",
        "school_name": "Mount Lilydale Mercy College",
        "school_type": "Sec",
        "school_sector": "Catholic",
        "campus_type": "Sec",
        "school_state": "VIC",
        "school_suburb": "Lilydale",
        "school_postcode": "3140",
        "years_attended": null,
        "graduation_year": null,
        "attended_status": "graduated",
        "confidence": "verified",
        "historical_2021_net_recurrent_income_per_student": 18214,
        "finance_year": 2024,
        "finance_metric": "total_net_recurrent_income_per_student",
        "finance_value": 20727,
        "finance_status": "estimated_indexed",
        "finance_method": "acara_state_sector_geolocation_index",
        "finance_peer_group": "VIC / Catholic / Major Cities",
        "finance_source": "ACARA National Report on Schooling",
        "public_funding_year": null,
        "public_funding_jurisdiction": null,
        "public_funding_model": null,
        "public_funding_metric": null,
        "public_funding_value": null,
        "public_funding_unit": null,
        "public_funding_source": null
      }
    },
    {
      "type": "Feature",
      "geometry": {
        "type": "Point",
        "coordinates": [
          145.068,
          -37.9912
        ]
      },
      "properties": {
        "education_id": "edu-265967-0-acara-45855",
        "member_id": "aph-265967",
        "member": "WALLACE, Andrew Bruce",
        "family_name": "Wallace",
        "given_name": "Andrew",
        "gender": "Male",
        "dob": "1968-04-23 00:00:00",
        "chamber": "representatives",
        "party": "Liberal Party of Australia",
        "party_abbrev": "LIB",
        "electorate": "Fisher",
        "state_or_territory": "Qld",
        "is_opening_day_member": true,
        "is_current_member": true,
        "institution_id": "acara-45855",
        "acara_id": "45855",
        "school_name": "St Bede's College",
        "school_type": "Sec",
        "school_sector": "Catholic",
        "campus_type": "Sec",
        "school_state": "VIC",
        "school_suburb": "Mentone",
        "school_postcode": "3194",
        "years_attended": null,
        "graduation_year": null,
        "attended_status": "graduated",
        "confidence": "verified",
        "historical_2021_net_recurrent_income_per_student": 16323,
        "finance_year": 2024,
        "finance_metric": "total_net_recurrent_income_per_student",
        "finance_value": 18575,
        "finance_status": "estimated_indexed",
        "finance_method": "acara_state_sector_geolocation_index",
        "finance_peer_group": "VIC / Catholic / Major Cities",
        "finance_source": "ACARA National Report on Schooling",
        "public_funding_year": null,
        "public_funding_jurisdiction": null,
        "public_funding_model": null,
        "public_funding_metric": null,
        "public_funding_value": null,
        "public_funding_unit": null,
        "public_funding_source": null
      }
    },
    {
      "type": "Feature",
      "geometry": {
        "type": "Point",
        "coordinates": [
          151.136,
          -33.9591
        ]
      },
      "properties": {
        "education_id": "edu-300123-0-acara-41148",
        "member_id": "aph-300123",
        "member": "WARE, Jennifer (Jenny) Lesley",
        "family_name": "Ware",
        "given_name": "Jennifer",
        "gender": "Female",
        "dob": "1970-10-21 00:00:00",
        "chamber": "representatives",
        "party": "Liberal Party of Australia",
        "party_abbrev": "LIB",
        "electorate": "Hughes",
        "state_or_territory": "NSW",
        "is_opening_day_member": true,
        "is_current_member": true,
        "institution_id": "acara-41148",
        "acara_id": "41148",
        "school_name": "St George Girls High School",
        "school_type": "Sec",
        "school_sector": "Government",
        "campus_type": "Sec",
        "school_state": "NSW",
        "school_suburb": "Kogarah",
        "school_postcode": "2217",
        "years_attended": null,
        "graduation_year": null,
        "attended_status": "graduated",
        "confidence": "verified",
        "historical_2021_net_recurrent_income_per_student": 14483,
        "finance_year": 2024,
        "finance_metric": "total_net_recurrent_income_per_student",
        "finance_value": 16793,
        "finance_status": "estimated_indexed",
        "finance_method": "acara_state_sector_geolocation_index",
        "finance_peer_group": "NSW / Government / Major Cities",
        "finance_source": "ACARA National Report on Schooling",
        "public_funding_year": null,
        "public_funding_jurisdiction": null,
        "public_funding_model": null,
        "public_funding_metric": null,
        "public_funding_value": null,
        "public_funding_unit": null,
        "public_funding_source": null
      }
    },
    {
      "type": "Feature",
      "geometry": {
        "type": "Point",
        "coordinates": [
          152.857,
          -26.7656
        ]
      },
      "properties": {
        "education_id": "edu-192970-0-acara-47555",
        "member_id": "aph-192970",
        "member": "WATERS, Larissa Joy",
        "family_name": "Waters",
        "given_name": "Larissa",
        "gender": "Female",
        "dob": "1977-02-08 00:00:00",
        "chamber": "senate",
        "party": "Australian Greens",
        "party_abbrev": "GRN",
        "electorate": NaN,
        "state_or_territory": "Qld",
        "is_opening_day_member": true,
        "is_current_member": true,
        "institution_id": "acara-47555",
        "acara_id": "47555",
        "school_name": "Maleny State High School",
        "school_type": "Sec",
        "school_sector": "Government",
        "campus_type": "Sec",
        "school_state": "QLD",
        "school_suburb": "Maleny",
        "school_postcode": "4552",
        "years_attended": null,
        "graduation_year": null,
        "attended_status": "graduated",
        "confidence": "verified",
        "historical_2021_net_recurrent_income_per_student": null,
        "finance_year": 2024,
        "finance_metric": "total_net_recurrent_income_per_student",
        "finance_value": 20983,
        "finance_status": "benchmark_average",
        "finance_method": "peer_group_average",
        "finance_peer_group": "QLD / Government / Inner Regional",
        "finance_source": "ACARA National Report on Schooling",
        "public_funding_year": null,
        "public_funding_jurisdiction": null,
        "public_funding_model": null,
        "public_funding_metric": null,
        "public_funding_value": null,
        "public_funding_unit": null,
        "public_funding_source": null
      }
    },
    {
      "type": "Feature",
      "geometry": {
        "type": "Point",
        "coordinates": [
          153.052,
          -27.42
        ]
      },
      "properties": {
        "education_id": "edu-300127-0-acara-48012",
        "member_id": "aph-300127",
        "member": "WATSON-BROWN, Elizabeth",
        "family_name": "Watson-Brown",
        "given_name": "Elizabeth",
        "gender": "Female",
        "dob": "1956-10-12 00:00:00",
        "chamber": "representatives",
        "party": "Australian Greens",
        "party_abbrev": "GRN",
        "electorate": "Ryan",
        "state_or_territory": "Qld",
        "is_opening_day_member": true,
        "is_current_member": true,
        "institution_id": "acara-48012",
        "acara_id": "48012",
        "school_name": "Clayfield College",
        "school_type": "Pri/Sec",
        "school_sector": "Independent",
        "campus_type": "Pri/Sec",
        "school_state": "QLD",
        "school_suburb": "Clayfield",
        "school_postcode": "4011",
        "years_attended": null,
        "graduation_year": null,
        "attended_status": "graduated",
        "confidence": "verified",
        "historical_2021_net_recurrent_income_per_student": 26930,
        "finance_year": 2024,
        "finance_metric": "total_net_recurrent_income_per_student",
        "finance_value": 27926,
        "finance_status": "estimated_indexed",
        "finance_method": "acara_state_sector_geolocation_index",
        "finance_peer_group": "QLD / Independent / Major Cities",
        "finance_source": "ACARA National Report on Schooling",
        "public_funding_year": null,
        "public_funding_jurisdiction": null,
        "public_funding_model": null,
        "public_funding_metric": null,
        "public_funding_value": null,
        "public_funding_unit": null,
        "public_funding_source": null
      }
    },
    {
      "type": "Feature",
      "geometry": {
        "type": "Point",
        "coordinates": [
          153.019,
          -27.4794
        ]
      },
      "properties": {
        "education_id": "edu-245759-0-acara-47408",
        "member_id": "aph-245759",
        "member": "WATT, the Hon. Murray Patrick",
        "family_name": "Watt",
        "given_name": "Murray",
        "gender": "Male",
        "dob": "1973-01-20 00:00:00",
        "chamber": "senate",
        "party": "Australian Labor Party",
        "party_abbrev": "ALP",
        "electorate": NaN,
        "state_or_territory": "Qld",
        "is_opening_day_member": true,
        "is_current_member": true,
        "institution_id": "acara-47408",
        "acara_id": "47408",
        "school_name": "Brisbane State High School",
        "school_type": "Sec",
        "school_sector": "Government",
        "campus_type": "Sec",
        "school_state": "QLD",
        "school_suburb": "South Brisbane",
        "school_postcode": "4101",
        "years_attended": null,
        "graduation_year": null,
        "attended_status": "graduated",
        "confidence": "verified",
        "historical_2021_net_recurrent_income_per_student": 13017,
        "finance_year": 2024,
        "finance_metric": "total_net_recurrent_income_per_student",
        "finance_value": 15093,
        "finance_status": "estimated_indexed",
        "finance_method": "acara_state_sector_geolocation_index",
        "finance_peer_group": "QLD / Government / Major Cities",
        "finance_source": "ACARA National Report on Schooling",
        "public_funding_year": null,
        "public_funding_jurisdiction": null,
        "public_funding_model": null,
        "public_funding_metric": null,
        "public_funding_value": null,
        "public_funding_unit": null,
        "public_funding_source": null
      }
    },
    {
      "type": "Feature",
      "geometry": {
        "type": "Point",
        "coordinates": [
          146.734,
          -19.3089
        ]
      },
      "properties": {
        "education_id": "edu-193430-0-acara-47525",
        "member_id": "aph-193430",
        "member": "WATTS, the Hon. Timothy (Tim) Graham",
        "family_name": "Watts",
        "given_name": "Timothy",
        "gender": "Male",
        "dob": "1982-06-08 00:00:00",
        "chamber": "representatives",
        "party": "Australian Labor Party",
        "party_abbrev": "ALP",
        "electorate": "Gellibrand",
        "state_or_territory": "Vic",
        "is_opening_day_member": true,
        "is_current_member": true,
        "institution_id": "acara-47525",
        "acara_id": "47525",
        "school_name": "Kirwan State High School",
        "school_type": "Sec",
        "school_sector": "Government",
        "campus_type": "Sec",
        "school_state": "QLD",
        "school_suburb": "Kirwan",
        "school_postcode": "4817",
        "years_attended": null,
        "graduation_year": null,
        "attended_status": "graduated",
        "confidence": "verified",
        "historical_2021_net_recurrent_income_per_student": null,
        "finance_year": 2024,
        "finance_metric": "total_net_recurrent_income_per_student",
        "finance_value": 22629,
        "finance_status": "benchmark_average",
        "finance_method": "peer_group_average",
        "finance_peer_group": "QLD / Government / Outer Regional",
        "finance_source": "ACARA National Report on Schooling",
        "public_funding_year": null,
        "public_funding_jurisdiction": null,
        "public_funding_model": null,
        "public_funding_metric": null,
        "public_funding_value": null,
        "public_funding_unit": null,
        "public_funding_source": null
      }
    },
    {
      "type": "Feature",
      "geometry": {
        "type": "Point",
        "coordinates": [
          145.15,
          -37.8104
        ]
      },
      "properties": {
        "education_id": "edu-281688-1-acara-45357",
        "member_id": "aph-281688",
        "member": "WEBSTER, Dr Anne Elizabeth",
        "family_name": "Webster",
        "given_name": "Anne",
        "gender": "Female",
        "dob": "1959-05-19 00:00:00",
        "chamber": "representatives",
        "party": "The Nationals",
        "party_abbrev": "NP",
        "electorate": "Mallee",
        "state_or_territory": "Vic",
        "is_opening_day_member": true,
        "is_current_member": true,
        "institution_id": "acara-45357",
        "acara_id": "45357",
        "school_name": "Blackburn High School",
        "school_type": "Sec",
        "school_sector": "Government",
        "campus_type": "Sec",
        "school_state": "VIC",
        "school_suburb": "Blackburn",
        "school_postcode": "3130",
        "years_attended": null,
        "graduation_year": null,
        "attended_status": "graduated",
        "confidence": "verified",
        "historical_2021_net_recurrent_income_per_student": 16743,
        "finance_year": 2024,
        "finance_metric": "total_net_recurrent_income_per_student",
        "finance_value": 19414,
        "finance_status": "estimated_indexed",
        "finance_method": "acara_state_sector_geolocation_index",
        "finance_peer_group": "VIC / Government / Major Cities",
        "finance_source": "ACARA National Report on Schooling",
        "public_funding_year": null,
        "public_funding_jurisdiction": null,
        "public_funding_model": null,
        "public_funding_metric": null,
        "public_funding_value": null,
        "public_funding_unit": null,
        "public_funding_source": null
      }
    },
    {
      "type": "Feature",
      "geometry": {
        "type": "Point",
        "coordinates": [
          143.454,
          -35.2904
        ]
      },
      "properties": {
        "education_id": "edu-281688-0-acara-45228",
        "member_id": "aph-281688",
        "member": "WEBSTER, Dr Anne Elizabeth",
        "family_name": "Webster",
        "given_name": "Anne",
        "gender": "Female",
        "dob": "1959-05-19 00:00:00",
        "chamber": "representatives",
        "party": "The Nationals",
        "party_abbrev": "NP",
        "electorate": "Mallee",
        "state_or_territory": "Vic",
        "is_opening_day_member": true,
        "is_current_member": true,
        "institution_id": "acara-45228",
        "acara_id": "45228",
        "school_name": "Woorinen District Primary School",
        "school_type": "Prim",
        "school_sector": "Government",
        "campus_type": "Prim",
        "school_state": "VIC",
        "school_suburb": "Woorinen South",
        "school_postcode": "3588",
        "years_attended": null,
        "graduation_year": null,
        "attended_status": "graduated",
        "confidence": "verified",
        "historical_2021_net_recurrent_income_per_student": null,
        "finance_year": 2024,
        "finance_metric": "total_net_recurrent_income_per_student",
        "finance_value": 21957,
        "finance_status": "benchmark_average",
        "finance_method": "peer_group_average",
        "finance_peer_group": "VIC / Government / Outer Regional",
        "finance_source": "ACARA National Report on Schooling",
        "public_funding_year": null,
        "public_funding_jurisdiction": null,
        "public_funding_model": null,
        "public_funding_metric": null,
        "public_funding_value": null,
        "public_funding_unit": null,
        "public_funding_source": null
      }
    },
    {
      "type": "Feature",
      "geometry": {
        "type": "Point",
        "coordinates": [
          153.152,
          -27.4705
        ]
      },
      "properties": {
        "education_id": "edu-264121-0-acara-48045",
        "member_id": "aph-264121",
        "member": "WELLS, the Hon. Anika Shay",
        "family_name": "Wells",
        "given_name": "Anika",
        "gender": "Female",
        "dob": "1985-08-11 00:00:00",
        "chamber": "representatives",
        "party": "Australian Labor Party",
        "party_abbrev": "ALP",
        "electorate": "Lilley",
        "state_or_territory": "Qld",
        "is_opening_day_member": true,
        "is_current_member": true,
        "institution_id": "acara-48045",
        "acara_id": "48045",
        "school_name": "Moreton Bay College",
        "school_type": "Pri/Sec",
        "school_sector": "Independent",
        "campus_type": "Pri/Sec",
        "school_state": "QLD",
        "school_suburb": "Manly West",
        "school_postcode": "4179",
        "years_attended": null,
        "graduation_year": null,
        "attended_status": "graduated",
        "confidence": "verified",
        "historical_2021_net_recurrent_income_per_student": 22220,
        "finance_year": 2024,
        "finance_metric": "total_net_recurrent_income_per_student",
        "finance_value": 23042,
        "finance_status": "estimated_indexed",
        "finance_method": "acara_state_sector_geolocation_index",
        "finance_peer_group": "QLD / Independent / Major Cities",
        "finance_source": "ACARA National Report on Schooling",
        "public_funding_year": null,
        "public_funding_jurisdiction": null,
        "public_funding_model": null,
        "public_funding_metric": null,
        "public_funding_value": null,
        "public_funding_unit": null,
        "public_funding_source": null
      }
    },
    {
      "type": "Feature",
      "geometry": {
        "type": "Point",
        "coordinates": [
          151.073,
          -33.7565
        ]
      },
      "properties": {
        "education_id": "edu-iwk-0-acara-41324",
        "member_id": "aph-iwk",
        "member": "WHITE, Linda",
        "family_name": "White",
        "given_name": "Linda",
        "gender": "Female",
        "dob": "NaT",
        "chamber": "senate",
        "party": "Australian Labor Party",
        "party_abbrev": "ALP",
        "electorate": NaN,
        "state_or_territory": "Vic",
        "is_opening_day_member": true,
        "is_current_member": false,
        "institution_id": "acara-41324",
        "acara_id": "41324",
        "school_name": "Cheltenham Girls High School",
        "school_type": "Sec",
        "school_sector": "Government",
        "campus_type": "Sec",
        "school_state": "NSW",
        "school_suburb": "Beecroft",
        "school_postcode": "2119",
        "years_attended": null,
        "graduation_year": null,
        "attended_status": "graduated",
        "confidence": "verified",
        "historical_2021_net_recurrent_income_per_student": 14365,
        "finance_year": 2024,
        "finance_metric": "total_net_recurrent_income_per_student",
        "finance_value": 16656,
        "finance_status": "estimated_indexed",
        "finance_method": "acara_state_sector_geolocation_index",
        "finance_peer_group": "NSW / Government / Major Cities",
        "finance_source": "ACARA National Report on Schooling",
        "public_funding_year": 2024,
        "public_funding_jurisdiction": "NSW",
        "public_funding_model": "Resource Allocation Model (RAM)",
        "public_funding_metric": "ram_allocation_total",
        "public_funding_value": 10830000.0,
        "public_funding_unit": "AUD",
        "public_funding_source": "Data.NSW Education Resource Allocation Model"
      }
    },
    {
      "type": "Feature",
      "geometry": {
        "type": "Point",
        "coordinates": [
          115.753,
          -32.0518
        ]
      },
      "properties": {
        "education_id": "edu-c2t-1-acara-48892",
        "member_id": "aph-c2t",
        "member": "WILKIE, Andrew Damien",
        "family_name": "Wilkie",
        "given_name": "Andrew",
        "gender": "Male",
        "dob": "1961-11-08 00:00:00",
        "chamber": "representatives",
        "party": "Independent",
        "party_abbrev": "IND",
        "electorate": "Clark",
        "state_or_territory": "Tas",
        "is_opening_day_member": true,
        "is_current_member": true,
        "institution_id": "acara-48892",
        "acara_id": "48892",
        "school_name": "Christian Brothers' College",
        "school_type": "Sec",
        "school_sector": "Catholic",
        "campus_type": "Sec",
        "school_state": "WA",
        "school_suburb": "Fremantle",
        "school_postcode": "6160",
        "years_attended": null,
        "graduation_year": null,
        "attended_status": "graduated",
        "confidence": "verified",
        "historical_2021_net_recurrent_income_per_student": 19392,
        "finance_year": 2024,
        "finance_metric": "total_net_recurrent_income_per_student",
        "finance_value": 22067,
        "finance_status": "estimated_indexed",
        "finance_method": "acara_state_sector_geolocation_index",
        "finance_peer_group": "WA / Catholic / Major Cities",
        "finance_source": "ACARA National Report on Schooling",
        "public_funding_year": null,
        "public_funding_jurisdiction": null,
        "public_funding_model": null,
        "public_funding_metric": null,
        "public_funding_value": null,
        "public_funding_unit": null,
        "public_funding_source": null
      }
    },
    {
      "type": "Feature",
      "geometry": {
        "type": "Point",
        "coordinates": [
          150.919,
          -31.0728
        ]
      },
      "properties": {
        "education_id": "edu-c2t-2-acara-43652",
        "member_id": "aph-c2t",
        "member": "WILKIE, Andrew Damien",
        "family_name": "Wilkie",
        "given_name": "Andrew",
        "gender": "Male",
        "dob": "1961-11-08 00:00:00",
        "chamber": "representatives",
        "party": "Independent",
        "party_abbrev": "IND",
        "electorate": "Clark",
        "state_or_territory": "Tas",
        "is_opening_day_member": true,
        "is_current_member": true,
        "institution_id": "acara-43652",
        "acara_id": "43652",
        "school_name": "McCarthy Catholic College",
        "school_type": "Sec",
        "school_sector": "Catholic",
        "campus_type": "Sec",
        "school_state": "NSW",
        "school_suburb": "West Tamworth",
        "school_postcode": "2340",
        "years_attended": null,
        "graduation_year": null,
        "attended_status": "graduated",
        "confidence": "verified",
        "historical_2021_net_recurrent_income_per_student": null,
        "finance_year": 2024,
        "finance_metric": "total_net_recurrent_income_per_student",
        "finance_value": 22508,
        "finance_status": "benchmark_average",
        "finance_method": "peer_group_average",
        "finance_peer_group": "NSW / Catholic / Inner Regional",
        "finance_source": "ACARA National Report on Schooling",
        "public_funding_year": null,
        "public_funding_jurisdiction": null,
        "public_funding_model": null,
        "public_funding_metric": null,
        "public_funding_value": null,
        "public_funding_unit": null,
        "public_funding_source": null
      }
    },
    {
      "type": "Feature",
      "geometry": {
        "type": "Point",
        "coordinates": [
          150.951,
          -33.9524
        ]
      },
      "properties": {
        "education_id": "edu-c2t-0-acara-43503",
        "member_id": "aph-c2t",
        "member": "WILKIE, Andrew Damien",
        "family_name": "Wilkie",
        "given_name": "Andrew",
        "gender": "Male",
        "dob": "1961-11-08 00:00:00",
        "chamber": "representatives",
        "party": "Independent",
        "party_abbrev": "IND",
        "electorate": "Clark",
        "state_or_territory": "Tas",
        "is_opening_day_member": true,
        "is_current_member": true,
        "institution_id": "acara-43503",
        "acara_id": "43503",
        "school_name": "St Christopher's Catholic Primary School",
        "school_type": "Prim",
        "school_sector": "Catholic",
        "campus_type": "Prim",
        "school_state": "NSW",
        "school_suburb": "Holsworthy",
        "school_postcode": "2173",
        "years_attended": null,
        "graduation_year": null,
        "attended_status": "graduated",
        "confidence": "verified",
        "historical_2021_net_recurrent_income_per_student": null,
        "finance_year": 2024,
        "finance_metric": "total_net_recurrent_income_per_student",
        "finance_value": 21184,
        "finance_status": "benchmark_average",
        "finance_method": "peer_group_average",
        "finance_peer_group": "NSW / Catholic / Major Cities",
        "finance_source": "ACARA National Report on Schooling",
        "public_funding_year": null,
        "public_funding_jurisdiction": null,
        "public_funding_model": null,
        "public_funding_metric": null,
        "public_funding_value": null,
        "public_funding_unit": null,
        "public_funding_source": null
      }
    },
    {
      "type": "Feature",
      "geometry": {
        "type": "Point",
        "coordinates": [
          148.234196797576,
          -19.9991
        ]
      },
      "properties": {
        "education_id": "edu-286535-0-acara-47458",
        "member_id": "aph-286535",
        "member": "WILLCOX, Andrew",
        "family_name": "Willcox",
        "given_name": "Andrew",
        "gender": "Male",
        "dob": "1969-01-29 00:00:00",
        "chamber": "representatives",
        "party": "The Nationals",
        "party_abbrev": "NP",
        "electorate": "Dawson",
        "state_or_territory": "Qld",
        "is_opening_day_member": true,
        "is_current_member": true,
        "institution_id": "acara-47458",
        "acara_id": "47458",
        "school_name": "Bowen State High School",
        "school_type": "Sec",
        "school_sector": "Government",
        "campus_type": "Sec",
        "school_state": "QLD",
        "school_suburb": "Bowen",
        "school_postcode": "4805",
        "years_attended": null,
        "graduation_year": null,
        "attended_status": "graduated",
        "confidence": "verified",
        "historical_2021_net_recurrent_income_per_student": 17976,
        "finance_year": 2024,
        "finance_metric": "total_net_recurrent_income_per_student",
        "finance_value": 20843,
        "finance_status": "estimated_indexed",
        "finance_method": "acara_state_sector_geolocation_index",
        "finance_peer_group": "QLD / Government / Outer Regional",
        "finance_source": "ACARA National Report on Schooling",
        "public_funding_year": null,
        "public_funding_jurisdiction": null,
        "public_funding_model": null,
        "public_funding_metric": null,
        "public_funding_value": null,
        "public_funding_unit": null,
        "public_funding_source": null
      }
    },
    {
      "type": "Feature",
      "geometry": {
        "type": "Point",
        "coordinates": [
          115.981,
          -31.8949
        ]
      },
      "properties": {
        "education_id": "edu-198084-1-acara-49021",
        "member_id": "aph-198084",
        "member": "WILSON, Richard (Rick) James",
        "family_name": "Wilson",
        "given_name": "Richard",
        "gender": "Male",
        "dob": "1966-01-02 00:00:00",
        "chamber": "representatives",
        "party": "Liberal Party of Australia",
        "party_abbrev": "LIB",
        "electorate": "O'Connor",
        "state_or_territory": "WA",
        "is_opening_day_member": true,
        "is_current_member": true,
        "institution_id": "acara-49021",
        "acara_id": "49021",
        "school_name": "Guildford Grammar School",
        "school_type": "Pri/Sec",
        "school_sector": "Independent",
        "campus_type": "Pri/Sec",
        "school_state": "WA",
        "school_suburb": "Guildford",
        "school_postcode": "6055",
        "years_attended": null,
        "graduation_year": null,
        "attended_status": "graduated",
        "confidence": "verified",
        "historical_2021_net_recurrent_income_per_student": 38959,
        "finance_year": 2024,
        "finance_metric": "total_net_recurrent_income_per_student",
        "finance_value": 40401,
        "finance_status": "estimated_indexed",
        "finance_method": "acara_state_sector_geolocation_index",
        "finance_peer_group": "WA / Independent / Major Cities",
        "finance_source": "ACARA National Report on Schooling",
        "public_funding_year": null,
        "public_funding_jurisdiction": null,
        "public_funding_model": null,
        "public_funding_metric": null,
        "public_funding_value": null,
        "public_funding_unit": null,
        "public_funding_source": null
      }
    },
    {
      "type": "Feature",
      "geometry": {
        "type": "Point",
        "coordinates": [
          117.568,
          -33.6826
        ]
      },
      "properties": {
        "education_id": "edu-198084-0-acara-48136",
        "member_id": "aph-198084",
        "member": "WILSON, Richard (Rick) James",
        "family_name": "Wilson",
        "given_name": "Richard",
        "gender": "Male",
        "dob": "1966-01-02 00:00:00",
        "chamber": "representatives",
        "party": "Liberal Party of Australia",
        "party_abbrev": "LIB",
        "electorate": "O'Connor",
        "state_or_territory": "WA",
        "is_opening_day_member": true,
        "is_current_member": true,
        "institution_id": "acara-48136",
        "acara_id": "48136",
        "school_name": "Katanning Senior High School",
        "school_type": "Sec",
        "school_sector": "Government",
        "campus_type": "Sec",
        "school_state": "WA",
        "school_suburb": "Katanning",
        "school_postcode": "6317",
        "years_attended": null,
        "graduation_year": null,
        "attended_status": "graduated",
        "confidence": "verified",
        "historical_2021_net_recurrent_income_per_student": 25213,
        "finance_year": 2024,
        "finance_metric": "total_net_recurrent_income_per_student",
        "finance_value": 29235,
        "finance_status": "estimated_indexed",
        "finance_method": "acara_state_sector_geolocation_index",
        "finance_peer_group": "WA / Government / Outer Regional",
        "finance_source": "ACARA National Report on Schooling",
        "public_funding_year": null,
        "public_funding_jurisdiction": null,
        "public_funding_model": null,
        "public_funding_metric": null,
        "public_funding_value": null,
        "public_funding_unit": null,
        "public_funding_source": null
      }
    },
    {
      "type": "Feature",
      "geometry": {
        "type": "Point",
        "coordinates": [
          115.566,
          -33.5573
        ]
      },
      "properties": {
        "education_id": "edu-265970-0-acara-48320",
        "member_id": "aph-265970",
        "member": "WILSON, the Hon. Joshua (Josh) Hamilton",
        "family_name": "Wilson",
        "given_name": "Joshua",
        "gender": "Male",
        "dob": "1972-06-05 00:00:00",
        "chamber": "representatives",
        "party": "Australian Labor Party",
        "party_abbrev": "ALP",
        "electorate": "Fremantle",
        "state_or_territory": "WA",
        "is_opening_day_member": true,
        "is_current_member": true,
        "institution_id": "acara-48320",
        "acara_id": "48320",
        "school_name": "Capel Primary School",
        "school_type": "Prim",
        "school_sector": "Government",
        "campus_type": "Prim",
        "school_state": "WA",
        "school_suburb": "Capel",
        "school_postcode": "6271",
        "years_attended": null,
        "graduation_year": null,
        "attended_status": "graduated",
        "confidence": "verified",
        "historical_2021_net_recurrent_income_per_student": null,
        "finance_year": 2024,
        "finance_metric": "total_net_recurrent_income_per_student",
        "finance_value": 21814,
        "finance_status": "benchmark_average",
        "finance_method": "peer_group_average",
        "finance_peer_group": "WA / Government / Inner Regional",
        "finance_source": "ACARA National Report on Schooling",
        "public_funding_year": null,
        "public_funding_jurisdiction": null,
        "public_funding_model": null,
        "public_funding_metric": null,
        "public_funding_value": null,
        "public_funding_unit": null,
        "public_funding_source": null
      }
    },
    {
      "type": "Feature",
      "geometry": {
        "type": "Point",
        "coordinates": [
          115.804,
          -31.9577
        ]
      },
      "properties": {
        "education_id": "edu-265970-1-acara-48250",
        "member_id": "aph-265970",
        "member": "WILSON, the Hon. Joshua (Josh) Hamilton",
        "family_name": "Wilson",
        "given_name": "Joshua",
        "gender": "Male",
        "dob": "1972-06-05 00:00:00",
        "chamber": "representatives",
        "party": "Australian Labor Party",
        "party_abbrev": "ALP",
        "electorate": "Fremantle",
        "state_or_territory": "WA",
        "is_opening_day_member": true,
        "is_current_member": true,
        "institution_id": "acara-48250",
        "acara_id": "48250",
        "school_name": "Shenton College",
        "school_type": "Sec",
        "school_sector": "Government",
        "campus_type": "Sec",
        "school_state": "WA",
        "school_suburb": "Shenton Park",
        "school_postcode": "6008",
        "years_attended": null,
        "graduation_year": null,
        "attended_status": "graduated",
        "confidence": "verified",
        "historical_2021_net_recurrent_income_per_student": 13419,
        "finance_year": 2024,
        "finance_metric": "total_net_recurrent_income_per_student",
        "finance_value": 15559,
        "finance_status": "estimated_indexed",
        "finance_method": "acara_state_sector_geolocation_index",
        "finance_peer_group": "WA / Government / Major Cities",
        "finance_source": "ACARA National Report on Schooling",
        "public_funding_year": null,
        "public_funding_jurisdiction": null,
        "public_funding_model": null,
        "public_funding_metric": null,
        "public_funding_value": null,
        "public_funding_unit": null,
        "public_funding_source": null
      }
    },
    {
      "type": "Feature",
      "geometry": {
        "type": "Point",
        "coordinates": [
          145.239,
          -37.8166
        ]
      },
      "properties": {
        "education_id": "edu-235654-0-acara-45459",
        "member_id": "aph-235654",
        "member": "WOLAHAN, Keith",
        "family_name": "Wolahan",
        "given_name": "Keith",
        "gender": "Male",
        "dob": "1977-09-30 00:00:00",
        "chamber": "representatives",
        "party": "Liberal Party of Australia",
        "party_abbrev": "LIB",
        "electorate": "Menzies",
        "state_or_territory": "Vic",
        "is_opening_day_member": true,
        "is_current_member": true,
        "institution_id": "acara-45459",
        "acara_id": "45459",
        "school_name": "Ringwood Secondary College",
        "school_type": "Sec",
        "school_sector": "Government",
        "campus_type": "Sec",
        "school_state": "VIC",
        "school_suburb": "Ringwood",
        "school_postcode": "3134",
        "years_attended": null,
        "graduation_year": null,
        "attended_status": "graduated",
        "confidence": "verified",
        "historical_2021_net_recurrent_income_per_student": 17909,
        "finance_year": 2024,
        "finance_metric": "total_net_recurrent_income_per_student",
        "finance_value": 20766,
        "finance_status": "estimated_indexed",
        "finance_method": "acara_state_sector_geolocation_index",
        "finance_peer_group": "VIC / Government / Major Cities",
        "finance_source": "ACARA National Report on Schooling",
        "public_funding_year": null,
        "public_funding_jurisdiction": null,
        "public_funding_model": null,
        "public_funding_metric": null,
        "public_funding_value": null,
        "public_funding_unit": null,
        "public_funding_source": null
      }
    },
    {
      "type": "Feature",
      "geometry": {
        "type": "Point",
        "coordinates": [
          115.775,
          -31.9804
        ]
      },
      "properties": {
        "education_id": "edu-00aou-0-acara-49028",
        "member_id": "aph-00aou",
        "member": "WONG, the Hon. Penelope (Penny) Ying-Yen",
        "family_name": "Wong",
        "given_name": "Penelope",
        "gender": "Female",
        "dob": "1968-11-05 00:00:00",
        "chamber": "senate",
        "party": "Australian Labor Party",
        "party_abbrev": "ALP",
        "electorate": NaN,
        "state_or_territory": "SA",
        "is_opening_day_member": true,
        "is_current_member": true,
        "institution_id": "acara-49028",
        "acara_id": "49028",
        "school_name": "Scotch College",
        "school_type": "Pri/Sec",
        "school_sector": "Independent",
        "campus_type": "Pri/Sec",
        "school_state": "WA",
        "school_suburb": "Swanbourne",
        "school_postcode": "6010",
        "years_attended": null,
        "graduation_year": null,
        "attended_status": "graduated",
        "confidence": "verified",
        "historical_2021_net_recurrent_income_per_student": 28494,
        "finance_year": 2024,
        "finance_metric": "total_net_recurrent_income_per_student",
        "finance_value": 29548,
        "finance_status": "estimated_indexed",
        "finance_method": "acara_state_sector_geolocation_index",
        "finance_peer_group": "WA / Independent / Major Cities",
        "finance_source": "ACARA National Report on Schooling",
        "public_funding_year": null,
        "public_funding_jurisdiction": null,
        "public_funding_model": null,
        "public_funding_metric": null,
        "public_funding_value": null,
        "public_funding_unit": null,
        "public_funding_source": null
      }
    },
    {
      "type": "Feature",
      "geometry": {
        "type": "Point",
        "coordinates": [
          152.981,
          -27.2296
        ]
      },
      "properties": {
        "education_id": "edu-201906-0-acara-47521",
        "member_id": "aph-201906",
        "member": "YOUNG, Terry James",
        "family_name": "Young",
        "given_name": "Terry",
        "gender": "Male",
        "dob": "1968-02-20 00:00:00",
        "chamber": "representatives",
        "party": "Liberal Party of Australia",
        "party_abbrev": "LIB",
        "electorate": "Longman",
        "state_or_territory": "Qld",
        "is_opening_day_member": true,
        "is_current_member": true,
        "institution_id": "acara-47521",
        "acara_id": "47521",
        "school_name": "Dakabin State High School",
        "school_type": "Sec",
        "school_sector": "Government",
        "campus_type": "Sec",
        "school_state": "QLD",
        "school_suburb": "Dakabin",
        "school_postcode": "4503",
        "years_attended": null,
        "graduation_year": null,
        "attended_status": "graduated",
        "confidence": "verified",
        "historical_2021_net_recurrent_income_per_student": 16461,
        "finance_year": 2024,
        "finance_metric": "total_net_recurrent_income_per_student",
        "finance_value": 19087,
        "finance_status": "estimated_indexed",
        "finance_method": "acara_state_sector_geolocation_index",
        "finance_peer_group": "QLD / Government / Major Cities",
        "finance_source": "ACARA National Report on Schooling",
        "public_funding_year": null,
        "public_funding_jurisdiction": null,
        "public_funding_model": null,
        "public_funding_metric": null,
        "public_funding_value": null,
        "public_funding_unit": null,
        "public_funding_source": null
      }
    },
    {
      "type": "Feature",
      "geometry": {
        "type": "Point",
        "coordinates": [
          138.618,
          -34.8431
        ]
      },
      "properties": {
        "education_id": "edu-hwb-0-acara-50354",
        "member_id": "aph-hwb",
        "member": "ZAPPIA, Antonio (Tony)",
        "family_name": "Zappia",
        "given_name": "Antonio",
        "gender": "Male",
        "dob": "1952-06-13 00:00:00",
        "chamber": "representatives",
        "party": "Australian Labor Party",
        "party_abbrev": "ALP",
        "electorate": "Makin",
        "state_or_territory": "SA",
        "is_opening_day_member": true,
        "is_current_member": true,
        "institution_id": "acara-50354",
        "acara_id": "50354",
        "school_name": "Roma Mitchell Secondary College",
        "school_type": "Sec",
        "school_sector": "Government",
        "campus_type": "Sec",
        "school_state": "SA",
        "school_suburb": "Gepps Cross",
        "school_postcode": "5094",
        "years_attended": null,
        "graduation_year": null,
        "attended_status": "graduated",
        "confidence": "verified",
        "historical_2021_net_recurrent_income_per_student": null,
        "finance_year": 2024,
        "finance_metric": "total_net_recurrent_income_per_student",
        "finance_value": 19944,
        "finance_status": "benchmark_average",
        "finance_method": "peer_group_average",
        "finance_peer_group": "SA / Government / Major Cities",
        "finance_source": "ACARA National Report on Schooling",
        "public_funding_year": null,
        "public_funding_jurisdiction": null,
        "public_funding_model": null,
        "public_funding_metric": null,
        "public_funding_value": null,
        "public_funding_unit": null,
        "public_funding_source": null
      }
    }
  ]
}