parliament_number,member_id,member_display_name,raw_school_text,source_url,is_international,suggested_action,notes,review_status,resolved_value,manual_source_url,review_notes
47,aph-008ch,"DANIEL, Zoe",Queechy High School (Launceston),https://handbookapi.aph.gov.au/api/individuals?$filter=PHID eq '008CH',False,Lookup in ACARA historical register,Provisional institution ID: inst-unmatched-queechy-high-school-launceston,pending,,,
47,aph-008ch,"DANIEL, Zoe",Rosny College (Hobart),https://handbookapi.aph.gov.au/api/individuals?$filter=PHID eq '008CH',False,Lookup in ACARA historical register,Provisional institution ID: inst-unmatched-rosny-college-hobart,pending,,,
42,aph-008k0,"BYRNE, the Hon. Anthony Michael",,https://handbookapi.aph.gov.au/api/individuals?$filter=PHID eq '008K0',False,Research missing secondary education,No APH secondary-school evidence,pending,,,
43,aph-008k0,"BYRNE, the Hon. Anthony Michael",,https://handbookapi.aph.gov.au/api/individuals?$filter=PHID eq '008K0',False,Research missing secondary education,No APH secondary-school evidence,pending,,,
44,aph-008k0,"BYRNE, the Hon. Anthony Michael",,https://handbookapi.aph.gov.au/api/individuals?$filter=PHID eq '008K0',False,Research missing secondary education,No APH secondary-school evidence,pending,,,
45,aph-008k0,"BYRNE, the Hon. Anthony Michael",,https://handbookapi.aph.gov.au/api/individuals?$filter=PHID eq '008K0',False,Research missing secondary education,No APH secondary-school evidence,pending,,,
46,aph-008k0,"BYRNE, the Hon. Anthony Michael",,https://handbookapi.aph.gov.au/api/individuals?$filter=PHID eq '008K0',False,Research missing secondary education,No APH secondary-school evidence,pending,,,
42,aph-008w7,"BRANDIS, the Hon. George Henry, KC",,https://handbookapi.aph.gov.au/api/individuals?$filter=PHID eq '008W7',False,Research missing secondary education,No APH secondary-school evidence,pending,,,
43,aph-008w7,"BRANDIS, the Hon. George Henry, KC",,https://handbookapi.aph.gov.au/api/individuals?$filter=PHID eq '008W7',False,Research missing secondary education,No APH secondary-school evidence,pending,,,
44,aph-008w7,"BRANDIS, the Hon. George Henry, KC",,https://handbookapi.aph.gov.au/api/individuals?$filter=PHID eq '008W7',False,Research missing secondary education,No APH secondary-school evidence,pending,,,
45,aph-008w7,"BRANDIS, the Hon. George Henry, KC",,https://handbookapi.aph.gov.au/api/individuals?$filter=PHID eq '008W7',False,Research missing secondary education,No APH secondary-school evidence,pending,,,
42,aph-009lp,"WINDSOR, Antony (Tony) Harold Curties, AM",,https://handbookapi.aph.gov.au/api/individuals?$filter=PHID eq '009LP',False,Research missing secondary education,No APH secondary-school evidence,pending,,,
43,aph-009lp,"WINDSOR, Antony (Tony) Harold Curties, AM",,https://handbookapi.aph.gov.au/api/individuals?$filter=PHID eq '009LP',False,Research missing secondary education,No APH secondary-school evidence,pending,,,
42,aph-00aki,"DUTTON, the Hon. Peter Craig",St Paul's School,https://handbookapi.aph.gov.au/api/individuals?$filter=PHID eq '00AKI',False,Lookup in ACARA historical register,Provisional institution ID: inst-unmatched-saint-pauls-school,pending,,,
43,aph-00aki,"DUTTON, the Hon. Peter Craig",St Paul's School,https://handbookapi.aph.gov.au/api/individuals?$filter=PHID eq '00AKI',False,Lookup in ACARA historical register,Provisional institution ID: inst-unmatched-saint-pauls-school,pending,,,
44,aph-00aki,"DUTTON, the Hon. Peter Craig",St Paul's School,https://handbookapi.aph.gov.au/api/individuals?$filter=PHID eq '00AKI',False,Lookup in ACARA historical register,Provisional institution ID: inst-unmatched-saint-pauls-school,pending,,,
45,aph-00aki,"DUTTON, the Hon. Peter Craig",St Paul's School,https://handbookapi.aph.gov.au/api/individuals?$filter=PHID eq '00AKI',False,Lookup in ACARA historical register,Provisional institution ID: inst-unmatched-saint-pauls-school,pending,,,
46,aph-00aki,"DUTTON, the Hon. Peter Craig",St Paul's School,https://handbookapi.aph.gov.au/api/individuals?$filter=PHID eq '00AKI',False,Lookup in ACARA historical register,Provisional institution ID: inst-unmatched-saint-pauls-school,pending,,,
47,aph-00aki,"DUTTON, the Hon. Peter Craig",St Paul's School,https://handbookapi.aph.gov.au/api/individuals?$filter=PHID eq '00AKI',False,Lookup in ACARA historical register,Provisional institution ID: inst-unmatched-saint-pauls-school,pending,,,
42,aph-00amm,"HARTSUYKER, the Hon. Luke",,https://handbookapi.aph.gov.au/api/individuals?$filter=PHID eq '00AMM',False,Research missing secondary education,No APH secondary-school evidence,pending,,,
43,aph-00amm,"HARTSUYKER, the Hon. Luke",,https://handbookapi.aph.gov.au/api/individuals?$filter=PHID eq '00AMM',False,Research missing secondary education,No APH secondary-school evidence,pending,,,
44,aph-00amm,"HARTSUYKER, the Hon. Luke",,https://handbookapi.aph.gov.au/api/individuals?$filter=PHID eq '00AMM',False,Research missing secondary education,No APH secondary-school evidence,pending,,,
45,aph-00amm,"HARTSUYKER, the Hon. Luke",,https://handbookapi.aph.gov.au/api/individuals?$filter=PHID eq '00AMM',False,Research missing secondary education,No APH secondary-school evidence,pending,,,
42,aph-00amo,"FARMER, the Hon. Patrick Francis, AM",,https://handbookapi.aph.gov.au/api/individuals?$filter=PHID eq '00AMO',False,Research missing secondary education,No APH secondary-school evidence,pending,,,
42,aph-00amp,"GRIERSON, Sharon Joy",,https://handbookapi.aph.gov.au/api/individuals?$filter=PHID eq '00AMP',False,Research missing secondary education,No APH secondary-school evidence,pending,,,
43,aph-00amp,"GRIERSON, Sharon Joy",,https://handbookapi.aph.gov.au/api/individuals?$filter=PHID eq '00AMP',False,Research missing secondary education,No APH secondary-school evidence,pending,,,
42,aph-00amt,"VAMVAKINOU, Maria",Princess Hill High School,https://handbookapi.aph.gov.au/api/individuals?$filter=PHID eq '00AMT',False,Lookup in ACARA historical register,Provisional institution ID: inst-unmatched-princess-hill-high-school,pending,,,
43,aph-00amt,"VAMVAKINOU, Maria",Princess Hill High School,https://handbookapi.aph.gov.au/api/individuals?$filter=PHID eq '00AMT',False,Lookup in ACARA historical register,Provisional institution ID: inst-unmatched-princess-hill-high-school,pending,,,
44,aph-00amt,"VAMVAKINOU, Maria",Princess Hill High School,https://handbookapi.aph.gov.au/api/individuals?$filter=PHID eq '00AMT',False,Lookup in ACARA historical register,Provisional institution ID: inst-unmatched-princess-hill-high-school,pending,,,
45,aph-00amt,"VAMVAKINOU, Maria",Princess Hill High School,https://handbookapi.aph.gov.au/api/individuals?$filter=PHID eq '00AMT',False,Lookup in ACARA historical register,Provisional institution ID: inst-unmatched-princess-hill-high-school,pending,,,
46,aph-00amt,"VAMVAKINOU, Maria",Princess Hill High School,https://handbookapi.aph.gov.au/api/individuals?$filter=PHID eq '00AMT',False,Lookup in ACARA historical register,Provisional institution ID: inst-unmatched-princess-hill-high-school,pending,,,
47,aph-00amt,"VAMVAKINOU, Maria",Princess Hill High School,https://handbookapi.aph.gov.au/api/individuals?$filter=PHID eq '00AMT',False,Lookup in ACARA historical register,Provisional institution ID: inst-unmatched-princess-hill-high-school,pending,,,
42,aph-00amu,"MIRABELLA (formerly Panopolous), Sophie",,https://handbookapi.aph.gov.au/api/individuals?$filter=PHID eq '00AMU',False,Research missing secondary education,No APH secondary-school evidence,pending,,,
43,aph-00amu,"MIRABELLA (formerly Panopolous), Sophie",,https://handbookapi.aph.gov.au/api/individuals?$filter=PHID eq '00AMU',False,Research missing secondary education,No APH secondary-school evidence,pending,,,
42,aph-00amx,"JOHNSON, Michael Andrew",,https://handbookapi.aph.gov.au/api/individuals?$filter=PHID eq '00AMX',False,Research missing secondary education,No APH secondary-school evidence,pending,,,
42,aph-00an0,"CIOBO, the Hon. Steven Michele",,https://handbookapi.aph.gov.au/api/individuals?$filter=PHID eq '00AN0',False,Research missing secondary education,No APH secondary-school evidence,pending,,,
43,aph-00an0,"CIOBO, the Hon. Steven Michele",,https://handbookapi.aph.gov.au/api/individuals?$filter=PHID eq '00AN0',False,Research missing secondary education,No APH secondary-school evidence,pending,,,
44,aph-00an0,"CIOBO, the Hon. Steven Michele",,https://handbookapi.aph.gov.au/api/individuals?$filter=PHID eq '00AN0',False,Research missing secondary education,No APH secondary-school evidence,pending,,,
45,aph-00an0,"CIOBO, the Hon. Steven Michele",,https://handbookapi.aph.gov.au/api/individuals?$filter=PHID eq '00AN0',False,Research missing secondary education,No APH secondary-school evidence,pending,,,
42,aph-00an1,"COBB, the Hon. John Kenneth",,https://handbookapi.aph.gov.au/api/individuals?$filter=PHID eq '00AN1',False,Research missing secondary education,No APH secondary-school evidence,pending,,,
43,aph-00an1,"COBB, the Hon. John Kenneth",,https://handbookapi.aph.gov.au/api/individuals?$filter=PHID eq '00AN1',False,Research missing secondary education,No APH secondary-school evidence,pending,,,
44,aph-00an1,"COBB, the Hon. John Kenneth",,https://handbookapi.aph.gov.au/api/individuals?$filter=PHID eq '00AN1',False,Research missing secondary education,No APH secondary-school evidence,pending,,,
42,aph-00an2,"JACKSON, Sharryn Maree",,https://handbookapi.aph.gov.au/api/individuals?$filter=PHID eq '00AN2',False,Research missing secondary education,No APH secondary-school evidence,pending,,,
42,aph-00an3,"O'CONNOR, the Hon. Brendan Patrick John",Aquinas College,https://handbookapi.aph.gov.au/api/individuals?$filter=PHID eq '00AN3',False,Lookup in ACARA historical register,Provisional institution ID: inst-unmatched-aquinas-college,pending,,,
42,aph-00an3,"O'CONNOR, the Hon. Brendan Patrick John",St Leo's College,https://handbookapi.aph.gov.au/api/individuals?$filter=PHID eq '00AN3',False,Lookup in ACARA historical register,Provisional institution ID: inst-unmatched-saint-leos-college,pending,,,
43,aph-00an3,"O'CONNOR, the Hon. Brendan Patrick John",Aquinas College,https://handbookapi.aph.gov.au/api/individuals?$filter=PHID eq '00AN3',False,Lookup in ACARA historical register,Provisional institution ID: inst-unmatched-aquinas-college,pending,,,
43,aph-00an3,"O'CONNOR, the Hon. Brendan Patrick John",St Leo's College,https://handbookapi.aph.gov.au/api/individuals?$filter=PHID eq '00AN3',False,Lookup in ACARA historical register,Provisional institution ID: inst-unmatched-saint-leos-college,pending,,,
44,aph-00an3,"O'CONNOR, the Hon. Brendan Patrick John",Aquinas College,https://handbookapi.aph.gov.au/api/individuals?$filter=PHID eq '00AN3',False,Lookup in ACARA historical register,Provisional institution ID: inst-unmatched-aquinas-college,pending,,,
44,aph-00an3,"O'CONNOR, the Hon. Brendan Patrick John",St Leo's College,https://handbookapi.aph.gov.au/api/individuals?$filter=PHID eq '00AN3',False,Lookup in ACARA historical register,Provisional institution ID: inst-unmatched-saint-leos-college,pending,,,
45,aph-00an3,"O'CONNOR, the Hon. Brendan Patrick John",Aquinas College,https://handbookapi.aph.gov.au/api/individuals?$filter=PHID eq '00AN3',False,Lookup in ACARA historical register,Provisional institution ID: inst-unmatched-aquinas-college,pending,,,
45,aph-00an3,"O'CONNOR, the Hon. Brendan Patrick John",St Leo's College,https://handbookapi.aph.gov.au/api/individuals?$filter=PHID eq '00AN3',False,Lookup in ACARA historical register,Provisional institution ID: inst-unmatched-saint-leos-college,pending,,,
46,aph-00an3,"O'CONNOR, the Hon. Brendan Patrick John",Aquinas College,https://handbookapi.aph.gov.au/api/individuals?$filter=PHID eq '00AN3',False,Lookup in ACARA historical register,Provisional institution ID: inst-unmatched-aquinas-college,pending,,,
46,aph-00an3,"O'CONNOR, the Hon. Brendan Patrick John",St Leo's College,https://handbookapi.aph.gov.au/api/individuals?$filter=PHID eq '00AN3',False,Lookup in ACARA historical register,Provisional institution ID: inst-unmatched-saint-leos-college,pending,,,
47,aph-00an3,"O'CONNOR, the Hon. Brendan Patrick John",Aquinas College,https://handbookapi.aph.gov.au/api/individuals?$filter=PHID eq '00AN3',False,Lookup in ACARA historical register,Provisional institution ID: inst-unmatched-aquinas-college,pending,,,
47,aph-00an3,"O'CONNOR, the Hon. Brendan Patrick John",St Leo's College,https://handbookapi.aph.gov.au/api/individuals?$filter=PHID eq '00AN3',False,Lookup in ACARA historical register,Provisional institution ID: inst-unmatched-saint-leos-college,pending,,,
42,aph-00aol,"COLBECK, the Hon. Richard Mansell",Norwood High School,https://handbookapi.aph.gov.au/api/individuals?$filter=PHID eq '00AOL',False,Lookup in ACARA historical register,Provisional institution ID: inst-unmatched-norwood-high-school,pending,,,
43,aph-00aol,"COLBECK, the Hon. Richard Mansell",Norwood High School,https://handbookapi.aph.gov.au/api/individuals?$filter=PHID eq '00AOL',False,Lookup in ACARA historical register,Provisional institution ID: inst-unmatched-norwood-high-school,pending,,,
44,aph-00aol,"COLBECK, the Hon. Richard Mansell",Norwood High School,https://handbookapi.aph.gov.au/api/individuals?$filter=PHID eq '00AOL',False,Lookup in ACARA historical register,Provisional institution ID: inst-unmatched-norwood-high-school,pending,,,
45,aph-00aol,"COLBECK, the Hon. Richard Mansell",Norwood High School,https://handbookapi.aph.gov.au/api/individuals?$filter=PHID eq '00AOL',False,Lookup in ACARA historical register,Provisional institution ID: inst-unmatched-norwood-high-school,pending,,,
46,aph-00aol,"COLBECK, the Hon. Richard Mansell",Norwood High School,https://handbookapi.aph.gov.au/api/individuals?$filter=PHID eq '00AOL',False,Lookup in ACARA historical register,Provisional institution ID: inst-unmatched-norwood-high-school,pending,,,
47,aph-00aol,"COLBECK, the Hon. Richard Mansell",Norwood High School,https://handbookapi.aph.gov.au/api/individuals?$filter=PHID eq '00AOL',False,Lookup in ACARA historical register,Provisional institution ID: inst-unmatched-norwood-high-school,pending,,,
48,aph-00aol,"COLBECK, the Hon. Richard Mansell",Norwood High School,https://handbookapi.aph.gov.au/api/individuals?$filter=PHID eq '00AOL',False,Lookup in ACARA historical register,Provisional institution ID: inst-unmatched-norwood-high-school,pending,,,
42,aph-00aom,"SCULLION, the Hon. Nigel Gregory",,https://handbookapi.aph.gov.au/api/individuals?$filter=PHID eq '00AOM',False,Research missing secondary education,No APH secondary-school evidence,pending,,,
43,aph-00aom,"SCULLION, the Hon. Nigel Gregory",,https://handbookapi.aph.gov.au/api/individuals?$filter=PHID eq '00AOM',False,Research missing secondary education,No APH secondary-school evidence,pending,,,
44,aph-00aom,"SCULLION, the Hon. Nigel Gregory",,https://handbookapi.aph.gov.au/api/individuals?$filter=PHID eq '00AOM',False,Research missing secondary education,No APH secondary-school evidence,pending,,,
45,aph-00aom,"SCULLION, the Hon. Nigel Gregory",,https://handbookapi.aph.gov.au/api/individuals?$filter=PHID eq '00AOM',False,Research missing secondary education,No APH secondary-school evidence,pending,,,
42,aph-00aon,"JOHNSTON, the Hon. David Albert Lloyd",,https://handbookapi.aph.gov.au/api/individuals?$filter=PHID eq '00AON',False,Research missing secondary education,No APH secondary-school evidence,pending,,,
43,aph-00aon,"JOHNSTON, the Hon. David Albert Lloyd",,https://handbookapi.aph.gov.au/api/individuals?$filter=PHID eq '00AON',False,Research missing secondary education,No APH secondary-school evidence,pending,,,
44,aph-00aon,"JOHNSTON, the Hon. David Albert Lloyd",,https://handbookapi.aph.gov.au/api/individuals?$filter=PHID eq '00AON',False,Research missing secondary education,No APH secondary-school evidence,pending,,,
42,aph-00aoo,"KIRK, Linda Jean",,https://handbookapi.aph.gov.au/api/individuals?$filter=PHID eq '00AOO',False,Research missing secondary education,No APH secondary-school evidence,pending,,,
42,aph-00aop,"MARSHALL, Gavin Mark",,https://handbookapi.aph.gov.au/api/individuals?$filter=PHID eq '00AOP',False,Research missing secondary education,No APH secondary-school evidence,pending,,,
43,aph-00aop,"MARSHALL, Gavin Mark",,https://handbookapi.aph.gov.au/api/individuals?$filter=PHID eq '00AOP',False,Research missing secondary education,No APH secondary-school evidence,pending,,,
44,aph-00aop,"MARSHALL, Gavin Mark",,https://handbookapi.aph.gov.au/api/individuals?$filter=PHID eq '00AOP',False,Research missing secondary education,No APH secondary-school evidence,pending,,,
45,aph-00aop,"MARSHALL, Gavin Mark",,https://handbookapi.aph.gov.au/api/individuals?$filter=PHID eq '00AOP',False,Research missing secondary education,No APH secondary-school evidence,pending,,,
42,aph-00aoq,"MOORE, Claire Mary",,https://handbookapi.aph.gov.au/api/individuals?$filter=PHID eq '00AOQ',False,Research missing secondary education,No APH secondary-school evidence,pending,,,
43,aph-00aoq,"MOORE, Claire Mary",,https://handbookapi.aph.gov.au/api/individuals?$filter=PHID eq '00AOQ',False,Research missing secondary education,No APH secondary-school evidence,pending,,,
44,aph-00aoq,"MOORE, Claire Mary",,https://handbookapi.aph.gov.au/api/individuals?$filter=PHID eq '00AOQ',False,Research missing secondary education,No APH secondary-school evidence,pending,,,
45,aph-00aoq,"MOORE, Claire Mary",,https://handbookapi.aph.gov.au/api/individuals?$filter=PHID eq '00AOQ',False,Research missing secondary education,No APH secondary-school evidence,pending,,,
42,aph-00aor,"NETTLE, Kerry Michelle",,https://handbookapi.aph.gov.au/api/individuals?$filter=PHID eq '00AOR',False,Research missing secondary education,No APH secondary-school evidence,pending,,,
42,aph-00aos,"STEPHENS, the Hon. Ursula Mary",,https://handbookapi.aph.gov.au/api/individuals?$filter=PHID eq '00AOS',False,Research missing secondary education,No APH secondary-school evidence,pending,,,
43,aph-00aos,"STEPHENS, the Hon. Ursula Mary",,https://handbookapi.aph.gov.au/api/individuals?$filter=PHID eq '00AOS',False,Research missing secondary education,No APH secondary-school evidence,pending,,,
44,aph-00aos,"STEPHENS, the Hon. Ursula Mary",,https://handbookapi.aph.gov.au/api/individuals?$filter=PHID eq '00AOS',False,Research missing secondary education,No APH secondary-school evidence,pending,,,
42,aph-00aot,"WEBBER, Ruth Stephanie",,https://handbookapi.aph.gov.au/api/individuals?$filter=PHID eq '00AOT',False,Research missing secondary education,No APH secondary-school evidence,pending,,,
42,aph-00aou,"WONG, the Hon. Penelope (Penny) Ying-Yen",Scotch College,https://handbookapi.aph.gov.au/api/individuals?$filter=PHID eq '00AOU',False,Lookup in ACARA historical register,Provisional institution ID: inst-unmatched-scotch-college,pending,,,
43,aph-00aou,"WONG, the Hon. Penelope (Penny) Ying-Yen",Scotch College,https://handbookapi.aph.gov.au/api/individuals?$filter=PHID eq '00AOU',False,Lookup in ACARA historical register,Provisional institution ID: inst-unmatched-scotch-college,pending,,,
44,aph-00aou,"WONG, the Hon. Penelope (Penny) Ying-Yen",Scotch College,https://handbookapi.aph.gov.au/api/individuals?$filter=PHID eq '00AOU',False,Lookup in ACARA historical register,Provisional institution ID: inst-unmatched-scotch-college,pending,,,
45,aph-00aou,"WONG, the Hon. Penelope (Penny) Ying-Yen",Scotch College,https://handbookapi.aph.gov.au/api/individuals?$filter=PHID eq '00AOU',False,Lookup in ACARA historical register,Provisional institution ID: inst-unmatched-scotch-college,pending,,,
46,aph-00aou,"WONG, the Hon. Penelope (Penny) Ying-Yen",Scotch College,https://handbookapi.aph.gov.au/api/individuals?$filter=PHID eq '00AOU',False,Lookup in ACARA historical register,Provisional institution ID: inst-unmatched-scotch-college,pending,,,
47,aph-00aou,"WONG, the Hon. Penelope (Penny) Ying-Yen",Scotch College,https://handbookapi.aph.gov.au/api/individuals?$filter=PHID eq '00AOU',False,Lookup in ACARA historical register,Provisional institution ID: inst-unmatched-scotch-college,pending,,,
48,aph-00aou,"WONG, the Hon. Penelope (Penny) Ying-Yen",Scotch College,https://handbookapi.aph.gov.au/api/individuals?$filter=PHID eq '00AOU',False,Lookup in ACARA historical register,Provisional institution ID: inst-unmatched-scotch-college,pending,,,
42,aph-00apg,"SMITH, the Hon. Anthony (Tony) David Hawthorn",Carey Grammar School,https://handbookapi.aph.gov.au/api/individuals?$filter=PHID eq '00APG',False,Lookup in ACARA historical register,Provisional institution ID: inst-unmatched-carey-grammar-school,pending,,,
43,aph-00apg,"SMITH, the Hon. Anthony (Tony) David Hawthorn",Carey Grammar School,https://handbookapi.aph.gov.au/api/individuals?$filter=PHID eq '00APG',False,Lookup in ACARA historical register,Provisional institution ID: inst-unmatched-carey-grammar-school,pending,,,
44,aph-00apg,"SMITH, the Hon. Anthony (Tony) David Hawthorn",Carey Grammar School,https://handbookapi.aph.gov.au/api/individuals?$filter=PHID eq '00APG',False,Lookup in ACARA historical register,Provisional institution ID: inst-unmatched-carey-grammar-school,pending,,,
45,aph-00apg,"SMITH, the Hon. Anthony (Tony) David Hawthorn",Carey Grammar School,https://handbookapi.aph.gov.au/api/individuals?$filter=PHID eq '00APG',False,Lookup in ACARA historical register,Provisional institution ID: inst-unmatched-carey-grammar-school,pending,,,
46,aph-00apg,"SMITH, the Hon. Anthony (Tony) David Hawthorn",Carey Grammar School,https://handbookapi.aph.gov.au/api/individuals?$filter=PHID eq '00APG',False,Lookup in ACARA historical register,Provisional institution ID: inst-unmatched-carey-grammar-school,pending,,,
42,aph-00atg,"SHORTEN, the Hon. William (Bill) Richard",Xavier College,https://handbookapi.aph.gov.au/api/individuals?$filter=PHID eq '00ATG',False,Lookup in ACARA historical register,Provisional institution ID: inst-unmatched-xavier-college,pending,,,
43,aph-00atg,"SHORTEN, the Hon. William (Bill) Richard",Xavier College,https://handbookapi.aph.gov.au/api/individuals?$filter=PHID eq '00ATG',False,Lookup in ACARA historical register,Provisional institution ID: inst-unmatched-xavier-college,pending,,,
44,aph-00atg,"SHORTEN, the Hon. William (Bill) Richard",Xavier College,https://handbookapi.aph.gov.au/api/individuals?$filter=PHID eq '00ATG',False,Lookup in ACARA historical register,Provisional institution ID: inst-unmatched-xavier-college,pending,,,
45,aph-00atg,"SHORTEN, the Hon. William (Bill) Richard",Xavier College,https://handbookapi.aph.gov.au/api/individuals?$filter=PHID eq '00ATG',False,Lookup in ACARA historical register,Provisional institution ID: inst-unmatched-xavier-college,pending,,,
46,aph-00atg,"SHORTEN, the Hon. William (Bill) Richard",Xavier College,https://handbookapi.aph.gov.au/api/individuals?$filter=PHID eq '00ATG',False,Lookup in ACARA historical register,Provisional institution ID: inst-unmatched-xavier-college,pending,,,
47,aph-00atg,"SHORTEN, the Hon. William (Bill) Richard",Xavier College,https://handbookapi.aph.gov.au/api/individuals?$filter=PHID eq '00ATG',False,Lookup in ACARA historical register,Provisional institution ID: inst-unmatched-xavier-college,pending,,,
42,aph-00auf,"BARNETT, Guy",,https://handbookapi.aph.gov.au/api/individuals?$filter=PHID eq '00AUF',False,Research missing secondary education,No APH secondary-school evidence,pending,,,
43,aph-00auf,"BARNETT, Guy",,https://handbookapi.aph.gov.au/api/individuals?$filter=PHID eq '00AUF',False,Research missing secondary education,No APH secondary-school evidence,pending,,,
44,aph-00bcm,"HENDY, the Hon. Dr Peter William",,https://handbookapi.aph.gov.au/api/individuals?$filter=PHID eq '00BCM',False,Research missing secondary education,No APH secondary-school evidence,pending,,,
42,aph-0j4,"RUDDOCK, the Hon. Philip Maxwell, AO",,https://handbookapi.aph.gov.au/api/individuals?$filter=PHID eq '0J4',False,Research missing secondary education,No APH secondary-school evidence,pending,,,
43,aph-0j4,"RUDDOCK, the Hon. Philip Maxwell, AO",,https://handbookapi.aph.gov.au/api/individuals?$filter=PHID eq '0J4',False,Research missing secondary education,No APH secondary-school evidence,pending,,,
44,aph-0j4,"RUDDOCK, the Hon. Philip Maxwell, AO",,https://handbookapi.aph.gov.au/api/individuals?$filter=PHID eq '0J4',False,Research missing secondary education,No APH secondary-school evidence,pending,,,
42,aph-0v5,"SLIPPER, the Hon. Peter Neil",,https://handbookapi.aph.gov.au/api/individuals?$filter=PHID eq '0V5',False,Research missing secondary education,No APH secondary-school evidence,pending,,,
43,aph-0v5,"SLIPPER, the Hon. Peter Neil",,https://handbookapi.aph.gov.au/api/individuals?$filter=PHID eq '0V5',False,Research missing secondary education,No APH secondary-school evidence,pending,,,
45,aph-101351,"KHALIL, the Hon. Peter",,https://handbookapi.aph.gov.au/api/individuals?$filter=PHID eq '101351',False,Research missing secondary education,No APH secondary-school evidence,pending,,,
46,aph-101351,"KHALIL, the Hon. Peter",,https://handbookapi.aph.gov.au/api/individuals?$filter=PHID eq '101351',False,Research missing secondary education,No APH secondary-school evidence,pending,,,
47,aph-101351,"KHALIL, the Hon. Peter",,https://handbookapi.aph.gov.au/api/individuals?$filter=PHID eq '101351',False,Research missing secondary education,No APH secondary-school evidence,pending,,,
48,aph-101351,"KHALIL, the Hon. Peter",,https://handbookapi.aph.gov.au/api/individuals?$filter=PHID eq '101351',False,Research missing secondary education,No APH secondary-school evidence,pending,,,
44,aph-108616,"LAZARUS, Glenn Patrick",,https://handbookapi.aph.gov.au/api/individuals?$filter=PHID eq '108616',False,Research missing secondary education,No APH secondary-school evidence,pending,,,
44,aph-111206,"LEYONHJELM, David Ean",,https://handbookapi.aph.gov.au/api/individuals?$filter=PHID eq '111206',False,Research missing secondary education,No APH secondary-school evidence,pending,,,
45,aph-111206,"LEYONHJELM, David Ean",,https://handbookapi.aph.gov.au/api/individuals?$filter=PHID eq '111206',False,Research missing secondary education,No APH secondary-school evidence,pending,,,
48,aph-11788,"ALDRED, Mary",MLC,https://handbookapi.aph.gov.au/api/individuals?$filter=PHID eq '11788',False,Lookup in ACARA historical register,Provisional institution ID: inst-unmatched-mlc,pending,,,
45,aph-122087,"McCARTHY, the Hon. Malarndirri Barbara Anne",St Scholastica's College,https://handbookapi.aph.gov.au/api/individuals?$filter=PHID eq '122087',False,Lookup in ACARA historical register,Provisional institution ID: inst-unmatched-saint-scholasticas-college,pending,,,
46,aph-122087,"McCARTHY, the Hon. Malarndirri Barbara Anne",St Scholastica's College,https://handbookapi.aph.gov.au/api/individuals?$filter=PHID eq '122087',False,Lookup in ACARA historical register,Provisional institution ID: inst-unmatched-saint-scholasticas-college,pending,,,
47,aph-122087,"McCARTHY, the Hon. Malarndirri Barbara Anne",St Scholastica's College,https://handbookapi.aph.gov.au/api/individuals?$filter=PHID eq '122087',False,Lookup in ACARA historical register,Provisional institution ID: inst-unmatched-saint-scholasticas-college,pending,,,
48,aph-122087,"McCARTHY, the Hon. Malarndirri Barbara Anne",St Scholastica's College,https://handbookapi.aph.gov.au/api/individuals?$filter=PHID eq '122087',False,Lookup in ACARA historical register,Provisional institution ID: inst-unmatched-saint-scholasticas-college,pending,,,
46,aph-123072,"McDONALD, Susan Eileen",Stuartholme,https://handbookapi.aph.gov.au/api/individuals?$filter=PHID eq '123072',False,Lookup in ACARA historical register,Provisional institution ID: inst-unmatched-stuartholme,pending,,,
47,aph-123072,"McDONALD, Susan Eileen",Stuartholme,https://handbookapi.aph.gov.au/api/individuals?$filter=PHID eq '123072',False,Lookup in ACARA historical register,Provisional institution ID: inst-unmatched-stuartholme,pending,,,
48,aph-123072,"McDONALD, Susan Eileen",Stuartholme,https://handbookapi.aph.gov.au/api/individuals?$filter=PHID eq '123072',False,Lookup in ACARA historical register,Provisional institution ID: inst-unmatched-stuartholme,pending,,,
44,aph-123674,"McGOWAN, Catherine (Cathy), AO",,https://handbookapi.aph.gov.au/api/individuals?$filter=PHID eq '123674',False,Research missing secondary education,No APH secondary-school evidence,pending,,,
45,aph-123674,"McGOWAN, Catherine (Cathy), AO",,https://handbookapi.aph.gov.au/api/individuals?$filter=PHID eq '123674',False,Research missing secondary education,No APH secondary-school evidence,pending,,,
45,aph-125865,"McVEIGH, the Hon. Dr John Joseph",St Joseph's College,https://handbookapi.aph.gov.au/api/individuals?$filter=PHID eq '125865',False,Lookup in ACARA historical register,Provisional institution ID: inst-unmatched-saint-josephs-college,pending,,,
46,aph-125865,"McVEIGH, the Hon. Dr John Joseph",St Joseph's College,https://handbookapi.aph.gov.au/api/individuals?$filter=PHID eq '125865',False,Lookup in ACARA historical register,Provisional institution ID: inst-unmatched-saint-josephs-college,pending,,,
45,aph-129164,"MITCHELL, Brian Keith",Maddington Senior High School,https://handbookapi.aph.gov.au/api/individuals?$filter=PHID eq '129164',False,Lookup in ACARA historical register,Provisional institution ID: inst-unmatched-maddington-senior-high-school,pending,,,
46,aph-129164,"MITCHELL, Brian Keith",Maddington Senior High School,https://handbookapi.aph.gov.au/api/individuals?$filter=PHID eq '129164',False,Lookup in ACARA historical register,Provisional institution ID: inst-unmatched-maddington-senior-high-school,pending,,,
47,aph-129164,"MITCHELL, Brian Keith",Maddington Senior High School,https://handbookapi.aph.gov.au/api/individuals?$filter=PHID eq '129164',False,Lookup in ACARA historical register,Provisional institution ID: inst-unmatched-maddington-senior-high-school,pending,,,
45,aph-13050,"ALY, the Hon. Dr Anne",Meriden Girls School,https://handbookapi.aph.gov.au/api/individuals?$filter=PHID eq '13050',False,Lookup in ACARA historical register,Provisional institution ID: inst-unmatched-meriden-girls-school,pending,,,
46,aph-13050,"ALY, the Hon. Dr Anne",Meriden Girls School,https://handbookapi.aph.gov.au/api/individuals?$filter=PHID eq '13050',False,Lookup in ACARA historical register,Provisional institution ID: inst-unmatched-meriden-girls-school,pending,,,
47,aph-13050,"ALY, the Hon. Dr Anne",Meriden Girls School,https://handbookapi.aph.gov.au/api/individuals?$filter=PHID eq '13050',False,Lookup in ACARA historical register,Provisional institution ID: inst-unmatched-meriden-girls-school,pending,,,
48,aph-13050,"ALY, the Hon. Dr Anne",Meriden Girls School,https://handbookapi.aph.gov.au/api/individuals?$filter=PHID eq '13050',False,Lookup in ACARA historical register,Provisional institution ID: inst-unmatched-meriden-girls-school,pending,,,
44,aph-137174,"NIKOLIC, Andrew Alexander, AM, CSC",,https://handbookapi.aph.gov.au/api/individuals?$filter=PHID eq '137174',False,Research missing secondary education,No APH secondary-school evidence,pending,,,
45,aph-138932,"O'BRIEN, Edward (Ted) Lynam",Nudgee College,https://handbookapi.aph.gov.au/api/individuals?$filter=PHID eq '138932',False,Lookup in ACARA historical register,Provisional institution ID: inst-unmatched-nudgee-college,pending,,,
46,aph-138932,"O'BRIEN, Edward (Ted) Lynam",Nudgee College,https://handbookapi.aph.gov.au/api/individuals?$filter=PHID eq '138932',False,Lookup in ACARA historical register,Provisional institution ID: inst-unmatched-nudgee-college,pending,,,
47,aph-138932,"O'BRIEN, Edward (Ted) Lynam",Nudgee College,https://handbookapi.aph.gov.au/api/individuals?$filter=PHID eq '138932',False,Lookup in ACARA historical register,Provisional institution ID: inst-unmatched-nudgee-college,pending,,,
48,aph-138932,"O'BRIEN, Edward (Ted) Lynam",Nudgee College,https://handbookapi.aph.gov.au/api/individuals?$filter=PHID eq '138932',False,Lookup in ACARA historical register,Provisional institution ID: inst-unmatched-nudgee-college,pending,,,
43,aph-139441,"O'DOWD, Kenneth (Ken) Desmond",Rockhampton Grammar School,https://handbookapi.aph.gov.au/api/individuals?$filter=PHID eq '139441',False,Lookup in ACARA historical register,Provisional institution ID: inst-unmatched-rockhampton-grammar-school,pending,,,
44,aph-139441,"O'DOWD, Kenneth (Ken) Desmond",Rockhampton Grammar School,https://handbookapi.aph.gov.au/api/individuals?$filter=PHID eq '139441',False,Lookup in ACARA historical register,Provisional institution ID: inst-unmatched-rockhampton-grammar-school,pending,,,
45,aph-139441,"O'DOWD, Kenneth (Ken) Desmond",Rockhampton Grammar School,https://handbookapi.aph.gov.au/api/individuals?$filter=PHID eq '139441',False,Lookup in ACARA historical register,Provisional institution ID: inst-unmatched-rockhampton-grammar-school,pending,,,
46,aph-139441,"O'DOWD, Kenneth (Ken) Desmond",Rockhampton Grammar School,https://handbookapi.aph.gov.au/api/individuals?$filter=PHID eq '139441',False,Lookup in ACARA historical register,Provisional institution ID: inst-unmatched-rockhampton-grammar-school,pending,,,
43,aph-140651,"O'NEILL, Deborah (Deb) Mary",,https://handbookapi.aph.gov.au/api/individuals?$filter=PHID eq '140651',False,Research missing secondary education,No APH secondary-school evidence,pending,,,
44,aph-140651,"O'NEILL, Deborah (Deb) Mary",,https://handbookapi.aph.gov.au/api/individuals?$filter=PHID eq '140651',False,Research missing secondary education,No APH secondary-school evidence,pending,,,
45,aph-140651,"O'NEILL, Deborah (Deb) Mary",,https://handbookapi.aph.gov.au/api/individuals?$filter=PHID eq '140651',False,Research missing secondary education,No APH secondary-school evidence,pending,,,
46,aph-140651,"O'NEILL, Deborah (Deb) Mary",,https://handbookapi.aph.gov.au/api/individuals?$filter=PHID eq '140651',False,Research missing secondary education,No APH secondary-school evidence,pending,,,
47,aph-140651,"O'NEILL, Deborah (Deb) Mary",,https://handbookapi.aph.gov.au/api/individuals?$filter=PHID eq '140651',False,Research missing secondary education,No APH secondary-school evidence,pending,,,
48,aph-140651,"O'NEILL, Deborah (Deb) Mary",,https://handbookapi.aph.gov.au/api/individuals?$filter=PHID eq '140651',False,Research missing secondary education,No APH secondary-school evidence,pending,,,
46,aph-144732,"PAYNE, Alicia Emma",Kambah High School,https://handbookapi.aph.gov.au/api/individuals?$filter=PHID eq '144732',False,Lookup in ACARA historical register,Provisional institution ID: inst-unmatched-kambah-high-school,pending,,,
47,aph-144732,"PAYNE, Alicia Emma",Kambah High School,https://handbookapi.aph.gov.au/api/individuals?$filter=PHID eq '144732',False,Lookup in ACARA historical register,Provisional institution ID: inst-unmatched-kambah-high-school,pending,,,
48,aph-144732,"PAYNE, Alicia Emma",Kambah High School,https://handbookapi.aph.gov.au/api/individuals?$filter=PHID eq '144732',False,Lookup in ACARA historical register,Provisional institution ID: inst-unmatched-kambah-high-school,pending,,,
44,aph-155410,"RICE, Janet Elizabeth",Lowther Hall Anglican Girls School,https://handbookapi.aph.gov.au/api/individuals?$filter=PHID eq '155410',False,Lookup in ACARA historical register,Provisional institution ID: inst-unmatched-lowther-hall-anglican-girls-school,pending,,,
45,aph-155410,"RICE, Janet Elizabeth",Lowther Hall Anglican Girls School,https://handbookapi.aph.gov.au/api/individuals?$filter=PHID eq '155410',False,Lookup in ACARA historical register,Provisional institution ID: inst-unmatched-lowther-hall-anglican-girls-school,pending,,,
46,aph-155410,"RICE, Janet Elizabeth",Lowther Hall Anglican Girls School,https://handbookapi.aph.gov.au/api/individuals?$filter=PHID eq '155410',False,Lookup in ACARA historical register,Provisional institution ID: inst-unmatched-lowther-hall-anglican-girls-school,pending,,,
47,aph-155410,"RICE, Janet Elizabeth",Lowther Hall Anglican Girls School,https://handbookapi.aph.gov.au/api/individuals?$filter=PHID eq '155410',False,Lookup in ACARA historical register,Provisional institution ID: inst-unmatched-lowther-hall-anglican-girls-school,pending,,,
47,aph-157125,"ROBERTS, Tracey",,https://handbookapi.aph.gov.au/api/individuals?$filter=PHID eq '157125',False,Research missing secondary education,No APH secondary-school evidence,pending,,,
48,aph-157125,"ROBERTS, Tracey",,https://handbookapi.aph.gov.au/api/individuals?$filter=PHID eq '157125',False,Research missing secondary education,No APH secondary-school evidence,pending,,,
43,aph-159771,"ROWLAND, the Hon. Michelle Anne",Our Lady of Mercy College,https://handbookapi.aph.gov.au/api/individuals?$filter=PHID eq '159771',False,Lookup in ACARA historical register,Provisional institution ID: inst-unmatched-our-lady-of-mercy-college,pending,,,
44,aph-159771,"ROWLAND, the Hon. Michelle Anne",Our Lady of Mercy College,https://handbookapi.aph.gov.au/api/individuals?$filter=PHID eq '159771',False,Lookup in ACARA historical register,Provisional institution ID: inst-unmatched-our-lady-of-mercy-college,pending,,,
45,aph-159771,"ROWLAND, the Hon. Michelle Anne",Our Lady of Mercy College,https://handbookapi.aph.gov.au/api/individuals?$filter=PHID eq '159771',False,Lookup in ACARA historical register,Provisional institution ID: inst-unmatched-our-lady-of-mercy-college,pending,,,
46,aph-159771,"ROWLAND, the Hon. Michelle Anne",Our Lady of Mercy College,https://handbookapi.aph.gov.au/api/individuals?$filter=PHID eq '159771',False,Lookup in ACARA historical register,Provisional institution ID: inst-unmatched-our-lady-of-mercy-college,pending,,,
47,aph-159771,"ROWLAND, the Hon. Michelle Anne",Our Lady of Mercy College,https://handbookapi.aph.gov.au/api/individuals?$filter=PHID eq '159771',False,Lookup in ACARA historical register,Provisional institution ID: inst-unmatched-our-lady-of-mercy-college,pending,,,
48,aph-159771,"ROWLAND, the Hon. Michelle Anne",Our Lady of Mercy College,https://handbookapi.aph.gov.au/api/individuals?$filter=PHID eq '159771',False,Lookup in ACARA historical register,Provisional institution ID: inst-unmatched-our-lady-of-mercy-college,pending,,,
44,aph-165476,"SCOTT, Fiona Meryl",,https://handbookapi.aph.gov.au/api/individuals?$filter=PHID eq '165476',False,Research missing secondary education,No APH secondary-school evidence,pending,,,
46,aph-168275,"SHELDON, Anthony (Tony) Vincent",,https://handbookapi.aph.gov.au/api/individuals?$filter=PHID eq '168275',False,Research missing secondary education,No APH secondary-school evidence,pending,,,
47,aph-168275,"SHELDON, Anthony (Tony) Vincent",,https://handbookapi.aph.gov.au/api/individuals?$filter=PHID eq '168275',False,Research missing secondary education,No APH secondary-school evidence,pending,,,
48,aph-168275,"SHELDON, Anthony (Tony) Vincent",,https://handbookapi.aph.gov.au/api/individuals?$filter=PHID eq '168275',False,Research missing secondary education,No APH secondary-school evidence,pending,,,
47,aph-169119,"SHOEBRIDGE, David",,https://handbookapi.aph.gov.au/api/individuals?$filter=PHID eq '169119',False,Research missing secondary education,No APH secondary-school evidence,pending,,,
48,aph-169119,"SHOEBRIDGE, David",,https://handbookapi.aph.gov.au/api/individuals?$filter=PHID eq '169119',False,Research missing secondary education,No APH secondary-school evidence,pending,,,
44,aph-170166,"SIMMS, Robert Andrew",,https://handbookapi.aph.gov.au/api/individuals?$filter=PHID eq '170166',False,Research missing secondary education,No APH secondary-school evidence,pending,,,
43,aph-172770,"SMYTH, Laura Mary",,https://handbookapi.aph.gov.au/api/individuals?$filter=PHID eq '172770',False,Research missing secondary education,No APH secondary-school evidence,pending,,,
46,aph-176304,"STEVENS, James William",St Peter's College,https://handbookapi.aph.gov.au/api/individuals?$filter=PHID eq '176304',False,Lookup in ACARA historical register,Provisional institution ID: inst-unmatched-saint-peters-college,pending,,,
47,aph-176304,"STEVENS, James William",St Peter's College,https://handbookapi.aph.gov.au/api/individuals?$filter=PHID eq '176304',False,Lookup in ACARA historical register,Provisional institution ID: inst-unmatched-saint-peters-college,pending,,,
45,aph-181810,"TEMPLEMAN, Susan Raye",,https://handbookapi.aph.gov.au/api/individuals?$filter=PHID eq '181810',False,Research missing secondary education,No APH secondary-school evidence,pending,,,
46,aph-181810,"TEMPLEMAN, Susan Raye",,https://handbookapi.aph.gov.au/api/individuals?$filter=PHID eq '181810',False,Research missing secondary education,No APH secondary-school evidence,pending,,,
47,aph-181810,"TEMPLEMAN, Susan Raye",,https://handbookapi.aph.gov.au/api/individuals?$filter=PHID eq '181810',False,Research missing secondary education,No APH secondary-school evidence,pending,,,
48,aph-181810,"TEMPLEMAN, Susan Raye",,https://handbookapi.aph.gov.au/api/individuals?$filter=PHID eq '181810',False,Research missing secondary education,No APH secondary-school evidence,pending,,,
43,aph-183342,"THORP, the Hon. Lin Estelle",,https://handbookapi.aph.gov.au/api/individuals?$filter=PHID eq '183342',False,Research missing secondary education,No APH secondary-school evidence,pending,,,
44,aph-183342,"THORP, the Hon. Lin Estelle",,https://handbookapi.aph.gov.au/api/individuals?$filter=PHID eq '183342',False,Research missing secondary education,No APH secondary-school evidence,pending,,,
45,aph-18661,"BANKS, Julia",,https://handbookapi.aph.gov.au/api/individuals?$filter=PHID eq '18661',False,Research missing secondary education,No APH secondary-school evidence,pending,,,
43,aph-188315,"VAN MANEN, Albertus (Bert) Johannes",,https://handbookapi.aph.gov.au/api/individuals?$filter=PHID eq '188315',False,Research missing secondary education,No APH secondary-school evidence,pending,,,
44,aph-188315,"VAN MANEN, Albertus (Bert) Johannes",,https://handbookapi.aph.gov.au/api/individuals?$filter=PHID eq '188315',False,Research missing secondary education,No APH secondary-school evidence,pending,,,
45,aph-188315,"VAN MANEN, Albertus (Bert) Johannes",,https://handbookapi.aph.gov.au/api/individuals?$filter=PHID eq '188315',False,Research missing secondary education,No APH secondary-school evidence,pending,,,
46,aph-188315,"VAN MANEN, Albertus (Bert) Johannes",,https://handbookapi.aph.gov.au/api/individuals?$filter=PHID eq '188315',False,Research missing secondary education,No APH secondary-school evidence,pending,,,
47,aph-188315,"VAN MANEN, Albertus (Bert) Johannes",,https://handbookapi.aph.gov.au/api/individuals?$filter=PHID eq '188315',False,Research missing secondary education,No APH secondary-school evidence,pending,,,
43,aph-192970,"WATERS, Larissa Joy",Kelvin Grove State High School,https://handbookapi.aph.gov.au/api/individuals?$filter=PHID eq '192970',False,Lookup in ACARA historical register,Provisional institution ID: inst-unmatched-kelvin-grove-state-high-school,pending,,,
44,aph-192970,"WATERS, Larissa Joy",Kelvin Grove State High School,https://handbookapi.aph.gov.au/api/individuals?$filter=PHID eq '192970',False,Lookup in ACARA historical register,Provisional institution ID: inst-unmatched-kelvin-grove-state-high-school,pending,,,
45,aph-192970,"WATERS, Larissa Joy",Kelvin Grove State High School,https://handbookapi.aph.gov.au/api/individuals?$filter=PHID eq '192970',False,Lookup in ACARA historical register,Provisional institution ID: inst-unmatched-kelvin-grove-state-high-school,pending,,,
46,aph-192970,"WATERS, Larissa Joy",Kelvin Grove State High School,https://handbookapi.aph.gov.au/api/individuals?$filter=PHID eq '192970',False,Lookup in ACARA historical register,Provisional institution ID: inst-unmatched-kelvin-grove-state-high-school,pending,,,
47,aph-192970,"WATERS, Larissa Joy",Kelvin Grove State High School,https://handbookapi.aph.gov.au/api/individuals?$filter=PHID eq '192970',False,Lookup in ACARA historical register,Provisional institution ID: inst-unmatched-kelvin-grove-state-high-school,pending,,,
48,aph-192970,"WATERS, Larissa Joy",Kelvin Grove State High School,https://handbookapi.aph.gov.au/api/individuals?$filter=PHID eq '192970',False,Lookup in ACARA historical register,Provisional institution ID: inst-unmatched-kelvin-grove-state-high-school,pending,,,
44,aph-193430,"WATTS, the Hon. Timothy (Tim) Graham",Centenary Heights High School,https://handbookapi.aph.gov.au/api/individuals?$filter=PHID eq '193430',False,Lookup in ACARA historical register,Provisional institution ID: inst-unmatched-centenary-heights-high-school,pending,,,
45,aph-193430,"WATTS, the Hon. Timothy (Tim) Graham",Centenary Heights High School,https://handbookapi.aph.gov.au/api/individuals?$filter=PHID eq '193430',False,Lookup in ACARA historical register,Provisional institution ID: inst-unmatched-centenary-heights-high-school,pending,,,
46,aph-193430,"WATTS, the Hon. Timothy (Tim) Graham",Centenary Heights High School,https://handbookapi.aph.gov.au/api/individuals?$filter=PHID eq '193430',False,Lookup in ACARA historical register,Provisional institution ID: inst-unmatched-centenary-heights-high-school,pending,,,
47,aph-193430,"WATTS, the Hon. Timothy (Tim) Graham",Centenary Heights High School,https://handbookapi.aph.gov.au/api/individuals?$filter=PHID eq '193430',False,Lookup in ACARA historical register,Provisional institution ID: inst-unmatched-centenary-heights-high-school,pending,,,
48,aph-193430,"WATTS, the Hon. Timothy (Tim) Graham",Centenary Heights High School,https://handbookapi.aph.gov.au/api/individuals?$filter=PHID eq '193430',False,Lookup in ACARA historical register,Provisional institution ID: inst-unmatched-centenary-heights-high-school,pending,,,
43,aph-195565,"WHISH-WILSON, Peter Stuart",,https://handbookapi.aph.gov.au/api/individuals?$filter=PHID eq '195565',False,Research missing secondary education,No APH secondary-school evidence,pending,,,
44,aph-195565,"WHISH-WILSON, Peter Stuart",,https://handbookapi.aph.gov.au/api/individuals?$filter=PHID eq '195565',False,Research missing secondary education,No APH secondary-school evidence,pending,,,
45,aph-195565,"WHISH-WILSON, Peter Stuart",,https://handbookapi.aph.gov.au/api/individuals?$filter=PHID eq '195565',False,Research missing secondary education,No APH secondary-school evidence,pending,,,
46,aph-195565,"WHISH-WILSON, Peter Stuart",,https://handbookapi.aph.gov.au/api/individuals?$filter=PHID eq '195565',False,Research missing secondary education,No APH secondary-school evidence,pending,,,
47,aph-195565,"WHISH-WILSON, Peter Stuart",,https://handbookapi.aph.gov.au/api/individuals?$filter=PHID eq '195565',False,Research missing secondary education,No APH secondary-school evidence,pending,,,
48,aph-195565,"WHISH-WILSON, Peter Stuart",,https://handbookapi.aph.gov.au/api/individuals?$filter=PHID eq '195565',False,Research missing secondary education,No APH secondary-school evidence,pending,,,
42,aph-1k6,"BILLSON, the Hon. Bruce Fredrick",,https://handbookapi.aph.gov.au/api/individuals?$filter=PHID eq '1K6',False,Research missing secondary education,No APH secondary-school evidence,pending,,,
43,aph-1k6,"BILLSON, the Hon. Bruce Fredrick",,https://handbookapi.aph.gov.au/api/individuals?$filter=PHID eq '1K6',False,Research missing secondary education,No APH secondary-school evidence,pending,,,
44,aph-1k6,"BILLSON, the Hon. Bruce Fredrick",,https://handbookapi.aph.gov.au/api/individuals?$filter=PHID eq '1K6',False,Research missing secondary education,No APH secondary-school evidence,pending,,,
42,aph-1m6,"ALLISON, Lynette (Lyn) Fay",,https://handbookapi.aph.gov.au/api/individuals?$filter=PHID eq '1M6',False,Research missing secondary education,No APH secondary-school evidence,pending,,,
43,aph-200287,"WRIGHT, Penelope (Penny) Lesley",,https://handbookapi.aph.gov.au/api/individuals?$filter=PHID eq '200287',False,Research missing secondary education,No APH secondary-school evidence,pending,,,
44,aph-200287,"WRIGHT, Penelope (Penny) Lesley",,https://handbookapi.aph.gov.au/api/individuals?$filter=PHID eq '200287',False,Research missing secondary education,No APH secondary-school evidence,pending,,,
44,aph-207800,"WHITELEY, Brett David",,https://handbookapi.aph.gov.au/api/individuals?$filter=PHID eq '207800',False,Research missing secondary education,No APH secondary-school evidence,pending,,,
45,aph-207807,"BURSTON, Brian",,https://handbookapi.aph.gov.au/api/individuals?$filter=PHID eq '207807',False,Research missing secondary education,No APH secondary-school evidence,pending,,,
43,aph-207825,"McKENZIE, the Hon. Bridget",Benalla High School,https://handbookapi.aph.gov.au/api/individuals?$filter=PHID eq '207825',False,Lookup in ACARA historical register,Provisional institution ID: inst-unmatched-benalla-high-school,pending,,,
43,aph-207825,"McKENZIE, the Hon. Bridget",Tintern Church of England Girls Grammar School,https://handbookapi.aph.gov.au/api/individuals?$filter=PHID eq '207825',True,Confirm overseas school,Provisional institution ID: inst-unmatched-tintern-church-of-england-girls-grammar-,pending,,,
44,aph-207825,"McKENZIE, the Hon. Bridget",Benalla High School,https://handbookapi.aph.gov.au/api/individuals?$filter=PHID eq '207825',False,Lookup in ACARA historical register,Provisional institution ID: inst-unmatched-benalla-high-school,pending,,,
44,aph-207825,"McKENZIE, the Hon. Bridget",Tintern Church of England Girls Grammar School,https://handbookapi.aph.gov.au/api/individuals?$filter=PHID eq '207825',True,Confirm overseas school,Provisional institution ID: inst-unmatched-tintern-church-of-england-girls-grammar-,pending,,,
45,aph-207825,"McKENZIE, the Hon. Bridget",Benalla High School,https://handbookapi.aph.gov.au/api/individuals?$filter=PHID eq '207825',False,Lookup in ACARA historical register,Provisional institution ID: inst-unmatched-benalla-high-school,pending,,,
45,aph-207825,"McKENZIE, the Hon. Bridget",Tintern Church of England Girls Grammar School,https://handbookapi.aph.gov.au/api/individuals?$filter=PHID eq '207825',True,Confirm overseas school,Provisional institution ID: inst-unmatched-tintern-church-of-england-girls-grammar-,pending,,,
46,aph-207825,"McKENZIE, the Hon. Bridget",Benalla High School,https://handbookapi.aph.gov.au/api/individuals?$filter=PHID eq '207825',False,Lookup in ACARA historical register,Provisional institution ID: inst-unmatched-benalla-high-school,pending,,,
46,aph-207825,"McKENZIE, the Hon. Bridget",Tintern Church of England Girls Grammar School,https://handbookapi.aph.gov.au/api/individuals?$filter=PHID eq '207825',True,Confirm overseas school,Provisional institution ID: inst-unmatched-tintern-church-of-england-girls-grammar-,pending,,,
47,aph-207825,"McKENZIE, the Hon. Bridget",Benalla High School,https://handbookapi.aph.gov.au/api/individuals?$filter=PHID eq '207825',False,Lookup in ACARA historical register,Provisional institution ID: inst-unmatched-benalla-high-school,pending,,,
47,aph-207825,"McKENZIE, the Hon. Bridget",Tintern Church of England Girls Grammar School,https://handbookapi.aph.gov.au/api/individuals?$filter=PHID eq '207825',True,Confirm overseas school,Provisional institution ID: inst-unmatched-tintern-church-of-england-girls-grammar-,pending,,,
48,aph-207825,"McKENZIE, the Hon. Bridget",Benalla High School,https://handbookapi.aph.gov.au/api/individuals?$filter=PHID eq '207825',False,Lookup in ACARA historical register,Provisional institution ID: inst-unmatched-benalla-high-school,pending,,,
48,aph-207825,"McKENZIE, the Hon. Bridget",Tintern Church of England Girls Grammar School,https://handbookapi.aph.gov.au/api/individuals?$filter=PHID eq '207825',True,Confirm overseas school,Provisional institution ID: inst-unmatched-tintern-church-of-england-girls-grammar-,pending,,,
44,aph-208884,"PORTER, the Hon. Charles Christian (Christian)",,https://handbookapi.aph.gov.au/api/individuals?$filter=PHID eq '208884',False,Research missing secondary education,No APH secondary-school evidence,pending,,,
45,aph-208884,"PORTER, the Hon. Charles Christian (Christian)",,https://handbookapi.aph.gov.au/api/individuals?$filter=PHID eq '208884',False,Research missing secondary education,No APH secondary-school evidence,pending,,,
46,aph-208884,"PORTER, the Hon. Charles Christian (Christian)",,https://handbookapi.aph.gov.au/api/individuals?$filter=PHID eq '208884',False,Research missing secondary education,No APH secondary-school evidence,pending,,,
43,aph-210911,"TEHAN, the Hon. Daniel (Dan) Thomas",Mansfield High School,https://handbookapi.aph.gov.au/api/individuals?$filter=PHID eq '210911',False,Lookup in ACARA historical register,Provisional institution ID: inst-unmatched-mansfield-high-school,pending,,,
43,aph-210911,"TEHAN, the Hon. Daniel (Dan) Thomas",Xavier College,https://handbookapi.aph.gov.au/api/individuals?$filter=PHID eq '210911',False,Lookup in ACARA historical register,Provisional institution ID: inst-unmatched-xavier-college,pending,,,
44,aph-210911,"TEHAN, the Hon. Daniel (Dan) Thomas",Mansfield High School,https://handbookapi.aph.gov.au/api/individuals?$filter=PHID eq '210911',False,Lookup in ACARA historical register,Provisional institution ID: inst-unmatched-mansfield-high-school,pending,,,
44,aph-210911,"TEHAN, the Hon. Daniel (Dan) Thomas",Xavier College,https://handbookapi.aph.gov.au/api/individuals?$filter=PHID eq '210911',False,Lookup in ACARA historical register,Provisional institution ID: inst-unmatched-xavier-college,pending,,,
45,aph-210911,"TEHAN, the Hon. Daniel (Dan) Thomas",Mansfield High School,https://handbookapi.aph.gov.au/api/individuals?$filter=PHID eq '210911',False,Lookup in ACARA historical register,Provisional institution ID: inst-unmatched-mansfield-high-school,pending,,,
45,aph-210911,"TEHAN, the Hon. Daniel (Dan) Thomas",Xavier College,https://handbookapi.aph.gov.au/api/individuals?$filter=PHID eq '210911',False,Lookup in ACARA historical register,Provisional institution ID: inst-unmatched-xavier-college,pending,,,
46,aph-210911,"TEHAN, the Hon. Daniel (Dan) Thomas",Mansfield High School,https://handbookapi.aph.gov.au/api/individuals?$filter=PHID eq '210911',False,Lookup in ACARA historical register,Provisional institution ID: inst-unmatched-mansfield-high-school,pending,,,
46,aph-210911,"TEHAN, the Hon. Daniel (Dan) Thomas",Xavier College,https://handbookapi.aph.gov.au/api/individuals?$filter=PHID eq '210911',False,Lookup in ACARA historical register,Provisional institution ID: inst-unmatched-xavier-college,pending,,,
47,aph-210911,"TEHAN, the Hon. Daniel (Dan) Thomas",Mansfield High School,https://handbookapi.aph.gov.au/api/individuals?$filter=PHID eq '210911',False,Lookup in ACARA historical register,Provisional institution ID: inst-unmatched-mansfield-high-school,pending,,,
47,aph-210911,"TEHAN, the Hon. Daniel (Dan) Thomas",Xavier College,https://handbookapi.aph.gov.au/api/individuals?$filter=PHID eq '210911',False,Lookup in ACARA historical register,Provisional institution ID: inst-unmatched-xavier-college,pending,,,
48,aph-210911,"TEHAN, the Hon. Daniel (Dan) Thomas",Mansfield High School,https://handbookapi.aph.gov.au/api/individuals?$filter=PHID eq '210911',False,Lookup in ACARA historical register,Provisional institution ID: inst-unmatched-mansfield-high-school,pending,,,
48,aph-210911,"TEHAN, the Hon. Daniel (Dan) Thomas",Xavier College,https://handbookapi.aph.gov.au/api/individuals?$filter=PHID eq '210911',False,Lookup in ACARA historical register,Provisional institution ID: inst-unmatched-xavier-college,pending,,,
44,aph-212585,"HUTCHINSON, Eric Russell",,https://handbookapi.aph.gov.au/api/individuals?$filter=PHID eq '212585',False,Research missing secondary education,No APH secondary-school evidence,pending,,,
43,aph-217266,"PRENTICE, the Hon. Jane",,https://handbookapi.aph.gov.au/api/individuals?$filter=PHID eq '217266',False,Research missing secondary education,No APH secondary-school evidence,pending,,,
44,aph-217266,"PRENTICE, the Hon. Jane",,https://handbookapi.aph.gov.au/api/individuals?$filter=PHID eq '217266',False,Research missing secondary education,No APH secondary-school evidence,pending,,,
45,aph-217266,"PRENTICE, the Hon. Jane",,https://handbookapi.aph.gov.au/api/individuals?$filter=PHID eq '217266',False,Research missing secondary education,No APH secondary-school evidence,pending,,,
43,aph-217571,"MADIGAN, John Joseph",,https://handbookapi.aph.gov.au/api/individuals?$filter=PHID eq '217571',False,Research missing secondary education,No APH secondary-school evidence,pending,,,
44,aph-217571,"MADIGAN, John Joseph",,https://handbookapi.aph.gov.au/api/individuals?$filter=PHID eq '217571',False,Research missing secondary education,No APH secondary-school evidence,pending,,,
43,aph-219646,"McCORMACK, the Hon. Michael Francis",St Michael's Regional High School,https://handbookapi.aph.gov.au/api/individuals?$filter=PHID eq '219646',False,Lookup in ACARA historical register,Provisional institution ID: inst-unmatched-saint-michaels-regional-high-school,pending,,,
43,aph-219646,"McCORMACK, the Hon. Michael Francis",Trinity Senior High School,https://handbookapi.aph.gov.au/api/individuals?$filter=PHID eq '219646',False,Lookup in ACARA historical register,Provisional institution ID: inst-unmatched-trinity-senior-high-school,pending,,,
44,aph-219646,"McCORMACK, the Hon. Michael Francis",St Michael's Regional High School,https://handbookapi.aph.gov.au/api/individuals?$filter=PHID eq '219646',False,Lookup in ACARA historical register,Provisional institution ID: inst-unmatched-saint-michaels-regional-high-school,pending,,,
44,aph-219646,"McCORMACK, the Hon. Michael Francis",Trinity Senior High School,https://handbookapi.aph.gov.au/api/individuals?$filter=PHID eq '219646',False,Lookup in ACARA historical register,Provisional institution ID: inst-unmatched-trinity-senior-high-school,pending,,,
45,aph-219646,"McCORMACK, the Hon. Michael Francis",St Michael's Regional High School,https://handbookapi.aph.gov.au/api/individuals?$filter=PHID eq '219646',False,Lookup in ACARA historical register,Provisional institution ID: inst-unmatched-saint-michaels-regional-high-school,pending,,,
45,aph-219646,"McCORMACK, the Hon. Michael Francis",Trinity Senior High School,https://handbookapi.aph.gov.au/api/individuals?$filter=PHID eq '219646',False,Lookup in ACARA historical register,Provisional institution ID: inst-unmatched-trinity-senior-high-school,pending,,,
46,aph-219646,"McCORMACK, the Hon. Michael Francis",St Michael's Regional High School,https://handbookapi.aph.gov.au/api/individuals?$filter=PHID eq '219646',False,Lookup in ACARA historical register,Provisional institution ID: inst-unmatched-saint-michaels-regional-high-school,pending,,,
46,aph-219646,"McCORMACK, the Hon. Michael Francis",Trinity Senior High School,https://handbookapi.aph.gov.au/api/individuals?$filter=PHID eq '219646',False,Lookup in ACARA historical register,Provisional institution ID: inst-unmatched-trinity-senior-high-school,pending,,,
47,aph-219646,"McCORMACK, the Hon. Michael Francis",St Michael's Regional High School,https://handbookapi.aph.gov.au/api/individuals?$filter=PHID eq '219646',False,Lookup in ACARA historical register,Provisional institution ID: inst-unmatched-saint-michaels-regional-high-school,pending,,,
47,aph-219646,"McCORMACK, the Hon. Michael Francis",Trinity Senior High School,https://handbookapi.aph.gov.au/api/individuals?$filter=PHID eq '219646',False,Lookup in ACARA historical register,Provisional institution ID: inst-unmatched-trinity-senior-high-school,pending,,,
48,aph-219646,"McCORMACK, the Hon. Michael Francis",St Michael's Regional High School,https://handbookapi.aph.gov.au/api/individuals?$filter=PHID eq '219646',False,Lookup in ACARA historical register,Provisional institution ID: inst-unmatched-saint-michaels-regional-high-school,pending,,,
48,aph-219646,"McCORMACK, the Hon. Michael Francis",Trinity Senior High School,https://handbookapi.aph.gov.au/api/individuals?$filter=PHID eq '219646',False,Lookup in ACARA historical register,Provisional institution ID: inst-unmatched-trinity-senior-high-school,pending,,,
43,aph-220370,"GRIGGS, Natasha Louise",,https://handbookapi.aph.gov.au/api/individuals?$filter=PHID eq '220370',False,Research missing secondary education,No APH secondary-school evidence,pending,,,
44,aph-220370,"GRIGGS, Natasha Louise",,https://handbookapi.aph.gov.au/api/individuals?$filter=PHID eq '220370',False,Research missing secondary education,No APH secondary-school evidence,pending,,,
48,aph-224102,"WHITE, the Hon Rebecca Peta",Sorell High School,https://handbookapi.aph.gov.au/api/individuals?$filter=PHID eq '224102',False,Lookup in ACARA historical register,Provisional institution ID: inst-unmatched-sorell-high-school,pending,,,
44,aph-225099,"DASTYARI, Sam",,https://handbookapi.aph.gov.au/api/individuals?$filter=PHID eq '225099',False,Research missing secondary education,No APH secondary-school evidence,pending,,,
45,aph-225099,"DASTYARI, Sam",,https://handbookapi.aph.gov.au/api/individuals?$filter=PHID eq '225099',False,Research missing secondary education,No APH secondary-school evidence,pending,,,
43,aph-225307,"EDWARDS, Sean Christopher",,https://handbookapi.aph.gov.au/api/individuals?$filter=PHID eq '225307',False,Research missing secondary education,No APH secondary-school evidence,pending,,,
44,aph-225307,"EDWARDS, Sean Christopher",,https://handbookapi.aph.gov.au/api/individuals?$filter=PHID eq '225307',False,Research missing secondary education,No APH secondary-school evidence,pending,,,
44,aph-231027,"TAYLOR, the Hon. Angus James",King's School,https://handbookapi.aph.gov.au/api/individuals?$filter=PHID eq '231027',False,Lookup in ACARA historical register,Provisional institution ID: inst-unmatched-kings-school,pending,,,
45,aph-231027,"TAYLOR, the Hon. Angus James",King's School,https://handbookapi.aph.gov.au/api/individuals?$filter=PHID eq '231027',False,Lookup in ACARA historical register,Provisional institution ID: inst-unmatched-kings-school,pending,,,
46,aph-231027,"TAYLOR, the Hon. Angus James",King's School,https://handbookapi.aph.gov.au/api/individuals?$filter=PHID eq '231027',False,Lookup in ACARA historical register,Provisional institution ID: inst-unmatched-kings-school,pending,,,
47,aph-231027,"TAYLOR, the Hon. Angus James",King's School,https://handbookapi.aph.gov.au/api/individuals?$filter=PHID eq '231027',False,Lookup in ACARA historical register,Provisional institution ID: inst-unmatched-kings-school,pending,,,
48,aph-231027,"TAYLOR, the Hon. Angus James",King's School,https://handbookapi.aph.gov.au/api/individuals?$filter=PHID eq '231027',False,Lookup in ACARA historical register,Provisional institution ID: inst-unmatched-kings-school,pending,,,
43,aph-231199,"URQUHART, Anne Elizabeth",Ulverstone High School,https://handbookapi.aph.gov.au/api/individuals?$filter=PHID eq '231199',False,Lookup in ACARA historical register,Provisional institution ID: inst-unmatched-ulverstone-high-school,pending,,,
44,aph-231199,"URQUHART, Anne Elizabeth",Ulverstone High School,https://handbookapi.aph.gov.au/api/individuals?$filter=PHID eq '231199',False,Lookup in ACARA historical register,Provisional institution ID: inst-unmatched-ulverstone-high-school,pending,,,
45,aph-231199,"URQUHART, Anne Elizabeth",Ulverstone High School,https://handbookapi.aph.gov.au/api/individuals?$filter=PHID eq '231199',False,Lookup in ACARA historical register,Provisional institution ID: inst-unmatched-ulverstone-high-school,pending,,,
46,aph-231199,"URQUHART, Anne Elizabeth",Ulverstone High School,https://handbookapi.aph.gov.au/api/individuals?$filter=PHID eq '231199',False,Lookup in ACARA historical register,Provisional institution ID: inst-unmatched-ulverstone-high-school,pending,,,
47,aph-231199,"URQUHART, Anne Elizabeth",Ulverstone High School,https://handbookapi.aph.gov.au/api/individuals?$filter=PHID eq '231199',False,Lookup in ACARA historical register,Provisional institution ID: inst-unmatched-ulverstone-high-school,pending,,,
48,aph-231199,"URQUHART, Anne Elizabeth",Ulverstone High School,https://handbookapi.aph.gov.au/api/individuals?$filter=PHID eq '231199',False,Lookup in ACARA historical register,Provisional institution ID: inst-unmatched-ulverstone-high-school,pending,,,
44,aph-240756,"PASIN, Antony (Tony)",Tennison Woods College,https://handbookapi.aph.gov.au/api/individuals?$filter=PHID eq '240756',False,Lookup in ACARA historical register,Provisional institution ID: inst-unmatched-tennison-woods-college,pending,,,
45,aph-240756,"PASIN, Antony (Tony)",Tennison Woods College,https://handbookapi.aph.gov.au/api/individuals?$filter=PHID eq '240756',False,Lookup in ACARA historical register,Provisional institution ID: inst-unmatched-tennison-woods-college,pending,,,
46,aph-240756,"PASIN, Antony (Tony)",Tennison Woods College,https://handbookapi.aph.gov.au/api/individuals?$filter=PHID eq '240756',False,Lookup in ACARA historical register,Provisional institution ID: inst-unmatched-tennison-woods-college,pending,,,
47,aph-240756,"PASIN, Antony (Tony)",Tennison Woods College,https://handbookapi.aph.gov.au/api/individuals?$filter=PHID eq '240756',False,Lookup in ACARA historical register,Provisional institution ID: inst-unmatched-tennison-woods-college,pending,,,
48,aph-240756,"PASIN, Antony (Tony)",Tennison Woods College,https://handbookapi.aph.gov.au/api/individuals?$filter=PHID eq '240756',False,Lookup in ACARA historical register,Provisional institution ID: inst-unmatched-tennison-woods-college,pending,,,
44,aph-241067,"COLEMAN, the Hon. David Bernard",Christian Brothers',https://handbookapi.aph.gov.au/api/individuals?$filter=PHID eq '241067',False,Lookup in ACARA historical register,Provisional institution ID: inst-unmatched-christian-brothers,pending,,,
44,aph-241067,"COLEMAN, the Hon. David Bernard",St Thomas,https://handbookapi.aph.gov.au/api/individuals?$filter=PHID eq '241067',False,Lookup in ACARA historical register,Provisional institution ID: inst-unmatched-st-thomas,pending,,,
45,aph-241067,"COLEMAN, the Hon. David Bernard",Christian Brothers',https://handbookapi.aph.gov.au/api/individuals?$filter=PHID eq '241067',False,Lookup in ACARA historical register,Provisional institution ID: inst-unmatched-christian-brothers,pending,,,
45,aph-241067,"COLEMAN, the Hon. David Bernard",St Thomas,https://handbookapi.aph.gov.au/api/individuals?$filter=PHID eq '241067',False,Lookup in ACARA historical register,Provisional institution ID: inst-unmatched-st-thomas,pending,,,
46,aph-241067,"COLEMAN, the Hon. David Bernard",Christian Brothers',https://handbookapi.aph.gov.au/api/individuals?$filter=PHID eq '241067',False,Lookup in ACARA historical register,Provisional institution ID: inst-unmatched-christian-brothers,pending,,,
46,aph-241067,"COLEMAN, the Hon. David Bernard",St Thomas,https://handbookapi.aph.gov.au/api/individuals?$filter=PHID eq '241067',False,Lookup in ACARA historical register,Provisional institution ID: inst-unmatched-st-thomas,pending,,,
47,aph-241067,"COLEMAN, the Hon. David Bernard",Christian Brothers',https://handbookapi.aph.gov.au/api/individuals?$filter=PHID eq '241067',False,Lookup in ACARA historical register,Provisional institution ID: inst-unmatched-christian-brothers,pending,,,
47,aph-241067,"COLEMAN, the Hon. David Bernard",St Thomas,https://handbookapi.aph.gov.au/api/individuals?$filter=PHID eq '241067',False,Lookup in ACARA historical register,Provisional institution ID: inst-unmatched-st-thomas,pending,,,
44,aph-241586,"SUDMALIS, Ann Elizabeth",,https://handbookapi.aph.gov.au/api/individuals?$filter=PHID eq '241586',False,Research missing secondary education,No APH secondary-school evidence,pending,,,
45,aph-241586,"SUDMALIS, Ann Elizabeth",,https://handbookapi.aph.gov.au/api/individuals?$filter=PHID eq '241586',False,Research missing secondary education,No APH secondary-school evidence,pending,,,
44,aph-241589,"McNAMARA, Karen Jane",,https://handbookapi.aph.gov.au/api/individuals?$filter=PHID eq '241589',False,Research missing secondary education,No APH secondary-school evidence,pending,,,
44,aph-241590,"WICKS, Lucy Elizabeth",Gosford Christian School,https://handbookapi.aph.gov.au/api/individuals?$filter=PHID eq '241590',False,Lookup in ACARA historical register,Provisional institution ID: inst-unmatched-gosford-christian-school,pending,,,
45,aph-241590,"WICKS, Lucy Elizabeth",Gosford Christian School,https://handbookapi.aph.gov.au/api/individuals?$filter=PHID eq '241590',False,Lookup in ACARA historical register,Provisional institution ID: inst-unmatched-gosford-christian-school,pending,,,
46,aph-241590,"WICKS, Lucy Elizabeth",Gosford Christian School,https://handbookapi.aph.gov.au/api/individuals?$filter=PHID eq '241590',False,Lookup in ACARA historical register,Provisional institution ID: inst-unmatched-gosford-christian-school,pending,,,
43,aph-241710,"SMITH, Dean Anthony",Mirrabooka Senior High School,https://handbookapi.aph.gov.au/api/individuals?$filter=PHID eq '241710',False,Lookup in ACARA historical register,Provisional institution ID: inst-unmatched-mirrabooka-senior-high-school,pending,,,
44,aph-241710,"SMITH, Dean Anthony",Mirrabooka Senior High School,https://handbookapi.aph.gov.au/api/individuals?$filter=PHID eq '241710',False,Lookup in ACARA historical register,Provisional institution ID: inst-unmatched-mirrabooka-senior-high-school,pending,,,
45,aph-241710,"SMITH, Dean Anthony",Mirrabooka Senior High School,https://handbookapi.aph.gov.au/api/individuals?$filter=PHID eq '241710',False,Lookup in ACARA historical register,Provisional institution ID: inst-unmatched-mirrabooka-senior-high-school,pending,,,
46,aph-241710,"SMITH, Dean Anthony",Mirrabooka Senior High School,https://handbookapi.aph.gov.au/api/individuals?$filter=PHID eq '241710',False,Lookup in ACARA historical register,Provisional institution ID: inst-unmatched-mirrabooka-senior-high-school,pending,,,
47,aph-241710,"SMITH, Dean Anthony",Mirrabooka Senior High School,https://handbookapi.aph.gov.au/api/individuals?$filter=PHID eq '241710',False,Lookup in ACARA historical register,Provisional institution ID: inst-unmatched-mirrabooka-senior-high-school,pending,,,
48,aph-241710,"SMITH, Dean Anthony",Mirrabooka Senior High School,https://handbookapi.aph.gov.au/api/individuals?$filter=PHID eq '241710',False,Lookup in ACARA historical register,Provisional institution ID: inst-unmatched-mirrabooka-senior-high-school,pending,,,
44,aph-242515,"SUKKAR, the Hon. Michael Sven",Aquinas College,https://handbookapi.aph.gov.au/api/individuals?$filter=PHID eq '242515',False,Lookup in ACARA historical register,Provisional institution ID: inst-unmatched-aquinas-college,pending,,,
45,aph-242515,"SUKKAR, the Hon. Michael Sven",Aquinas College,https://handbookapi.aph.gov.au/api/individuals?$filter=PHID eq '242515',False,Lookup in ACARA historical register,Provisional institution ID: inst-unmatched-aquinas-college,pending,,,
46,aph-242515,"SUKKAR, the Hon. Michael Sven",Aquinas College,https://handbookapi.aph.gov.au/api/individuals?$filter=PHID eq '242515',False,Lookup in ACARA historical register,Provisional institution ID: inst-unmatched-aquinas-college,pending,,,
47,aph-242515,"SUKKAR, the Hon. Michael Sven",Aquinas College,https://handbookapi.aph.gov.au/api/individuals?$filter=PHID eq '242515',False,Lookup in ACARA historical register,Provisional institution ID: inst-unmatched-aquinas-college,pending,,,
44,aph-243237,"BULLOCK, Joseph (Joe) Warrington",,https://handbookapi.aph.gov.au/api/individuals?$filter=PHID eq '243237',False,Research missing secondary education,No APH secondary-school evidence,pending,,,
44,aph-243609,"GILES, the Hon. Andrew James",,https://handbookapi.aph.gov.au/api/individuals?$filter=PHID eq '243609',False,Research missing secondary education,No APH secondary-school evidence,pending,,,
45,aph-243609,"GILES, the Hon. Andrew James",,https://handbookapi.aph.gov.au/api/individuals?$filter=PHID eq '243609',False,Research missing secondary education,No APH secondary-school evidence,pending,,,
46,aph-243609,"GILES, the Hon. Andrew James",,https://handbookapi.aph.gov.au/api/individuals?$filter=PHID eq '243609',False,Research missing secondary education,No APH secondary-school evidence,pending,,,
47,aph-243609,"GILES, the Hon. Andrew James",,https://handbookapi.aph.gov.au/api/individuals?$filter=PHID eq '243609',False,Research missing secondary education,No APH secondary-school evidence,pending,,,
48,aph-243609,"GILES, the Hon. Andrew James",,https://handbookapi.aph.gov.au/api/individuals?$filter=PHID eq '243609',False,Research missing secondary education,No APH secondary-school evidence,pending,,,
44,aph-244247,"KETTER, Christopher (Chris) Ronald",,https://handbookapi.aph.gov.au/api/individuals?$filter=PHID eq '244247',False,Research missing secondary education,No APH secondary-school evidence,pending,,,
45,aph-244247,"KETTER, Christopher (Chris) Ronald",,https://handbookapi.aph.gov.au/api/individuals?$filter=PHID eq '244247',False,Research missing secondary education,No APH secondary-school evidence,pending,,,
45,aph-244276,"SPENDER, Duncan",,https://handbookapi.aph.gov.au/api/individuals?$filter=PHID eq '244276',False,Research missing secondary education,No APH secondary-school evidence,pending,,,
44,aph-245212,"CANAVAN, the Hon. Matthew (Matt) James",Chisholm Catholic College,https://handbookapi.aph.gov.au/api/individuals?$filter=PHID eq '245212',False,Lookup in ACARA historical register,Provisional institution ID: inst-unmatched-chisholm-catholic-college,pending,,,
45,aph-245212,"CANAVAN, the Hon. Matthew (Matt) James",Chisholm Catholic College,https://handbookapi.aph.gov.au/api/individuals?$filter=PHID eq '245212',False,Lookup in ACARA historical register,Provisional institution ID: inst-unmatched-chisholm-catholic-college,pending,,,
46,aph-245212,"CANAVAN, the Hon. Matthew (Matt) James",Chisholm Catholic College,https://handbookapi.aph.gov.au/api/individuals?$filter=PHID eq '245212',False,Lookup in ACARA historical register,Provisional institution ID: inst-unmatched-chisholm-catholic-college,pending,,,
47,aph-245212,"CANAVAN, the Hon. Matthew (Matt) James",Chisholm Catholic College,https://handbookapi.aph.gov.au/api/individuals?$filter=PHID eq '245212',False,Lookup in ACARA historical register,Provisional institution ID: inst-unmatched-chisholm-catholic-college,pending,,,
48,aph-245212,"CANAVAN, the Hon. Matthew (Matt) James",Chisholm Catholic College,https://handbookapi.aph.gov.au/api/individuals?$filter=PHID eq '245212',False,Lookup in ACARA historical register,Provisional institution ID: inst-unmatched-chisholm-catholic-college,pending,,,
45,aph-245392,"GOSLING, Luke John Anthony, OAM",Marcellin College,https://handbookapi.aph.gov.au/api/individuals?$filter=PHID eq '245392',False,Lookup in ACARA historical register,Provisional institution ID: inst-unmatched-marcellin-college,pending,,,
45,aph-245392,"GOSLING, Luke John Anthony, OAM",Mt Lilydale College,https://handbookapi.aph.gov.au/api/individuals?$filter=PHID eq '245392',False,Lookup in ACARA historical register,Provisional institution ID: inst-unmatched-mount-lilydale-college,pending,,,
46,aph-245392,"GOSLING, Luke John Anthony, OAM",Marcellin College,https://handbookapi.aph.gov.au/api/individuals?$filter=PHID eq '245392',False,Lookup in ACARA historical register,Provisional institution ID: inst-unmatched-marcellin-college,pending,,,
46,aph-245392,"GOSLING, Luke John Anthony, OAM",Mt Lilydale College,https://handbookapi.aph.gov.au/api/individuals?$filter=PHID eq '245392',False,Lookup in ACARA historical register,Provisional institution ID: inst-unmatched-mount-lilydale-college,pending,,,
47,aph-245392,"GOSLING, Luke John Anthony, OAM",Marcellin College,https://handbookapi.aph.gov.au/api/individuals?$filter=PHID eq '245392',False,Lookup in ACARA historical register,Provisional institution ID: inst-unmatched-marcellin-college,pending,,,
47,aph-245392,"GOSLING, Luke John Anthony, OAM",Mt Lilydale College,https://handbookapi.aph.gov.au/api/individuals?$filter=PHID eq '245392',False,Lookup in ACARA historical register,Provisional institution ID: inst-unmatched-mount-lilydale-college,pending,,,
48,aph-245392,"GOSLING, Luke John Anthony, OAM",Marcellin College,https://handbookapi.aph.gov.au/api/individuals?$filter=PHID eq '245392',False,Lookup in ACARA historical register,Provisional institution ID: inst-unmatched-marcellin-college,pending,,,
48,aph-245392,"GOSLING, Luke John Anthony, OAM",Mt Lilydale College,https://handbookapi.aph.gov.au/api/individuals?$filter=PHID eq '245392',False,Lookup in ACARA historical register,Provisional institution ID: inst-unmatched-mount-lilydale-college,pending,,,
45,aph-245550,"FLINT, Nicolle Jane",,https://handbookapi.aph.gov.au/api/individuals?$filter=PHID eq '245550',False,Research missing secondary education,No APH secondary-school evidence,pending,,,
46,aph-245550,"FLINT, Nicolle Jane",,https://handbookapi.aph.gov.au/api/individuals?$filter=PHID eq '245550',False,Research missing secondary education,No APH secondary-school evidence,pending,,,
44,aph-247130,"LAUNDY, the Hon. Craig Arthur Samuel",,https://handbookapi.aph.gov.au/api/individuals?$filter=PHID eq '247130',False,Research missing secondary education,No APH secondary-school evidence,pending,,,
45,aph-247130,"LAUNDY, the Hon. Craig Arthur Samuel",,https://handbookapi.aph.gov.au/api/individuals?$filter=PHID eq '247130',False,Research missing secondary education,No APH secondary-school evidence,pending,,,
44,aph-247742,"HOWARTH, the Hon. Luke Ronald",Frawley College,https://handbookapi.aph.gov.au/api/individuals?$filter=PHID eq '247742',False,Lookup in ACARA historical register,Provisional institution ID: inst-unmatched-frawley-college,pending,,,
44,aph-247742,"HOWARTH, the Hon. Luke Ronald",St Patrick's College,https://handbookapi.aph.gov.au/api/individuals?$filter=PHID eq '247742',False,Lookup in ACARA historical register,Provisional institution ID: inst-unmatched-saint-patricks-college,pending,,,
45,aph-247742,"HOWARTH, the Hon. Luke Ronald",Frawley College,https://handbookapi.aph.gov.au/api/individuals?$filter=PHID eq '247742',False,Lookup in ACARA historical register,Provisional institution ID: inst-unmatched-frawley-college,pending,,,
45,aph-247742,"HOWARTH, the Hon. Luke Ronald",St Patrick's College,https://handbookapi.aph.gov.au/api/individuals?$filter=PHID eq '247742',False,Lookup in ACARA historical register,Provisional institution ID: inst-unmatched-saint-patricks-college,pending,,,
46,aph-247742,"HOWARTH, the Hon. Luke Ronald",Frawley College,https://handbookapi.aph.gov.au/api/individuals?$filter=PHID eq '247742',False,Lookup in ACARA historical register,Provisional institution ID: inst-unmatched-frawley-college,pending,,,
46,aph-247742,"HOWARTH, the Hon. Luke Ronald",St Patrick's College,https://handbookapi.aph.gov.au/api/individuals?$filter=PHID eq '247742',False,Lookup in ACARA historical register,Provisional institution ID: inst-unmatched-saint-patricks-college,pending,,,
47,aph-247742,"HOWARTH, the Hon. Luke Ronald",Frawley College,https://handbookapi.aph.gov.au/api/individuals?$filter=PHID eq '247742',False,Lookup in ACARA historical register,Provisional institution ID: inst-unmatched-frawley-college,pending,,,
47,aph-247742,"HOWARTH, the Hon. Luke Ronald",St Patrick's College,https://handbookapi.aph.gov.au/api/individuals?$filter=PHID eq '247742',False,Lookup in ACARA historical register,Provisional institution ID: inst-unmatched-saint-patricks-college,pending,,,
44,aph-247871,"O'SULLIVAN, Barry James",,https://handbookapi.aph.gov.au/api/individuals?$filter=PHID eq '247871',False,Research missing secondary education,No APH secondary-school evidence,pending,,,
45,aph-247871,"O'SULLIVAN, Barry James",,https://handbookapi.aph.gov.au/api/individuals?$filter=PHID eq '247871',False,Research missing secondary education,No APH secondary-school evidence,pending,,,
48,aph-248895,"PENFOLD, Alison Louise",St Clare's High School Taree,https://handbookapi.aph.gov.au/api/individuals?$filter=PHID eq '248895',False,Lookup in ACARA historical register,Provisional institution ID: inst-unmatched-saint-clares-high-school-taree,pending,,,
45,aph-248969,"CREWTHER, Christopher (Chris) John",,https://handbookapi.aph.gov.au/api/individuals?$filter=PHID eq '248969',False,Research missing secondary education,No APH secondary-school evidence,pending,,,
45,aph-249147,"KEOGH, the Hon. Matthew (Matt) James",Mazenod College,https://handbookapi.aph.gov.au/api/individuals?$filter=PHID eq '249147',False,Lookup in ACARA historical register,Provisional institution ID: inst-unmatched-mazenod-college,pending,,,
46,aph-249147,"KEOGH, the Hon. Matthew (Matt) James",Mazenod College,https://handbookapi.aph.gov.au/api/individuals?$filter=PHID eq '249147',False,Lookup in ACARA historical register,Provisional institution ID: inst-unmatched-mazenod-college,pending,,,
47,aph-249147,"KEOGH, the Hon. Matthew (Matt) James",Mazenod College,https://handbookapi.aph.gov.au/api/individuals?$filter=PHID eq '249147',False,Lookup in ACARA historical register,Provisional institution ID: inst-unmatched-mazenod-college,pending,,,
48,aph-249147,"KEOGH, the Hon. Matthew (Matt) James",Mazenod College,https://handbookapi.aph.gov.au/api/individuals?$filter=PHID eq '249147',False,Lookup in ACARA historical register,Provisional institution ID: inst-unmatched-mazenod-college,pending,,,
44,aph-249224,"RYAN, Joanne Catherine",MacKillop College,https://handbookapi.aph.gov.au/api/individuals?$filter=PHID eq '249224',False,Lookup in ACARA historical register,Provisional institution ID: inst-unmatched-mackillop-college,pending,,,
44,aph-249224,"RYAN, Joanne Catherine",Mount St Joseph's College,https://handbookapi.aph.gov.au/api/individuals?$filter=PHID eq '249224',False,Lookup in ACARA historical register,Provisional institution ID: inst-unmatched-mount-saint-josephs-college,pending,,,
45,aph-249224,"RYAN, Joanne Catherine",MacKillop College,https://handbookapi.aph.gov.au/api/individuals?$filter=PHID eq '249224',False,Lookup in ACARA historical register,Provisional institution ID: inst-unmatched-mackillop-college,pending,,,
45,aph-249224,"RYAN, Joanne Catherine",Mount St Joseph's College,https://handbookapi.aph.gov.au/api/individuals?$filter=PHID eq '249224',False,Lookup in ACARA historical register,Provisional institution ID: inst-unmatched-mount-saint-josephs-college,pending,,,
46,aph-249224,"RYAN, Joanne Catherine",MacKillop College,https://handbookapi.aph.gov.au/api/individuals?$filter=PHID eq '249224',False,Lookup in ACARA historical register,Provisional institution ID: inst-unmatched-mackillop-college,pending,,,
46,aph-249224,"RYAN, Joanne Catherine",Mount St Joseph's College,https://handbookapi.aph.gov.au/api/individuals?$filter=PHID eq '249224',False,Lookup in ACARA historical register,Provisional institution ID: inst-unmatched-mount-saint-josephs-college,pending,,,
47,aph-249224,"RYAN, Joanne Catherine",MacKillop College,https://handbookapi.aph.gov.au/api/individuals?$filter=PHID eq '249224',False,Lookup in ACARA historical register,Provisional institution ID: inst-unmatched-mackillop-college,pending,,,
47,aph-249224,"RYAN, Joanne Catherine",Mount St Joseph's College,https://handbookapi.aph.gov.au/api/individuals?$filter=PHID eq '249224',False,Lookup in ACARA historical register,Provisional institution ID: inst-unmatched-mount-saint-josephs-college,pending,,,
48,aph-249224,"RYAN, Joanne Catherine",MacKillop College,https://handbookapi.aph.gov.au/api/individuals?$filter=PHID eq '249224',False,Lookup in ACARA historical register,Provisional institution ID: inst-unmatched-mackillop-college,pending,,,
48,aph-249224,"RYAN, Joanne Catherine",Mount St Joseph's College,https://handbookapi.aph.gov.au/api/individuals?$filter=PHID eq '249224',False,Lookup in ACARA historical register,Provisional institution ID: inst-unmatched-mount-saint-josephs-college,pending,,,
44,aph-249308,"PRICE, the Hon. Melissa Lee",Prendiville Ladies College,https://handbookapi.aph.gov.au/api/individuals?$filter=PHID eq '249308',False,Lookup in ACARA historical register,Provisional institution ID: inst-unmatched-prendiville-ladies-college,pending,,,
45,aph-249308,"PRICE, the Hon. Melissa Lee",Prendiville Ladies College,https://handbookapi.aph.gov.au/api/individuals?$filter=PHID eq '249308',False,Lookup in ACARA historical register,Provisional institution ID: inst-unmatched-prendiville-ladies-college,pending,,,
46,aph-249308,"PRICE, the Hon. Melissa Lee",Prendiville Ladies College,https://handbookapi.aph.gov.au/api/individuals?$filter=PHID eq '249308',False,Lookup in ACARA historical register,Provisional institution ID: inst-unmatched-prendiville-ladies-college,pending,,,
47,aph-249308,"PRICE, the Hon. Melissa Lee",Prendiville Ladies College,https://handbookapi.aph.gov.au/api/individuals?$filter=PHID eq '249308',False,Lookup in ACARA historical register,Provisional institution ID: inst-unmatched-prendiville-ladies-college,pending,,,
48,aph-249308,"PRICE, the Hon. Melissa Lee",Prendiville Ladies College,https://handbookapi.aph.gov.au/api/individuals?$filter=PHID eq '249308',False,Lookup in ACARA historical register,Provisional institution ID: inst-unmatched-prendiville-ladies-college,pending,,,
44,aph-249499,"TILLEM, Mehmet",,https://handbookapi.aph.gov.au/api/individuals?$filter=PHID eq '249499',False,Research missing secondary education,No APH secondary-school evidence,pending,,,
44,aph-249758,"WILLIAMS, Matthew (Matt)",,https://handbookapi.aph.gov.au/api/individuals?$filter=PHID eq '249758',False,Research missing secondary education,No APH secondary-school evidence,pending,,,
45,aph-249908,"O'TOOLE, Catherine (Cathy) Elizabeth",,https://handbookapi.aph.gov.au/api/individuals?$filter=PHID eq '249908',False,Research missing secondary education,No APH secondary-school evidence,pending,,,
44,aph-250024,"MUIR, Ricky Lee",,https://handbookapi.aph.gov.au/api/individuals?$filter=PHID eq '250024',False,Research missing secondary education,No APH secondary-school evidence,pending,,,
44,aph-250045,"WANG, Zhenya (Dio)",,https://handbookapi.aph.gov.au/api/individuals?$filter=PHID eq '250045',False,Research missing secondary education,No APH secondary-school evidence,pending,,,
44,aph-250077,"VARVARIS, Nickolas",,https://handbookapi.aph.gov.au/api/individuals?$filter=PHID eq '250077',False,Research missing secondary education,No APH secondary-school evidence,pending,,,
45,aph-250156,"STEELE-JOHN, Jordon Alexander",Home educated,https://handbookapi.aph.gov.au/api/individuals?$filter=PHID eq '250156',False,Lookup in ACARA historical register,Provisional institution ID: inst-unmatched-home-educated,pending,,,
46,aph-250156,"STEELE-JOHN, Jordon Alexander",Home educated,https://handbookapi.aph.gov.au/api/individuals?$filter=PHID eq '250156',False,Lookup in ACARA historical register,Provisional institution ID: inst-unmatched-home-educated,pending,,,
47,aph-250156,"STEELE-JOHN, Jordon Alexander",Home educated,https://handbookapi.aph.gov.au/api/individuals?$filter=PHID eq '250156',False,Lookup in ACARA historical register,Provisional institution ID: inst-unmatched-home-educated,pending,,,
48,aph-250156,"STEELE-JOHN, Jordon Alexander",Home educated,https://handbookapi.aph.gov.au/api/individuals?$filter=PHID eq '250156',False,Lookup in ACARA historical register,Provisional institution ID: inst-unmatched-home-educated,pending,,,
44,aph-250216,"REYNOLDS, the Hon. Linda Karen, CSC",St Brigid's Ladies College,https://handbookapi.aph.gov.au/api/individuals?$filter=PHID eq '250216',False,Lookup in ACARA historical register,Provisional institution ID: inst-unmatched-saint-brigids-ladies-college,pending,,,
45,aph-250216,"REYNOLDS, the Hon. Linda Karen, CSC",St Brigid's Ladies College,https://handbookapi.aph.gov.au/api/individuals?$filter=PHID eq '250216',False,Lookup in ACARA historical register,Provisional institution ID: inst-unmatched-saint-brigids-ladies-college,pending,,,
46,aph-250216,"REYNOLDS, the Hon. Linda Karen, CSC",St Brigid's Ladies College,https://handbookapi.aph.gov.au/api/individuals?$filter=PHID eq '250216',False,Lookup in ACARA historical register,Provisional institution ID: inst-unmatched-saint-brigids-ladies-college,pending,,,
47,aph-250216,"REYNOLDS, the Hon. Linda Karen, CSC",St Brigid's Ladies College,https://handbookapi.aph.gov.au/api/individuals?$filter=PHID eq '250216',False,Lookup in ACARA historical register,Provisional institution ID: inst-unmatched-saint-brigids-ladies-college,pending,,,
45,aph-250362,"FARUQI, Dr Mehreen Saeed",,https://handbookapi.aph.gov.au/api/individuals?$filter=PHID eq '250362',False,Research missing secondary education,No APH secondary-school evidence,pending,,,
46,aph-250362,"FARUQI, Dr Mehreen Saeed",,https://handbookapi.aph.gov.au/api/individuals?$filter=PHID eq '250362',False,Research missing secondary education,No APH secondary-school evidence,pending,,,
47,aph-250362,"FARUQI, Dr Mehreen Saeed",,https://handbookapi.aph.gov.au/api/individuals?$filter=PHID eq '250362',False,Research missing secondary education,No APH secondary-school evidence,pending,,,
48,aph-250362,"FARUQI, Dr Mehreen Saeed",,https://handbookapi.aph.gov.au/api/individuals?$filter=PHID eq '250362',False,Research missing secondary education,No APH secondary-school evidence,pending,,,
46,aph-252157,"WALSH, the Hon. Dr Jess Cecille",,https://handbookapi.aph.gov.au/api/individuals?$filter=PHID eq '252157',False,Research missing secondary education,No APH secondary-school evidence,pending,,,
47,aph-252157,"WALSH, the Hon. Dr Jess Cecille",,https://handbookapi.aph.gov.au/api/individuals?$filter=PHID eq '252157',False,Research missing secondary education,No APH secondary-school evidence,pending,,,
48,aph-252157,"WALSH, the Hon. Dr Jess Cecille",,https://handbookapi.aph.gov.au/api/individuals?$filter=PHID eq '252157',False,Research missing secondary education,No APH secondary-school evidence,pending,,,
46,aph-256063,"BRAGG, Andrew James",,https://handbookapi.aph.gov.au/api/individuals?$filter=PHID eq '256063',False,Research missing secondary education,No APH secondary-school evidence,pending,,,
47,aph-256063,"BRAGG, Andrew James",,https://handbookapi.aph.gov.au/api/individuals?$filter=PHID eq '256063',False,Research missing secondary education,No APH secondary-school evidence,pending,,,
48,aph-256063,"BRAGG, Andrew James",,https://handbookapi.aph.gov.au/api/individuals?$filter=PHID eq '256063',False,Research missing secondary education,No APH secondary-school evidence,pending,,,
47,aph-257613,"GHOSH, Varun",,https://handbookapi.aph.gov.au/api/individuals?$filter=PHID eq '257613',False,Research missing secondary education,No APH secondary-school evidence,pending,,,
48,aph-257613,"GHOSH, Varun",,https://handbookapi.aph.gov.au/api/individuals?$filter=PHID eq '257613',False,Research missing secondary education,No APH secondary-school evidence,pending,,,
44,aph-258337,"LINDGREN, Joanna Maria",,https://handbookapi.aph.gov.au/api/individuals?$filter=PHID eq '258337',False,Research missing secondary education,No APH secondary-school evidence,pending,,,
44,aph-260805,"HASTIE, the Hon. Andrew William",Scots College,https://handbookapi.aph.gov.au/api/individuals?$filter=PHID eq '260805',False,Lookup in ACARA historical register,Provisional institution ID: inst-unmatched-scots-college,pending,,,
45,aph-260805,"HASTIE, the Hon. Andrew William",Scots College,https://handbookapi.aph.gov.au/api/individuals?$filter=PHID eq '260805',False,Lookup in ACARA historical register,Provisional institution ID: inst-unmatched-scots-college,pending,,,
46,aph-260805,"HASTIE, the Hon. Andrew William",Scots College,https://handbookapi.aph.gov.au/api/individuals?$filter=PHID eq '260805',False,Lookup in ACARA historical register,Provisional institution ID: inst-unmatched-scots-college,pending,,,
47,aph-260805,"HASTIE, the Hon. Andrew William",Scots College,https://handbookapi.aph.gov.au/api/individuals?$filter=PHID eq '260805',False,Lookup in ACARA historical register,Provisional institution ID: inst-unmatched-scots-college,pending,,,
48,aph-260805,"HASTIE, the Hon. Andrew William",Scots College,https://handbookapi.aph.gov.au/api/individuals?$filter=PHID eq '260805',False,Lookup in ACARA historical register,Provisional institution ID: inst-unmatched-scots-college,pending,,,
45,aph-262273,"KEAY, Justine Terri",,https://handbookapi.aph.gov.au/api/individuals?$filter=PHID eq '262273',False,Research missing secondary education,No APH secondary-school evidence,pending,,,
45,aph-263070,"HART, Ross Anthony",,https://handbookapi.aph.gov.au/api/individuals?$filter=PHID eq '263070',False,Research missing secondary education,No APH secondary-school evidence,pending,,,
45,aph-263328,"HUSAR, Emma",,https://handbookapi.aph.gov.au/api/individuals?$filter=PHID eq '263328',False,Research missing secondary education,No APH secondary-school evidence,pending,,,
48,aph-263427,"BRISKEY, Jo",,https://handbookapi.aph.gov.au/api/individuals?$filter=PHID eq '263427',False,Research missing secondary education,No APH secondary-school evidence,pending,,,
47,aph-263528,"NAMPIJINPA PRICE, Jacinta",,https://handbookapi.aph.gov.au/api/individuals?$filter=PHID eq '263528',False,Research missing secondary education,No APH secondary-school evidence,pending,,,
48,aph-263528,"NAMPIJINPA PRICE, Jacinta",,https://handbookapi.aph.gov.au/api/individuals?$filter=PHID eq '263528',False,Research missing secondary education,No APH secondary-school evidence,pending,,,
46,aph-263547,"COKER, Elizabeth (Libby) Ann",Beaumans High School,https://handbookapi.aph.gov.au/api/individuals?$filter=PHID eq '263547',False,Lookup in ACARA historical register,Provisional institution ID: inst-unmatched-beaumans-high-school,pending,,,
46,aph-263547,"COKER, Elizabeth (Libby) Ann",MacRobertson High School,https://handbookapi.aph.gov.au/api/individuals?$filter=PHID eq '263547',False,Lookup in ACARA historical register,Provisional institution ID: inst-unmatched-macrobertson-high-school,pending,,,
46,aph-263547,"COKER, Elizabeth (Libby) Ann",Victorian School of Correspondence,https://handbookapi.aph.gov.au/api/individuals?$filter=PHID eq '263547',False,Lookup in ACARA historical register,Provisional institution ID: inst-unmatched-victorian-school-of-correspondence,pending,,,
47,aph-263547,"COKER, Elizabeth (Libby) Ann",Beaumans High School,https://handbookapi.aph.gov.au/api/individuals?$filter=PHID eq '263547',False,Lookup in ACARA historical register,Provisional institution ID: inst-unmatched-beaumans-high-school,pending,,,
47,aph-263547,"COKER, Elizabeth (Libby) Ann",MacRobertson High School,https://handbookapi.aph.gov.au/api/individuals?$filter=PHID eq '263547',False,Lookup in ACARA historical register,Provisional institution ID: inst-unmatched-macrobertson-high-school,pending,,,
47,aph-263547,"COKER, Elizabeth (Libby) Ann",Victorian School of Correspondence,https://handbookapi.aph.gov.au/api/individuals?$filter=PHID eq '263547',False,Lookup in ACARA historical register,Provisional institution ID: inst-unmatched-victorian-school-of-correspondence,pending,,,
48,aph-263547,"COKER, Elizabeth (Libby) Ann",Beaumans High School,https://handbookapi.aph.gov.au/api/individuals?$filter=PHID eq '263547',False,Lookup in ACARA historical register,Provisional institution ID: inst-unmatched-beaumans-high-school,pending,,,
48,aph-263547,"COKER, Elizabeth (Libby) Ann",MacRobertson High School,https://handbookapi.aph.gov.au/api/individuals?$filter=PHID eq '263547',False,Lookup in ACARA historical register,Provisional institution ID: inst-unmatched-macrobertson-high-school,pending,,,
48,aph-263547,"COKER, Elizabeth (Libby) Ann",Victorian School of Correspondence,https://handbookapi.aph.gov.au/api/individuals?$filter=PHID eq '263547',False,Lookup in ACARA historical register,Provisional institution ID: inst-unmatched-victorian-school-of-correspondence,pending,,,
45,aph-265970,"WILSON, the Hon. Joshua (Josh) Hamilton",John Curtin High School,https://handbookapi.aph.gov.au/api/individuals?$filter=PHID eq '265970',False,Lookup in ACARA historical register,Provisional institution ID: inst-unmatched-john-curtin-high-school,pending,,,
45,aph-265970,"WILSON, the Hon. Joshua (Josh) Hamilton",Swanbourne High School,https://handbookapi.aph.gov.au/api/individuals?$filter=PHID eq '265970',False,Lookup in ACARA historical register,Provisional institution ID: inst-unmatched-swanbourne-high-school,pending,,,
46,aph-265970,"WILSON, the Hon. Joshua (Josh) Hamilton",John Curtin High School,https://handbookapi.aph.gov.au/api/individuals?$filter=PHID eq '265970',False,Lookup in ACARA historical register,Provisional institution ID: inst-unmatched-john-curtin-high-school,pending,,,
46,aph-265970,"WILSON, the Hon. Joshua (Josh) Hamilton",Swanbourne High School,https://handbookapi.aph.gov.au/api/individuals?$filter=PHID eq '265970',False,Lookup in ACARA historical register,Provisional institution ID: inst-unmatched-swanbourne-high-school,pending,,,
47,aph-265970,"WILSON, the Hon. Joshua (Josh) Hamilton",John Curtin High School,https://handbookapi.aph.gov.au/api/individuals?$filter=PHID eq '265970',False,Lookup in ACARA historical register,Provisional institution ID: inst-unmatched-john-curtin-high-school,pending,,,
47,aph-265970,"WILSON, the Hon. Joshua (Josh) Hamilton",Swanbourne High School,https://handbookapi.aph.gov.au/api/individuals?$filter=PHID eq '265970',False,Lookup in ACARA historical register,Provisional institution ID: inst-unmatched-swanbourne-high-school,pending,,,
48,aph-265970,"WILSON, the Hon. Joshua (Josh) Hamilton",John Curtin High School,https://handbookapi.aph.gov.au/api/individuals?$filter=PHID eq '265970',False,Lookup in ACARA historical register,Provisional institution ID: inst-unmatched-john-curtin-high-school,pending,,,
48,aph-265970,"WILSON, the Hon. Joshua (Josh) Hamilton",Swanbourne High School,https://handbookapi.aph.gov.au/api/individuals?$filter=PHID eq '265970',False,Lookup in ACARA historical register,Provisional institution ID: inst-unmatched-swanbourne-high-school,pending,,,
45,aph-265975,"LAMB, Susan",,https://handbookapi.aph.gov.au/api/individuals?$filter=PHID eq '265975',False,Research missing secondary education,No APH secondary-school evidence,pending,,,
45,aph-265980,"SHARKIE, Rebekha Carina Che",Eynesbury College,https://handbookapi.aph.gov.au/api/individuals?$filter=PHID eq '265980',False,Lookup in ACARA historical register,Provisional institution ID: inst-unmatched-eynesbury-college,pending,,,
46,aph-265980,"SHARKIE, Rebekha Carina Che",Eynesbury College,https://handbookapi.aph.gov.au/api/individuals?$filter=PHID eq '265980',False,Lookup in ACARA historical register,Provisional institution ID: inst-unmatched-eynesbury-college,pending,,,
47,aph-265980,"SHARKIE, Rebekha Carina Che",Eynesbury College,https://handbookapi.aph.gov.au/api/individuals?$filter=PHID eq '265980',False,Lookup in ACARA historical register,Provisional institution ID: inst-unmatched-eynesbury-college,pending,,,
48,aph-265980,"SHARKIE, Rebekha Carina Che",Eynesbury College,https://handbookapi.aph.gov.au/api/individuals?$filter=PHID eq '265980',False,Lookup in ACARA historical register,Provisional institution ID: inst-unmatched-eynesbury-college,pending,,,
45,aph-265982,"KAKOSCHKE-MOORE, Skye",,https://handbookapi.aph.gov.au/api/individuals?$filter=PHID eq '265982',False,Research missing secondary education,No APH secondary-school evidence,pending,,,
45,aph-265990,"STANLEY, Anne Maree",,https://handbookapi.aph.gov.au/api/individuals?$filter=PHID eq '265990',False,Research missing secondary education,No APH secondary-school evidence,pending,,,
46,aph-265990,"STANLEY, Anne Maree",,https://handbookapi.aph.gov.au/api/individuals?$filter=PHID eq '265990',False,Research missing secondary education,No APH secondary-school evidence,pending,,,
47,aph-265990,"STANLEY, Anne Maree",,https://handbookapi.aph.gov.au/api/individuals?$filter=PHID eq '265990',False,Research missing secondary education,No APH secondary-school evidence,pending,,,
48,aph-265990,"STANLEY, Anne Maree",,https://handbookapi.aph.gov.au/api/individuals?$filter=PHID eq '265990',False,Research missing secondary education,No APH secondary-school evidence,pending,,,
45,aph-265991,"O'BRIEN, Llewellyn (Llew) Stephen",,https://handbookapi.aph.gov.au/api/individuals?$filter=PHID eq '265991',False,Research missing secondary education,No APH secondary-school evidence,pending,,,
46,aph-265991,"O'BRIEN, Llewellyn (Llew) Stephen",,https://handbookapi.aph.gov.au/api/individuals?$filter=PHID eq '265991',False,Research missing secondary education,No APH secondary-school evidence,pending,,,
47,aph-265991,"O'BRIEN, Llewellyn (Llew) Stephen",,https://handbookapi.aph.gov.au/api/individuals?$filter=PHID eq '265991',False,Research missing secondary education,No APH secondary-school evidence,pending,,,
48,aph-265991,"O'BRIEN, Llewellyn (Llew) Stephen",,https://handbookapi.aph.gov.au/api/individuals?$filter=PHID eq '265991',False,Research missing secondary education,No APH secondary-school evidence,pending,,,
45,aph-266482,"CULLETON, Rodney Norman",,https://handbookapi.aph.gov.au/api/individuals?$filter=PHID eq '266482',False,Research missing secondary education,No APH secondary-school evidence,pending,,,
47,aph-267506,"KENNEDY, Simon Peter",,https://handbookapi.aph.gov.au/api/individuals?$filter=PHID eq '267506',False,Research missing secondary education,No APH secondary-school evidence,pending,,,
48,aph-267506,"KENNEDY, Simon Peter",,https://handbookapi.aph.gov.au/api/individuals?$filter=PHID eq '267506',False,Research missing secondary education,No APH secondary-school evidence,pending,,,
46,aph-269375,"ANTIC, Alexander (Alex) Charles",Pembroke,https://handbookapi.aph.gov.au/api/individuals?$filter=PHID eq '269375',False,Lookup in ACARA historical register,Provisional institution ID: inst-unmatched-pembroke,pending,,,
47,aph-269375,"ANTIC, Alexander (Alex) Charles",Pembroke,https://handbookapi.aph.gov.au/api/individuals?$filter=PHID eq '269375',False,Lookup in ACARA historical register,Provisional institution ID: inst-unmatched-pembroke,pending,,,
48,aph-269375,"ANTIC, Alexander (Alex) Charles",Pembroke,https://handbookapi.aph.gov.au/api/individuals?$filter=PHID eq '269375',False,Lookup in ACARA historical register,Provisional institution ID: inst-unmatched-pembroke,pending,,,
45,aph-269583,"GEORGIOU, Panagiotis (Peter)",,https://handbookapi.aph.gov.au/api/individuals?$filter=PHID eq '269583',False,Research missing secondary education,No APH secondary-school evidence,pending,,,
48,aph-270198,"FRANCE, Ali",,https://handbookapi.aph.gov.au/api/individuals?$filter=PHID eq '270198',False,Research missing secondary education,No APH secondary-school evidence,pending,,,
45,aph-270552,"GICHUHI, Lucy",Lwak Girls,https://handbookapi.aph.gov.au/api/individuals?$filter=PHID eq '270552',False,Lookup in ACARA historical register,Provisional institution ID: inst-unmatched-lwak-girls,pending,,,
45,aph-275424,"STORER, Tim",St. Ignatius College,https://handbookapi.aph.gov.au/api/individuals?$filter=PHID eq '275424',False,Lookup in ACARA historical register,Provisional institution ID: inst-unmatched-saint-ignatius-college,pending,,,
46,aph-279991,"CONAGHAN, Patrick (Pat) John","St Joseph's College, Hunters Hill",https://handbookapi.aph.gov.au/api/individuals?$filter=PHID eq '279991',False,Lookup in ACARA historical register,Provisional institution ID: inst-unmatched-st-joseph-s-college-hunters-hill,pending,,,
46,aph-279991,"CONAGHAN, Patrick (Pat) John","St Paul's College, Kempsey",https://handbookapi.aph.gov.au/api/individuals?$filter=PHID eq '279991',False,Lookup in ACARA historical register,Provisional institution ID: inst-unmatched-st-paul-s-college-kempsey,pending,,,
47,aph-279991,"CONAGHAN, Patrick (Pat) John","St Joseph's College, Hunters Hill",https://handbookapi.aph.gov.au/api/individuals?$filter=PHID eq '279991',False,Lookup in ACARA historical register,Provisional institution ID: inst-unmatched-st-joseph-s-college-hunters-hill,pending,,,
47,aph-279991,"CONAGHAN, Patrick (Pat) John","St Paul's College, Kempsey",https://handbookapi.aph.gov.au/api/individuals?$filter=PHID eq '279991',False,Lookup in ACARA historical register,Provisional institution ID: inst-unmatched-st-paul-s-college-kempsey,pending,,,
48,aph-279991,"CONAGHAN, Patrick (Pat) John","St Joseph's College, Hunters Hill",https://handbookapi.aph.gov.au/api/individuals?$filter=PHID eq '279991',False,Lookup in ACARA historical register,Provisional institution ID: inst-unmatched-st-joseph-s-college-hunters-hill,pending,,,
48,aph-279991,"CONAGHAN, Patrick (Pat) John","St Paul's College, Kempsey",https://handbookapi.aph.gov.au/api/individuals?$filter=PHID eq '279991',False,Lookup in ACARA historical register,Provisional institution ID: inst-unmatched-st-paul-s-college-kempsey,pending,,,
46,aph-280304,"THORPE, Lidia Alma",Fitzroy and Collingwood Secondary Schools,https://handbookapi.aph.gov.au/api/individuals?$filter=PHID eq '280304',False,Lookup in ACARA historical register,Provisional institution ID: inst-unmatched-fitzroy-and-collingwood-secondary-school,pending,,,
47,aph-280304,"THORPE, Lidia Alma",Fitzroy and Collingwood Secondary Schools,https://handbookapi.aph.gov.au/api/individuals?$filter=PHID eq '280304',False,Lookup in ACARA historical register,Provisional institution ID: inst-unmatched-fitzroy-and-collingwood-secondary-school,pending,,,
48,aph-280304,"THORPE, Lidia Alma",Fitzroy and Collingwood Secondary Schools,https://handbookapi.aph.gov.au/api/individuals?$filter=PHID eq '280304',False,Lookup in ACARA historical register,Provisional institution ID: inst-unmatched-fitzroy-and-collingwood-secondary-school,pending,,,
45,aph-281503,"CICCONE, Raffaele (Raff)","Salesian College, Chadstone, Victoria",https://handbookapi.aph.gov.au/api/individuals?$filter=PHID eq '281503',False,Lookup in ACARA historical register,Provisional institution ID: inst-unmatched-salesian-college-chadstone-victoria,pending,,,
46,aph-281503,"CICCONE, Raffaele (Raff)","Salesian College, Chadstone, Victoria",https://handbookapi.aph.gov.au/api/individuals?$filter=PHID eq '281503',False,Lookup in ACARA historical register,Provisional institution ID: inst-unmatched-salesian-college-chadstone-victoria,pending,,,
47,aph-281503,"CICCONE, Raffaele (Raff)","Salesian College, Chadstone, Victoria",https://handbookapi.aph.gov.au/api/individuals?$filter=PHID eq '281503',False,Lookup in ACARA historical register,Provisional institution ID: inst-unmatched-salesian-college-chadstone-victoria,pending,,,
48,aph-281503,"CICCONE, Raffaele (Raff)","Salesian College, Chadstone, Victoria",https://handbookapi.aph.gov.au/api/individuals?$filter=PHID eq '281503',False,Lookup in ACARA historical register,Provisional institution ID: inst-unmatched-salesian-college-chadstone-victoria,pending,,,
46,aph-281513,"McINTOSH, Melissa Iris",Newtown High School of the Performing Arts,https://handbookapi.aph.gov.au/api/individuals?$filter=PHID eq '281513',False,Lookup in ACARA historical register,Provisional institution ID: inst-unmatched-newtown-high-school-of-the-performing-ar,pending,,,
47,aph-281513,"McINTOSH, Melissa Iris",Newtown High School of the Performing Arts,https://handbookapi.aph.gov.au/api/individuals?$filter=PHID eq '281513',False,Lookup in ACARA historical register,Provisional institution ID: inst-unmatched-newtown-high-school-of-the-performing-ar,pending,,,
48,aph-281513,"McINTOSH, Melissa Iris",Newtown High School of the Performing Arts,https://handbookapi.aph.gov.au/api/individuals?$filter=PHID eq '281513',False,Lookup in ACARA historical register,Provisional institution ID: inst-unmatched-newtown-high-school-of-the-performing-ar,pending,,,
45,aph-281558,"ASKEW, Wendy",,https://handbookapi.aph.gov.au/api/individuals?$filter=PHID eq '281558',False,Research missing secondary education,No APH secondary-school evidence,pending,,,
46,aph-281558,"ASKEW, Wendy",,https://handbookapi.aph.gov.au/api/individuals?$filter=PHID eq '281558',False,Research missing secondary education,No APH secondary-school evidence,pending,,,
47,aph-281558,"ASKEW, Wendy",,https://handbookapi.aph.gov.au/api/individuals?$filter=PHID eq '281558',False,Research missing secondary education,No APH secondary-school evidence,pending,,,
48,aph-281558,"ASKEW, Wendy",,https://handbookapi.aph.gov.au/api/individuals?$filter=PHID eq '281558',False,Research missing secondary education,No APH secondary-school evidence,pending,,,
46,aph-281603,"SMITH, Marielle Feuerherdt","University Senior College, Adelaide",https://handbookapi.aph.gov.au/api/individuals?$filter=PHID eq '281603',False,Lookup in ACARA historical register,Provisional institution ID: inst-unmatched-university-senior-college-adelaide,pending,,,
47,aph-281603,"SMITH, Marielle Feuerherdt","University Senior College, Adelaide",https://handbookapi.aph.gov.au/api/individuals?$filter=PHID eq '281603',False,Lookup in ACARA historical register,Provisional institution ID: inst-unmatched-university-senior-college-adelaide,pending,,,
48,aph-281603,"SMITH, Marielle Feuerherdt","University Senior College, Adelaide",https://handbookapi.aph.gov.au/api/individuals?$filter=PHID eq '281603',False,Lookup in ACARA historical register,Provisional institution ID: inst-unmatched-university-senior-college-adelaide,pending,,,
46,aph-281688,"WEBSTER, Dr Anne Elizabeth",Taralgon High School,https://handbookapi.aph.gov.au/api/individuals?$filter=PHID eq '281688',False,Lookup in ACARA historical register,Provisional institution ID: inst-unmatched-taralgon-high-school,pending,,,
47,aph-281688,"WEBSTER, Dr Anne Elizabeth",Taralgon High School,https://handbookapi.aph.gov.au/api/individuals?$filter=PHID eq '281688',False,Lookup in ACARA historical register,Provisional institution ID: inst-unmatched-taralgon-high-school,pending,,,
48,aph-281688,"WEBSTER, Dr Anne Elizabeth",Taralgon High School,https://handbookapi.aph.gov.au/api/individuals?$filter=PHID eq '281688',False,Lookup in ACARA historical register,Provisional institution ID: inst-unmatched-taralgon-high-school,pending,,,
46,aph-281697,"DAVEY, Perin McGregor",Deakin High School,https://handbookapi.aph.gov.au/api/individuals?$filter=PHID eq '281697',False,Lookup in ACARA historical register,Provisional institution ID: inst-unmatched-deakin-high-school,pending,,,
47,aph-281697,"DAVEY, Perin McGregor",Deakin High School,https://handbookapi.aph.gov.au/api/individuals?$filter=PHID eq '281697',False,Lookup in ACARA historical register,Provisional institution ID: inst-unmatched-deakin-high-school,pending,,,
46,aph-281826,"THOMPSON, Phillip Bruce, OAM",,https://handbookapi.aph.gov.au/api/individuals?$filter=PHID eq '281826',False,Research missing secondary education,No APH secondary-school evidence,pending,,,
47,aph-281826,"THOMPSON, Phillip Bruce, OAM",,https://handbookapi.aph.gov.au/api/individuals?$filter=PHID eq '281826',False,Research missing secondary education,No APH secondary-school evidence,pending,,,
48,aph-281826,"THOMPSON, Phillip Bruce, OAM",,https://handbookapi.aph.gov.au/api/individuals?$filter=PHID eq '281826',False,Research missing secondary education,No APH secondary-school evidence,pending,,,
46,aph-282212,"THWAITES, the Hon. Kate Lynne",MLC,https://handbookapi.aph.gov.au/api/individuals?$filter=PHID eq '282212',False,Lookup in ACARA historical register,Provisional institution ID: inst-unmatched-mlc,pending,,,
47,aph-282212,"THWAITES, the Hon. Kate Lynne",MLC,https://handbookapi.aph.gov.au/api/individuals?$filter=PHID eq '282212',False,Lookup in ACARA historical register,Provisional institution ID: inst-unmatched-mlc,pending,,,
48,aph-282212,"THWAITES, the Hon. Kate Lynne",MLC,https://handbookapi.aph.gov.au/api/individuals?$filter=PHID eq '282212',False,Lookup in ACARA historical register,Provisional institution ID: inst-unmatched-mlc,pending,,,
46,aph-282335,"HAINES, Dr Helen Mary",,https://handbookapi.aph.gov.au/api/individuals?$filter=PHID eq '282335',False,Research missing secondary education,No APH secondary-school evidence,pending,,,
47,aph-282335,"HAINES, Dr Helen Mary",,https://handbookapi.aph.gov.au/api/individuals?$filter=PHID eq '282335',False,Research missing secondary education,No APH secondary-school evidence,pending,,,
48,aph-282335,"HAINES, Dr Helen Mary",,https://handbookapi.aph.gov.au/api/individuals?$filter=PHID eq '282335',False,Research missing secondary education,No APH secondary-school evidence,pending,,,
46,aph-282728,"MCMAHON, Samantha (Sam) Jane",Nanango State High,https://handbookapi.aph.gov.au/api/individuals?$filter=PHID eq '282728',False,Lookup in ACARA historical register,Provisional institution ID: inst-unmatched-nanango-state-high,pending,,,
46,aph-282918,"LIU, Gladys",Belilios Public Girls School,https://handbookapi.aph.gov.au/api/individuals?$filter=PHID eq '282918',False,Lookup in ACARA historical register,Provisional institution ID: inst-unmatched-belilios-public-girls-school,pending,,,
46,aph-282981,"BELL, Angie Marion",Gawler High School,https://handbookapi.aph.gov.au/api/individuals?$filter=PHID eq '282981',False,Lookup in ACARA historical register,Provisional institution ID: inst-unmatched-gawler-high-school,pending,,,
47,aph-282981,"BELL, Angie Marion",Gawler High School,https://handbookapi.aph.gov.au/api/individuals?$filter=PHID eq '282981',False,Lookup in ACARA historical register,Provisional institution ID: inst-unmatched-gawler-high-school,pending,,,
48,aph-282981,"BELL, Angie Marion",Gawler High School,https://handbookapi.aph.gov.au/api/individuals?$filter=PHID eq '282981',False,Lookup in ACARA historical register,Provisional institution ID: inst-unmatched-gawler-high-school,pending,,,
46,aph-282982,"MARTIN, Dr. Fiona Barbouttis",Five Dock,https://handbookapi.aph.gov.au/api/individuals?$filter=PHID eq '282982',False,Lookup in ACARA historical register,Provisional institution ID: inst-unmatched-five-dock,pending,,,
46,aph-282982,"MARTIN, Dr. Fiona Barbouttis",Strathfield & Rosebank College,https://handbookapi.aph.gov.au/api/individuals?$filter=PHID eq '282982',False,Lookup in ACARA historical register,Provisional institution ID: inst-unmatched-strathfield-and-rosebank-college,pending,,,
46,aph-282983,"SIMMONDS, Julian Graham John",,https://handbookapi.aph.gov.au/api/individuals?$filter=PHID eq '282983',False,Research missing secondary education,No APH secondary-school evidence,pending,,,
46,aph-282984,"CONNELLY, Vincent (Vince) Gerard",,https://handbookapi.aph.gov.au/api/individuals?$filter=PHID eq '282984',False,Research missing secondary education,No APH secondary-school evidence,pending,,,
46,aph-282986,"ALLEN, Dr Katrina (Katie) Jane AO",Melbourne Girls Grammar School,https://handbookapi.aph.gov.au/api/individuals?$filter=PHID eq '282986',False,Lookup in ACARA historical register,Provisional institution ID: inst-unmatched-melbourne-girls-grammar-school,pending,,,
46,aph-283585,"O'SULLIVAN, Matt",Thornlie Christian College,https://handbookapi.aph.gov.au/api/individuals?$filter=PHID eq '283585',False,Lookup in ACARA historical register,Provisional institution ID: inst-unmatched-thornlie-christian-college,pending,,,
47,aph-283585,"O'SULLIVAN, Matt",Thornlie Christian College,https://handbookapi.aph.gov.au/api/individuals?$filter=PHID eq '283585',False,Lookup in ACARA historical register,Provisional institution ID: inst-unmatched-thornlie-christian-college,pending,,,
48,aph-283585,"O'SULLIVAN, Matt",Thornlie Christian College,https://handbookapi.aph.gov.au/api/individuals?$filter=PHID eq '283585',False,Lookup in ACARA historical register,Provisional institution ID: inst-unmatched-thornlie-christian-college,pending,,,
46,aph-286349,"MIRABELLA, Gregory (Greg)",Marcellin College,https://handbookapi.aph.gov.au/api/individuals?$filter=PHID eq '286349',False,Lookup in ACARA historical register,Provisional institution ID: inst-unmatched-marcellin-college,pending,,,
46,aph-287062,"McLACHLAN, Andrew Lockhart CSC",St Peter's College,https://handbookapi.aph.gov.au/api/individuals?$filter=PHID eq '287062',False,Lookup in ACARA historical register,Provisional institution ID: inst-unmatched-saint-peters-college,pending,,,
47,aph-287062,"McLACHLAN, Andrew Lockhart CSC",St Peter's College,https://handbookapi.aph.gov.au/api/individuals?$filter=PHID eq '287062',False,Lookup in ACARA historical register,Provisional institution ID: inst-unmatched-saint-peters-college,pending,,,
48,aph-287062,"McLACHLAN, Andrew Lockhart CSC",St Peter's College,https://handbookapi.aph.gov.au/api/individuals?$filter=PHID eq '287062',False,Lookup in ACARA historical register,Provisional institution ID: inst-unmatched-saint-peters-college,pending,,,
47,aph-288713,"BIRRELL, Samuel (Sam) James",Assumption College Kilmore,https://handbookapi.aph.gov.au/api/individuals?$filter=PHID eq '288713',False,Lookup in ACARA historical register,Provisional institution ID: inst-unmatched-assumption-college-kilmore,pending,,,
48,aph-288713,"BIRRELL, Samuel (Sam) James",Assumption College Kilmore,https://handbookapi.aph.gov.au/api/individuals?$filter=PHID eq '288713',False,Lookup in ACARA historical register,Provisional institution ID: inst-unmatched-assumption-college-kilmore,pending,,,
47,aph-290544,"ANANDA-RAJAH, Dr Michelle",,https://handbookapi.aph.gov.au/api/individuals?$filter=PHID eq '290544',False,Research missing secondary education,No APH secondary-school evidence,pending,,,
48,aph-290544,"ANANDA-RAJAH, Dr Michelle",,https://handbookapi.aph.gov.au/api/individuals?$filter=PHID eq '290544',False,Research missing secondary education,No APH secondary-school evidence,pending,,,
47,aph-295676,"LE, Dai Trang",St John Vianney Fairy Meadow,https://handbookapi.aph.gov.au/api/individuals?$filter=PHID eq '295676',False,Lookup in ACARA historical register,Provisional institution ID: inst-unmatched-st-john-vianney-fairy-meadow,pending,,,
48,aph-295676,"LE, Dai Trang",St John Vianney Fairy Meadow,https://handbookapi.aph.gov.au/api/individuals?$filter=PHID eq '295676',False,Lookup in ACARA historical register,Provisional institution ID: inst-unmatched-st-john-vianney-fairy-meadow,pending,,,
46,aph-296215,"COX, Dorinda Rose",Leeming High School,https://handbookapi.aph.gov.au/api/individuals?$filter=PHID eq '296215',False,Lookup in ACARA historical register,Provisional institution ID: inst-unmatched-leeming-high-school,pending,,,
46,aph-296215,"COX, Dorinda Rose",South Fremantle High School,https://handbookapi.aph.gov.au/api/individuals?$filter=PHID eq '296215',False,Lookup in ACARA historical register,Provisional institution ID: inst-unmatched-south-fremantle-high-school,pending,,,
47,aph-296215,"COX, Dorinda Rose",Leeming High School,https://handbookapi.aph.gov.au/api/individuals?$filter=PHID eq '296215',False,Lookup in ACARA historical register,Provisional institution ID: inst-unmatched-leeming-high-school,pending,,,
47,aph-296215,"COX, Dorinda Rose",South Fremantle High School,https://handbookapi.aph.gov.au/api/individuals?$filter=PHID eq '296215',False,Lookup in ACARA historical register,Provisional institution ID: inst-unmatched-south-fremantle-high-school,pending,,,
48,aph-296215,"COX, Dorinda Rose",Leeming High School,https://handbookapi.aph.gov.au/api/individuals?$filter=PHID eq '296215',False,Lookup in ACARA historical register,Provisional institution ID: inst-unmatched-leeming-high-school,pending,,,
48,aph-296215,"COX, Dorinda Rose",South Fremantle High School,https://handbookapi.aph.gov.au/api/individuals?$filter=PHID eq '296215',False,Lookup in ACARA historical register,Provisional institution ID: inst-unmatched-south-fremantle-high-school,pending,,,
47,aph-296272,"MILLER-FROST, Louise Jane",Banksia Park High School,https://handbookapi.aph.gov.au/api/individuals?$filter=PHID eq '296272',False,Lookup in ACARA historical register,Provisional institution ID: inst-unmatched-banksia-park-high-school,pending,,,
47,aph-296272,"MILLER-FROST, Louise Jane",Seymour College,https://handbookapi.aph.gov.au/api/individuals?$filter=PHID eq '296272',False,Lookup in ACARA historical register,Provisional institution ID: inst-unmatched-seymour-college,pending,,,
48,aph-296272,"MILLER-FROST, Louise Jane",Banksia Park High School,https://handbookapi.aph.gov.au/api/individuals?$filter=PHID eq '296272',False,Lookup in ACARA historical register,Provisional institution ID: inst-unmatched-banksia-park-high-school,pending,,,
48,aph-296272,"MILLER-FROST, Louise Jane",Seymour College,https://handbookapi.aph.gov.au/api/individuals?$filter=PHID eq '296272',False,Lookup in ACARA historical register,Provisional institution ID: inst-unmatched-seymour-college,pending,,,
46,aph-296331,"GROGAN, Karen Ann",Holland Park Comprehensive,https://handbookapi.aph.gov.au/api/individuals?$filter=PHID eq '296331',False,Lookup in ACARA historical register,Provisional institution ID: inst-unmatched-holland-park-comprehensive,pending,,,
47,aph-296331,"GROGAN, Karen Ann",Holland Park Comprehensive,https://handbookapi.aph.gov.au/api/individuals?$filter=PHID eq '296331',False,Lookup in ACARA historical register,Provisional institution ID: inst-unmatched-holland-park-comprehensive,pending,,,
48,aph-296331,"GROGAN, Karen Ann",Holland Park Comprehensive,https://handbookapi.aph.gov.au/api/individuals?$filter=PHID eq '296331',False,Lookup in ACARA historical register,Provisional institution ID: inst-unmatched-holland-park-comprehensive,pending,,,
47,aph-297660,"RYAN, Monique Marie","Loreto Convent, Toorak",https://handbookapi.aph.gov.au/api/individuals?$filter=PHID eq '297660',False,Lookup in ACARA historical register,Provisional institution ID: inst-unmatched-loreto-convent-toorak,pending,,,
48,aph-297660,"RYAN, Monique Marie","Loreto Convent, Toorak",https://handbookapi.aph.gov.au/api/individuals?$filter=PHID eq '297660',False,Lookup in ACARA historical register,Provisional institution ID: inst-unmatched-loreto-convent-toorak,pending,,,
48,aph-297964,"COLLINS, Dr Jessica",John Paul College,https://handbookapi.aph.gov.au/api/individuals?$filter=PHID eq '297964',False,Lookup in ACARA historical register,Provisional institution ID: inst-unmatched-john-paul-college,pending,,,
48,aph-297964,"COLLINS, Dr Jessica",PLC Sydney,https://handbookapi.aph.gov.au/api/individuals?$filter=PHID eq '297964',False,Lookup in ACARA historical register,Provisional institution ID: inst-unmatched-plc-sydney,pending,,,
48,aph-298574,"JARRETT, Madonna",Mount Saint Michael's College Ashgrove,https://handbookapi.aph.gov.au/api/individuals?$filter=PHID eq '298574',False,Lookup in ACARA historical register,Provisional institution ID: inst-unmatched-mount-saint-michaels-college-ashgrove,pending,,,
47,aph-298800,"MASCARENHAS, Zaneta Felice Antoinetta",John Paul College,https://handbookapi.aph.gov.au/api/individuals?$filter=PHID eq '298800',False,Lookup in ACARA historical register,Provisional institution ID: inst-unmatched-john-paul-college,pending,,,
47,aph-298800,"MASCARENHAS, Zaneta Felice Antoinetta",Kambalda Senior High School,https://handbookapi.aph.gov.au/api/individuals?$filter=PHID eq '298800',False,Lookup in ACARA historical register,Provisional institution ID: inst-unmatched-kambalda-senior-high-school,pending,,,
48,aph-298800,"MASCARENHAS, Zaneta Felice Antoinetta",John Paul College,https://handbookapi.aph.gov.au/api/individuals?$filter=PHID eq '298800',False,Lookup in ACARA historical register,Provisional institution ID: inst-unmatched-john-paul-college,pending,,,
48,aph-298800,"MASCARENHAS, Zaneta Felice Antoinetta",Kambalda Senior High School,https://handbookapi.aph.gov.au/api/individuals?$filter=PHID eq '298800',False,Lookup in ACARA historical register,Provisional institution ID: inst-unmatched-kambalda-senior-high-school,pending,,,
47,aph-298839,"ALLMAN-PAYNE, Penny",,https://handbookapi.aph.gov.au/api/individuals?$filter=PHID eq '298839',False,Research missing secondary education,No APH secondary-school evidence,pending,,,
48,aph-298839,"ALLMAN-PAYNE, Penny",,https://handbookapi.aph.gov.au/api/individuals?$filter=PHID eq '298839',False,Research missing secondary education,No APH secondary-school evidence,pending,,,
47,aph-298840,"REPACHOLI, Dan",Wilson Park Secondary College,https://handbookapi.aph.gov.au/api/individuals?$filter=PHID eq '298840',False,Lookup in ACARA historical register,Provisional institution ID: inst-unmatched-wilson-park-secondary-college,pending,,,
48,aph-298840,"REPACHOLI, Dan",Wilson Park Secondary College,https://handbookapi.aph.gov.au/api/individuals?$filter=PHID eq '298840',False,Lookup in ACARA historical register,Provisional institution ID: inst-unmatched-wilson-park-secondary-college,pending,,,
47,aph-299623,"SCAMPS, Sophie",,https://handbookapi.aph.gov.au/api/individuals?$filter=PHID eq '299623',False,Research missing secondary education,No APH secondary-school evidence,pending,,,
48,aph-299623,"SCAMPS, Sophie",,https://handbookapi.aph.gov.au/api/individuals?$filter=PHID eq '299623',False,Research missing secondary education,No APH secondary-school evidence,pending,,,
47,aph-299962,"DOYLE, Mary",St Joseph's College (Echuca),https://handbookapi.aph.gov.au/api/individuals?$filter=PHID eq '299962',False,Lookup in ACARA historical register,Provisional institution ID: inst-unmatched-saint-josephs-college-echuca,pending,,,
48,aph-299962,"DOYLE, Mary",St Joseph's College (Echuca),https://handbookapi.aph.gov.au/api/individuals?$filter=PHID eq '299962',False,Lookup in ACARA historical register,Provisional institution ID: inst-unmatched-saint-josephs-college-echuca,pending,,,
47,aph-299964,"FERNANDO, Cassandra",Lyndale Secondary,https://handbookapi.aph.gov.au/api/individuals?$filter=PHID eq '299964',False,Lookup in ACARA historical register,Provisional institution ID: inst-unmatched-lyndale-secondary,pending,,,
48,aph-299964,"FERNANDO, Cassandra",Lyndale Secondary,https://handbookapi.aph.gov.au/api/individuals?$filter=PHID eq '299964',False,Lookup in ACARA historical register,Provisional institution ID: inst-unmatched-lyndale-secondary,pending,,,
44,aph-2k6,"BROUGH, the Hon. Malcolm (Mal) Thomas",,https://handbookapi.aph.gov.au/api/individuals?$filter=PHID eq '2K6',False,Research missing secondary education,No APH secondary-school evidence,pending,,,
42,aph-2l6,"BISHOP, Thomas (Mark) Mark",,https://handbookapi.aph.gov.au/api/individuals?$filter=PHID eq '2L6',False,Research missing secondary education,No APH secondary-school evidence,pending,,,
43,aph-2l6,"BISHOP, Thomas (Mark) Mark",,https://handbookapi.aph.gov.au/api/individuals?$filter=PHID eq '2L6',False,Research missing secondary education,No APH secondary-school evidence,pending,,,
44,aph-2l6,"BISHOP, Thomas (Mark) Mark",,https://handbookapi.aph.gov.au/api/individuals?$filter=PHID eq '2L6',False,Research missing secondary education,No APH secondary-school evidence,pending,,,
42,aph-2m6,"COONAN, the Hon. Helen Lloyd",,https://handbookapi.aph.gov.au/api/individuals?$filter=PHID eq '2M6',False,Research missing secondary education,No APH secondary-school evidence,pending,,,
43,aph-2m6,"COONAN, the Hon. Helen Lloyd",,https://handbookapi.aph.gov.au/api/individuals?$filter=PHID eq '2M6',False,Research missing secondary education,No APH secondary-school evidence,pending,,,
45,aph-2o4,"HINCH, Derryn Nigel",,https://handbookapi.aph.gov.au/api/individuals?$filter=PHID eq '2O4',False,Research missing secondary education,No APH secondary-school evidence,pending,,,
42,aph-2v5,"SWAN, the Hon. Wayne Maxwell",,https://handbookapi.aph.gov.au/api/individuals?$filter=PHID eq '2V5',False,Research missing secondary education,No APH secondary-school evidence,pending,,,
43,aph-2v5,"SWAN, the Hon. Wayne Maxwell",,https://handbookapi.aph.gov.au/api/individuals?$filter=PHID eq '2V5',False,Research missing secondary education,No APH secondary-school evidence,pending,,,
44,aph-2v5,"SWAN, the Hon. Wayne Maxwell",,https://handbookapi.aph.gov.au/api/individuals?$filter=PHID eq '2V5',False,Research missing secondary education,No APH secondary-school evidence,pending,,,
45,aph-2v5,"SWAN, the Hon. Wayne Maxwell",,https://handbookapi.aph.gov.au/api/individuals?$filter=PHID eq '2V5',False,Research missing secondary education,No APH secondary-school evidence,pending,,,
47,aph-300130,"LIM, Sam",St Andrew Muar Johor,https://handbookapi.aph.gov.au/api/individuals?$filter=PHID eq '300130',False,Lookup in ACARA historical register,Provisional institution ID: inst-unmatched-st-andrew-muar-johor,pending,,,
48,aph-300130,"LIM, Sam",St Andrew Muar Johor,https://handbookapi.aph.gov.au/api/individuals?$filter=PHID eq '300130',False,Lookup in ACARA historical register,Provisional institution ID: inst-unmatched-st-andrew-muar-johor,pending,,,
47,aph-300134,"CADELL, Ross Philip",,https://handbookapi.aph.gov.au/api/individuals?$filter=PHID eq '300134',False,Research missing secondary education,No APH secondary-school evidence,pending,,,
48,aph-300134,"CADELL, Ross Philip",,https://handbookapi.aph.gov.au/api/individuals?$filter=PHID eq '300134',False,Research missing secondary education,No APH secondary-school evidence,pending,,,
47,aph-300246,"BATES, Stephen",,https://handbookapi.aph.gov.au/api/individuals?$filter=PHID eq '300246',False,Research missing secondary education,No APH secondary-school evidence,pending,,,
47,aph-300639,"TYRRELL, Tammy Marie",Ulverstone High School,https://handbookapi.aph.gov.au/api/individuals?$filter=PHID eq '300639',False,Lookup in ACARA historical register,Provisional institution ID: inst-unmatched-ulverstone-high-school,pending,,,
48,aph-300639,"TYRRELL, Tammy Marie",Ulverstone High School,https://handbookapi.aph.gov.au/api/individuals?$filter=PHID eq '300639',False,Lookup in ACARA historical register,Provisional institution ID: inst-unmatched-ulverstone-high-school,pending,,,
47,aph-300706,"BABET, Ralph",,https://handbookapi.aph.gov.au/api/individuals?$filter=PHID eq '300706',False,Research missing secondary education,No APH secondary-school evidence,pending,,,
48,aph-300706,"BABET, Ralph",,https://handbookapi.aph.gov.au/api/individuals?$filter=PHID eq '300706',False,Research missing secondary education,No APH secondary-school evidence,pending,,,
47,aph-300707,"PAYMAN, Fatima","Australian Islamic College, Dianella and Kewdale",https://handbookapi.aph.gov.au/api/individuals?$filter=PHID eq '300707',False,Lookup in ACARA historical register,Provisional institution ID: inst-unmatched-australian-islamic-college-dianella-and-,pending,,,
48,aph-300707,"PAYMAN, Fatima","Australian Islamic College, Dianella and Kewdale",https://handbookapi.aph.gov.au/api/individuals?$filter=PHID eq '300707',False,Lookup in ACARA historical register,Provisional institution ID: inst-unmatched-australian-islamic-college-dianella-and-,pending,,,
47,aph-301128,"DARMANIN, Lisa",,https://handbookapi.aph.gov.au/api/individuals?$filter=PHID eq '301128',False,Research missing secondary education,No APH secondary-school evidence,pending,,,
48,aph-301128,"DARMANIN, Lisa",,https://handbookapi.aph.gov.au/api/individuals?$filter=PHID eq '301128',False,Research missing secondary education,No APH secondary-school evidence,pending,,,
44,aph-30379,"BROAD, the Hon. Andrew John",,https://handbookapi.aph.gov.au/api/individuals?$filter=PHID eq '30379',False,Research missing secondary education,No APH secondary-school evidence,pending,,,
45,aph-30379,"BROAD, the Hon. Andrew John",,https://handbookapi.aph.gov.au/api/individuals?$filter=PHID eq '30379',False,Research missing secondary education,No APH secondary-school evidence,pending,,,
43,aph-30540,"BRODTMANN, Gai Marie",,https://handbookapi.aph.gov.au/api/individuals?$filter=PHID eq '30540',False,Research missing secondary education,No APH secondary-school evidence,pending,,,
44,aph-30540,"BRODTMANN, Gai Marie",,https://handbookapi.aph.gov.au/api/individuals?$filter=PHID eq '30540',False,Research missing secondary education,No APH secondary-school evidence,pending,,,
45,aph-30540,"BRODTMANN, Gai Marie",,https://handbookapi.aph.gov.au/api/individuals?$filter=PHID eq '30540',False,Research missing secondary education,No APH secondary-school evidence,pending,,,
47,aph-306168,"KOVACIC, Maria",St Clare's College (ACT),https://handbookapi.aph.gov.au/api/individuals?$filter=PHID eq '306168',False,Lookup in ACARA historical register,Provisional institution ID: inst-unmatched-saint-clares-college-act,pending,,,
48,aph-306168,"KOVACIC, Maria",St Clare's College (ACT),https://handbookapi.aph.gov.au/api/individuals?$filter=PHID eq '306168',False,Lookup in ACARA historical register,Provisional institution ID: inst-unmatched-saint-clares-college-act,pending,,,
47,aph-306489,"CALDWELL, Cameron",Nudgee College,https://handbookapi.aph.gov.au/api/individuals?$filter=PHID eq '306489',False,Lookup in ACARA historical register,Provisional institution ID: inst-unmatched-nudgee-college,pending,,,
48,aph-306489,"CALDWELL, Cameron",Nudgee College,https://handbookapi.aph.gov.au/api/individuals?$filter=PHID eq '306489',False,Lookup in ACARA historical register,Provisional institution ID: inst-unmatched-nudgee-college,pending,,,
47,aph-309484,"BELYEA, Jodie Anne",Kilbreda Girls College,https://handbookapi.aph.gov.au/api/individuals?$filter=PHID eq '309484',False,Lookup in ACARA historical register,Provisional institution ID: inst-unmatched-kilbreda-girls-college,pending,,,
48,aph-309484,"BELYEA, Jodie Anne",Kilbreda Girls College,https://handbookapi.aph.gov.au/api/individuals?$filter=PHID eq '309484',False,Lookup in ACARA historical register,Provisional institution ID: inst-unmatched-kilbreda-girls-college,pending,,,
47,aph-310860,"HODGINS-MAY, Steph",,https://handbookapi.aph.gov.au/api/individuals?$filter=PHID eq '310860',False,Research missing secondary education,No APH secondary-school evidence,pending,,,
48,aph-310860,"HODGINS-MAY, Steph",,https://handbookapi.aph.gov.au/api/individuals?$filter=PHID eq '310860',False,Research missing secondary education,No APH secondary-school evidence,pending,,,
48,aph-312393,"SMITH, Matt",,https://handbookapi.aph.gov.au/api/individuals?$filter=PHID eq '312393',False,Research missing secondary education,No APH secondary-school evidence,pending,,,
48,aph-312823,"CAMPBELL, Julie-Ann",,https://handbookapi.aph.gov.au/api/individuals?$filter=PHID eq '312823',False,Research missing secondary education,No APH secondary-school evidence,pending,,,
48,aph-312871,"COOK, Dr Patricia (Trish)",Sacred Heart High School,https://handbookapi.aph.gov.au/api/individuals?$filter=PHID eq '312871',False,Lookup in ACARA historical register,Provisional institution ID: inst-unmatched-sacred-heart-high-school,pending,,,
48,aph-315154,"GREGG, Matt",,https://handbookapi.aph.gov.au/api/individuals?$filter=PHID eq '315154',False,Research missing secondary education,No APH secondary-school evidence,pending,,,
48,aph-315434,"VENNING, Tom",,https://handbookapi.aph.gov.au/api/individuals?$filter=PHID eq '315434',False,Research missing secondary education,No APH secondary-school evidence,pending,,,
48,aph-315618,"AMBIHAIPAHAR, Ashvini (Ash)",Danebank Anglican Girls School,https://handbookapi.aph.gov.au/api/individuals?$filter=PHID eq '315618',False,Lookup in ACARA historical register,Provisional institution ID: inst-unmatched-danebank-anglican-girls-school,pending,,,
48,aph-316052,"NG, Gabriel",,https://handbookapi.aph.gov.au/api/individuals?$filter=PHID eq '316052',False,Research missing secondary education,No APH secondary-school evidence,pending,,,
48,aph-316101,"CLUTTERHAM, Claire Louise",St Mary's College,https://handbookapi.aph.gov.au/api/individuals?$filter=PHID eq '316101',False,Lookup in ACARA historical register,Provisional institution ID: inst-unmatched-saint-marys-college,pending,,,
48,aph-316312,"CHAFFEY, Jamie",,https://handbookapi.aph.gov.au/api/individuals?$filter=PHID eq '316312',False,Research missing secondary education,No APH secondary-school evidence,pending,,,
48,aph-316537,"COOK, Kara","St Ursula's College, Yeppoon",https://handbookapi.aph.gov.au/api/individuals?$filter=PHID eq '316537',False,Lookup in ACARA historical register,Provisional institution ID: inst-unmatched-st-ursula-s-college-yeppoon,pending,,,
48,aph-316540,"MONCRIEFF, David",,https://handbookapi.aph.gov.au/api/individuals?$filter=PHID eq '316540',False,Research missing secondary education,No APH secondary-school evidence,pending,,,
48,aph-316547,"REBELLO, Leon",St Edmunds College,https://handbookapi.aph.gov.au/api/individuals?$filter=PHID eq '316547',False,Lookup in ACARA historical register,Provisional institution ID: inst-unmatched-saint-edmunds-college,pending,,,
48,aph-316550,"FRENCH, Tom",,https://handbookapi.aph.gov.au/api/individuals?$filter=PHID eq '316550',False,Research missing secondary education,No APH secondary-school evidence,pending,,,
48,aph-316551,"COMER, Emma",,https://handbookapi.aph.gov.au/api/individuals?$filter=PHID eq '316551',False,Research missing secondary education,No APH secondary-school evidence,pending,,,
48,aph-316818,"WALKER, Charlotte Grace",,https://handbookapi.aph.gov.au/api/individuals?$filter=PHID eq '316818',False,Research missing secondary education,No APH secondary-school evidence,pending,,,
48,aph-316915,"ABDO, Basem",,https://handbookapi.aph.gov.au/api/individuals?$filter=PHID eq '316915',False,Research missing secondary education,No APH secondary-school evidence,pending,,,
48,aph-316935,"DOLEGA, Josh",The DON College,https://handbookapi.aph.gov.au/api/individuals?$filter=PHID eq '316935',False,Lookup in ACARA historical register,Provisional institution ID: inst-unmatched-the-don-college,pending,,,
48,aph-317036,"STACEY, Warwick",,https://handbookapi.aph.gov.au/api/individuals?$filter=PHID eq '317036',False,Research missing secondary education,No APH secondary-school evidence,pending,,,
48,aph-319142,"BELL, Sean Fredrick",St Joseph's College Gregory Terrace,https://handbookapi.aph.gov.au/api/individuals?$filter=PHID eq '319142',False,Lookup in ACARA historical register,Provisional institution ID: inst-unmatched-saint-josephs-college-gregory-terrace,pending,,,
48,aph-324140,"GATENBY, Chris",,https://handbookapi.aph.gov.au/api/individuals?$filter=PHID eq '324140',False,Research missing secondary education,No APH secondary-school evidence,pending,,,
44,aph-37998,"CHALMERS, the Hon. Dr James (Jim) Edward",Clairvaux Mackillop School,https://handbookapi.aph.gov.au/api/individuals?$filter=PHID eq '37998',False,Lookup in ACARA historical register,Provisional institution ID: inst-unmatched-clairvaux-mackillop-school,pending,,,
45,aph-37998,"CHALMERS, the Hon. Dr James (Jim) Edward",Clairvaux Mackillop School,https://handbookapi.aph.gov.au/api/individuals?$filter=PHID eq '37998',False,Lookup in ACARA historical register,Provisional institution ID: inst-unmatched-clairvaux-mackillop-school,pending,,,
46,aph-37998,"CHALMERS, the Hon. Dr James (Jim) Edward",Clairvaux Mackillop School,https://handbookapi.aph.gov.au/api/individuals?$filter=PHID eq '37998',False,Lookup in ACARA historical register,Provisional institution ID: inst-unmatched-clairvaux-mackillop-school,pending,,,
47,aph-37998,"CHALMERS, the Hon. Dr James (Jim) Edward",Clairvaux Mackillop School,https://handbookapi.aph.gov.au/api/individuals?$filter=PHID eq '37998',False,Lookup in ACARA historical register,Provisional institution ID: inst-unmatched-clairvaux-mackillop-school,pending,,,
48,aph-37998,"CHALMERS, the Hon. Dr James (Jim) Edward",Clairvaux Mackillop School,https://handbookapi.aph.gov.au/api/individuals?$filter=PHID eq '37998',False,Lookup in ACARA historical register,Provisional institution ID: inst-unmatched-clairvaux-mackillop-school,pending,,,
42,aph-3i6,"STOTT DESPOJA, Natasha Jessica, AC",,https://handbookapi.aph.gov.au/api/individuals?$filter=PHID eq '3I6',False,Research missing secondary education,No APH secondary-school evidence,pending,,,
42,aph-3l6,"CONROY, the Hon. Stephen Michael",,https://handbookapi.aph.gov.au/api/individuals?$filter=PHID eq '3L6',False,Research missing secondary education,No APH secondary-school evidence,pending,,,
43,aph-3l6,"CONROY, the Hon. Stephen Michael",,https://handbookapi.aph.gov.au/api/individuals?$filter=PHID eq '3L6',False,Research missing secondary education,No APH secondary-school evidence,pending,,,
44,aph-3l6,"CONROY, the Hon. Stephen Michael",,https://handbookapi.aph.gov.au/api/individuals?$filter=PHID eq '3L6',False,Research missing secondary education,No APH secondary-school evidence,pending,,,
45,aph-3l6,"CONROY, the Hon. Stephen Michael",,https://handbookapi.aph.gov.au/api/individuals?$filter=PHID eq '3L6',False,Research missing secondary education,No APH secondary-school evidence,pending,,,
42,aph-3m6,"MURRAY, Andrew James Marshall",,https://handbookapi.aph.gov.au/api/individuals?$filter=PHID eq '3M6',False,Research missing secondary education,No APH secondary-school evidence,pending,,,
42,aph-4g4,"DOWNER, the Hon. Alexander John Gosse, AC",,https://handbookapi.aph.gov.au/api/individuals?$filter=PHID eq '4G4',False,Research missing secondary education,No APH secondary-school evidence,pending,,,
42,aph-4l6,"EGGLESTON, Alan, AM",,https://handbookapi.aph.gov.au/api/individuals?$filter=PHID eq '4L6',False,Research missing secondary education,No APH secondary-school evidence,pending,,,
43,aph-4l6,"EGGLESTON, Alan, AM",,https://handbookapi.aph.gov.au/api/individuals?$filter=PHID eq '4L6',False,Research missing secondary education,No APH secondary-school evidence,pending,,,
44,aph-4l6,"EGGLESTON, Alan, AM",,https://handbookapi.aph.gov.au/api/individuals?$filter=PHID eq '4L6',False,Research missing secondary education,No APH secondary-school evidence,pending,,,
42,aph-4t4,"MELHAM, Daryl, AM",,https://handbookapi.aph.gov.au/api/individuals?$filter=PHID eq '4T4',False,Research missing secondary education,No APH secondary-school evidence,pending,,,
43,aph-4t4,"MELHAM, Daryl, AM",,https://handbookapi.aph.gov.au/api/individuals?$filter=PHID eq '4T4',False,Research missing secondary education,No APH secondary-school evidence,pending,,,
42,aph-4v5,"MOYLAN, the Hon. Judith (Judi) Eleanor, AO",,https://handbookapi.aph.gov.au/api/individuals?$filter=PHID eq '4V5',False,Research missing secondary education,No APH secondary-school evidence,pending,,,
43,aph-4v5,"MOYLAN, the Hon. Judith (Judi) Eleanor, AO",,https://handbookapi.aph.gov.au/api/individuals?$filter=PHID eq '4V5',False,Research missing secondary education,No APH secondary-school evidence,pending,,,
45,aph-53517,"DICK, the Hon. Dugald (Milton) Milton",,https://handbookapi.aph.gov.au/api/individuals?$filter=PHID eq '53517',False,Research missing secondary education,No APH secondary-school evidence,pending,,,
46,aph-53517,"DICK, the Hon. Dugald (Milton) Milton",,https://handbookapi.aph.gov.au/api/individuals?$filter=PHID eq '53517',False,Research missing secondary education,No APH secondary-school evidence,pending,,,
47,aph-53517,"DICK, the Hon. Dugald (Milton) Milton",,https://handbookapi.aph.gov.au/api/individuals?$filter=PHID eq '53517',False,Research missing secondary education,No APH secondary-school evidence,pending,,,
48,aph-53517,"DICK, the Hon. Dugald (Milton) Milton",,https://handbookapi.aph.gov.au/api/individuals?$filter=PHID eq '53517',False,Research missing secondary education,No APH secondary-school evidence,pending,,,
48,aph-55842,"DOWLING, Richard",Geilston Bay High School,https://handbookapi.aph.gov.au/api/individuals?$filter=PHID eq '55842',False,Lookup in ACARA historical register,Provisional institution ID: inst-unmatched-geilston-bay-high-school,pending,,,
45,aph-56430,"DRUM, the Hon. Damian Kevin",Assumption College,https://handbookapi.aph.gov.au/api/individuals?$filter=PHID eq '56430',False,Lookup in ACARA historical register,Provisional institution ID: inst-unmatched-assumption-college,pending,,,
46,aph-56430,"DRUM, the Hon. Damian Kevin",Assumption College,https://handbookapi.aph.gov.au/api/individuals?$filter=PHID eq '56430',False,Lookup in ACARA historical register,Provisional institution ID: inst-unmatched-assumption-college,pending,,,
42,aph-5i4,"McMULLAN, the Hon. Robert Francis",,https://handbookapi.aph.gov.au/api/individuals?$filter=PHID eq '5I4',False,Research missing secondary education,No APH secondary-school evidence,pending,,,
42,aph-5k4,"FAULKNER, the Hon. John Philip",,https://handbookapi.aph.gov.au/api/individuals?$filter=PHID eq '5K4',False,Research missing secondary education,No APH secondary-school evidence,pending,,,
43,aph-5k4,"FAULKNER, the Hon. John Philip",,https://handbookapi.aph.gov.au/api/individuals?$filter=PHID eq '5K4',False,Research missing secondary education,No APH secondary-school evidence,pending,,,
44,aph-5k4,"FAULKNER, the Hon. John Philip",,https://handbookapi.aph.gov.au/api/individuals?$filter=PHID eq '5K4',False,Research missing secondary education,No APH secondary-school evidence,pending,,,
42,aph-5k6,"ELLIS, Annette Louise",,https://handbookapi.aph.gov.au/api/individuals?$filter=PHID eq '5K6',False,Research missing secondary education,No APH secondary-school evidence,pending,,,
42,aph-5v5,"SMITH, the Hon. Stephen Francis",,https://handbookapi.aph.gov.au/api/individuals?$filter=PHID eq '5V5',False,Research missing secondary education,No APH secondary-school evidence,pending,,,
43,aph-5v5,"SMITH, the Hon. Stephen Francis",,https://handbookapi.aph.gov.au/api/individuals?$filter=PHID eq '5V5',False,Research missing secondary education,No APH secondary-school evidence,pending,,,
48,aph-62329,"FARLEY, David",,https://handbookapi.aph.gov.au/api/individuals?$filter=PHID eq '62329',False,Research missing secondary education,No APH secondary-school evidence,pending,,,
42,aph-656,"FORSHAW, Michael George",,https://handbookapi.aph.gov.au/api/individuals?$filter=PHID eq '656',False,Research missing secondary education,No APH secondary-school evidence,pending,,,
43,aph-656,"FORSHAW, Michael George",,https://handbookapi.aph.gov.au/api/individuals?$filter=PHID eq '656',False,Research missing secondary education,No APH secondary-school evidence,pending,,,
44,aph-72184,"GILLESPIE, the Hon. Dr David Arthur",St Ignatius College,https://handbookapi.aph.gov.au/api/individuals?$filter=PHID eq '72184',False,Lookup in ACARA historical register,Provisional institution ID: inst-unmatched-saint-ignatius-college,pending,,,
45,aph-72184,"GILLESPIE, the Hon. Dr David Arthur",St Ignatius College,https://handbookapi.aph.gov.au/api/individuals?$filter=PHID eq '72184',False,Lookup in ACARA historical register,Provisional institution ID: inst-unmatched-saint-ignatius-college,pending,,,
46,aph-72184,"GILLESPIE, the Hon. Dr David Arthur",St Ignatius College,https://handbookapi.aph.gov.au/api/individuals?$filter=PHID eq '72184',False,Lookup in ACARA historical register,Provisional institution ID: inst-unmatched-saint-ignatius-college,pending,,,
47,aph-72184,"GILLESPIE, the Hon. Dr David Arthur",St Ignatius College,https://handbookapi.aph.gov.au/api/individuals?$filter=PHID eq '72184',False,Lookup in ACARA historical register,Provisional institution ID: inst-unmatched-saint-ignatius-college,pending,,,
45,aph-76760,"GRIFF, Stirling",,https://handbookapi.aph.gov.au/api/individuals?$filter=PHID eq '76760',False,Research missing secondary education,No APH secondary-school evidence,pending,,,
46,aph-76760,"GRIFF, Stirling",,https://handbookapi.aph.gov.au/api/individuals?$filter=PHID eq '76760',False,Research missing secondary education,No APH secondary-school evidence,pending,,,
42,aph-7g6,"LUNDY, the Hon. Kate Alexandra",,https://handbookapi.aph.gov.au/api/individuals?$filter=PHID eq '7G6',False,Research missing secondary education,No APH secondary-school evidence,pending,,,
43,aph-7g6,"LUNDY, the Hon. Kate Alexandra",,https://handbookapi.aph.gov.au/api/individuals?$filter=PHID eq '7G6',False,Research missing secondary education,No APH secondary-school evidence,pending,,,
44,aph-7g6,"LUNDY, the Hon. Kate Alexandra",,https://handbookapi.aph.gov.au/api/individuals?$filter=PHID eq '7G6',False,Research missing secondary education,No APH secondary-school evidence,pending,,,
43,aph-7k6,"ENTSCH, the Hon. Warren George",,https://handbookapi.aph.gov.au/api/individuals?$filter=PHID eq '7K6',False,Research missing secondary education,No APH secondary-school evidence,pending,,,
44,aph-7k6,"ENTSCH, the Hon. Warren George",,https://handbookapi.aph.gov.au/api/individuals?$filter=PHID eq '7K6',False,Research missing secondary education,No APH secondary-school evidence,pending,,,
45,aph-7k6,"ENTSCH, the Hon. Warren George",,https://handbookapi.aph.gov.au/api/individuals?$filter=PHID eq '7K6',False,Research missing secondary education,No APH secondary-school evidence,pending,,,
46,aph-7k6,"ENTSCH, the Hon. Warren George",,https://handbookapi.aph.gov.au/api/individuals?$filter=PHID eq '7K6',False,Research missing secondary education,No APH secondary-school evidence,pending,,,
47,aph-7k6,"ENTSCH, the Hon. Warren George",,https://handbookapi.aph.gov.au/api/individuals?$filter=PHID eq '7K6',False,Research missing secondary education,No APH secondary-school evidence,pending,,,
42,aph-7l6,"HOGG, the Hon. John Joseph",,https://handbookapi.aph.gov.au/api/individuals?$filter=PHID eq '7L6',False,Research missing secondary education,No APH secondary-school evidence,pending,,,
43,aph-7l6,"HOGG, the Hon. John Joseph",,https://handbookapi.aph.gov.au/api/individuals?$filter=PHID eq '7L6',False,Research missing secondary education,No APH secondary-school evidence,pending,,,
44,aph-7l6,"HOGG, the Hon. John Joseph",,https://handbookapi.aph.gov.au/api/individuals?$filter=PHID eq '7L6',False,Research missing secondary education,No APH secondary-school evidence,pending,,,
42,aph-7y6,"CROSSIN, Patricia (Trish) Margaret AM",,https://handbookapi.aph.gov.au/api/individuals?$filter=PHID eq '7Y6',False,Research missing secondary education,No APH secondary-school evidence,pending,,,
43,aph-7y6,"CROSSIN, Patricia (Trish) Margaret AM",,https://handbookapi.aph.gov.au/api/individuals?$filter=PHID eq '7Y6',False,Research missing secondary education,No APH secondary-school evidence,pending,,,
45,aph-80109,"HAMMOND, Timothy (Tim) Jerome",,https://handbookapi.aph.gov.au/api/individuals?$filter=PHID eq '80109',False,Research missing secondary education,No APH secondary-school evidence,pending,,,
42,aph-83a,"LIVERMORE, Kirsten Fiona",,https://handbookapi.aph.gov.au/api/individuals?$filter=PHID eq '83A',False,Research missing secondary education,No APH secondary-school evidence,pending,,,
43,aph-83a,"LIVERMORE, Kirsten Fiona",,https://handbookapi.aph.gov.au/api/individuals?$filter=PHID eq '83A',False,Research missing secondary education,No APH secondary-school evidence,pending,,,
42,aph-83b,"MAY, Margaret Ann",,https://handbookapi.aph.gov.au/api/individuals?$filter=PHID eq '83B',False,Research missing secondary education,No APH secondary-school evidence,pending,,,
42,aph-83d,"MURPHY, the Hon. John Paul",,https://handbookapi.aph.gov.au/api/individuals?$filter=PHID eq '83D',False,Research missing secondary education,No APH secondary-school evidence,pending,,,
43,aph-83d,"MURPHY, the Hon. John Paul",,https://handbookapi.aph.gov.au/api/individuals?$filter=PHID eq '83D',False,Research missing secondary education,No APH secondary-school evidence,pending,,,
42,aph-83e,"RIPOLL, the Hon. Bernard (Bernie) Fernando",,https://handbookapi.aph.gov.au/api/individuals?$filter=PHID eq '83E',False,Research missing secondary education,No APH secondary-school evidence,pending,,,
43,aph-83e,"RIPOLL, the Hon. Bernard (Bernie) Fernando",,https://handbookapi.aph.gov.au/api/individuals?$filter=PHID eq '83E',False,Research missing secondary education,No APH secondary-school evidence,pending,,,
44,aph-83e,"RIPOLL, the Hon. Bernard (Bernie) Fernando",,https://handbookapi.aph.gov.au/api/individuals?$filter=PHID eq '83E',False,Research missing secondary education,No APH secondary-school evidence,pending,,,
42,aph-83k,"ROXON, the Hon. Nicola Louise",,https://handbookapi.aph.gov.au/api/individuals?$filter=PHID eq '83K',False,Research missing secondary education,No APH secondary-school evidence,pending,,,
43,aph-83k,"ROXON, the Hon. Nicola Louise",,https://handbookapi.aph.gov.au/api/individuals?$filter=PHID eq '83K',False,Research missing secondary education,No APH secondary-school evidence,pending,,,
42,aph-83m,"PLIBERSEK, the Hon. Tanya Joan",Jannali Girls High School,https://handbookapi.aph.gov.au/api/individuals?$filter=PHID eq '83M',False,Lookup in ACARA historical register,Provisional institution ID: inst-unmatched-jannali-girls-high-school,pending,,,
43,aph-83m,"PLIBERSEK, the Hon. Tanya Joan",Jannali Girls High School,https://handbookapi.aph.gov.au/api/individuals?$filter=PHID eq '83M',False,Lookup in ACARA historical register,Provisional institution ID: inst-unmatched-jannali-girls-high-school,pending,,,
44,aph-83m,"PLIBERSEK, the Hon. Tanya Joan",Jannali Girls High School,https://handbookapi.aph.gov.au/api/individuals?$filter=PHID eq '83M',False,Lookup in ACARA historical register,Provisional institution ID: inst-unmatched-jannali-girls-high-school,pending,,,
45,aph-83m,"PLIBERSEK, the Hon. Tanya Joan",Jannali Girls High School,https://handbookapi.aph.gov.au/api/individuals?$filter=PHID eq '83M',False,Lookup in ACARA historical register,Provisional institution ID: inst-unmatched-jannali-girls-high-school,pending,,,
46,aph-83m,"PLIBERSEK, the Hon. Tanya Joan",Jannali Girls High School,https://handbookapi.aph.gov.au/api/individuals?$filter=PHID eq '83M',False,Lookup in ACARA historical register,Provisional institution ID: inst-unmatched-jannali-girls-high-school,pending,,,
47,aph-83m,"PLIBERSEK, the Hon. Tanya Joan",Jannali Girls High School,https://handbookapi.aph.gov.au/api/individuals?$filter=PHID eq '83M',False,Lookup in ACARA historical register,Provisional institution ID: inst-unmatched-jannali-girls-high-school,pending,,,
48,aph-83m,"PLIBERSEK, the Hon. Tanya Joan",Jannali Girls High School,https://handbookapi.aph.gov.au/api/individuals?$filter=PHID eq '83M',False,Lookup in ACARA historical register,Provisional institution ID: inst-unmatched-jannali-girls-high-school,pending,,,
42,aph-83n,"HALL, Jill Griffiths",,https://handbookapi.aph.gov.au/api/individuals?$filter=PHID eq '83N',False,Research missing secondary education,No APH secondary-school evidence,pending,,,
43,aph-83n,"HALL, Jill Griffiths",,https://handbookapi.aph.gov.au/api/individuals?$filter=PHID eq '83N',False,Research missing secondary education,No APH secondary-school evidence,pending,,,
44,aph-83n,"HALL, Jill Griffiths",,https://handbookapi.aph.gov.au/api/individuals?$filter=PHID eq '83N',False,Research missing secondary education,No APH secondary-school evidence,pending,,,
42,aph-83o,"HULL, Kay Elizabeth, AO",,https://handbookapi.aph.gov.au/api/individuals?$filter=PHID eq '83O',False,Research missing secondary education,No APH secondary-school evidence,pending,,,
42,aph-83p,"BISHOP, the Hon. Julie Isabel",,https://handbookapi.aph.gov.au/api/individuals?$filter=PHID eq '83P',False,Research missing secondary education,No APH secondary-school evidence,pending,,,
43,aph-83p,"BISHOP, the Hon. Julie Isabel",,https://handbookapi.aph.gov.au/api/individuals?$filter=PHID eq '83P',False,Research missing secondary education,No APH secondary-school evidence,pending,,,
44,aph-83p,"BISHOP, the Hon. Julie Isabel",,https://handbookapi.aph.gov.au/api/individuals?$filter=PHID eq '83P',False,Research missing secondary education,No APH secondary-school evidence,pending,,,
45,aph-83p,"BISHOP, the Hon. Julie Isabel",,https://handbookapi.aph.gov.au/api/individuals?$filter=PHID eq '83P',False,Research missing secondary education,No APH secondary-school evidence,pending,,,
42,aph-83q,"SCHULTZ, Albert (Alby) John",,https://handbookapi.aph.gov.au/api/individuals?$filter=PHID eq '83Q',False,Research missing secondary education,No APH secondary-school evidence,pending,,,
43,aph-83q,"SCHULTZ, Albert (Alby) John",,https://handbookapi.aph.gov.au/api/individuals?$filter=PHID eq '83Q',False,Research missing secondary education,No APH secondary-school evidence,pending,,,
42,aph-83s,"BURKE, Anna Elizabeth, AO",,https://handbookapi.aph.gov.au/api/individuals?$filter=PHID eq '83S',False,Research missing secondary education,No APH secondary-school evidence,pending,,,
43,aph-83s,"BURKE, Anna Elizabeth, AO",,https://handbookapi.aph.gov.au/api/individuals?$filter=PHID eq '83S',False,Research missing secondary education,No APH secondary-school evidence,pending,,,
44,aph-83s,"BURKE, Anna Elizabeth, AO",,https://handbookapi.aph.gov.au/api/individuals?$filter=PHID eq '83S',False,Research missing secondary education,No APH secondary-school evidence,pending,,,
42,aph-83v,"EMERSON, the Hon. Dr Craig Anthony",,https://handbookapi.aph.gov.au/api/individuals?$filter=PHID eq '83V',False,Research missing secondary education,No APH secondary-school evidence,pending,,,
43,aph-83v,"EMERSON, the Hon. Dr Craig Anthony",,https://handbookapi.aph.gov.au/api/individuals?$filter=PHID eq '83V',False,Research missing secondary education,No APH secondary-school evidence,pending,,,
42,aph-83x,"GIBBONS, Stephen (Steve) William",,https://handbookapi.aph.gov.au/api/individuals?$filter=PHID eq '83X',False,Research missing secondary education,No APH secondary-school evidence,pending,,,
43,aph-83x,"GIBBONS, Stephen (Steve) William",,https://handbookapi.aph.gov.au/api/individuals?$filter=PHID eq '83X',False,Research missing secondary education,No APH secondary-school evidence,pending,,,
42,aph-83z,"IRWIN, Julia Claire",,https://handbookapi.aph.gov.au/api/individuals?$filter=PHID eq '83Z',False,Research missing secondary education,No APH secondary-school evidence,pending,,,
42,aph-848,"SECKER, Patrick Damien",,https://handbookapi.aph.gov.au/api/individuals?$filter=PHID eq '848',False,Research missing secondary education,No APH secondary-school evidence,pending,,,
43,aph-848,"SECKER, Patrick Damien",,https://handbookapi.aph.gov.au/api/individuals?$filter=PHID eq '848',False,Research missing secondary education,No APH secondary-school evidence,pending,,,
42,aph-849,"SIDEBOTTOM, the Hon. Peter (Sid) Sid",,https://handbookapi.aph.gov.au/api/individuals?$filter=PHID eq '849',False,Research missing secondary education,No APH secondary-school evidence,pending,,,
43,aph-849,"SIDEBOTTOM, the Hon. Peter (Sid) Sid",,https://handbookapi.aph.gov.au/api/individuals?$filter=PHID eq '849',False,Research missing secondary education,No APH secondary-school evidence,pending,,,
42,aph-84f,"WASHER, Dr Malcolm (Mal) James",,https://handbookapi.aph.gov.au/api/individuals?$filter=PHID eq '84F',False,Research missing secondary education,No APH secondary-school evidence,pending,,,
43,aph-84f,"WASHER, Dr Malcolm (Mal) James",,https://handbookapi.aph.gov.au/api/individuals?$filter=PHID eq '84F',False,Research missing secondary education,No APH secondary-school evidence,pending,,,
42,aph-84l,"McLUCAS, the Hon. Jan Elizabeth",,https://handbookapi.aph.gov.au/api/individuals?$filter=PHID eq '84L',False,Research missing secondary education,No APH secondary-school evidence,pending,,,
43,aph-84l,"McLUCAS, the Hon. Jan Elizabeth",,https://handbookapi.aph.gov.au/api/individuals?$filter=PHID eq '84L',False,Research missing secondary education,No APH secondary-school evidence,pending,,,
44,aph-84l,"McLUCAS, the Hon. Jan Elizabeth",,https://handbookapi.aph.gov.au/api/individuals?$filter=PHID eq '84L',False,Research missing secondary education,No APH secondary-school evidence,pending,,,
42,aph-84m,"MASON, the Hon. Dr Brett John",,https://handbookapi.aph.gov.au/api/individuals?$filter=PHID eq '84M',False,Research missing secondary education,No APH secondary-school evidence,pending,,,
43,aph-84m,"MASON, the Hon. Dr Brett John",,https://handbookapi.aph.gov.au/api/individuals?$filter=PHID eq '84M',False,Research missing secondary education,No APH secondary-school evidence,pending,,,
44,aph-84m,"MASON, the Hon. Dr Brett John",,https://handbookapi.aph.gov.au/api/individuals?$filter=PHID eq '84M',False,Research missing secondary education,No APH secondary-school evidence,pending,,,
42,aph-84n,"LUDWIG, the Hon. Joseph (Joe) William",,https://handbookapi.aph.gov.au/api/individuals?$filter=PHID eq '84N',False,Research missing secondary education,No APH secondary-school evidence,pending,,,
43,aph-84n,"LUDWIG, the Hon. Joseph (Joe) William",,https://handbookapi.aph.gov.au/api/individuals?$filter=PHID eq '84N',False,Research missing secondary education,No APH secondary-school evidence,pending,,,
44,aph-84n,"LUDWIG, the Hon. Joseph (Joe) William",,https://handbookapi.aph.gov.au/api/individuals?$filter=PHID eq '84N',False,Research missing secondary education,No APH secondary-school evidence,pending,,,
42,aph-84p,"HUTCHINS, Stephen (Steve) Patrick",,https://handbookapi.aph.gov.au/api/individuals?$filter=PHID eq '84P',False,Research missing secondary education,No APH secondary-school evidence,pending,,,
43,aph-84p,"HUTCHINS, Stephen (Steve) Patrick",,https://handbookapi.aph.gov.au/api/individuals?$filter=PHID eq '84P',False,Research missing secondary education,No APH secondary-school evidence,pending,,,
42,aph-84t,"HAASE, Barry Wayne",,https://handbookapi.aph.gov.au/api/individuals?$filter=PHID eq '84T',False,Research missing secondary education,No APH secondary-school evidence,pending,,,
43,aph-84t,"HAASE, Barry Wayne",,https://handbookapi.aph.gov.au/api/individuals?$filter=PHID eq '84T',False,Research missing secondary education,No APH secondary-school evidence,pending,,,
45,aph-86256,"HILL, the Hon. Julian Christopher",Wesley College,https://handbookapi.aph.gov.au/api/individuals?$filter=PHID eq '86256',False,Lookup in ACARA historical register,Provisional institution ID: inst-unmatched-wesley-college,pending,,,
46,aph-86256,"HILL, the Hon. Julian Christopher",Wesley College,https://handbookapi.aph.gov.au/api/individuals?$filter=PHID eq '86256',False,Lookup in ACARA historical register,Provisional institution ID: inst-unmatched-wesley-college,pending,,,
47,aph-86256,"HILL, the Hon. Julian Christopher",Wesley College,https://handbookapi.aph.gov.au/api/individuals?$filter=PHID eq '86256',False,Lookup in ACARA historical register,Provisional institution ID: inst-unmatched-wesley-college,pending,,,
48,aph-86256,"HILL, the Hon. Julian Christopher",Wesley College,https://handbookapi.aph.gov.au/api/individuals?$filter=PHID eq '86256',False,Lookup in ACARA historical register,Provisional institution ID: inst-unmatched-wesley-college,pending,,,
48,aph-88411,"HOLZBERGER, Rowan",,https://handbookapi.aph.gov.au/api/individuals?$filter=PHID eq '88411',False,Research missing secondary education,No APH secondary-school evidence,pending,,,
42,aph-885,"TURNBULL, the Hon. Malcolm Bligh, AC",,https://handbookapi.aph.gov.au/api/individuals?$filter=PHID eq '885',False,Research missing secondary education,No APH secondary-school evidence,pending,,,
43,aph-885,"TURNBULL, the Hon. Malcolm Bligh, AC",,https://handbookapi.aph.gov.au/api/individuals?$filter=PHID eq '885',False,Research missing secondary education,No APH secondary-school evidence,pending,,,
44,aph-885,"TURNBULL, the Hon. Malcolm Bligh, AC",,https://handbookapi.aph.gov.au/api/individuals?$filter=PHID eq '885',False,Research missing secondary education,No APH secondary-school evidence,pending,,,
45,aph-885,"TURNBULL, the Hon. Malcolm Bligh, AC",,https://handbookapi.aph.gov.au/api/individuals?$filter=PHID eq '885',False,Research missing secondary education,No APH secondary-school evidence,pending,,,
42,aph-8h4,"HAWKER, the Hon. David Peter Maxwell, AO",,https://handbookapi.aph.gov.au/api/individuals?$filter=PHID eq '8H4',False,Research missing secondary education,No APH secondary-school evidence,pending,,,
42,aph-8is,"DEBUS, the Hon. Robert (Bob) John, AM",,https://handbookapi.aph.gov.au/api/individuals?$filter=PHID eq '8IS',False,Research missing secondary education,No APH secondary-school evidence,pending,,,
42,aph-8iv,"XENOPHON, Nicholas (Nick)",,https://handbookapi.aph.gov.au/api/individuals?$filter=PHID eq '8IV',False,Research missing secondary education,No APH secondary-school evidence,pending,,,
43,aph-8iv,"XENOPHON, Nicholas (Nick)",,https://handbookapi.aph.gov.au/api/individuals?$filter=PHID eq '8IV',False,Research missing secondary education,No APH secondary-school evidence,pending,,,
44,aph-8iv,"XENOPHON, Nicholas (Nick)",,https://handbookapi.aph.gov.au/api/individuals?$filter=PHID eq '8IV',False,Research missing secondary education,No APH secondary-school evidence,pending,,,
45,aph-8iv,"XENOPHON, Nicholas (Nick)",,https://handbookapi.aph.gov.au/api/individuals?$filter=PHID eq '8IV',False,Research missing secondary education,No APH secondary-school evidence,pending,,,
42,aph-8k6,"FITZGIBBON, the Hon. Joel Andrew",,https://handbookapi.aph.gov.au/api/individuals?$filter=PHID eq '8K6',False,Research missing secondary education,No APH secondary-school evidence,pending,,,
43,aph-8k6,"FITZGIBBON, the Hon. Joel Andrew",,https://handbookapi.aph.gov.au/api/individuals?$filter=PHID eq '8K6',False,Research missing secondary education,No APH secondary-school evidence,pending,,,
44,aph-8k6,"FITZGIBBON, the Hon. Joel Andrew",,https://handbookapi.aph.gov.au/api/individuals?$filter=PHID eq '8K6',False,Research missing secondary education,No APH secondary-school evidence,pending,,,
45,aph-8k6,"FITZGIBBON, the Hon. Joel Andrew",,https://handbookapi.aph.gov.au/api/individuals?$filter=PHID eq '8K6',False,Research missing secondary education,No APH secondary-school evidence,pending,,,
46,aph-8k6,"FITZGIBBON, the Hon. Joel Andrew",,https://handbookapi.aph.gov.au/api/individuals?$filter=PHID eq '8K6',False,Research missing secondary education,No APH secondary-school evidence,pending,,,
42,aph-8o6,"O'BRIEN, Kerry Williams Kelso",,https://handbookapi.aph.gov.au/api/individuals?$filter=PHID eq '8O6',False,Research missing secondary education,No APH secondary-school evidence,pending,,,
43,aph-8o6,"O'BRIEN, Kerry Williams Kelso",,https://handbookapi.aph.gov.au/api/individuals?$filter=PHID eq '8O6',False,Research missing secondary education,No APH secondary-school evidence,pending,,,
42,aph-8t4,"FERGUSON, the Hon. Laurie Donald Thomas, OAM",,https://handbookapi.aph.gov.au/api/individuals?$filter=PHID eq '8T4',False,Research missing secondary education,No APH secondary-school evidence,pending,,,
43,aph-8t4,"FERGUSON, the Hon. Laurie Donald Thomas, OAM",,https://handbookapi.aph.gov.au/api/individuals?$filter=PHID eq '8T4',False,Research missing secondary education,No APH secondary-school evidence,pending,,,
44,aph-8t4,"FERGUSON, the Hon. Laurie Donald Thomas, OAM",,https://handbookapi.aph.gov.au/api/individuals?$filter=PHID eq '8T4',False,Research missing secondary education,No APH secondary-school evidence,pending,,,
42,aph-8w5,"GRAY, the Hon. Gary, AO",,https://handbookapi.aph.gov.au/api/individuals?$filter=PHID eq '8W5',False,Research missing secondary education,No APH secondary-school evidence,pending,,,
43,aph-8w5,"GRAY, the Hon. Gary, AO",,https://handbookapi.aph.gov.au/api/individuals?$filter=PHID eq '8W5',False,Research missing secondary education,No APH secondary-school evidence,pending,,,
44,aph-8w5,"GRAY, the Hon. Gary, AO",,https://handbookapi.aph.gov.au/api/individuals?$filter=PHID eq '8W5',False,Research missing secondary education,No APH secondary-school evidence,pending,,,
43,aph-96430,"JONES, Ewen Thomas",,https://handbookapi.aph.gov.au/api/individuals?$filter=PHID eq '96430',False,Research missing secondary education,No APH secondary-school evidence,pending,,,
44,aph-96430,"JONES, Ewen Thomas",,https://handbookapi.aph.gov.au/api/individuals?$filter=PHID eq '96430',False,Research missing secondary education,No APH secondary-school evidence,pending,,,
43,aph-99931,"KELLY, Craig",Peakhurst High School,https://handbookapi.aph.gov.au/api/individuals?$filter=PHID eq '99931',False,Lookup in ACARA historical register,Provisional institution ID: inst-unmatched-peakhurst-high-school,pending,,,
44,aph-99931,"KELLY, Craig",Peakhurst High School,https://handbookapi.aph.gov.au/api/individuals?$filter=PHID eq '99931',False,Lookup in ACARA historical register,Provisional institution ID: inst-unmatched-peakhurst-high-school,pending,,,
45,aph-99931,"KELLY, Craig",Peakhurst High School,https://handbookapi.aph.gov.au/api/individuals?$filter=PHID eq '99931',False,Lookup in ACARA historical register,Provisional institution ID: inst-unmatched-peakhurst-high-school,pending,,,
46,aph-99931,"KELLY, Craig",Peakhurst High School,https://handbookapi.aph.gov.au/api/individuals?$filter=PHID eq '99931',False,Lookup in ACARA historical register,Provisional institution ID: inst-unmatched-peakhurst-high-school,pending,,,
43,aph-9k6,"GAMBARO, the Hon. Teresa",,https://handbookapi.aph.gov.au/api/individuals?$filter=PHID eq '9K6',False,Research missing secondary education,No APH secondary-school evidence,pending,,,
44,aph-9k6,"GAMBARO, the Hon. Teresa",,https://handbookapi.aph.gov.au/api/individuals?$filter=PHID eq '9K6',False,Research missing secondary education,No APH secondary-school evidence,pending,,,
42,aph-9v5,"PYNE, the Hon. Christopher Maurice",,https://handbookapi.aph.gov.au/api/individuals?$filter=PHID eq '9V5',False,Research missing secondary education,No APH secondary-school evidence,pending,,,
43,aph-9v5,"PYNE, the Hon. Christopher Maurice",,https://handbookapi.aph.gov.au/api/individuals?$filter=PHID eq '9V5',False,Research missing secondary education,No APH secondary-school evidence,pending,,,
44,aph-9v5,"PYNE, the Hon. Christopher Maurice",,https://handbookapi.aph.gov.au/api/individuals?$filter=PHID eq '9V5',False,Research missing secondary education,No APH secondary-school evidence,pending,,,
45,aph-9v5,"PYNE, the Hon. Christopher Maurice",,https://handbookapi.aph.gov.au/api/individuals?$filter=PHID eq '9V5',False,Research missing secondary education,No APH secondary-school evidence,pending,,,
42,aph-9x5,"ELLISON, the Hon. Christopher (Chris) Martin AM",,https://handbookapi.aph.gov.au/api/individuals?$filter=PHID eq '9X5',False,Research missing secondary education,No APH secondary-school evidence,pending,,,
42,aph-a8w,"PEARCE, the Hon. Christopher (Chris) John",,https://handbookapi.aph.gov.au/api/individuals?$filter=PHID eq 'A8W',False,Research missing secondary education,No APH secondary-school evidence,pending,,,
43,aph-a9b,"JONES, the Hon. Stephen Patrick",Edmund Rice College,https://handbookapi.aph.gov.au/api/individuals?$filter=PHID eq 'A9B',False,Lookup in ACARA historical register,Provisional institution ID: inst-unmatched-edmund-rice-college,pending,,,
44,aph-a9b,"JONES, the Hon. Stephen Patrick",Edmund Rice College,https://handbookapi.aph.gov.au/api/individuals?$filter=PHID eq 'A9B',False,Lookup in ACARA historical register,Provisional institution ID: inst-unmatched-edmund-rice-college,pending,,,
45,aph-a9b,"JONES, the Hon. Stephen Patrick",Edmund Rice College,https://handbookapi.aph.gov.au/api/individuals?$filter=PHID eq 'A9B',False,Lookup in ACARA historical register,Provisional institution ID: inst-unmatched-edmund-rice-college,pending,,,
46,aph-a9b,"JONES, the Hon. Stephen Patrick",Edmund Rice College,https://handbookapi.aph.gov.au/api/individuals?$filter=PHID eq 'A9B',False,Lookup in ACARA historical register,Provisional institution ID: inst-unmatched-edmund-rice-college,pending,,,
47,aph-a9b,"JONES, the Hon. Stephen Patrick",Edmund Rice College,https://handbookapi.aph.gov.au/api/individuals?$filter=PHID eq 'A9B',False,Lookup in ACARA historical register,Provisional institution ID: inst-unmatched-edmund-rice-college,pending,,,
42,aph-ai6,"CAMERON, the Hon. Douglas Niven",,https://handbookapi.aph.gov.au/api/individuals?$filter=PHID eq 'AI6',False,Research missing secondary education,No APH secondary-school evidence,pending,,,
43,aph-ai6,"CAMERON, the Hon. Douglas Niven",,https://handbookapi.aph.gov.au/api/individuals?$filter=PHID eq 'AI6',False,Research missing secondary education,No APH secondary-school evidence,pending,,,
44,aph-ai6,"CAMERON, the Hon. Douglas Niven",,https://handbookapi.aph.gov.au/api/individuals?$filter=PHID eq 'AI6',False,Research missing secondary education,No APH secondary-school evidence,pending,,,
45,aph-ai6,"CAMERON, the Hon. Douglas Niven",,https://handbookapi.aph.gov.au/api/individuals?$filter=PHID eq 'AI6',False,Research missing secondary education,No APH secondary-school evidence,pending,,,
42,aph-ak6,"GASH, Joanna, AM",,https://handbookapi.aph.gov.au/api/individuals?$filter=PHID eq 'AK6',False,Research missing secondary education,No APH secondary-school evidence,pending,,,
43,aph-ak6,"GASH, Joanna, AM",,https://handbookapi.aph.gov.au/api/individuals?$filter=PHID eq 'AK6',False,Research missing secondary education,No APH secondary-school evidence,pending,,,
42,aph-aw5,"CARR, the Hon. Kim John",,https://handbookapi.aph.gov.au/api/individuals?$filter=PHID eq 'AW5',False,Research missing secondary education,No APH secondary-school evidence,pending,,,
43,aph-aw5,"CARR, the Hon. Kim John",,https://handbookapi.aph.gov.au/api/individuals?$filter=PHID eq 'AW5',False,Research missing secondary education,No APH secondary-school evidence,pending,,,
44,aph-aw5,"CARR, the Hon. Kim John",,https://handbookapi.aph.gov.au/api/individuals?$filter=PHID eq 'AW5',False,Research missing secondary education,No APH secondary-school evidence,pending,,,
45,aph-aw5,"CARR, the Hon. Kim John",,https://handbookapi.aph.gov.au/api/individuals?$filter=PHID eq 'AW5',False,Research missing secondary education,No APH secondary-school evidence,pending,,,
46,aph-aw5,"CARR, the Hon. Kim John",,https://handbookapi.aph.gov.au/api/individuals?$filter=PHID eq 'AW5',False,Research missing secondary education,No APH secondary-school evidence,pending,,,
42,aph-ax5,"EVANS, the Hon. Christopher (Chris) Vaughan",,https://handbookapi.aph.gov.au/api/individuals?$filter=PHID eq 'AX5',False,Research missing secondary education,No APH secondary-school evidence,pending,,,
43,aph-ax5,"EVANS, the Hon. Christopher (Chris) Vaughan",,https://handbookapi.aph.gov.au/api/individuals?$filter=PHID eq 'AX5',False,Research missing secondary education,No APH secondary-school evidence,pending,,,
42,aph-b36,"NEAL, Belinda Jane",,https://handbookapi.aph.gov.au/api/individuals?$filter=PHID eq 'B36',False,Research missing secondary education,No APH secondary-school evidence,pending,,,
47,aph-bfq,"POCOCK, Dr Barbara Ann AM",Lameroo Area School,https://handbookapi.aph.gov.au/api/individuals?$filter=PHID eq 'BFQ',False,Lookup in ACARA historical register,Provisional institution ID: inst-unmatched-lameroo-area-school,pending,,,
47,aph-bfq,"POCOCK, Dr Barbara Ann AM",Norwood High School,https://handbookapi.aph.gov.au/api/individuals?$filter=PHID eq 'BFQ',False,Lookup in ACARA historical register,Provisional institution ID: inst-unmatched-norwood-high-school,pending,,,
48,aph-bfq,"POCOCK, Dr Barbara Ann AM",Lameroo Area School,https://handbookapi.aph.gov.au/api/individuals?$filter=PHID eq 'BFQ',False,Lookup in ACARA historical register,Provisional institution ID: inst-unmatched-lameroo-area-school,pending,,,
48,aph-bfq,"POCOCK, Dr Barbara Ann AM",Norwood High School,https://handbookapi.aph.gov.au/api/individuals?$filter=PHID eq 'BFQ',False,Lookup in ACARA historical register,Provisional institution ID: inst-unmatched-norwood-high-school,pending,,,
45,aph-bk6,"HANSON, Pauline Lee",Coorparoo State High School,https://handbookapi.aph.gov.au/api/individuals?$filter=PHID eq 'BK6',False,Lookup in ACARA historical register,Provisional institution ID: inst-unmatched-coorparoo-state-high-school,pending,,,
46,aph-bk6,"HANSON, Pauline Lee",Coorparoo State High School,https://handbookapi.aph.gov.au/api/individuals?$filter=PHID eq 'BK6',False,Lookup in ACARA historical register,Provisional institution ID: inst-unmatched-coorparoo-state-high-school,pending,,,
47,aph-bk6,"HANSON, Pauline Lee",Coorparoo State High School,https://handbookapi.aph.gov.au/api/individuals?$filter=PHID eq 'BK6',False,Lookup in ACARA historical register,Provisional institution ID: inst-unmatched-coorparoo-state-high-school,pending,,,
48,aph-bk6,"HANSON, Pauline Lee",Coorparoo State High School,https://handbookapi.aph.gov.au/api/individuals?$filter=PHID eq 'BK6',False,Lookup in ACARA historical register,Provisional institution ID: inst-unmatched-coorparoo-state-high-school,pending,,,
42,aph-bp4,"McKEW, the Hon. Maxine Margaret AM",,https://handbookapi.aph.gov.au/api/individuals?$filter=PHID eq 'BP4',False,Research missing secondary education,No APH secondary-school evidence,pending,,,
42,aph-bv5,"ADAMS, the Hon. Dick Godfrey Harry, OAM",,https://handbookapi.aph.gov.au/api/individuals?$filter=PHID eq 'BV5',False,Research missing secondary education,No APH secondary-school evidence,pending,,,
43,aph-bv5,"ADAMS, the Hon. Dick Godfrey Harry, OAM",,https://handbookapi.aph.gov.au/api/individuals?$filter=PHID eq 'BV5',False,Research missing secondary education,No APH secondary-school evidence,pending,,,
43,aph-bv7,"SINODINOS, the Hon. Arthur, AO",,https://handbookapi.aph.gov.au/api/individuals?$filter=PHID eq 'BV7',False,Research missing secondary education,No APH secondary-school evidence,pending,,,
44,aph-bv7,"SINODINOS, the Hon. Arthur, AO",,https://handbookapi.aph.gov.au/api/individuals?$filter=PHID eq 'BV7',False,Research missing secondary education,No APH secondary-school evidence,pending,,,
45,aph-bv7,"SINODINOS, the Hon. Arthur, AO",,https://handbookapi.aph.gov.au/api/individuals?$filter=PHID eq 'BV7',False,Research missing secondary education,No APH secondary-school evidence,pending,,,
46,aph-bv7,"SINODINOS, the Hon. Arthur, AO",,https://handbookapi.aph.gov.au/api/individuals?$filter=PHID eq 'BV7',False,Research missing secondary education,No APH secondary-school evidence,pending,,,
42,aph-c16,"HEFFERNAN, the Hon. William (Bill) Daniel",,https://handbookapi.aph.gov.au/api/individuals?$filter=PHID eq 'C16',False,Research missing secondary education,No APH secondary-school evidence,pending,,,
43,aph-c16,"HEFFERNAN, the Hon. William (Bill) Daniel",,https://handbookapi.aph.gov.au/api/individuals?$filter=PHID eq 'C16',False,Research missing secondary education,No APH secondary-school evidence,pending,,,
44,aph-c16,"HEFFERNAN, the Hon. William (Bill) Daniel",,https://handbookapi.aph.gov.au/api/individuals?$filter=PHID eq 'C16',False,Research missing secondary education,No APH secondary-school evidence,pending,,,
43,aph-c2t,"WILKIE, Andrew Damien",Christian Brothers' College,https://handbookapi.aph.gov.au/api/individuals?$filter=PHID eq 'C2T',False,Lookup in ACARA historical register,Provisional institution ID: inst-unmatched-christian-brothers-college,pending,,,
43,aph-c2t,"WILKIE, Andrew Damien",St Gregory's College,https://handbookapi.aph.gov.au/api/individuals?$filter=PHID eq 'C2T',False,Lookup in ACARA historical register,Provisional institution ID: inst-unmatched-saint-gregorys-college,pending,,,
44,aph-c2t,"WILKIE, Andrew Damien",Christian Brothers' College,https://handbookapi.aph.gov.au/api/individuals?$filter=PHID eq 'C2T',False,Lookup in ACARA historical register,Provisional institution ID: inst-unmatched-christian-brothers-college,pending,,,
44,aph-c2t,"WILKIE, Andrew Damien",St Gregory's College,https://handbookapi.aph.gov.au/api/individuals?$filter=PHID eq 'C2T',False,Lookup in ACARA historical register,Provisional institution ID: inst-unmatched-saint-gregorys-college,pending,,,
45,aph-c2t,"WILKIE, Andrew Damien",Christian Brothers' College,https://handbookapi.aph.gov.au/api/individuals?$filter=PHID eq 'C2T',False,Lookup in ACARA historical register,Provisional institution ID: inst-unmatched-christian-brothers-college,pending,,,
45,aph-c2t,"WILKIE, Andrew Damien",St Gregory's College,https://handbookapi.aph.gov.au/api/individuals?$filter=PHID eq 'C2T',False,Lookup in ACARA historical register,Provisional institution ID: inst-unmatched-saint-gregorys-college,pending,,,
46,aph-c2t,"WILKIE, Andrew Damien",Christian Brothers' College,https://handbookapi.aph.gov.au/api/individuals?$filter=PHID eq 'C2T',False,Lookup in ACARA historical register,Provisional institution ID: inst-unmatched-christian-brothers-college,pending,,,
46,aph-c2t,"WILKIE, Andrew Damien",St Gregory's College,https://handbookapi.aph.gov.au/api/individuals?$filter=PHID eq 'C2T',False,Lookup in ACARA historical register,Provisional institution ID: inst-unmatched-saint-gregorys-college,pending,,,
47,aph-c2t,"WILKIE, Andrew Damien",Christian Brothers' College,https://handbookapi.aph.gov.au/api/individuals?$filter=PHID eq 'C2T',False,Lookup in ACARA historical register,Provisional institution ID: inst-unmatched-christian-brothers-college,pending,,,
47,aph-c2t,"WILKIE, Andrew Damien",St Gregory's College,https://handbookapi.aph.gov.au/api/individuals?$filter=PHID eq 'C2T',False,Lookup in ACARA historical register,Provisional institution ID: inst-unmatched-saint-gregorys-college,pending,,,
48,aph-c2t,"WILKIE, Andrew Damien",Christian Brothers' College,https://handbookapi.aph.gov.au/api/individuals?$filter=PHID eq 'C2T',False,Lookup in ACARA historical register,Provisional institution ID: inst-unmatched-christian-brothers-college,pending,,,
48,aph-c2t,"WILKIE, Andrew Damien",St Gregory's College,https://handbookapi.aph.gov.au/api/individuals?$filter=PHID eq 'C2T',False,Lookup in ACARA historical register,Provisional institution ID: inst-unmatched-saint-gregorys-college,pending,,,
44,aph-cdk,"PERIS, Nova Maree, OAM",,https://handbookapi.aph.gov.au/api/individuals?$filter=PHID eq 'CDK',False,Research missing secondary education,No APH secondary-school evidence,pending,,,
43,aph-cpr,"RHIANNON, Lee",,https://handbookapi.aph.gov.au/api/individuals?$filter=PHID eq 'CPR',False,Research missing secondary education,No APH secondary-school evidence,pending,,,
44,aph-cpr,"RHIANNON, Lee",,https://handbookapi.aph.gov.au/api/individuals?$filter=PHID eq 'CPR',False,Research missing secondary education,No APH secondary-school evidence,pending,,,
45,aph-cpr,"RHIANNON, Lee",,https://handbookapi.aph.gov.au/api/individuals?$filter=PHID eq 'CPR',False,Research missing secondary education,No APH secondary-school evidence,pending,,,
42,aph-ct4,"COSTELLO, the Hon. Peter Howard, AC",,https://handbookapi.aph.gov.au/api/individuals?$filter=PHID eq 'CT4',False,Research missing secondary education,No APH secondary-school evidence,pending,,,
42,aph-cx5,"MacDONALD, the Hon. John Alexander Lindsay (Sandy), AM",,https://handbookapi.aph.gov.au/api/individuals?$filter=PHID eq 'CX5',False,Research missing secondary education,No APH secondary-school evidence,pending,,,
42,aph-d2i,"FIFIELD, the Hon. Mitchell (Mitch) Peter",,https://handbookapi.aph.gov.au/api/individuals?$filter=PHID eq 'D2I',False,Research missing secondary education,No APH secondary-school evidence,pending,,,
43,aph-d2i,"FIFIELD, the Hon. Mitchell (Mitch) Peter",,https://handbookapi.aph.gov.au/api/individuals?$filter=PHID eq 'D2I',False,Research missing secondary education,No APH secondary-school evidence,pending,,,
44,aph-d2i,"FIFIELD, the Hon. Mitchell (Mitch) Peter",,https://handbookapi.aph.gov.au/api/individuals?$filter=PHID eq 'D2I',False,Research missing secondary education,No APH secondary-school evidence,pending,,,
45,aph-d2i,"FIFIELD, the Hon. Mitchell (Mitch) Peter",,https://handbookapi.aph.gov.au/api/individuals?$filter=PHID eq 'D2I',False,Research missing secondary education,No APH secondary-school evidence,pending,,,
46,aph-d2i,"FIFIELD, the Hon. Mitchell (Mitch) Peter",,https://handbookapi.aph.gov.au/api/individuals?$filter=PHID eq 'D2I',False,Research missing secondary education,No APH secondary-school evidence,pending,,,
42,aph-dk6,"HOCKEY, the Hon. Joseph (Joe) Benedict",,https://handbookapi.aph.gov.au/api/individuals?$filter=PHID eq 'DK6',False,Research missing secondary education,No APH secondary-school evidence,pending,,,
43,aph-dk6,"HOCKEY, the Hon. Joseph (Joe) Benedict",,https://handbookapi.aph.gov.au/api/individuals?$filter=PHID eq 'DK6',False,Research missing secondary education,No APH secondary-school evidence,pending,,,
44,aph-dk6,"HOCKEY, the Hon. Joseph (Joe) Benedict",,https://handbookapi.aph.gov.au/api/individuals?$filter=PHID eq 'DK6',False,Research missing secondary education,No APH secondary-school evidence,pending,,,
42,aph-dt4,"CREAN, the Hon. Simon Findlay, AC",,https://handbookapi.aph.gov.au/api/individuals?$filter=PHID eq 'DT4',False,Research missing secondary education,No APH secondary-school evidence,pending,,,
43,aph-dt4,"CREAN, the Hon. Simon Findlay, AC",,https://handbookapi.aph.gov.au/api/individuals?$filter=PHID eq 'DT4',False,Research missing secondary education,No APH secondary-school evidence,pending,,,
42,aph-dt6,"BARTLETT, Andrew John Julian",,https://handbookapi.aph.gov.au/api/individuals?$filter=PHID eq 'DT6',False,Research missing secondary education,No APH secondary-school evidence,pending,,,
45,aph-dt6,"BARTLETT, Andrew John Julian",,https://handbookapi.aph.gov.au/api/individuals?$filter=PHID eq 'DT6',False,Research missing secondary education,No APH secondary-school evidence,pending,,,
42,aph-dyn,"JENSEN, Dr Dennis Geoffrey",,https://handbookapi.aph.gov.au/api/individuals?$filter=PHID eq 'DYN',False,Research missing secondary education,No APH secondary-school evidence,pending,,,
43,aph-dyn,"JENSEN, Dr Dennis Geoffrey",,https://handbookapi.aph.gov.au/api/individuals?$filter=PHID eq 'DYN',False,Research missing secondary education,No APH secondary-school evidence,pending,,,
44,aph-dyn,"JENSEN, Dr Dennis Geoffrey",,https://handbookapi.aph.gov.au/api/individuals?$filter=PHID eq 'DYN',False,Research missing secondary education,No APH secondary-school evidence,pending,,,
42,aph-dyw,"BURKE, the Hon. Anthony (Tony) Stephen",,https://handbookapi.aph.gov.au/api/individuals?$filter=PHID eq 'DYW',False,Research missing secondary education,No APH secondary-school evidence,pending,,,
43,aph-dyw,"BURKE, the Hon. Anthony (Tony) Stephen",,https://handbookapi.aph.gov.au/api/individuals?$filter=PHID eq 'DYW',False,Research missing secondary education,No APH secondary-school evidence,pending,,,
44,aph-dyw,"BURKE, the Hon. Anthony (Tony) Stephen",,https://handbookapi.aph.gov.au/api/individuals?$filter=PHID eq 'DYW',False,Research missing secondary education,No APH secondary-school evidence,pending,,,
45,aph-dyw,"BURKE, the Hon. Anthony (Tony) Stephen",,https://handbookapi.aph.gov.au/api/individuals?$filter=PHID eq 'DYW',False,Research missing secondary education,No APH secondary-school evidence,pending,,,
46,aph-dyw,"BURKE, the Hon. Anthony (Tony) Stephen",,https://handbookapi.aph.gov.au/api/individuals?$filter=PHID eq 'DYW',False,Research missing secondary education,No APH secondary-school evidence,pending,,,
47,aph-dyw,"BURKE, the Hon. Anthony (Tony) Stephen",,https://handbookapi.aph.gov.au/api/individuals?$filter=PHID eq 'DYW',False,Research missing secondary education,No APH secondary-school evidence,pending,,,
48,aph-dyw,"BURKE, the Hon. Anthony (Tony) Stephen",,https://handbookapi.aph.gov.au/api/individuals?$filter=PHID eq 'DYW',False,Research missing secondary education,No APH secondary-school evidence,pending,,,
42,aph-dzu,"ELLIS, the Hon. Katherine (Kate) Margaret",,https://handbookapi.aph.gov.au/api/individuals?$filter=PHID eq 'DZU',False,Research missing secondary education,No APH secondary-school evidence,pending,,,
43,aph-dzu,"ELLIS, the Hon. Katherine (Kate) Margaret",,https://handbookapi.aph.gov.au/api/individuals?$filter=PHID eq 'DZU',False,Research missing secondary education,No APH secondary-school evidence,pending,,,
44,aph-dzu,"ELLIS, the Hon. Katherine (Kate) Margaret",,https://handbookapi.aph.gov.au/api/individuals?$filter=PHID eq 'DZU',False,Research missing secondary education,No APH secondary-school evidence,pending,,,
45,aph-dzu,"ELLIS, the Hon. Katherine (Kate) Margaret",,https://handbookapi.aph.gov.au/api/individuals?$filter=PHID eq 'DZU',False,Research missing secondary education,No APH secondary-school evidence,pending,,,
42,aph-e07,"MARKUS, Louise Elizabeth",,https://handbookapi.aph.gov.au/api/individuals?$filter=PHID eq 'E07',False,Research missing secondary education,No APH secondary-school evidence,pending,,,
43,aph-e07,"MARKUS, Louise Elizabeth",,https://handbookapi.aph.gov.au/api/individuals?$filter=PHID eq 'E07',False,Research missing secondary education,No APH secondary-school evidence,pending,,,
44,aph-e07,"MARKUS, Louise Elizabeth",,https://handbookapi.aph.gov.au/api/individuals?$filter=PHID eq 'E07',False,Research missing secondary education,No APH secondary-school evidence,pending,,,
42,aph-e0f,"WOOD, the Hon. Jason Peter",Ferntree Gully Technical School,https://handbookapi.aph.gov.au/api/individuals?$filter=PHID eq 'E0F',False,Lookup in ACARA historical register,Provisional institution ID: inst-unmatched-ferntree-gully-technical-school,pending,,,
44,aph-e0f,"WOOD, the Hon. Jason Peter",Ferntree Gully Technical School,https://handbookapi.aph.gov.au/api/individuals?$filter=PHID eq 'E0F',False,Lookup in ACARA historical register,Provisional institution ID: inst-unmatched-ferntree-gully-technical-school,pending,,,
45,aph-e0f,"WOOD, the Hon. Jason Peter",Ferntree Gully Technical School,https://handbookapi.aph.gov.au/api/individuals?$filter=PHID eq 'E0F',False,Lookup in ACARA historical register,Provisional institution ID: inst-unmatched-ferntree-gully-technical-school,pending,,,
46,aph-e0f,"WOOD, the Hon. Jason Peter",Ferntree Gully Technical School,https://handbookapi.aph.gov.au/api/individuals?$filter=PHID eq 'E0F',False,Lookup in ACARA historical register,Provisional institution ID: inst-unmatched-ferntree-gully-technical-school,pending,,,
47,aph-e0f,"WOOD, the Hon. Jason Peter",Ferntree Gully Technical School,https://handbookapi.aph.gov.au/api/individuals?$filter=PHID eq 'E0F',False,Lookup in ACARA historical register,Provisional institution ID: inst-unmatched-ferntree-gully-technical-school,pending,,,
48,aph-e0f,"WOOD, the Hon. Jason Peter",Ferntree Gully Technical School,https://handbookapi.aph.gov.au/api/individuals?$filter=PHID eq 'E0F',False,Lookup in ACARA historical register,Provisional institution ID: inst-unmatched-ferntree-gully-technical-school,pending,,,
42,aph-e0j,"KEENAN, the Hon. Michael Fayat",,https://handbookapi.aph.gov.au/api/individuals?$filter=PHID eq 'E0J',False,Research missing secondary education,No APH secondary-school evidence,pending,,,
43,aph-e0j,"KEENAN, the Hon. Michael Fayat",,https://handbookapi.aph.gov.au/api/individuals?$filter=PHID eq 'E0J',False,Research missing secondary education,No APH secondary-school evidence,pending,,,
44,aph-e0j,"KEENAN, the Hon. Michael Fayat",,https://handbookapi.aph.gov.au/api/individuals?$filter=PHID eq 'E0J',False,Research missing secondary education,No APH secondary-school evidence,pending,,,
45,aph-e0j,"KEENAN, the Hon. Michael Fayat",,https://handbookapi.aph.gov.au/api/individuals?$filter=PHID eq 'E0J',False,Research missing secondary education,No APH secondary-school evidence,pending,,,
42,aph-e4q,"ADAMS, Judith Anne",,https://handbookapi.aph.gov.au/api/individuals?$filter=PHID eq 'E4Q',False,Research missing secondary education,No APH secondary-school evidence,pending,,,
43,aph-e4q,"ADAMS, Judith Anne",,https://handbookapi.aph.gov.au/api/individuals?$filter=PHID eq 'E4Q',False,Research missing secondary education,No APH secondary-school evidence,pending,,,
42,aph-e4r,"FIELDING, Steven",,https://handbookapi.aph.gov.au/api/individuals?$filter=PHID eq 'E4R',False,Research missing secondary education,No APH secondary-school evidence,pending,,,
43,aph-e4r,"FIELDING, Steven",,https://handbookapi.aph.gov.au/api/individuals?$filter=PHID eq 'E4R',False,Research missing secondary education,No APH secondary-school evidence,pending,,,
42,aph-e4t,"FIERRAVANTI-WELLS, the Hon. Concetta (Connie) Anna",,https://handbookapi.aph.gov.au/api/individuals?$filter=PHID eq 'E4T',False,Research missing secondary education,No APH secondary-school evidence,pending,,,
43,aph-e4t,"FIERRAVANTI-WELLS, the Hon. Concetta (Connie) Anna",,https://handbookapi.aph.gov.au/api/individuals?$filter=PHID eq 'E4T',False,Research missing secondary education,No APH secondary-school evidence,pending,,,
44,aph-e4t,"FIERRAVANTI-WELLS, the Hon. Concetta (Connie) Anna",,https://handbookapi.aph.gov.au/api/individuals?$filter=PHID eq 'E4T',False,Research missing secondary education,No APH secondary-school evidence,pending,,,
45,aph-e4t,"FIERRAVANTI-WELLS, the Hon. Concetta (Connie) Anna",,https://handbookapi.aph.gov.au/api/individuals?$filter=PHID eq 'E4T',False,Research missing secondary education,No APH secondary-school evidence,pending,,,
46,aph-e4t,"FIERRAVANTI-WELLS, the Hon. Concetta (Connie) Anna",,https://handbookapi.aph.gov.au/api/individuals?$filter=PHID eq 'E4T',False,Research missing secondary education,No APH secondary-school evidence,pending,,,
42,aph-e4u,"HURLEY, Annette Kay",,https://handbookapi.aph.gov.au/api/individuals?$filter=PHID eq 'E4U',False,Research missing secondary education,No APH secondary-school evidence,pending,,,
43,aph-e4u,"HURLEY, Annette Kay",,https://handbookapi.aph.gov.au/api/individuals?$filter=PHID eq 'E4U',False,Research missing secondary education,No APH secondary-school evidence,pending,,,
42,aph-e5d,"JOYCE, the Hon. Barnaby Thomas Gerard",St Ignatius College,https://handbookapi.aph.gov.au/api/individuals?$filter=PHID eq 'E5D',False,Lookup in ACARA historical register,Provisional institution ID: inst-unmatched-saint-ignatius-college,pending,,,
43,aph-e5d,"JOYCE, the Hon. Barnaby Thomas Gerard",St Ignatius College,https://handbookapi.aph.gov.au/api/individuals?$filter=PHID eq 'E5D',False,Lookup in ACARA historical register,Provisional institution ID: inst-unmatched-saint-ignatius-college,pending,,,
44,aph-e5d,"JOYCE, the Hon. Barnaby Thomas Gerard",St Ignatius College,https://handbookapi.aph.gov.au/api/individuals?$filter=PHID eq 'E5D',False,Lookup in ACARA historical register,Provisional institution ID: inst-unmatched-saint-ignatius-college,pending,,,
45,aph-e5d,"JOYCE, the Hon. Barnaby Thomas Gerard",St Ignatius College,https://handbookapi.aph.gov.au/api/individuals?$filter=PHID eq 'E5D',False,Lookup in ACARA historical register,Provisional institution ID: inst-unmatched-saint-ignatius-college,pending,,,
46,aph-e5d,"JOYCE, the Hon. Barnaby Thomas Gerard",St Ignatius College,https://handbookapi.aph.gov.au/api/individuals?$filter=PHID eq 'E5D',False,Lookup in ACARA historical register,Provisional institution ID: inst-unmatched-saint-ignatius-college,pending,,,
47,aph-e5d,"JOYCE, the Hon. Barnaby Thomas Gerard",St Ignatius College,https://handbookapi.aph.gov.au/api/individuals?$filter=PHID eq 'E5D',False,Lookup in ACARA historical register,Provisional institution ID: inst-unmatched-saint-ignatius-college,pending,,,
48,aph-e5d,"JOYCE, the Hon. Barnaby Thomas Gerard",St Ignatius College,https://handbookapi.aph.gov.au/api/individuals?$filter=PHID eq 'E5D',False,Lookup in ACARA historical register,Provisional institution ID: inst-unmatched-saint-ignatius-college,pending,,,
42,aph-e5e,"McEWEN, Anne, OAM",,https://handbookapi.aph.gov.au/api/individuals?$filter=PHID eq 'E5E',False,Research missing secondary education,No APH secondary-school evidence,pending,,,
43,aph-e5e,"McEWEN, Anne, OAM",,https://handbookapi.aph.gov.au/api/individuals?$filter=PHID eq 'E5E',False,Research missing secondary education,No APH secondary-school evidence,pending,,,
44,aph-e5e,"McEWEN, Anne, OAM",,https://handbookapi.aph.gov.au/api/individuals?$filter=PHID eq 'E5E',False,Research missing secondary education,No APH secondary-school evidence,pending,,,
42,aph-e5g,"NASH, the Hon. Fiona Joy",,https://handbookapi.aph.gov.au/api/individuals?$filter=PHID eq 'E5G',False,Research missing secondary education,No APH secondary-school evidence,pending,,,
43,aph-e5g,"NASH, the Hon. Fiona Joy",,https://handbookapi.aph.gov.au/api/individuals?$filter=PHID eq 'E5G',False,Research missing secondary education,No APH secondary-school evidence,pending,,,
44,aph-e5g,"NASH, the Hon. Fiona Joy",,https://handbookapi.aph.gov.au/api/individuals?$filter=PHID eq 'E5G',False,Research missing secondary education,No APH secondary-school evidence,pending,,,
45,aph-e5g,"NASH, the Hon. Fiona Joy",,https://handbookapi.aph.gov.au/api/individuals?$filter=PHID eq 'E5G',False,Research missing secondary education,No APH secondary-school evidence,pending,,,
42,aph-e5v,"PARRY, the Hon. Stephen Shane",,https://handbookapi.aph.gov.au/api/individuals?$filter=PHID eq 'E5V',False,Research missing secondary education,No APH secondary-school evidence,pending,,,
43,aph-e5v,"PARRY, the Hon. Stephen Shane",,https://handbookapi.aph.gov.au/api/individuals?$filter=PHID eq 'E5V',False,Research missing secondary education,No APH secondary-school evidence,pending,,,
44,aph-e5v,"PARRY, the Hon. Stephen Shane",,https://handbookapi.aph.gov.au/api/individuals?$filter=PHID eq 'E5V',False,Research missing secondary education,No APH secondary-school evidence,pending,,,
45,aph-e5v,"PARRY, the Hon. Stephen Shane",,https://handbookapi.aph.gov.au/api/individuals?$filter=PHID eq 'E5V',False,Research missing secondary education,No APH secondary-school evidence,pending,,,
42,aph-e6a,"TROOD, Dr Russell Brunell",,https://handbookapi.aph.gov.au/api/individuals?$filter=PHID eq 'E6A',False,Research missing secondary education,No APH secondary-school evidence,pending,,,
43,aph-e6a,"TROOD, Dr Russell Brunell",,https://handbookapi.aph.gov.au/api/individuals?$filter=PHID eq 'E6A',False,Research missing secondary education,No APH secondary-school evidence,pending,,,
42,aph-e6c,"WORTLEY, Dana Johanna",,https://handbookapi.aph.gov.au/api/individuals?$filter=PHID eq 'E6C',False,Research missing secondary education,No APH secondary-school evidence,pending,,,
43,aph-e6c,"WORTLEY, Dana Johanna",,https://handbookapi.aph.gov.au/api/individuals?$filter=PHID eq 'E6C',False,Research missing secondary education,No APH secondary-school evidence,pending,,,
42,aph-em6,"STONE, the Hon. Dr Sharman Nancy AM",,https://handbookapi.aph.gov.au/api/individuals?$filter=PHID eq 'EM6',False,Research missing secondary education,No APH secondary-school evidence,pending,,,
43,aph-em6,"STONE, the Hon. Dr Sharman Nancy AM",,https://handbookapi.aph.gov.au/api/individuals?$filter=PHID eq 'EM6',False,Research missing secondary education,No APH secondary-school evidence,pending,,,
44,aph-em6,"STONE, the Hon. Dr Sharman Nancy AM",,https://handbookapi.aph.gov.au/api/individuals?$filter=PHID eq 'EM6',False,Research missing secondary education,No APH secondary-school evidence,pending,,,
42,aph-ep5,"FERGUSON, the Hon. Alan Baird, AM",,https://handbookapi.aph.gov.au/api/individuals?$filter=PHID eq 'EP5',False,Research missing secondary education,No APH secondary-school evidence,pending,,,
43,aph-ep5,"FERGUSON, the Hon. Alan Baird, AM",,https://handbookapi.aph.gov.au/api/individuals?$filter=PHID eq 'EP5',False,Research missing secondary education,No APH secondary-school evidence,pending,,,
42,aph-et4,"BEVIS, the Hon. Archibald (Arch) Ronald, OAM",,https://handbookapi.aph.gov.au/api/individuals?$filter=PHID eq 'ET4',False,Research missing secondary education,No APH secondary-school evidence,pending,,,
42,aph-ez5,"ABBOTT, the Hon. Anthony (Tony) John AC",,https://handbookapi.aph.gov.au/api/individuals?$filter=PHID eq 'EZ5',False,Research missing secondary education,No APH secondary-school evidence,pending,,,
43,aph-ez5,"ABBOTT, the Hon. Anthony (Tony) John AC",,https://handbookapi.aph.gov.au/api/individuals?$filter=PHID eq 'EZ5',False,Research missing secondary education,No APH secondary-school evidence,pending,,,
44,aph-ez5,"ABBOTT, the Hon. Anthony (Tony) John AC",,https://handbookapi.aph.gov.au/api/individuals?$filter=PHID eq 'EZ5',False,Research missing secondary education,No APH secondary-school evidence,pending,,,
45,aph-ez5,"ABBOTT, the Hon. Anthony (Tony) John AC",,https://handbookapi.aph.gov.au/api/individuals?$filter=PHID eq 'EZ5',False,Research missing secondary education,No APH secondary-school evidence,pending,,,
47,aph-f2s,"SCRYMGOUR, Marion",Our Lady of the Sacred Heart College,https://handbookapi.aph.gov.au/api/individuals?$filter=PHID eq 'F2S',False,Lookup in ACARA historical register,Provisional institution ID: inst-unmatched-our-lady-of-the-sacred-heart-college,pending,,,
47,aph-f2s,"SCRYMGOUR, Marion",St John's College,https://handbookapi.aph.gov.au/api/individuals?$filter=PHID eq 'F2S',False,Lookup in ACARA historical register,Provisional institution ID: inst-unmatched-saint-johns-college,pending,,,
48,aph-f2s,"SCRYMGOUR, Marion",Our Lady of the Sacred Heart College,https://handbookapi.aph.gov.au/api/individuals?$filter=PHID eq 'F2S',False,Lookup in ACARA historical register,Provisional institution ID: inst-unmatched-our-lady-of-the-sacred-heart-college,pending,,,
48,aph-f2s,"SCRYMGOUR, Marion",St John's College,https://handbookapi.aph.gov.au/api/individuals?$filter=PHID eq 'F2S',False,Lookup in ACARA historical register,Provisional institution ID: inst-unmatched-saint-johns-college,pending,,,
45,aph-fab,"MOLAN, Andrew James (Jim) AO DSC",,https://handbookapi.aph.gov.au/api/individuals?$filter=PHID eq 'FAB',False,Research missing secondary education,No APH secondary-school evidence,pending,,,
46,aph-fab,"MOLAN, Andrew James (Jim) AO DSC",,https://handbookapi.aph.gov.au/api/individuals?$filter=PHID eq 'FAB',False,Research missing secondary education,No APH secondary-school evidence,pending,,,
47,aph-fab,"MOLAN, Andrew James (Jim) AO DSC",,https://handbookapi.aph.gov.au/api/individuals?$filter=PHID eq 'FAB',False,Research missing secondary education,No APH secondary-school evidence,pending,,,
42,aph-ff4,"CHAPMAN, Hedley Grant Pearson",,https://handbookapi.aph.gov.au/api/individuals?$filter=PHID eq 'FF4',False,Research missing secondary education,No APH secondary-school evidence,pending,,,
42,aph-fu4,"ROBB, the Hon. Andrew John, AO",,https://handbookapi.aph.gov.au/api/individuals?$filter=PHID eq 'FU4',False,Research missing secondary education,No APH secondary-school evidence,pending,,,
43,aph-fu4,"ROBB, the Hon. Andrew John, AO",,https://handbookapi.aph.gov.au/api/individuals?$filter=PHID eq 'FU4',False,Research missing secondary education,No APH secondary-school evidence,pending,,,
44,aph-fu4,"ROBB, the Hon. Andrew John, AO",,https://handbookapi.aph.gov.au/api/individuals?$filter=PHID eq 'FU4',False,Research missing secondary education,No APH secondary-school evidence,pending,,,
42,aph-g1n,"KROGER, Helen Evelyn",,https://handbookapi.aph.gov.au/api/individuals?$filter=PHID eq 'G1N',False,Research missing secondary education,No APH secondary-school evidence,pending,,,
43,aph-g1n,"KROGER, Helen Evelyn",,https://handbookapi.aph.gov.au/api/individuals?$filter=PHID eq 'G1N',False,Research missing secondary education,No APH secondary-school evidence,pending,,,
44,aph-g1n,"KROGER, Helen Evelyn",,https://handbookapi.aph.gov.au/api/individuals?$filter=PHID eq 'G1N',False,Research missing secondary education,No APH secondary-school evidence,pending,,,
45,aph-g86,"FALINSKI, Jason George",St Ignatius College,https://handbookapi.aph.gov.au/api/individuals?$filter=PHID eq 'G86',False,Lookup in ACARA historical register,Provisional institution ID: inst-unmatched-saint-ignatius-college,pending,,,
46,aph-g86,"FALINSKI, Jason George",St Ignatius College,https://handbookapi.aph.gov.au/api/individuals?$filter=PHID eq 'G86',False,Lookup in ACARA historical register,Provisional institution ID: inst-unmatched-saint-ignatius-college,pending,,,
42,aph-gb6,"COLLINS, the Hon. Jacinta Mary Ann",,https://handbookapi.aph.gov.au/api/individuals?$filter=PHID eq 'GB6',False,Research missing secondary education,No APH secondary-school evidence,pending,,,
43,aph-gb6,"COLLINS, the Hon. Jacinta Mary Ann",,https://handbookapi.aph.gov.au/api/individuals?$filter=PHID eq 'GB6',False,Research missing secondary education,No APH secondary-school evidence,pending,,,
44,aph-gb6,"COLLINS, the Hon. Jacinta Mary Ann",,https://handbookapi.aph.gov.au/api/individuals?$filter=PHID eq 'GB6',False,Research missing secondary education,No APH secondary-school evidence,pending,,,
45,aph-gb6,"COLLINS, the Hon. Jacinta Mary Ann",,https://handbookapi.aph.gov.au/api/individuals?$filter=PHID eq 'GB6',False,Research missing secondary education,No APH secondary-school evidence,pending,,,
42,aph-gt4,"TRUSS, the Hon. Warren Errol, AC",,https://handbookapi.aph.gov.au/api/individuals?$filter=PHID eq 'GT4',False,Research missing secondary education,No APH secondary-school evidence,pending,,,
43,aph-gt4,"TRUSS, the Hon. Warren Errol, AC",,https://handbookapi.aph.gov.au/api/individuals?$filter=PHID eq 'GT4',False,Research missing secondary education,No APH secondary-school evidence,pending,,,
44,aph-gt4,"TRUSS, the Hon. Warren Errol, AC",,https://handbookapi.aph.gov.au/api/individuals?$filter=PHID eq 'GT4',False,Research missing secondary education,No APH secondary-school evidence,pending,,,
42,aph-gx5,"TROETH, the Hon. Judith Mary, AM",,https://handbookapi.aph.gov.au/api/individuals?$filter=PHID eq 'GX5',False,Research missing secondary education,No APH secondary-school evidence,pending,,,
43,aph-gx5,"TROETH, the Hon. Judith Mary, AM",,https://handbookapi.aph.gov.au/api/individuals?$filter=PHID eq 'GX5',False,Research missing secondary education,No APH secondary-school evidence,pending,,,
42,aph-h6v,"BOYCE, Suzanne (Sue) Kay",,https://handbookapi.aph.gov.au/api/individuals?$filter=PHID eq 'H6V',False,Research missing secondary education,No APH secondary-school evidence,pending,,,
43,aph-h6v,"BOYCE, Suzanne (Sue) Kay",,https://handbookapi.aph.gov.au/api/individuals?$filter=PHID eq 'H6V',False,Research missing secondary education,No APH secondary-school evidence,pending,,,
44,aph-h6v,"BOYCE, Suzanne (Sue) Kay",,https://handbookapi.aph.gov.au/api/individuals?$filter=PHID eq 'H6V',False,Research missing secondary education,No APH secondary-school evidence,pending,,,
42,aph-h6x,"BIRMINGHAM, the Hon. Simon John",Gawler High School,https://handbookapi.aph.gov.au/api/individuals?$filter=PHID eq 'H6X',False,Lookup in ACARA historical register,Provisional institution ID: inst-unmatched-gawler-high-school,pending,,,
43,aph-h6x,"BIRMINGHAM, the Hon. Simon John",Gawler High School,https://handbookapi.aph.gov.au/api/individuals?$filter=PHID eq 'H6X',False,Lookup in ACARA historical register,Provisional institution ID: inst-unmatched-gawler-high-school,pending,,,
44,aph-h6x,"BIRMINGHAM, the Hon. Simon John",Gawler High School,https://handbookapi.aph.gov.au/api/individuals?$filter=PHID eq 'H6X',False,Lookup in ACARA historical register,Provisional institution ID: inst-unmatched-gawler-high-school,pending,,,
45,aph-h6x,"BIRMINGHAM, the Hon. Simon John",Gawler High School,https://handbookapi.aph.gov.au/api/individuals?$filter=PHID eq 'H6X',False,Lookup in ACARA historical register,Provisional institution ID: inst-unmatched-gawler-high-school,pending,,,
46,aph-h6x,"BIRMINGHAM, the Hon. Simon John",Gawler High School,https://handbookapi.aph.gov.au/api/individuals?$filter=PHID eq 'H6X',False,Lookup in ACARA historical register,Provisional institution ID: inst-unmatched-gawler-high-school,pending,,,
47,aph-h6x,"BIRMINGHAM, the Hon. Simon John",Gawler High School,https://handbookapi.aph.gov.au/api/individuals?$filter=PHID eq 'H6X',False,Lookup in ACARA historical register,Provisional institution ID: inst-unmatched-gawler-high-school,pending,,,
42,aph-hbe,"FISHER, Mary Josephine",,https://handbookapi.aph.gov.au/api/individuals?$filter=PHID eq 'HBE',False,Research missing secondary education,No APH secondary-school evidence,pending,,,
43,aph-hbe,"FISHER, Mary Josephine",,https://handbookapi.aph.gov.au/api/individuals?$filter=PHID eq 'HBE',False,Research missing secondary education,No APH secondary-school evidence,pending,,,
42,aph-hda,"CORMANN, the Hon. Mathias Hubert Paul AC",,https://handbookapi.aph.gov.au/api/individuals?$filter=PHID eq 'HDA',False,Research missing secondary education,No APH secondary-school evidence,pending,,,
43,aph-hda,"CORMANN, the Hon. Mathias Hubert Paul AC",,https://handbookapi.aph.gov.au/api/individuals?$filter=PHID eq 'HDA',False,Research missing secondary education,No APH secondary-school evidence,pending,,,
44,aph-hda,"CORMANN, the Hon. Mathias Hubert Paul AC",,https://handbookapi.aph.gov.au/api/individuals?$filter=PHID eq 'HDA',False,Research missing secondary education,No APH secondary-school evidence,pending,,,
45,aph-hda,"CORMANN, the Hon. Mathias Hubert Paul AC",,https://handbookapi.aph.gov.au/api/individuals?$filter=PHID eq 'HDA',False,Research missing secondary education,No APH secondary-school evidence,pending,,,
46,aph-hda,"CORMANN, the Hon. Mathias Hubert Paul AC",,https://handbookapi.aph.gov.au/api/individuals?$filter=PHID eq 'HDA',False,Research missing secondary education,No APH secondary-school evidence,pending,,,
42,aph-hes,"ARBIB, the Hon. Mark Victor",,https://handbookapi.aph.gov.au/api/individuals?$filter=PHID eq 'HES',False,Research missing secondary education,No APH secondary-school evidence,pending,,,
43,aph-hes,"ARBIB, the Hon. Mark Victor",,https://handbookapi.aph.gov.au/api/individuals?$filter=PHID eq 'HES',False,Research missing secondary education,No APH secondary-school evidence,pending,,,
42,aph-hh4,"JENKINS, Henry (Harry) Alfred, AO",,https://handbookapi.aph.gov.au/api/individuals?$filter=PHID eq 'HH4',False,Research missing secondary education,No APH secondary-school evidence,pending,,,
43,aph-hh4,"JENKINS, Henry (Harry) Alfred, AO",,https://handbookapi.aph.gov.au/api/individuals?$filter=PHID eq 'HH4',False,Research missing secondary education,No APH secondary-school evidence,pending,,,
42,aph-hk5,"ANDREWS, the Hon. Kevin James AM",,https://handbookapi.aph.gov.au/api/individuals?$filter=PHID eq 'HK5',False,Research missing secondary education,No APH secondary-school evidence,pending,,,
43,aph-hk5,"ANDREWS, the Hon. Kevin James AM",,https://handbookapi.aph.gov.au/api/individuals?$filter=PHID eq 'HK5',False,Research missing secondary education,No APH secondary-school evidence,pending,,,
44,aph-hk5,"ANDREWS, the Hon. Kevin James AM",,https://handbookapi.aph.gov.au/api/individuals?$filter=PHID eq 'HK5',False,Research missing secondary education,No APH secondary-school evidence,pending,,,
45,aph-hk5,"ANDREWS, the Hon. Kevin James AM",,https://handbookapi.aph.gov.au/api/individuals?$filter=PHID eq 'HK5',False,Research missing secondary education,No APH secondary-school evidence,pending,,,
46,aph-hk5,"ANDREWS, the Hon. Kevin James AM",,https://handbookapi.aph.gov.au/api/individuals?$filter=PHID eq 'HK5',False,Research missing secondary education,No APH secondary-school evidence,pending,,,
42,aph-hk6,"LINDSAY, the Hon. Peter John, OAM",,https://handbookapi.aph.gov.au/api/individuals?$filter=PHID eq 'HK6',False,Research missing secondary education,No APH secondary-school evidence,pending,,,
42,aph-hll,"BUSHBY, David Christopher",,https://handbookapi.aph.gov.au/api/individuals?$filter=PHID eq 'HLL',False,Research missing secondary education,No APH secondary-school evidence,pending,,,
43,aph-hll,"BUSHBY, David Christopher",,https://handbookapi.aph.gov.au/api/individuals?$filter=PHID eq 'HLL',False,Research missing secondary education,No APH secondary-school evidence,pending,,,
44,aph-hll,"BUSHBY, David Christopher",,https://handbookapi.aph.gov.au/api/individuals?$filter=PHID eq 'HLL',False,Research missing secondary education,No APH secondary-school evidence,pending,,,
45,aph-hll,"BUSHBY, David Christopher",,https://handbookapi.aph.gov.au/api/individuals?$filter=PHID eq 'HLL',False,Research missing secondary education,No APH secondary-school evidence,pending,,,
42,aph-hm5,"GEORGIOU, Petro, AO",,https://handbookapi.aph.gov.au/api/individuals?$filter=PHID eq 'HM5',False,Research missing secondary education,No APH secondary-school evidence,pending,,,
42,aph-hv4,"GARRETT, the Hon. Peter Robert, AM",,https://handbookapi.aph.gov.au/api/individuals?$filter=PHID eq 'HV4',False,Research missing secondary education,No APH secondary-school evidence,pending,,,
43,aph-hv4,"GARRETT, the Hon. Peter Robert, AM",,https://handbookapi.aph.gov.au/api/individuals?$filter=PHID eq 'HV4',False,Research missing secondary education,No APH secondary-school evidence,pending,,,
42,aph-hvm,"BIDGOOD, James Mark",,https://handbookapi.aph.gov.au/api/individuals?$filter=PHID eq 'HVM',False,Research missing secondary education,No APH secondary-school evidence,pending,,,
42,aph-hvn,"D'ATH, the Hon. Yvette Maree",,https://handbookapi.aph.gov.au/api/individuals?$filter=PHID eq 'HVN',False,Research missing secondary education,No APH secondary-school evidence,pending,,,
43,aph-hvn,"D'ATH, the Hon. Yvette Maree",,https://handbookapi.aph.gov.au/api/individuals?$filter=PHID eq 'HVN',False,Research missing secondary education,No APH secondary-school evidence,pending,,,
42,aph-hvo,"NEUMANN, the Hon. Shayne Kenneth",,https://handbookapi.aph.gov.au/api/individuals?$filter=PHID eq 'HVO',False,Research missing secondary education,No APH secondary-school evidence,pending,,,
43,aph-hvo,"NEUMANN, the Hon. Shayne Kenneth",,https://handbookapi.aph.gov.au/api/individuals?$filter=PHID eq 'HVO',False,Research missing secondary education,No APH secondary-school evidence,pending,,,
44,aph-hvo,"NEUMANN, the Hon. Shayne Kenneth",,https://handbookapi.aph.gov.au/api/individuals?$filter=PHID eq 'HVO',False,Research missing secondary education,No APH secondary-school evidence,pending,,,
45,aph-hvo,"NEUMANN, the Hon. Shayne Kenneth",,https://handbookapi.aph.gov.au/api/individuals?$filter=PHID eq 'HVO',False,Research missing secondary education,No APH secondary-school evidence,pending,,,
46,aph-hvo,"NEUMANN, the Hon. Shayne Kenneth",,https://handbookapi.aph.gov.au/api/individuals?$filter=PHID eq 'HVO',False,Research missing secondary education,No APH secondary-school evidence,pending,,,
47,aph-hvo,"NEUMANN, the Hon. Shayne Kenneth",,https://handbookapi.aph.gov.au/api/individuals?$filter=PHID eq 'HVO',False,Research missing secondary education,No APH secondary-school evidence,pending,,,
48,aph-hvo,"NEUMANN, the Hon. Shayne Kenneth",,https://handbookapi.aph.gov.au/api/individuals?$filter=PHID eq 'HVO',False,Research missing secondary education,No APH secondary-school evidence,pending,,,
42,aph-hvp,"PERRETT, Graham Douglas",,https://handbookapi.aph.gov.au/api/individuals?$filter=PHID eq 'HVP',False,Research missing secondary education,No APH secondary-school evidence,pending,,,
43,aph-hvp,"PERRETT, Graham Douglas",,https://handbookapi.aph.gov.au/api/individuals?$filter=PHID eq 'HVP',False,Research missing secondary education,No APH secondary-school evidence,pending,,,
44,aph-hvp,"PERRETT, Graham Douglas",,https://handbookapi.aph.gov.au/api/individuals?$filter=PHID eq 'HVP',False,Research missing secondary education,No APH secondary-school evidence,pending,,,
45,aph-hvp,"PERRETT, Graham Douglas",,https://handbookapi.aph.gov.au/api/individuals?$filter=PHID eq 'HVP',False,Research missing secondary education,No APH secondary-school evidence,pending,,,
46,aph-hvp,"PERRETT, Graham Douglas",,https://handbookapi.aph.gov.au/api/individuals?$filter=PHID eq 'HVP',False,Research missing secondary education,No APH secondary-school evidence,pending,,,
47,aph-hvp,"PERRETT, Graham Douglas",,https://handbookapi.aph.gov.au/api/individuals?$filter=PHID eq 'HVP',False,Research missing secondary education,No APH secondary-school evidence,pending,,,
42,aph-hvq,"RAGUSE, Brett Blair",,https://handbookapi.aph.gov.au/api/individuals?$filter=PHID eq 'HVQ',False,Research missing secondary education,No APH secondary-school evidence,pending,,,
42,aph-hvr,"REA, Kerry Marie",,https://handbookapi.aph.gov.au/api/individuals?$filter=PHID eq 'HVR',False,Research missing secondary education,No APH secondary-school evidence,pending,,,
42,aph-hvs,"SULLIVAN, Jonathan (Jon) Harold",,https://handbookapi.aph.gov.au/api/individuals?$filter=PHID eq 'HVS',False,Research missing secondary education,No APH secondary-school evidence,pending,,,
42,aph-hvu,"TREVOR, Chris Allan",,https://handbookapi.aph.gov.au/api/individuals?$filter=PHID eq 'HVU',False,Research missing secondary education,No APH secondary-school evidence,pending,,,
42,aph-hvv,"TURNOUR, James (Jim) Pearce",,https://handbookapi.aph.gov.au/api/individuals?$filter=PHID eq 'HVV',False,Research missing secondary education,No APH secondary-school evidence,pending,,,
42,aph-hvw,"BRADBURY, the Hon. David John",,https://handbookapi.aph.gov.au/api/individuals?$filter=PHID eq 'HVW',False,Research missing secondary education,No APH secondary-school evidence,pending,,,
43,aph-hvw,"BRADBURY, the Hon. David John",,https://handbookapi.aph.gov.au/api/individuals?$filter=PHID eq 'HVW',False,Research missing secondary education,No APH secondary-school evidence,pending,,,
42,aph-hvy,"SAFFIN, Janelle Anne",,https://handbookapi.aph.gov.au/api/individuals?$filter=PHID eq 'HVY',False,Research missing secondary education,No APH secondary-school evidence,pending,,,
43,aph-hvy,"SAFFIN, Janelle Anne",,https://handbookapi.aph.gov.au/api/individuals?$filter=PHID eq 'HVY',False,Research missing secondary education,No APH secondary-school evidence,pending,,,
42,aph-hvz,"THOMSON, Craig Robert",,https://handbookapi.aph.gov.au/api/individuals?$filter=PHID eq 'HVZ',False,Research missing secondary education,No APH secondary-school evidence,pending,,,
43,aph-hvz,"THOMSON, Craig Robert",,https://handbookapi.aph.gov.au/api/individuals?$filter=PHID eq 'HVZ',False,Research missing secondary education,No APH secondary-school evidence,pending,,,
42,aph-hw7,"CHEESEMAN, Darren Leicester",,https://handbookapi.aph.gov.au/api/individuals?$filter=PHID eq 'HW7',False,Research missing secondary education,No APH secondary-school evidence,pending,,,
43,aph-hw7,"CHEESEMAN, Darren Leicester",,https://handbookapi.aph.gov.au/api/individuals?$filter=PHID eq 'HW7',False,Research missing secondary education,No APH secondary-school evidence,pending,,,
42,aph-hw8,"SYMON, Michael (Mike) Stuart",,https://handbookapi.aph.gov.au/api/individuals?$filter=PHID eq 'HW8',False,Research missing secondary education,No APH secondary-school evidence,pending,,,
43,aph-hw8,"SYMON, Michael (Mike) Stuart",,https://handbookapi.aph.gov.au/api/individuals?$filter=PHID eq 'HW8',False,Research missing secondary education,No APH secondary-school evidence,pending,,,
42,aph-hwc,"CAMPBELL, Jodie Louise",,https://handbookapi.aph.gov.au/api/individuals?$filter=PHID eq 'HWC',False,Research missing secondary education,No APH secondary-school evidence,pending,,,
42,aph-hwd,"HALE, Damian Francis",,https://handbookapi.aph.gov.au/api/individuals?$filter=PHID eq 'HWD',False,Research missing secondary education,No APH secondary-school evidence,pending,,,
42,aph-hwe,"SIMPKINS, Luke Xavier Linton",,https://handbookapi.aph.gov.au/api/individuals?$filter=PHID eq 'HWE',False,Research missing secondary education,No APH secondary-school evidence,pending,,,
43,aph-hwe,"SIMPKINS, Luke Xavier Linton",,https://handbookapi.aph.gov.au/api/individuals?$filter=PHID eq 'HWE',False,Research missing secondary education,No APH secondary-school evidence,pending,,,
44,aph-hwe,"SIMPKINS, Luke Xavier Linton",,https://handbookapi.aph.gov.au/api/individuals?$filter=PHID eq 'HWE',False,Research missing secondary education,No APH secondary-school evidence,pending,,,
42,aph-hwg,"DREYFUS, the Hon. Mark Alfred, KC",Scotch College,https://handbookapi.aph.gov.au/api/individuals?$filter=PHID eq 'HWG',False,Lookup in ACARA historical register,Provisional institution ID: inst-unmatched-scotch-college,pending,,,
43,aph-hwg,"DREYFUS, the Hon. Mark Alfred, KC",Scotch College,https://handbookapi.aph.gov.au/api/individuals?$filter=PHID eq 'HWG',False,Lookup in ACARA historical register,Provisional institution ID: inst-unmatched-scotch-college,pending,,,
44,aph-hwg,"DREYFUS, the Hon. Mark Alfred, KC",Scotch College,https://handbookapi.aph.gov.au/api/individuals?$filter=PHID eq 'HWG',False,Lookup in ACARA historical register,Provisional institution ID: inst-unmatched-scotch-college,pending,,,
45,aph-hwg,"DREYFUS, the Hon. Mark Alfred, KC",Scotch College,https://handbookapi.aph.gov.au/api/individuals?$filter=PHID eq 'HWG',False,Lookup in ACARA historical register,Provisional institution ID: inst-unmatched-scotch-college,pending,,,
46,aph-hwg,"DREYFUS, the Hon. Mark Alfred, KC",Scotch College,https://handbookapi.aph.gov.au/api/individuals?$filter=PHID eq 'HWG',False,Lookup in ACARA historical register,Provisional institution ID: inst-unmatched-scotch-college,pending,,,
47,aph-hwg,"DREYFUS, the Hon. Mark Alfred, KC",Scotch College,https://handbookapi.aph.gov.au/api/individuals?$filter=PHID eq 'HWG',False,Lookup in ACARA historical register,Provisional institution ID: inst-unmatched-scotch-college,pending,,,
48,aph-hwg,"DREYFUS, the Hon. Mark Alfred, KC",Scotch College,https://handbookapi.aph.gov.au/api/individuals?$filter=PHID eq 'HWG',False,Lookup in ACARA historical register,Provisional institution ID: inst-unmatched-scotch-college,pending,,,
42,aph-hwo,"HAWKE, the Hon. Alexander (Alex) George",Carlingford & Hills Grammar School,https://handbookapi.aph.gov.au/api/individuals?$filter=PHID eq 'HWO',False,Lookup in ACARA historical register,Provisional institution ID: inst-unmatched-carlingford-hills-grammar-school,pending,,,
43,aph-hwo,"HAWKE, the Hon. Alexander (Alex) George",Carlingford & Hills Grammar School,https://handbookapi.aph.gov.au/api/individuals?$filter=PHID eq 'HWO',False,Lookup in ACARA historical register,Provisional institution ID: inst-unmatched-carlingford-hills-grammar-school,pending,,,
44,aph-hwo,"HAWKE, the Hon. Alexander (Alex) George",Carlingford & Hills Grammar School,https://handbookapi.aph.gov.au/api/individuals?$filter=PHID eq 'HWO',False,Lookup in ACARA historical register,Provisional institution ID: inst-unmatched-carlingford-hills-grammar-school,pending,,,
45,aph-hwo,"HAWKE, the Hon. Alexander (Alex) George",Carlingford & Hills Grammar School,https://handbookapi.aph.gov.au/api/individuals?$filter=PHID eq 'HWO',False,Lookup in ACARA historical register,Provisional institution ID: inst-unmatched-carlingford-hills-grammar-school,pending,,,
46,aph-hwo,"HAWKE, the Hon. Alexander (Alex) George",Carlingford & Hills Grammar School,https://handbookapi.aph.gov.au/api/individuals?$filter=PHID eq 'HWO',False,Lookup in ACARA historical register,Provisional institution ID: inst-unmatched-carlingford-hills-grammar-school,pending,,,
47,aph-hwo,"HAWKE, the Hon. Alexander (Alex) George",Carlingford & Hills Grammar School,https://handbookapi.aph.gov.au/api/individuals?$filter=PHID eq 'HWO',False,Lookup in ACARA historical register,Provisional institution ID: inst-unmatched-carlingford-hills-grammar-school,pending,,,
48,aph-hwo,"HAWKE, the Hon. Alexander (Alex) George",Carlingford & Hills Grammar School,https://handbookapi.aph.gov.au/api/individuals?$filter=PHID eq 'HWO',False,Lookup in ACARA historical register,Provisional institution ID: inst-unmatched-carlingford-hills-grammar-school,pending,,,
42,aph-hwp,"MARINO, the Hon. Nola Bethwyn",Bunbury Techincal School,https://handbookapi.aph.gov.au/api/individuals?$filter=PHID eq 'HWP',False,Lookup in ACARA historical register,Provisional institution ID: inst-unmatched-bunbury-techincal-school,pending,,,
42,aph-hwp,"MARINO, the Hon. Nola Bethwyn",Harvey Agricultural Senior High School,https://handbookapi.aph.gov.au/api/individuals?$filter=PHID eq 'HWP',False,Lookup in ACARA historical register,Provisional institution ID: inst-unmatched-harvey-agricultural-senior-high-school,pending,,,
43,aph-hwp,"MARINO, the Hon. Nola Bethwyn",Bunbury Techincal School,https://handbookapi.aph.gov.au/api/individuals?$filter=PHID eq 'HWP',False,Lookup in ACARA historical register,Provisional institution ID: inst-unmatched-bunbury-techincal-school,pending,,,
43,aph-hwp,"MARINO, the Hon. Nola Bethwyn",Harvey Agricultural Senior High School,https://handbookapi.aph.gov.au/api/individuals?$filter=PHID eq 'HWP',False,Lookup in ACARA historical register,Provisional institution ID: inst-unmatched-harvey-agricultural-senior-high-school,pending,,,
44,aph-hwp,"MARINO, the Hon. Nola Bethwyn",Bunbury Techincal School,https://handbookapi.aph.gov.au/api/individuals?$filter=PHID eq 'HWP',False,Lookup in ACARA historical register,Provisional institution ID: inst-unmatched-bunbury-techincal-school,pending,,,
44,aph-hwp,"MARINO, the Hon. Nola Bethwyn",Harvey Agricultural Senior High School,https://handbookapi.aph.gov.au/api/individuals?$filter=PHID eq 'HWP',False,Lookup in ACARA historical register,Provisional institution ID: inst-unmatched-harvey-agricultural-senior-high-school,pending,,,
45,aph-hwp,"MARINO, the Hon. Nola Bethwyn",Bunbury Techincal School,https://handbookapi.aph.gov.au/api/individuals?$filter=PHID eq 'HWP',False,Lookup in ACARA historical register,Provisional institution ID: inst-unmatched-bunbury-techincal-school,pending,,,
45,aph-hwp,"MARINO, the Hon. Nola Bethwyn",Harvey Agricultural Senior High School,https://handbookapi.aph.gov.au/api/individuals?$filter=PHID eq 'HWP',False,Lookup in ACARA historical register,Provisional institution ID: inst-unmatched-harvey-agricultural-senior-high-school,pending,,,
46,aph-hwp,"MARINO, the Hon. Nola Bethwyn",Bunbury Techincal School,https://handbookapi.aph.gov.au/api/individuals?$filter=PHID eq 'HWP',False,Lookup in ACARA historical register,Provisional institution ID: inst-unmatched-bunbury-techincal-school,pending,,,
46,aph-hwp,"MARINO, the Hon. Nola Bethwyn",Harvey Agricultural Senior High School,https://handbookapi.aph.gov.au/api/individuals?$filter=PHID eq 'HWP',False,Lookup in ACARA historical register,Provisional institution ID: inst-unmatched-harvey-agricultural-senior-high-school,pending,,,
47,aph-hwp,"MARINO, the Hon. Nola Bethwyn",Bunbury Techincal School,https://handbookapi.aph.gov.au/api/individuals?$filter=PHID eq 'HWP',False,Lookup in ACARA historical register,Provisional institution ID: inst-unmatched-bunbury-techincal-school,pending,,,
47,aph-hwp,"MARINO, the Hon. Nola Bethwyn",Harvey Agricultural Senior High School,https://handbookapi.aph.gov.au/api/individuals?$filter=PHID eq 'HWP',False,Lookup in ACARA historical register,Provisional institution ID: inst-unmatched-harvey-agricultural-senior-high-school,pending,,,
42,aph-hwr,"PARKE, the Hon. Melissa",,https://handbookapi.aph.gov.au/api/individuals?$filter=PHID eq 'HWR',False,Research missing secondary education,No APH secondary-school evidence,pending,,,
43,aph-hwr,"PARKE, the Hon. Melissa",,https://handbookapi.aph.gov.au/api/individuals?$filter=PHID eq 'HWR',False,Research missing secondary education,No APH secondary-school evidence,pending,,,
44,aph-hwr,"PARKE, the Hon. Melissa",,https://handbookapi.aph.gov.au/api/individuals?$filter=PHID eq 'HWR',False,Research missing secondary education,No APH secondary-school evidence,pending,,,
42,aph-hwt,"ROBERT, the Hon. Stuart Rowland",Rockhampton Grammar School,https://handbookapi.aph.gov.au/api/individuals?$filter=PHID eq 'HWT',False,Lookup in ACARA historical register,Provisional institution ID: inst-unmatched-rockhampton-grammar-school,pending,,,
43,aph-hwt,"ROBERT, the Hon. Stuart Rowland",Rockhampton Grammar School,https://handbookapi.aph.gov.au/api/individuals?$filter=PHID eq 'HWT',False,Lookup in ACARA historical register,Provisional institution ID: inst-unmatched-rockhampton-grammar-school,pending,,,
44,aph-hwt,"ROBERT, the Hon. Stuart Rowland",Rockhampton Grammar School,https://handbookapi.aph.gov.au/api/individuals?$filter=PHID eq 'HWT',False,Lookup in ACARA historical register,Provisional institution ID: inst-unmatched-rockhampton-grammar-school,pending,,,
45,aph-hwt,"ROBERT, the Hon. Stuart Rowland",Rockhampton Grammar School,https://handbookapi.aph.gov.au/api/individuals?$filter=PHID eq 'HWT',False,Lookup in ACARA historical register,Provisional institution ID: inst-unmatched-rockhampton-grammar-school,pending,,,
46,aph-hwt,"ROBERT, the Hon. Stuart Rowland",Rockhampton Grammar School,https://handbookapi.aph.gov.au/api/individuals?$filter=PHID eq 'HWT',False,Lookup in ACARA historical register,Provisional institution ID: inst-unmatched-rockhampton-grammar-school,pending,,,
47,aph-hwt,"ROBERT, the Hon. Stuart Rowland",Rockhampton Grammar School,https://handbookapi.aph.gov.au/api/individuals?$filter=PHID eq 'HWT',False,Lookup in ACARA historical register,Provisional institution ID: inst-unmatched-rockhampton-grammar-school,pending,,,
42,aph-hx4,"KATTER, the Hon. Robert (Bob) Carl",,https://handbookapi.aph.gov.au/api/individuals?$filter=PHID eq 'HX4',False,Research missing secondary education,No APH secondary-school evidence,pending,,,
43,aph-hx4,"KATTER, the Hon. Robert (Bob) Carl",,https://handbookapi.aph.gov.au/api/individuals?$filter=PHID eq 'HX4',False,Research missing secondary education,No APH secondary-school evidence,pending,,,
44,aph-hx4,"KATTER, the Hon. Robert (Bob) Carl",,https://handbookapi.aph.gov.au/api/individuals?$filter=PHID eq 'HX4',False,Research missing secondary education,No APH secondary-school evidence,pending,,,
45,aph-hx4,"KATTER, the Hon. Robert (Bob) Carl",,https://handbookapi.aph.gov.au/api/individuals?$filter=PHID eq 'HX4',False,Research missing secondary education,No APH secondary-school evidence,pending,,,
46,aph-hx4,"KATTER, the Hon. Robert (Bob) Carl",,https://handbookapi.aph.gov.au/api/individuals?$filter=PHID eq 'HX4',False,Research missing secondary education,No APH secondary-school evidence,pending,,,
47,aph-hx4,"KATTER, the Hon. Robert (Bob) Carl",,https://handbookapi.aph.gov.au/api/individuals?$filter=PHID eq 'HX4',False,Research missing secondary education,No APH secondary-school evidence,pending,,,
48,aph-hx4,"KATTER, the Hon. Robert (Bob) Carl",,https://handbookapi.aph.gov.au/api/individuals?$filter=PHID eq 'HX4',False,Research missing secondary education,No APH secondary-school evidence,pending,,,
44,aph-hyg,"DAY, Robert (Bob) John, AO",,https://handbookapi.aph.gov.au/api/individuals?$filter=PHID eq 'HYG',False,Research missing secondary education,No APH secondary-school evidence,pending,,,
45,aph-hyg,"DAY, Robert (Bob) John, AO",,https://handbookapi.aph.gov.au/api/individuals?$filter=PHID eq 'HYG',False,Research missing secondary education,No APH secondary-school evidence,pending,,,
42,aph-hym,"IRONS, the Hon. Stephen (Steve) James",Box Hill Technical College,https://handbookapi.aph.gov.au/api/individuals?$filter=PHID eq 'HYM',False,Lookup in ACARA historical register,Provisional institution ID: inst-unmatched-box-hill-technical-college,pending,,,
43,aph-hym,"IRONS, the Hon. Stephen (Steve) James",Box Hill Technical College,https://handbookapi.aph.gov.au/api/individuals?$filter=PHID eq 'HYM',False,Lookup in ACARA historical register,Provisional institution ID: inst-unmatched-box-hill-technical-college,pending,,,
44,aph-hym,"IRONS, the Hon. Stephen (Steve) James",Box Hill Technical College,https://handbookapi.aph.gov.au/api/individuals?$filter=PHID eq 'HYM',False,Lookup in ACARA historical register,Provisional institution ID: inst-unmatched-box-hill-technical-college,pending,,,
45,aph-hym,"IRONS, the Hon. Stephen (Steve) James",Box Hill Technical College,https://handbookapi.aph.gov.au/api/individuals?$filter=PHID eq 'HYM',False,Lookup in ACARA historical register,Provisional institution ID: inst-unmatched-box-hill-technical-college,pending,,,
46,aph-hym,"IRONS, the Hon. Stephen (Steve) James",Box Hill Technical College,https://handbookapi.aph.gov.au/api/individuals?$filter=PHID eq 'HYM',False,Lookup in ACARA historical register,Provisional institution ID: inst-unmatched-box-hill-technical-college,pending,,,
42,aph-hzb,"BILYK, Catryna Louise",Hobart Matriculation College,https://handbookapi.aph.gov.au/api/individuals?$filter=PHID eq 'HZB',False,Lookup in ACARA historical register,Provisional institution ID: inst-unmatched-hobart-matriculation-college,pending,,,
43,aph-hzb,"BILYK, Catryna Louise",Hobart Matriculation College,https://handbookapi.aph.gov.au/api/individuals?$filter=PHID eq 'HZB',False,Lookup in ACARA historical register,Provisional institution ID: inst-unmatched-hobart-matriculation-college,pending,,,
44,aph-hzb,"BILYK, Catryna Louise",Hobart Matriculation College,https://handbookapi.aph.gov.au/api/individuals?$filter=PHID eq 'HZB',False,Lookup in ACARA historical register,Provisional institution ID: inst-unmatched-hobart-matriculation-college,pending,,,
45,aph-hzb,"BILYK, Catryna Louise",Hobart Matriculation College,https://handbookapi.aph.gov.au/api/individuals?$filter=PHID eq 'HZB',False,Lookup in ACARA historical register,Provisional institution ID: inst-unmatched-hobart-matriculation-college,pending,,,
46,aph-hzb,"BILYK, Catryna Louise",Hobart Matriculation College,https://handbookapi.aph.gov.au/api/individuals?$filter=PHID eq 'HZB',False,Lookup in ACARA historical register,Provisional institution ID: inst-unmatched-hobart-matriculation-college,pending,,,
47,aph-hzb,"BILYK, Catryna Louise",Hobart Matriculation College,https://handbookapi.aph.gov.au/api/individuals?$filter=PHID eq 'HZB',False,Lookup in ACARA historical register,Provisional institution ID: inst-unmatched-hobart-matriculation-college,pending,,,
44,aph-hze,"SESELJA, the Hon. Zdenko Matthew (Zed)",Padua Catholic College,https://handbookapi.aph.gov.au/api/individuals?$filter=PHID eq 'HZE',False,Lookup in ACARA historical register,Provisional institution ID: inst-unmatched-padua-catholic-college,pending,,,
45,aph-hze,"SESELJA, the Hon. Zdenko Matthew (Zed)",Padua Catholic College,https://handbookapi.aph.gov.au/api/individuals?$filter=PHID eq 'HZE',False,Lookup in ACARA historical register,Provisional institution ID: inst-unmatched-padua-catholic-college,pending,,,
46,aph-hze,"SESELJA, the Hon. Zdenko Matthew (Zed)",Padua Catholic College,https://handbookapi.aph.gov.au/api/individuals?$filter=PHID eq 'HZE',False,Lookup in ACARA historical register,Provisional institution ID: inst-unmatched-padua-catholic-college,pending,,,
42,aph-i07,"LUDLAM, Scott",,https://handbookapi.aph.gov.au/api/individuals?$filter=PHID eq 'I07',False,Research missing secondary education,No APH secondary-school evidence,pending,,,
43,aph-i07,"LUDLAM, Scott",,https://handbookapi.aph.gov.au/api/individuals?$filter=PHID eq 'I07',False,Research missing secondary education,No APH secondary-school evidence,pending,,,
44,aph-i07,"LUDLAM, Scott",,https://handbookapi.aph.gov.au/api/individuals?$filter=PHID eq 'I07',False,Research missing secondary education,No APH secondary-school evidence,pending,,,
45,aph-i07,"LUDLAM, Scott",,https://handbookapi.aph.gov.au/api/individuals?$filter=PHID eq 'I07',False,Research missing secondary education,No APH secondary-school evidence,pending,,,
42,aph-i0o,"FEENEY, the Hon. David Ian",,https://handbookapi.aph.gov.au/api/individuals?$filter=PHID eq 'I0O',False,Research missing secondary education,No APH secondary-school evidence,pending,,,
43,aph-i0o,"FEENEY, the Hon. David Ian",,https://handbookapi.aph.gov.au/api/individuals?$filter=PHID eq 'I0O',False,Research missing secondary education,No APH secondary-school evidence,pending,,,
44,aph-i0o,"FEENEY, the Hon. David Ian",,https://handbookapi.aph.gov.au/api/individuals?$filter=PHID eq 'I0O',False,Research missing secondary education,No APH secondary-school evidence,pending,,,
45,aph-i0o,"FEENEY, the Hon. David Ian",,https://handbookapi.aph.gov.au/api/individuals?$filter=PHID eq 'I0O',False,Research missing secondary education,No APH secondary-school evidence,pending,,,
42,aph-i0p,"FURNER, Mark Lionel",,https://handbookapi.aph.gov.au/api/individuals?$filter=PHID eq 'I0P',False,Research missing secondary education,No APH secondary-school evidence,pending,,,
43,aph-i0p,"FURNER, Mark Lionel",,https://handbookapi.aph.gov.au/api/individuals?$filter=PHID eq 'I0P',False,Research missing secondary education,No APH secondary-school evidence,pending,,,
44,aph-i0p,"FURNER, Mark Lionel",,https://handbookapi.aph.gov.au/api/individuals?$filter=PHID eq 'I0P',False,Research missing secondary education,No APH secondary-school evidence,pending,,,
42,aph-i0q,"RYAN, the Hon. Scott Michael",St Peter's College,https://handbookapi.aph.gov.au/api/individuals?$filter=PHID eq 'I0Q',False,Lookup in ACARA historical register,Provisional institution ID: inst-unmatched-saint-peters-college,pending,,,
43,aph-i0q,"RYAN, the Hon. Scott Michael",St Peter's College,https://handbookapi.aph.gov.au/api/individuals?$filter=PHID eq 'I0Q',False,Lookup in ACARA historical register,Provisional institution ID: inst-unmatched-saint-peters-college,pending,,,
44,aph-i0q,"RYAN, the Hon. Scott Michael",St Peter's College,https://handbookapi.aph.gov.au/api/individuals?$filter=PHID eq 'I0Q',False,Lookup in ACARA historical register,Provisional institution ID: inst-unmatched-saint-peters-college,pending,,,
45,aph-i0q,"RYAN, the Hon. Scott Michael",St Peter's College,https://handbookapi.aph.gov.au/api/individuals?$filter=PHID eq 'I0Q',False,Lookup in ACARA historical register,Provisional institution ID: inst-unmatched-saint-peters-college,pending,,,
46,aph-i0q,"RYAN, the Hon. Scott Michael",St Peter's College,https://handbookapi.aph.gov.au/api/individuals?$filter=PHID eq 'I0Q',False,Lookup in ACARA historical register,Provisional institution ID: inst-unmatched-saint-peters-college,pending,,,
42,aph-i0v,"WILLIAMS, John Reginald AM",,https://handbookapi.aph.gov.au/api/individuals?$filter=PHID eq 'I0V',False,Research missing secondary education,No APH secondary-school evidence,pending,,,
43,aph-i0v,"WILLIAMS, John Reginald AM",,https://handbookapi.aph.gov.au/api/individuals?$filter=PHID eq 'I0V',False,Research missing secondary education,No APH secondary-school evidence,pending,,,
44,aph-i0v,"WILLIAMS, John Reginald AM",,https://handbookapi.aph.gov.au/api/individuals?$filter=PHID eq 'I0V',False,Research missing secondary education,No APH secondary-school evidence,pending,,,
45,aph-i0v,"WILLIAMS, John Reginald AM",,https://handbookapi.aph.gov.au/api/individuals?$filter=PHID eq 'I0V',False,Research missing secondary education,No APH secondary-school evidence,pending,,,
42,aph-ij4,"SNOWDON, the Hon. Warren Edward",,https://handbookapi.aph.gov.au/api/individuals?$filter=PHID eq 'IJ4',False,Research missing secondary education,No APH secondary-school evidence,pending,,,
43,aph-ij4,"SNOWDON, the Hon. Warren Edward",,https://handbookapi.aph.gov.au/api/individuals?$filter=PHID eq 'IJ4',False,Research missing secondary education,No APH secondary-school evidence,pending,,,
44,aph-ij4,"SNOWDON, the Hon. Warren Edward",,https://handbookapi.aph.gov.au/api/individuals?$filter=PHID eq 'IJ4',False,Research missing secondary education,No APH secondary-school evidence,pending,,,
45,aph-ij4,"SNOWDON, the Hon. Warren Edward",,https://handbookapi.aph.gov.au/api/individuals?$filter=PHID eq 'IJ4',False,Research missing secondary education,No APH secondary-school evidence,pending,,,
46,aph-ij4,"SNOWDON, the Hon. Warren Edward",,https://handbookapi.aph.gov.au/api/individuals?$filter=PHID eq 'IJ4',False,Research missing secondary education,No APH secondary-school evidence,pending,,,
45,aph-imw,"WILSON, the Hon. Timothy (Tim) Robert",,https://handbookapi.aph.gov.au/api/individuals?$filter=PHID eq 'IMW',False,Research missing secondary education,No APH secondary-school evidence,pending,,,
46,aph-imw,"WILSON, the Hon. Timothy (Tim) Robert",,https://handbookapi.aph.gov.au/api/individuals?$filter=PHID eq 'IMW',False,Research missing secondary education,No APH secondary-school evidence,pending,,,
48,aph-imw,"WILSON, the Hon. Timothy (Tim) Robert",,https://handbookapi.aph.gov.au/api/individuals?$filter=PHID eq 'IMW',False,Research missing secondary education,No APH secondary-school evidence,pending,,,
44,aph-ing,"GALLAGHER, the Hon. Katherine (Katy) Ruth",Stirling College,https://handbookapi.aph.gov.au/api/individuals?$filter=PHID eq 'ING',False,Lookup in ACARA historical register,Provisional institution ID: inst-unmatched-stirling-college,pending,,,
45,aph-ing,"GALLAGHER, the Hon. Katherine (Katy) Ruth",Stirling College,https://handbookapi.aph.gov.au/api/individuals?$filter=PHID eq 'ING',False,Lookup in ACARA historical register,Provisional institution ID: inst-unmatched-stirling-college,pending,,,
46,aph-ing,"GALLAGHER, the Hon. Katherine (Katy) Ruth",Stirling College,https://handbookapi.aph.gov.au/api/individuals?$filter=PHID eq 'ING',False,Lookup in ACARA historical register,Provisional institution ID: inst-unmatched-stirling-college,pending,,,
47,aph-ing,"GALLAGHER, the Hon. Katherine (Katy) Ruth",Stirling College,https://handbookapi.aph.gov.au/api/individuals?$filter=PHID eq 'ING',False,Lookup in ACARA historical register,Provisional institution ID: inst-unmatched-stirling-college,pending,,,
48,aph-ing,"GALLAGHER, the Hon. Katherine (Katy) Ruth",Stirling College,https://handbookapi.aph.gov.au/api/individuals?$filter=PHID eq 'ING',False,Lookup in ACARA historical register,Provisional institution ID: inst-unmatched-stirling-college,pending,,,
42,aph-ipz,"CHESTER, the Hon. Darren Jeffrey",Sale High School,https://handbookapi.aph.gov.au/api/individuals?$filter=PHID eq 'IPZ',False,Lookup in ACARA historical register,Provisional institution ID: inst-unmatched-sale-high-school,pending,,,
43,aph-ipz,"CHESTER, the Hon. Darren Jeffrey",Sale High School,https://handbookapi.aph.gov.au/api/individuals?$filter=PHID eq 'IPZ',False,Lookup in ACARA historical register,Provisional institution ID: inst-unmatched-sale-high-school,pending,,,
44,aph-ipz,"CHESTER, the Hon. Darren Jeffrey",Sale High School,https://handbookapi.aph.gov.au/api/individuals?$filter=PHID eq 'IPZ',False,Lookup in ACARA historical register,Provisional institution ID: inst-unmatched-sale-high-school,pending,,,
45,aph-ipz,"CHESTER, the Hon. Darren Jeffrey",Sale High School,https://handbookapi.aph.gov.au/api/individuals?$filter=PHID eq 'IPZ',False,Lookup in ACARA historical register,Provisional institution ID: inst-unmatched-sale-high-school,pending,,,
46,aph-ipz,"CHESTER, the Hon. Darren Jeffrey",Sale High School,https://handbookapi.aph.gov.au/api/individuals?$filter=PHID eq 'IPZ',False,Lookup in ACARA historical register,Provisional institution ID: inst-unmatched-sale-high-school,pending,,,
47,aph-ipz,"CHESTER, the Hon. Darren Jeffrey",Sale High School,https://handbookapi.aph.gov.au/api/individuals?$filter=PHID eq 'IPZ',False,Lookup in ACARA historical register,Provisional institution ID: inst-unmatched-sale-high-school,pending,,,
48,aph-ipz,"CHESTER, the Hon. Darren Jeffrey",Sale High School,https://handbookapi.aph.gov.au/api/individuals?$filter=PHID eq 'IPZ',False,Lookup in ACARA historical register,Provisional institution ID: inst-unmatched-sale-high-school,pending,,,
47,aph-iwk,"WHITE, Linda",Greythorn High School,https://handbookapi.aph.gov.au/api/individuals?$filter=PHID eq 'IWK',False,Lookup in ACARA historical register,Provisional institution ID: inst-unmatched-greythorn-high-school,pending,,,
42,aph-iys,"OAKESHOTT, Robert (Rob) James Murray",,https://handbookapi.aph.gov.au/api/individuals?$filter=PHID eq 'IYS',False,Research missing secondary education,No APH secondary-school evidence,pending,,,
43,aph-iys,"OAKESHOTT, Robert (Rob) James Murray",,https://handbookapi.aph.gov.au/api/individuals?$filter=PHID eq 'IYS',False,Research missing secondary education,No APH secondary-school evidence,pending,,,
42,aph-iyu,"BRIGGS, the Hon. Jamie Edward",,https://handbookapi.aph.gov.au/api/individuals?$filter=PHID eq 'IYU',False,Research missing secondary education,No APH secondary-school evidence,pending,,,
43,aph-iyu,"BRIGGS, the Hon. Jamie Edward",,https://handbookapi.aph.gov.au/api/individuals?$filter=PHID eq 'IYU',False,Research missing secondary education,No APH secondary-school evidence,pending,,,
44,aph-iyu,"BRIGGS, the Hon. Jamie Edward",,https://handbookapi.aph.gov.au/api/individuals?$filter=PHID eq 'IYU',False,Research missing secondary education,No APH secondary-school evidence,pending,,,
42,aph-j7q,"BACK, Christopher (Chris) John",,https://handbookapi.aph.gov.au/api/individuals?$filter=PHID eq 'J7Q',False,Research missing secondary education,No APH secondary-school evidence,pending,,,
43,aph-j7q,"BACK, Christopher (Chris) John",,https://handbookapi.aph.gov.au/api/individuals?$filter=PHID eq 'J7Q',False,Research missing secondary education,No APH secondary-school evidence,pending,,,
44,aph-j7q,"BACK, Christopher (Chris) John",,https://handbookapi.aph.gov.au/api/individuals?$filter=PHID eq 'J7Q',False,Research missing secondary education,No APH secondary-school evidence,pending,,,
45,aph-j7q,"BACK, Christopher (Chris) John",,https://handbookapi.aph.gov.au/api/individuals?$filter=PHID eq 'J7Q',False,Research missing secondary education,No APH secondary-school evidence,pending,,,
42,aph-jh5,"GEORGE, Jennie, AO",Secondary school teacher at Bankstown Girls' School and Queanbeyan High School,https://handbookapi.aph.gov.au/api/individuals?$filter=PHID eq 'JH5',False,Lookup in ACARA historical register,Provisional institution ID: inst-unmatched-secondary-school-teacher-at-bankstown-gi,pending,,,
42,aph-jk6,"McCLELLAND, the Hon. Robert Bruce, AO",,https://handbookapi.aph.gov.au/api/individuals?$filter=PHID eq 'JK6',False,Research missing secondary education,No APH secondary-school evidence,pending,,,
43,aph-jk6,"McCLELLAND, the Hon. Robert Bruce, AO",,https://handbookapi.aph.gov.au/api/individuals?$filter=PHID eq 'JK6',False,Research missing secondary education,No APH secondary-school evidence,pending,,,
44,aph-jkm,"McKIM, Nicholas (Nick) James",Hobart Matriculation College,https://handbookapi.aph.gov.au/api/individuals?$filter=PHID eq 'JKM',False,Lookup in ACARA historical register,Provisional institution ID: inst-unmatched-hobart-matriculation-college,pending,,,
44,aph-jkm,"McKIM, Nicholas (Nick) James",Hutchins School,https://handbookapi.aph.gov.au/api/individuals?$filter=PHID eq 'JKM',False,Lookup in ACARA historical register,Provisional institution ID: inst-unmatched-hutchins-school,pending,,,
45,aph-jkm,"McKIM, Nicholas (Nick) James",Hobart Matriculation College,https://handbookapi.aph.gov.au/api/individuals?$filter=PHID eq 'JKM',False,Lookup in ACARA historical register,Provisional institution ID: inst-unmatched-hobart-matriculation-college,pending,,,
45,aph-jkm,"McKIM, Nicholas (Nick) James",Hutchins School,https://handbookapi.aph.gov.au/api/individuals?$filter=PHID eq 'JKM',False,Lookup in ACARA historical register,Provisional institution ID: inst-unmatched-hutchins-school,pending,,,
46,aph-jkm,"McKIM, Nicholas (Nick) James",Hobart Matriculation College,https://handbookapi.aph.gov.au/api/individuals?$filter=PHID eq 'JKM',False,Lookup in ACARA historical register,Provisional institution ID: inst-unmatched-hobart-matriculation-college,pending,,,
46,aph-jkm,"McKIM, Nicholas (Nick) James",Hutchins School,https://handbookapi.aph.gov.au/api/individuals?$filter=PHID eq 'JKM',False,Lookup in ACARA historical register,Provisional institution ID: inst-unmatched-hutchins-school,pending,,,
47,aph-jkm,"McKIM, Nicholas (Nick) James",Hobart Matriculation College,https://handbookapi.aph.gov.au/api/individuals?$filter=PHID eq 'JKM',False,Lookup in ACARA historical register,Provisional institution ID: inst-unmatched-hobart-matriculation-college,pending,,,
47,aph-jkm,"McKIM, Nicholas (Nick) James",Hutchins School,https://handbookapi.aph.gov.au/api/individuals?$filter=PHID eq 'JKM',False,Lookup in ACARA historical register,Provisional institution ID: inst-unmatched-hutchins-school,pending,,,
48,aph-jkm,"McKIM, Nicholas (Nick) James",Hobart Matriculation College,https://handbookapi.aph.gov.au/api/individuals?$filter=PHID eq 'JKM',False,Lookup in ACARA historical register,Provisional institution ID: inst-unmatched-hobart-matriculation-college,pending,,,
48,aph-jkm,"McKIM, Nicholas (Nick) James",Hutchins School,https://handbookapi.aph.gov.au/api/individuals?$filter=PHID eq 'JKM',False,Lookup in ACARA historical register,Provisional institution ID: inst-unmatched-hutchins-school,pending,,,
42,aph-jt4,"BAILEY, the Hon. Frances (Fran) Esther",,https://handbookapi.aph.gov.au/api/individuals?$filter=PHID eq 'JT4',False,Research missing secondary education,No APH secondary-school evidence,pending,,,
42,aph-jx4,"MINCHIN, the Hon. Nicholas (Nick) Hugh, AO",,https://handbookapi.aph.gov.au/api/individuals?$filter=PHID eq 'JX4',False,Research missing secondary education,No APH secondary-school evidence,pending,,,
43,aph-jx4,"MINCHIN, the Hon. Nicholas (Nick) Hugh, AO",,https://handbookapi.aph.gov.au/api/individuals?$filter=PHID eq 'JX4',False,Research missing secondary education,No APH secondary-school evidence,pending,,,
42,aph-ka5,"MILNE, Christine Anne, AO",,https://handbookapi.aph.gov.au/api/individuals?$filter=PHID eq 'KA5',False,Research missing secondary education,No APH secondary-school evidence,pending,,,
43,aph-ka5,"MILNE, Christine Anne, AO",,https://handbookapi.aph.gov.au/api/individuals?$filter=PHID eq 'KA5',False,Research missing secondary education,No APH secondary-school evidence,pending,,,
44,aph-ka5,"MILNE, Christine Anne, AO",,https://handbookapi.aph.gov.au/api/individuals?$filter=PHID eq 'KA5',False,Research missing secondary education,No APH secondary-school evidence,pending,,,
42,aph-ko6,"HUMPHRIES, the Hon. Gary John Joseph, AO",,https://handbookapi.aph.gov.au/api/individuals?$filter=PHID eq 'KO6',False,Research missing secondary education,No APH secondary-school evidence,pending,,,
43,aph-ko6,"HUMPHRIES, the Hon. Gary John Joseph, AO",,https://handbookapi.aph.gov.au/api/individuals?$filter=PHID eq 'KO6',False,Research missing secondary education,No APH secondary-school evidence,pending,,,
42,aph-kv5,"NEVILLE, Paul Christopher, OAM",,https://handbookapi.aph.gov.au/api/individuals?$filter=PHID eq 'KV5',False,Research missing secondary education,No APH secondary-school evidence,pending,,,
43,aph-kv5,"NEVILLE, Paul Christopher, OAM",,https://handbookapi.aph.gov.au/api/individuals?$filter=PHID eq 'KV5',False,Research missing secondary education,No APH secondary-school evidence,pending,,,
42,aph-l6b,"FLETCHER, the Hon. Paul William",,https://handbookapi.aph.gov.au/api/individuals?$filter=PHID eq 'L6B',False,Research missing secondary education,No APH secondary-school evidence,pending,,,
43,aph-l6b,"FLETCHER, the Hon. Paul William",,https://handbookapi.aph.gov.au/api/individuals?$filter=PHID eq 'L6B',False,Research missing secondary education,No APH secondary-school evidence,pending,,,
44,aph-l6b,"FLETCHER, the Hon. Paul William",,https://handbookapi.aph.gov.au/api/individuals?$filter=PHID eq 'L6B',False,Research missing secondary education,No APH secondary-school evidence,pending,,,
45,aph-l6b,"FLETCHER, the Hon. Paul William",,https://handbookapi.aph.gov.au/api/individuals?$filter=PHID eq 'L6B',False,Research missing secondary education,No APH secondary-school evidence,pending,,,
46,aph-l6b,"FLETCHER, the Hon. Paul William",,https://handbookapi.aph.gov.au/api/individuals?$filter=PHID eq 'L6B',False,Research missing secondary education,No APH secondary-school evidence,pending,,,
47,aph-l6b,"FLETCHER, the Hon. Paul William",,https://handbookapi.aph.gov.au/api/individuals?$filter=PHID eq 'L6B',False,Research missing secondary education,No APH secondary-school evidence,pending,,,
44,aph-l6p,"MacTIERNAN, the Hon. Alannah Joan Geraldine",,https://handbookapi.aph.gov.au/api/individuals?$filter=PHID eq 'L6P',False,Research missing secondary education,No APH secondary-school evidence,pending,,,
42,aph-li4,"PATTERSON, the Hon. Dr Kay Christine Lesley, AO",,https://handbookapi.aph.gov.au/api/individuals?$filter=PHID eq 'LI4',False,Research missing secondary education,No APH secondary-school evidence,pending,,,
42,aph-lku,"O'DWYER, the Hon. Kelly Megan",,https://handbookapi.aph.gov.au/api/individuals?$filter=PHID eq 'LKU',False,Research missing secondary education,No APH secondary-school evidence,pending,,,
43,aph-lku,"O'DWYER, the Hon. Kelly Megan",,https://handbookapi.aph.gov.au/api/individuals?$filter=PHID eq 'LKU',False,Research missing secondary education,No APH secondary-school evidence,pending,,,
44,aph-lku,"O'DWYER, the Hon. Kelly Megan",,https://handbookapi.aph.gov.au/api/individuals?$filter=PHID eq 'LKU',False,Research missing secondary education,No APH secondary-school evidence,pending,,,
45,aph-lku,"O'DWYER, the Hon. Kelly Megan",,https://handbookapi.aph.gov.au/api/individuals?$filter=PHID eq 'LKU',False,Research missing secondary education,No APH secondary-school evidence,pending,,,
42,aph-ll6,"BALDWIN, the Hon. Robert (Bob) Charles",,https://handbookapi.aph.gov.au/api/individuals?$filter=PHID eq 'LL6',False,Research missing secondary education,No APH secondary-school evidence,pending,,,
43,aph-ll6,"BALDWIN, the Hon. Robert (Bob) Charles",,https://handbookapi.aph.gov.au/api/individuals?$filter=PHID eq 'LL6',False,Research missing secondary education,No APH secondary-school evidence,pending,,,
44,aph-ll6,"BALDWIN, the Hon. Robert (Bob) Charles",,https://handbookapi.aph.gov.au/api/individuals?$filter=PHID eq 'LL6',False,Research missing secondary education,No APH secondary-school evidence,pending,,,
45,aph-lnw,"KENEALLY, the Hon. Kristina Kerscher AO","Notre Dame Academy (Toledo, Ohio)",https://handbookapi.aph.gov.au/api/individuals?$filter=PHID eq 'LNW',False,Lookup in ACARA historical register,Provisional institution ID: inst-unmatched-notre-dame-academy-toledo-ohio,pending,,,
46,aph-lnw,"KENEALLY, the Hon. Kristina Kerscher AO","Notre Dame Academy (Toledo, Ohio)",https://handbookapi.aph.gov.au/api/individuals?$filter=PHID eq 'LNW',False,Lookup in ACARA historical register,Provisional institution ID: inst-unmatched-notre-dame-academy-toledo-ohio,pending,,,
44,aph-lqr,"PALMER, Clive Frederick",,https://handbookapi.aph.gov.au/api/individuals?$filter=PHID eq 'LQR',False,Research missing secondary education,No APH secondary-school evidence,pending,,,
42,aph-ls4,"FERGUSON, the Hon. Martin John, AM",,https://handbookapi.aph.gov.au/api/individuals?$filter=PHID eq 'LS4',False,Research missing secondary education,No APH secondary-school evidence,pending,,,
43,aph-ls4,"FERGUSON, the Hon. Martin John, AM",,https://handbookapi.aph.gov.au/api/individuals?$filter=PHID eq 'LS4',False,Research missing secondary education,No APH secondary-school evidence,pending,,,
45,aph-ltu,"KEARNEY, the Hon. Gerardine (Ged) Mary",Academy of Mary Immaculate Fitzroy,https://handbookapi.aph.gov.au/api/individuals?$filter=PHID eq 'LTU',False,Lookup in ACARA historical register,Provisional institution ID: inst-unmatched-academy-of-mary-immaculate-fitzroy,pending,,,
46,aph-ltu,"KEARNEY, the Hon. Gerardine (Ged) Mary",Academy of Mary Immaculate Fitzroy,https://handbookapi.aph.gov.au/api/individuals?$filter=PHID eq 'LTU',False,Lookup in ACARA historical register,Provisional institution ID: inst-unmatched-academy-of-mary-immaculate-fitzroy,pending,,,
47,aph-ltu,"KEARNEY, the Hon. Gerardine (Ged) Mary",Academy of Mary Immaculate Fitzroy,https://handbookapi.aph.gov.au/api/individuals?$filter=PHID eq 'LTU',False,Lookup in ACARA historical register,Provisional institution ID: inst-unmatched-academy-of-mary-immaculate-fitzroy,pending,,,
48,aph-ltu,"KEARNEY, the Hon. Gerardine (Ged) Mary",Academy of Mary Immaculate Fitzroy,https://handbookapi.aph.gov.au/api/individuals?$filter=PHID eq 'LTU',False,Lookup in ACARA historical register,Provisional institution ID: inst-unmatched-academy-of-mary-immaculate-fitzroy,pending,,,
43,aph-m0r,"SINGH, the Hon. Lisa Maria",,https://handbookapi.aph.gov.au/api/individuals?$filter=PHID eq 'M0R',False,Research missing secondary education,No APH secondary-school evidence,pending,,,
44,aph-m0r,"SINGH, the Hon. Lisa Maria",,https://handbookapi.aph.gov.au/api/individuals?$filter=PHID eq 'M0R',False,Research missing secondary education,No APH secondary-school evidence,pending,,,
45,aph-m0r,"SINGH, the Hon. Lisa Maria",,https://handbookapi.aph.gov.au/api/individuals?$filter=PHID eq 'M0R',False,Research missing secondary education,No APH secondary-school evidence,pending,,,
43,aph-m2v,"MATHESON, Russell Glenn",,https://handbookapi.aph.gov.au/api/individuals?$filter=PHID eq 'M2V',False,Research missing secondary education,No APH secondary-school evidence,pending,,,
44,aph-m2v,"MATHESON, Russell Glenn",,https://handbookapi.aph.gov.au/api/individuals?$filter=PHID eq 'M2V',False,Research missing secondary education,No APH secondary-school evidence,pending,,,
43,aph-m2x,"ROY, the Hon. Wyatt Beau",,https://handbookapi.aph.gov.au/api/individuals?$filter=PHID eq 'M2X',False,Research missing secondary education,No APH secondary-school evidence,pending,,,
44,aph-m2x,"ROY, the Hon. Wyatt Beau",,https://handbookapi.aph.gov.au/api/individuals?$filter=PHID eq 'M2X',False,Research missing secondary education,No APH secondary-school evidence,pending,,,
43,aph-m38,"LYONS, Geoffrey (Geoff) Raymond, OAM",,https://handbookapi.aph.gov.au/api/individuals?$filter=PHID eq 'M38',False,Research missing secondary education,No APH secondary-school evidence,pending,,,
43,aph-m3c,"BANDT, Dr Adam Paul",Hollywood High School,https://handbookapi.aph.gov.au/api/individuals?$filter=PHID eq 'M3C',False,Lookup in ACARA historical register,Provisional institution ID: inst-unmatched-hollywood-high-school,pending,,,
44,aph-m3c,"BANDT, Dr Adam Paul",Hollywood High School,https://handbookapi.aph.gov.au/api/individuals?$filter=PHID eq 'M3C',False,Lookup in ACARA historical register,Provisional institution ID: inst-unmatched-hollywood-high-school,pending,,,
45,aph-m3c,"BANDT, Dr Adam Paul",Hollywood High School,https://handbookapi.aph.gov.au/api/individuals?$filter=PHID eq 'M3C',False,Lookup in ACARA historical register,Provisional institution ID: inst-unmatched-hollywood-high-school,pending,,,
46,aph-m3c,"BANDT, Dr Adam Paul",Hollywood High School,https://handbookapi.aph.gov.au/api/individuals?$filter=PHID eq 'M3C',False,Lookup in ACARA historical register,Provisional institution ID: inst-unmatched-hollywood-high-school,pending,,,
47,aph-m3c,"BANDT, Dr Adam Paul",Hollywood High School,https://handbookapi.aph.gov.au/api/individuals?$filter=PHID eq 'M3C',False,Lookup in ACARA historical register,Provisional institution ID: inst-unmatched-hollywood-high-school,pending,,,
43,aph-m3e,"MITCHELL, Robert (Rob) George",Broadmeadows Technical School,https://handbookapi.aph.gov.au/api/individuals?$filter=PHID eq 'M3E',False,Lookup in ACARA historical register,Provisional institution ID: inst-unmatched-broadmeadows-technical-school,pending,,,
44,aph-m3e,"MITCHELL, Robert (Rob) George",Broadmeadows Technical School,https://handbookapi.aph.gov.au/api/individuals?$filter=PHID eq 'M3E',False,Lookup in ACARA historical register,Provisional institution ID: inst-unmatched-broadmeadows-technical-school,pending,,,
45,aph-m3e,"MITCHELL, Robert (Rob) George",Broadmeadows Technical School,https://handbookapi.aph.gov.au/api/individuals?$filter=PHID eq 'M3E',False,Lookup in ACARA historical register,Provisional institution ID: inst-unmatched-broadmeadows-technical-school,pending,,,
46,aph-m3e,"MITCHELL, Robert (Rob) George",Broadmeadows Technical School,https://handbookapi.aph.gov.au/api/individuals?$filter=PHID eq 'M3E',False,Lookup in ACARA historical register,Provisional institution ID: inst-unmatched-broadmeadows-technical-school,pending,,,
47,aph-m3e,"MITCHELL, Robert (Rob) George",Broadmeadows Technical School,https://handbookapi.aph.gov.au/api/individuals?$filter=PHID eq 'M3E',False,Lookup in ACARA historical register,Provisional institution ID: inst-unmatched-broadmeadows-technical-school,pending,,,
48,aph-m3e,"MITCHELL, Robert (Rob) George",Broadmeadows Technical School,https://handbookapi.aph.gov.au/api/individuals?$filter=PHID eq 'M3E',False,Lookup in ACARA historical register,Provisional institution ID: inst-unmatched-broadmeadows-technical-school,pending,,,
43,aph-m3k,"CROOK, Anthony (Tony) John",,https://handbookapi.aph.gov.au/api/individuals?$filter=PHID eq 'M3K',False,Research missing secondary education,No APH secondary-school evidence,pending,,,
43,aph-m3m,"ALEXANDER, John Gilbert, OAM",Narrabeen Boys High School,https://handbookapi.aph.gov.au/api/individuals?$filter=PHID eq 'M3M',False,Lookup in ACARA historical register,Provisional institution ID: inst-unmatched-narrabeen-boys-high-school,pending,,,
44,aph-m3m,"ALEXANDER, John Gilbert, OAM",Narrabeen Boys High School,https://handbookapi.aph.gov.au/api/individuals?$filter=PHID eq 'M3M',False,Lookup in ACARA historical register,Provisional institution ID: inst-unmatched-narrabeen-boys-high-school,pending,,,
45,aph-m3m,"ALEXANDER, John Gilbert, OAM",Narrabeen Boys High School,https://handbookapi.aph.gov.au/api/individuals?$filter=PHID eq 'M3M',False,Lookup in ACARA historical register,Provisional institution ID: inst-unmatched-narrabeen-boys-high-school,pending,,,
46,aph-m3m,"ALEXANDER, John Gilbert, OAM",Narrabeen Boys High School,https://handbookapi.aph.gov.au/api/individuals?$filter=PHID eq 'M3M',False,Lookup in ACARA historical register,Provisional institution ID: inst-unmatched-narrabeen-boys-high-school,pending,,,
42,aph-m56,"PAYNE, the Hon. Marise Ann",MLC,https://handbookapi.aph.gov.au/api/individuals?$filter=PHID eq 'M56',False,Lookup in ACARA historical register,Provisional institution ID: inst-unmatched-mlc,pending,,,
43,aph-m56,"PAYNE, the Hon. Marise Ann",MLC,https://handbookapi.aph.gov.au/api/individuals?$filter=PHID eq 'M56',False,Lookup in ACARA historical register,Provisional institution ID: inst-unmatched-mlc,pending,,,
44,aph-m56,"PAYNE, the Hon. Marise Ann",MLC,https://handbookapi.aph.gov.au/api/individuals?$filter=PHID eq 'M56',False,Lookup in ACARA historical register,Provisional institution ID: inst-unmatched-mlc,pending,,,
45,aph-m56,"PAYNE, the Hon. Marise Ann",MLC,https://handbookapi.aph.gov.au/api/individuals?$filter=PHID eq 'M56',False,Lookup in ACARA historical register,Provisional institution ID: inst-unmatched-mlc,pending,,,
46,aph-m56,"PAYNE, the Hon. Marise Ann",MLC,https://handbookapi.aph.gov.au/api/individuals?$filter=PHID eq 'M56',False,Lookup in ACARA historical register,Provisional institution ID: inst-unmatched-mlc,pending,,,
47,aph-m56,"PAYNE, the Hon. Marise Ann",MLC,https://handbookapi.aph.gov.au/api/individuals?$filter=PHID eq 'M56',False,Lookup in ACARA historical register,Provisional institution ID: inst-unmatched-mlc,pending,,,
42,aph-mt4,"BROADBENT, Russell Evan",Wesley College,https://handbookapi.aph.gov.au/api/individuals?$filter=PHID eq 'MT4',False,Lookup in ACARA historical register,Provisional institution ID: inst-unmatched-wesley-college,pending,,,
43,aph-mt4,"BROADBENT, Russell Evan",Wesley College,https://handbookapi.aph.gov.au/api/individuals?$filter=PHID eq 'MT4',False,Lookup in ACARA historical register,Provisional institution ID: inst-unmatched-wesley-college,pending,,,
44,aph-mt4,"BROADBENT, Russell Evan",Wesley College,https://handbookapi.aph.gov.au/api/individuals?$filter=PHID eq 'MT4',False,Lookup in ACARA historical register,Provisional institution ID: inst-unmatched-wesley-college,pending,,,
45,aph-mt4,"BROADBENT, Russell Evan",Wesley College,https://handbookapi.aph.gov.au/api/individuals?$filter=PHID eq 'MT4',False,Lookup in ACARA historical register,Provisional institution ID: inst-unmatched-wesley-college,pending,,,
46,aph-mt4,"BROADBENT, Russell Evan",Wesley College,https://handbookapi.aph.gov.au/api/individuals?$filter=PHID eq 'MT4',False,Lookup in ACARA historical register,Provisional institution ID: inst-unmatched-wesley-college,pending,,,
47,aph-mt4,"BROADBENT, Russell Evan",Wesley College,https://handbookapi.aph.gov.au/api/individuals?$filter=PHID eq 'MT4',False,Lookup in ACARA historical register,Provisional institution ID: inst-unmatched-wesley-college,pending,,,
42,aph-n26,"ABETZ, the Hon. Eric",,https://handbookapi.aph.gov.au/api/individuals?$filter=PHID eq 'N26',False,Research missing secondary education,No APH secondary-school evidence,pending,,,
43,aph-n26,"ABETZ, the Hon. Eric",,https://handbookapi.aph.gov.au/api/individuals?$filter=PHID eq 'N26',False,Research missing secondary education,No APH secondary-school evidence,pending,,,
44,aph-n26,"ABETZ, the Hon. Eric",,https://handbookapi.aph.gov.au/api/individuals?$filter=PHID eq 'N26',False,Research missing secondary education,No APH secondary-school evidence,pending,,,
45,aph-n26,"ABETZ, the Hon. Eric",,https://handbookapi.aph.gov.au/api/individuals?$filter=PHID eq 'N26',False,Research missing secondary education,No APH secondary-school evidence,pending,,,
46,aph-n26,"ABETZ, the Hon. Eric",,https://handbookapi.aph.gov.au/api/individuals?$filter=PHID eq 'N26',False,Research missing secondary education,No APH secondary-school evidence,pending,,,
42,aph-nb5,"CAMPBELL, George",,https://handbookapi.aph.gov.au/api/individuals?$filter=PHID eq 'NB5',False,Research missing secondary education,No APH secondary-school evidence,pending,,,
42,aph-nv5,"FORREST, John Alexander",,https://handbookapi.aph.gov.au/api/individuals?$filter=PHID eq 'NV5',False,Research missing secondary education,No APH secondary-school evidence,pending,,,
43,aph-nv5,"FORREST, John Alexander",,https://handbookapi.aph.gov.au/api/individuals?$filter=PHID eq 'NV5',False,Research missing secondary education,No APH secondary-school evidence,pending,,,
42,aph-pg6,"MACKLIN, the Hon. Jennifer (Jenny) Louise AC",,https://handbookapi.aph.gov.au/api/individuals?$filter=PHID eq 'PG6',False,Research missing secondary education,No APH secondary-school evidence,pending,,,
43,aph-pg6,"MACKLIN, the Hon. Jennifer (Jenny) Louise AC",,https://handbookapi.aph.gov.au/api/individuals?$filter=PHID eq 'PG6',False,Research missing secondary education,No APH secondary-school evidence,pending,,,
44,aph-pg6,"MACKLIN, the Hon. Jennifer (Jenny) Louise AC",,https://handbookapi.aph.gov.au/api/individuals?$filter=PHID eq 'PG6',False,Research missing secondary education,No APH secondary-school evidence,pending,,,
45,aph-pg6,"MACKLIN, the Hon. Jennifer (Jenny) Louise AC",,https://handbookapi.aph.gov.au/api/individuals?$filter=PHID eq 'PG6',False,Research missing secondary education,No APH secondary-school evidence,pending,,,
42,aph-pk6,"RANDALL, Donald (Don) James",,https://handbookapi.aph.gov.au/api/individuals?$filter=PHID eq 'PK6',False,Research missing secondary education,No APH secondary-school evidence,pending,,,
43,aph-pk6,"RANDALL, Donald (Don) James",,https://handbookapi.aph.gov.au/api/individuals?$filter=PHID eq 'PK6',False,Research missing secondary education,No APH secondary-school evidence,pending,,,
44,aph-pk6,"RANDALL, Donald (Don) James",,https://handbookapi.aph.gov.au/api/individuals?$filter=PHID eq 'PK6',False,Research missing secondary education,No APH secondary-school evidence,pending,,,
42,aph-qd4,"BROWN, Robert (Bob) James",,https://handbookapi.aph.gov.au/api/individuals?$filter=PHID eq 'QD4',False,Research missing secondary education,No APH secondary-school evidence,pending,,,
43,aph-qd4,"BROWN, Robert (Bob) James",,https://handbookapi.aph.gov.au/api/individuals?$filter=PHID eq 'QD4',False,Research missing secondary education,No APH secondary-school evidence,pending,,,
42,aph-qi4,"PRICE, the Hon. Leo Roger Spurway",,https://handbookapi.aph.gov.au/api/individuals?$filter=PHID eq 'QI4',False,Research missing secondary education,No APH secondary-school evidence,pending,,,
42,aph-r36,"ALBANESE, the Hon. Anthony Norman",,https://handbookapi.aph.gov.au/api/individuals?$filter=PHID eq 'R36',False,Research missing secondary education,No APH secondary-school evidence,pending,,,
43,aph-r36,"ALBANESE, the Hon. Anthony Norman",,https://handbookapi.aph.gov.au/api/individuals?$filter=PHID eq 'R36',False,Research missing secondary education,No APH secondary-school evidence,pending,,,
44,aph-r36,"ALBANESE, the Hon. Anthony Norman",,https://handbookapi.aph.gov.au/api/individuals?$filter=PHID eq 'R36',False,Research missing secondary education,No APH secondary-school evidence,pending,,,
45,aph-r36,"ALBANESE, the Hon. Anthony Norman",,https://handbookapi.aph.gov.au/api/individuals?$filter=PHID eq 'R36',False,Research missing secondary education,No APH secondary-school evidence,pending,,,
46,aph-r36,"ALBANESE, the Hon. Anthony Norman",,https://handbookapi.aph.gov.au/api/individuals?$filter=PHID eq 'R36',False,Research missing secondary education,No APH secondary-school evidence,pending,,,
47,aph-r36,"ALBANESE, the Hon. Anthony Norman",,https://handbookapi.aph.gov.au/api/individuals?$filter=PHID eq 'R36',False,Research missing secondary education,No APH secondary-school evidence,pending,,,
48,aph-r36,"ALBANESE, the Hon. Anthony Norman",,https://handbookapi.aph.gov.au/api/individuals?$filter=PHID eq 'R36',False,Research missing secondary education,No APH secondary-school evidence,pending,,,
42,aph-rh4,"KERR, the Hon. Duncan James Colquhoun AO SC",,https://handbookapi.aph.gov.au/api/individuals?$filter=PHID eq 'RH4',False,Research missing secondary education,No APH secondary-school evidence,pending,,,
42,aph-rw5,"NELSON, the Hon. Dr Brendan John, AO",,https://handbookapi.aph.gov.au/api/individuals?$filter=PHID eq 'RW5',False,Research missing secondary education,No APH secondary-school evidence,pending,,,
42,aph-se4,"BISHOP, the Hon. Bronwyn Kathleen, AO",,https://handbookapi.aph.gov.au/api/individuals?$filter=PHID eq 'SE4',False,Research missing secondary education,No APH secondary-school evidence,pending,,,
43,aph-se4,"BISHOP, the Hon. Bronwyn Kathleen, AO",,https://handbookapi.aph.gov.au/api/individuals?$filter=PHID eq 'SE4',False,Research missing secondary education,No APH secondary-school evidence,pending,,,
44,aph-se4,"BISHOP, the Hon. Bronwyn Kathleen, AO",,https://handbookapi.aph.gov.au/api/individuals?$filter=PHID eq 'SE4',False,Research missing secondary education,No APH secondary-school evidence,pending,,,
42,aph-sj4,"TUCKEY, the Hon. Charles (Wilson) Wilson OAM",,https://handbookapi.aph.gov.au/api/individuals?$filter=PHID eq 'SJ4',False,Research missing secondary education,No APH secondary-school evidence,pending,,,
42,aph-su5,"VAILE, the Hon. Mark Anthony James, AO",,https://handbookapi.aph.gov.au/api/individuals?$filter=PHID eq 'SU5',False,Research missing secondary education,No APH secondary-school evidence,pending,,,
42,aph-tk6,"SOUTHCOTT, Dr Andrew John",,https://handbookapi.aph.gov.au/api/individuals?$filter=PHID eq 'TK6',False,Research missing secondary education,No APH secondary-school evidence,pending,,,
43,aph-tk6,"SOUTHCOTT, Dr Andrew John",,https://handbookapi.aph.gov.au/api/individuals?$filter=PHID eq 'TK6',False,Research missing secondary education,No APH secondary-school evidence,pending,,,
44,aph-tk6,"SOUTHCOTT, Dr Andrew John",,https://handbookapi.aph.gov.au/api/individuals?$filter=PHID eq 'TK6',False,Research missing secondary education,No APH secondary-school evidence,pending,,,
42,aph-ui4,"RAY, the Hon. Robert Francis",,https://handbookapi.aph.gov.au/api/individuals?$filter=PHID eq 'UI4',False,Research missing secondary education,No APH secondary-school evidence,pending,,,
42,aph-uk6,"THOMSON, the Hon. Kelvin John",,https://handbookapi.aph.gov.au/api/individuals?$filter=PHID eq 'UK6',False,Research missing secondary education,No APH secondary-school evidence,pending,,,
43,aph-uk6,"THOMSON, the Hon. Kelvin John",,https://handbookapi.aph.gov.au/api/individuals?$filter=PHID eq 'UK6',False,Research missing secondary education,No APH secondary-school evidence,pending,,,
44,aph-uk6,"THOMSON, the Hon. Kelvin John",,https://handbookapi.aph.gov.au/api/individuals?$filter=PHID eq 'UK6',False,Research missing secondary education,No APH secondary-school evidence,pending,,,
42,aph-vj4,"WATSON, John Odin Wentworth, AM",,https://handbookapi.aph.gov.au/api/individuals?$filter=PHID eq 'VJ4',False,Research missing secondary education,No APH secondary-school evidence,pending,,,
42,aph-vk6,"VALE, the Hon. Danna Sue",,https://handbookapi.aph.gov.au/api/individuals?$filter=PHID eq 'VK6',False,Research missing secondary education,No APH secondary-school evidence,pending,,,
42,aph-vu5,"GRIFFIN, the Hon. Alan Peter",,https://handbookapi.aph.gov.au/api/individuals?$filter=PHID eq 'VU5',False,Research missing secondary education,No APH secondary-school evidence,pending,,,
43,aph-vu5,"GRIFFIN, the Hon. Alan Peter",,https://handbookapi.aph.gov.au/api/individuals?$filter=PHID eq 'VU5',False,Research missing secondary education,No APH secondary-school evidence,pending,,,
44,aph-vu5,"GRIFFIN, the Hon. Alan Peter",,https://handbookapi.aph.gov.au/api/individuals?$filter=PHID eq 'VU5',False,Research missing secondary education,No APH secondary-school evidence,pending,,,
42,aph-wf6,"DANBY, the Hon. Michael David",,https://handbookapi.aph.gov.au/api/individuals?$filter=PHID eq 'WF6',False,Research missing secondary education,No APH secondary-school evidence,pending,,,
43,aph-wf6,"DANBY, the Hon. Michael David",,https://handbookapi.aph.gov.au/api/individuals?$filter=PHID eq 'WF6',False,Research missing secondary education,No APH secondary-school evidence,pending,,,
44,aph-wf6,"DANBY, the Hon. Michael David",,https://handbookapi.aph.gov.au/api/individuals?$filter=PHID eq 'WF6',False,Research missing secondary education,No APH secondary-school evidence,pending,,,
45,aph-wf6,"DANBY, the Hon. Michael David",,https://handbookapi.aph.gov.au/api/individuals?$filter=PHID eq 'WF6',False,Research missing secondary education,No APH secondary-school evidence,pending,,,
42,aph-wh4,"McGAURAN, Julian John James",,https://handbookapi.aph.gov.au/api/individuals?$filter=PHID eq 'WH4',False,Research missing secondary education,No APH secondary-school evidence,pending,,,
43,aph-wh4,"McGAURAN, Julian John James",,https://handbookapi.aph.gov.au/api/individuals?$filter=PHID eq 'WH4',False,Research missing secondary education,No APH secondary-school evidence,pending,,,
42,aph-wn6,"MacFARLANE, the Hon. Ian Elgin",,https://handbookapi.aph.gov.au/api/individuals?$filter=PHID eq 'WN6',False,Research missing secondary education,No APH secondary-school evidence,pending,,,
43,aph-wn6,"MacFARLANE, the Hon. Ian Elgin",,https://handbookapi.aph.gov.au/api/individuals?$filter=PHID eq 'WN6',False,Research missing secondary education,No APH secondary-school evidence,pending,,,
44,aph-wn6,"MacFARLANE, the Hon. Ian Elgin",,https://handbookapi.aph.gov.au/api/individuals?$filter=PHID eq 'WN6',False,Research missing secondary education,No APH secondary-school evidence,pending,,,
42,aph-wp6,"LIGHTFOOT, Philip Ross",,https://handbookapi.aph.gov.au/api/individuals?$filter=PHID eq 'WP6',False,Research missing secondary education,No APH secondary-school evidence,pending,,,
42,aph-ww4,"KEMP, the Hon. Charles Roderick (Rod)",,https://handbookapi.aph.gov.au/api/individuals?$filter=PHID eq 'WW4',False,Research missing secondary education,No APH secondary-school evidence,pending,,,
43,aph-wx4,"CARR, the Hon. Robert (Bob) John",,https://handbookapi.aph.gov.au/api/individuals?$filter=PHID eq 'WX4',False,Research missing secondary education,No APH secondary-school evidence,pending,,,
42,aph-xh4,"McGAURAN, the Hon. Peter John",,https://handbookapi.aph.gov.au/api/individuals?$filter=PHID eq 'XH4',False,Research missing secondary education,No APH secondary-school evidence,pending,,,
42,aph-xt4,"RONALDSON, the Hon. Michael John Clyde",,https://handbookapi.aph.gov.au/api/individuals?$filter=PHID eq 'XT4',False,Research missing secondary education,No APH secondary-school evidence,pending,,,
43,aph-xt4,"RONALDSON, the Hon. Michael John Clyde",,https://handbookapi.aph.gov.au/api/individuals?$filter=PHID eq 'XT4',False,Research missing secondary education,No APH secondary-school evidence,pending,,,
44,aph-xt4,"RONALDSON, the Hon. Michael John Clyde",,https://handbookapi.aph.gov.au/api/individuals?$filter=PHID eq 'XT4',False,Research missing secondary education,No APH secondary-school evidence,pending,,,
42,aph-ye4,"BOSWELL, the Hon. Ronald (Ron) Leslie Doyle, AO",,https://handbookapi.aph.gov.au/api/individuals?$filter=PHID eq 'YE4',False,Research missing secondary education,No APH secondary-school evidence,pending,,,
43,aph-ye4,"BOSWELL, the Hon. Ronald (Ron) Leslie Doyle, AO",,https://handbookapi.aph.gov.au/api/individuals?$filter=PHID eq 'YE4',False,Research missing secondary education,No APH secondary-school evidence,pending,,,
44,aph-ye4,"BOSWELL, the Hon. Ronald (Ron) Leslie Doyle, AO",,https://handbookapi.aph.gov.au/api/individuals?$filter=PHID eq 'YE4',False,Research missing secondary education,No APH secondary-school evidence,pending,,,
42,aph-yt4,"SCOTT, the Hon. Bruce Craig, AM",,https://handbookapi.aph.gov.au/api/individuals?$filter=PHID eq 'YT4',False,Research missing secondary education,No APH secondary-school evidence,pending,,,
43,aph-yt4,"SCOTT, the Hon. Bruce Craig, AM",,https://handbookapi.aph.gov.au/api/individuals?$filter=PHID eq 'YT4',False,Research missing secondary education,No APH secondary-school evidence,pending,,,
44,aph-yt4,"SCOTT, the Hon. Bruce Craig, AM",,https://handbookapi.aph.gov.au/api/individuals?$filter=PHID eq 'YT4',False,Research missing secondary education,No APH secondary-school evidence,pending,,,
42,aph-yu5,"TANNER, the Hon. Lindsay James",,https://handbookapi.aph.gov.au/api/individuals?$filter=PHID eq 'YU5',False,Research missing secondary education,No APH secondary-school evidence,pending,,,
42,aph-yw4,"MacDONALD, the Hon. Ian Douglas AM",,https://handbookapi.aph.gov.au/api/individuals?$filter=PHID eq 'YW4',False,Research missing secondary education,No APH secondary-school evidence,pending,,,
43,aph-yw4,"MacDONALD, the Hon. Ian Douglas AM",,https://handbookapi.aph.gov.au/api/individuals?$filter=PHID eq 'YW4',False,Research missing secondary education,No APH secondary-school evidence,pending,,,
44,aph-yw4,"MacDONALD, the Hon. Ian Douglas AM",,https://handbookapi.aph.gov.au/api/individuals?$filter=PHID eq 'YW4',False,Research missing secondary education,No APH secondary-school evidence,pending,,,
45,aph-yw4,"MacDONALD, the Hon. Ian Douglas AM",,https://handbookapi.aph.gov.au/api/individuals?$filter=PHID eq 'YW4',False,Research missing secondary education,No APH secondary-school evidence,pending,,,
42,aph-yw6,"COMBET, the Hon. Gregory (Greg) Ivan, AO",,https://handbookapi.aph.gov.au/api/individuals?$filter=PHID eq 'YW6',False,Research missing secondary education,No APH secondary-school evidence,pending,,,
43,aph-yw6,"COMBET, the Hon. Gregory (Greg) Ivan, AO",,https://handbookapi.aph.gov.au/api/individuals?$filter=PHID eq 'YW6',False,Research missing secondary education,No APH secondary-school evidence,pending,,,
44,aph-zn4,"HENDERSON, the Hon. Sarah Moya",Geelong College,https://handbookapi.aph.gov.au/api/individuals?$filter=PHID eq 'ZN4',False,Lookup in ACARA historical register,Provisional institution ID: inst-unmatched-geelong-college,pending,,,
44,aph-zn4,"HENDERSON, the Hon. Sarah Moya",Sacred Heart College,https://handbookapi.aph.gov.au/api/individuals?$filter=PHID eq 'ZN4',False,Lookup in ACARA historical register,Provisional institution ID: inst-unmatched-sacred-heart-college,pending,,,
45,aph-zn4,"HENDERSON, the Hon. Sarah Moya",Geelong College,https://handbookapi.aph.gov.au/api/individuals?$filter=PHID eq 'ZN4',False,Lookup in ACARA historical register,Provisional institution ID: inst-unmatched-geelong-college,pending,,,
45,aph-zn4,"HENDERSON, the Hon. Sarah Moya",Sacred Heart College,https://handbookapi.aph.gov.au/api/individuals?$filter=PHID eq 'ZN4',False,Lookup in ACARA historical register,Provisional institution ID: inst-unmatched-sacred-heart-college,pending,,,
46,aph-zn4,"HENDERSON, the Hon. Sarah Moya",Geelong College,https://handbookapi.aph.gov.au/api/individuals?$filter=PHID eq 'ZN4',False,Lookup in ACARA historical register,Provisional institution ID: inst-unmatched-geelong-college,pending,,,
46,aph-zn4,"HENDERSON, the Hon. Sarah Moya",Sacred Heart College,https://handbookapi.aph.gov.au/api/individuals?$filter=PHID eq 'ZN4',False,Lookup in ACARA historical register,Provisional institution ID: inst-unmatched-sacred-heart-college,pending,,,
47,aph-zn4,"HENDERSON, the Hon. Sarah Moya",Geelong College,https://handbookapi.aph.gov.au/api/individuals?$filter=PHID eq 'ZN4',False,Lookup in ACARA historical register,Provisional institution ID: inst-unmatched-geelong-college,pending,,,
47,aph-zn4,"HENDERSON, the Hon. Sarah Moya",Sacred Heart College,https://handbookapi.aph.gov.au/api/individuals?$filter=PHID eq 'ZN4',False,Lookup in ACARA historical register,Provisional institution ID: inst-unmatched-sacred-heart-college,pending,,,
48,aph-zn4,"HENDERSON, the Hon. Sarah Moya",Geelong College,https://handbookapi.aph.gov.au/api/individuals?$filter=PHID eq 'ZN4',False,Lookup in ACARA historical register,Provisional institution ID: inst-unmatched-geelong-college,pending,,,
48,aph-zn4,"HENDERSON, the Hon. Sarah Moya",Sacred Heart College,https://handbookapi.aph.gov.au/api/individuals?$filter=PHID eq 'ZN4',False,Lookup in ACARA historical register,Provisional institution ID: inst-unmatched-sacred-heart-college,pending,,,
42,aph-zt4,"SOMLYAY, the Hon. Alexander Michael",,https://handbookapi.aph.gov.au/api/individuals?$filter=PHID eq 'ZT4',False,Research missing secondary education,No APH secondary-school evidence,pending,,,
43,aph-zt4,"SOMLYAY, the Hon. Alexander Michael",,https://handbookapi.aph.gov.au/api/individuals?$filter=PHID eq 'ZT4',False,Research missing secondary education,No APH secondary-school evidence,pending,,,
42,aph-zw4,"SHERRY, the Hon. Nicholas (Nick) John AO",,https://handbookapi.aph.gov.au/api/individuals?$filter=PHID eq 'ZW4',False,Research missing secondary education,No APH secondary-school evidence,pending,,,
43,aph-zw4,"SHERRY, the Hon. Nicholas (Nick) John AO",,https://handbookapi.aph.gov.au/api/individuals?$filter=PHID eq 'ZW4',False,Research missing secondary education,No APH secondary-school evidence,pending,,,
