{
  "type": "FeatureCollection",
  "name": "schools",
  "crs": {
    "type": "name",
    "properties": {
      "name": "urn:ogc:def:crs:OGC:1.3:CRS84"
    }
  },
  "features": [
    {
      "type": "Feature",
      "geometry": {
        "type": "Point",
        "coordinates": [
          138.587,
          -34.9257
        ]
      },
      "properties": {
        "institution_id": "acara-49453",
        "acara_id": "49453",
        "school_name": "Adelaide High School",
        "school_sector": "Government",
        "government_non_government": "Government",
        "school_type": "Sec",
        "campus_type": "Sec",
        "year_range": "U, 7-12",
        "state": "SA",
        "suburb": "Adelaide",
        "postcode": "5000",
        "remoteness_category": "Major Cities",
        "longitude": 138.587,
        "latitude": -34.9257,
        "profile_year": 2025,
        "total_enrolments": 1821,
        "girls_enrolments": 874,
        "boys_enrolments": 947,
        "fte_enrolments": 1815.9,
        "icsea": 1094,
        "icsea_percentile": 83,
        "sea_bottom_quarter_pct": 8.0,
        "sea_lower_middle_quarter_pct": 21.0,
        "sea_upper_middle_quarter_pct": 32.0,
        "sea_top_quarter_pct": 39.0,
        "indigenous_enrolments_pct": 3.0,
        "lbote_pct": 47.0,
        "member_count": 1,
        "members": [
          {
            "member_id": "aph-dzy",
            "name": "GEORGANAS, Steven (Steve)",
            "parliaments": [
              48
            ],
            "services": [
              {
                "service_id": "srv-dzy-48-462f66f0d8ada690",
                "parliament_number": 48,
                "party": "Australian Labor Party",
                "party_abbrev": "ALP",
                "chamber": "representatives"
              }
            ]
          }
        ],
        "education_assertions": [
          {
            "education_id": "edu-dzy-feabc96931e17e5d",
            "member_id": "aph-dzy",
            "school_name_as_recorded": "Adelaide High School",
            "source_url": "https://handbookapi.aph.gov.au/api/individuals?$filter=PHID eq 'DZY'",
            "retrieved_at": "2026-10-02T08:23:59.813516+10:00",
            "confidence": "verified",
            "attended_status": "attended_unspecified",
            "institution_resolution": "direct",
            "resolution_source_url": null
          }
        ],
        "parliaments": [
          48
        ],
        "finance_year": 2024,
        "finance_metric": "total_net_recurrent_income_per_student",
        "finance_value": 21267,
        "finance_status": "estimated_indexed",
        "finance_method": "acara_state_sector_geolocation_index",
        "finance_source": "ACARA National Report on Schooling",
        "temporal_warning": "School profile and finance values describe the institution in their reporting year, not the resources available when the parliamentarian attended. Reviewed successor mappings describe the successor institution."
      }
    },
    {
      "type": "Feature",
      "geometry": {
        "type": "Point",
        "coordinates": [
          149.095,
          -35.3243
        ]
      },
      "properties": {
        "institution_id": "acara-49911",
        "acara_id": "49911",
        "school_name": "Alfred Deakin High School",
        "school_sector": "Government",
        "government_non_government": "Government",
        "school_type": "Sec",
        "campus_type": "Sec",
        "year_range": "7-10",
        "state": "ACT",
        "suburb": "Deakin",
        "postcode": "2600",
        "remoteness_category": "Major Cities",
        "longitude": 149.095,
        "latitude": -35.3243,
        "profile_year": 2025,
        "total_enrolments": 881,
        "girls_enrolments": 437,
        "boys_enrolments": 444,
        "fte_enrolments": 881.0,
        "icsea": 1132,
        "icsea_percentile": 92,
        "sea_bottom_quarter_pct": 5.0,
        "sea_lower_middle_quarter_pct": 13.0,
        "sea_upper_middle_quarter_pct": 27.0,
        "sea_top_quarter_pct": 56.0,
        "indigenous_enrolments_pct": 2.0,
        "lbote_pct": 39.0,
        "member_count": 1,
        "members": [
          {
            "member_id": "aph-300122",
            "name": "RAE, the Hon. Samuel (Sam) Thomas",
            "parliaments": [
              48
            ],
            "services": [
              {
                "service_id": "srv-300122-48-42fbea3f238a0495",
                "parliament_number": 48,
                "party": "Australian Labor Party",
                "party_abbrev": "ALP",
                "chamber": "representatives"
              }
            ]
          }
        ],
        "education_assertions": [
          {
            "education_id": "edu-300122-367b941706c6213d",
            "member_id": "aph-300122",
            "school_name_as_recorded": "Alfred Deakin High School",
            "source_url": "https://handbookapi.aph.gov.au/api/individuals?$filter=PHID eq '300122'",
            "retrieved_at": "2026-10-02T08:23:59.813516+10:00",
            "confidence": "verified",
            "attended_status": "attended_unspecified",
            "institution_resolution": "direct",
            "resolution_source_url": null
          }
        ],
        "parliaments": [
          48
        ],
        "finance_year": 2024,
        "finance_metric": "total_net_recurrent_income_per_student",
        "finance_value": 20314,
        "finance_status": "estimated_indexed",
        "finance_method": "acara_state_sector_geolocation_index",
        "finance_source": "ACARA National Report on Schooling",
        "temporal_warning": "School profile and finance values describe the institution in their reporting year, not the resources available when the parliamentarian attended. Reviewed successor mappings describe the successor institution."
      }
    },
    {
      "type": "Feature",
      "geometry": {
        "type": "Point",
        "coordinates": [
          153.051,
          -27.4822
        ]
      },
      "properties": {
        "institution_id": "acara-47996",
        "acara_id": "47996",
        "school_name": "Anglican Church Grammar School",
        "school_sector": "Independent",
        "government_non_government": "Non-government",
        "school_type": "Pri/Sec",
        "campus_type": "Pri/Sec",
        "year_range": "Prep-12",
        "state": "QLD",
        "suburb": "East Brisbane",
        "postcode": "4169",
        "remoteness_category": "Major Cities",
        "longitude": 153.051,
        "latitude": -27.4822,
        "profile_year": 2025,
        "total_enrolments": 1901,
        "girls_enrolments": 0,
        "boys_enrolments": 1901,
        "fte_enrolments": 1901.0,
        "icsea": 1170,
        "icsea_percentile": 98,
        "sea_bottom_quarter_pct": 2.0,
        "sea_lower_middle_quarter_pct": 7.0,
        "sea_upper_middle_quarter_pct": 21.0,
        "sea_top_quarter_pct": 69.0,
        "indigenous_enrolments_pct": 1.0,
        "lbote_pct": 16.0,
        "member_count": 1,
        "members": [
          {
            "member_id": "aph-256136",
            "name": "POCOCK, David Willmer",
            "parliaments": [
              48
            ],
            "services": [
              {
                "service_id": "srv-256136-48-6fa48afef71d8227",
                "parliament_number": 48,
                "party": "Independent",
                "party_abbrev": "IND",
                "chamber": "senate"
              }
            ]
          }
        ],
        "education_assertions": [
          {
            "education_id": "edu-256136-1d8da3a919da3700",
            "member_id": "aph-256136",
            "school_name_as_recorded": "Anglican Church Grammar School, Brisbane",
            "source_url": "https://handbookapi.aph.gov.au/api/individuals?$filter=PHID eq '256136'",
            "retrieved_at": "2026-10-02T08:23:59.813516+10:00",
            "confidence": "provisional",
            "attended_status": "attended_unspecified",
            "institution_resolution": "direct",
            "resolution_source_url": null
          }
        ],
        "parliaments": [
          48
        ],
        "finance_year": 2024,
        "finance_metric": "total_net_recurrent_income_per_student",
        "finance_value": 28778,
        "finance_status": "estimated_indexed",
        "finance_method": "acara_state_sector_geolocation_index",
        "finance_source": "ACARA National Report on Schooling",
        "temporal_warning": "School profile and finance values describe the institution in their reporting year, not the resources available when the parliamentarian attended. Reviewed successor mappings describe the successor institution."
      }
    },
    {
      "type": "Feature",
      "geometry": {
        "type": "Point",
        "coordinates": [
          115.834,
          -32.0288
        ]
      },
      "properties": {
        "institution_id": "acara-48117",
        "acara_id": "48117",
        "school_name": "Applecross Senior High School",
        "school_sector": "Government",
        "government_non_government": "Government",
        "school_type": "Sec",
        "campus_type": "Sec",
        "year_range": "7-12",
        "state": "WA",
        "suburb": "Ardross",
        "postcode": "6153",
        "remoteness_category": "Major Cities",
        "longitude": 115.834,
        "latitude": -32.0288,
        "profile_year": 2025,
        "total_enrolments": 1962,
        "girls_enrolments": 966,
        "boys_enrolments": 996,
        "fte_enrolments": 1962.0,
        "icsea": 1120,
        "icsea_percentile": 89,
        "sea_bottom_quarter_pct": 5.0,
        "sea_lower_middle_quarter_pct": 17.0,
        "sea_upper_middle_quarter_pct": 32.0,
        "sea_top_quarter_pct": 46.0,
        "indigenous_enrolments_pct": 1.0,
        "lbote_pct": 38.0,
        "member_count": 1,
        "members": [
          {
            "member_id": "aph-30484",
            "name": "BROCKMAN, William (Slade) Edward Slade",
            "parliaments": [
              48
            ],
            "services": [
              {
                "service_id": "srv-30484-48-e27faf8d90d5332c",
                "parliament_number": 48,
                "party": "Liberal Party of Australia",
                "party_abbrev": "LP",
                "chamber": "senate"
              }
            ]
          }
        ],
        "education_assertions": [
          {
            "education_id": "edu-30484-8693bb65618a408c",
            "member_id": "aph-30484",
            "school_name_as_recorded": "Applecross Senior High School",
            "source_url": "https://handbookapi.aph.gov.au/api/individuals?$filter=PHID eq '30484'",
            "retrieved_at": "2026-10-02T08:23:59.813516+10:00",
            "confidence": "verified",
            "attended_status": "attended_unspecified",
            "institution_resolution": "direct",
            "resolution_source_url": null
          }
        ],
        "parliaments": [
          48
        ],
        "finance_year": 2024,
        "finance_metric": "total_net_recurrent_income_per_student",
        "finance_value": 16055,
        "finance_status": "estimated_indexed",
        "finance_method": "acara_state_sector_geolocation_index",
        "finance_source": "ACARA National Report on Schooling",
        "temporal_warning": "School profile and finance values describe the institution in their reporting year, not the resources available when the parliamentarian attended. Reviewed successor mappings describe the successor institution."
      }
    },
    {
      "type": "Feature",
      "geometry": {
        "type": "Point",
        "coordinates": [
          116.016,
          -32.1616
        ]
      },
      "properties": {
        "institution_id": "acara-48118",
        "acara_id": "48118",
        "school_name": "Armadale Senior High School",
        "school_sector": "Government",
        "government_non_government": "Government",
        "school_type": "Sec",
        "campus_type": "Sec",
        "year_range": "7-12",
        "state": "WA",
        "suburb": "Armadale",
        "postcode": "6112",
        "remoteness_category": "Major Cities",
        "longitude": 116.016,
        "latitude": -32.1616,
        "profile_year": 2025,
        "total_enrolments": 762,
        "girls_enrolments": 321,
        "boys_enrolments": 441,
        "fte_enrolments": 762.0,
        "icsea": 920,
        "icsea_percentile": 15,
        "sea_bottom_quarter_pct": 63.0,
        "sea_lower_middle_quarter_pct": 26.0,
        "sea_upper_middle_quarter_pct": 9.0,
        "sea_top_quarter_pct": 2.0,
        "indigenous_enrolments_pct": 14.0,
        "lbote_pct": 16.0,
        "member_count": 1,
        "members": [
          {
            "member_id": "aph-112096",
            "name": "LINES, the Hon. Susan (Sue)",
            "parliaments": [
              48
            ],
            "services": [
              {
                "service_id": "srv-112096-48-0f413a30c40b77b0",
                "parliament_number": 48,
                "party": "Australian Labor Party",
                "party_abbrev": "ALP",
                "chamber": "senate"
              }
            ]
          }
        ],
        "education_assertions": [
          {
            "education_id": "edu-112096-972251e1c6011136",
            "member_id": "aph-112096",
            "school_name_as_recorded": "Armadale Senior High School",
            "source_url": "https://handbookapi.aph.gov.au/api/individuals?$filter=PHID eq '112096'",
            "retrieved_at": "2026-10-02T08:23:59.813516+10:00",
            "confidence": "verified",
            "attended_status": "attended_unspecified",
            "institution_resolution": "direct",
            "resolution_source_url": null
          }
        ],
        "parliaments": [
          48
        ],
        "finance_year": 2024,
        "finance_metric": "total_net_recurrent_income_per_student",
        "finance_value": 22154,
        "finance_status": "estimated_indexed",
        "finance_method": "acara_state_sector_geolocation_index",
        "finance_source": "ACARA National Report on Schooling",
        "temporal_warning": "School profile and finance values describe the institution in their reporting year, not the resources available when the parliamentarian attended. Reviewed successor mappings describe the successor institution."
      }
    },
    {
      "type": "Feature",
      "geometry": {
        "type": "Point",
        "coordinates": [
          151.237,
          -33.8787
        ]
      },
      "properties": {
        "institution_id": "acara-43953",
        "acara_id": "43953",
        "school_name": "Ascham School",
        "school_sector": "Independent",
        "government_non_government": "Non-government",
        "school_type": "Pri/Sec",
        "campus_type": "Pri/Sec",
        "year_range": "K-12",
        "state": "NSW",
        "suburb": "Edgecliff",
        "postcode": "2027",
        "remoteness_category": "Major Cities",
        "longitude": 151.237,
        "latitude": -33.8787,
        "profile_year": 2025,
        "total_enrolments": 1182,
        "girls_enrolments": 1182,
        "boys_enrolments": 0,
        "fte_enrolments": 1182.0,
        "icsea": 1217,
        "icsea_percentile": 99,
        "sea_bottom_quarter_pct": 0.0,
        "sea_lower_middle_quarter_pct": 2.0,
        "sea_upper_middle_quarter_pct": 14.0,
        "sea_top_quarter_pct": 84.0,
        "indigenous_enrolments_pct": 1.0,
        "lbote_pct": 17.0,
        "member_count": 1,
        "members": [
          {
            "member_id": "aph-286042",
            "name": "SPENDER, Allegra",
            "parliaments": [
              48
            ],
            "services": [
              {
                "service_id": "srv-286042-48-5ee9e2ba6560f317",
                "parliament_number": 48,
                "party": "Independent",
                "party_abbrev": "IND",
                "chamber": "representatives"
              }
            ]
          }
        ],
        "education_assertions": [
          {
            "education_id": "edu-286042-569e90a93035ba7f",
            "member_id": "aph-286042",
            "school_name_as_recorded": "Ascham School",
            "source_url": "https://handbookapi.aph.gov.au/api/individuals?$filter=PHID eq '286042'",
            "retrieved_at": "2026-10-02T08:23:59.813516+10:00",
            "confidence": "verified",
            "attended_status": "attended_unspecified",
            "institution_resolution": "direct",
            "resolution_source_url": null
          }
        ],
        "parliaments": [
          48
        ],
        "finance_year": 2024,
        "finance_metric": "total_net_recurrent_income_per_student",
        "finance_value": 44339,
        "finance_status": "estimated_indexed",
        "finance_method": "acara_state_sector_geolocation_index",
        "finance_source": "ACARA National Report on Schooling",
        "temporal_warning": "School profile and finance values describe the institution in their reporting year, not the resources available when the parliamentarian attended. Reviewed successor mappings describe the successor institution."
      }
    },
    {
      "type": "Feature",
      "geometry": {
        "type": "Point",
        "coordinates": [
          145.077,
          -37.7979
        ]
      },
      "properties": {
        "institution_id": "acara-45351",
        "acara_id": "45351",
        "school_name": "Balwyn High School",
        "school_sector": "Government",
        "government_non_government": "Government",
        "school_type": "Sec",
        "campus_type": "Sec",
        "year_range": "7-12",
        "state": "VIC",
        "suburb": "Balwyn North",
        "postcode": "3104",
        "remoteness_category": "Major Cities",
        "longitude": 145.077,
        "latitude": -37.7979,
        "profile_year": 2025,
        "total_enrolments": 2260,
        "girls_enrolments": 979,
        "boys_enrolments": 1281,
        "fte_enrolments": 2256.1,
        "icsea": 1141,
        "icsea_percentile": 94,
        "sea_bottom_quarter_pct": 3.0,
        "sea_lower_middle_quarter_pct": 10.0,
        "sea_upper_middle_quarter_pct": 30.0,
        "sea_top_quarter_pct": 56.0,
        "indigenous_enrolments_pct": 0.0,
        "lbote_pct": 80.0,
        "member_count": 1,
        "members": [
          {
            "member_id": "aph-245392",
            "name": "GOSLING, Luke John Anthony, OAM",
            "parliaments": [
              48
            ],
            "services": [
              {
                "service_id": "srv-245392-48-b0c4981cc3d73b4b",
                "parliament_number": 48,
                "party": "Australian Labor Party",
                "party_abbrev": "ALP",
                "chamber": "representatives"
              }
            ]
          }
        ],
        "education_assertions": [
          {
            "education_id": "edu-245392-9d400b4d9105d281",
            "member_id": "aph-245392",
            "school_name_as_recorded": "Balwyn High School",
            "source_url": "https://handbookapi.aph.gov.au/api/individuals?$filter=PHID eq '245392'",
            "retrieved_at": "2026-10-02T08:23:59.813516+10:00",
            "confidence": "verified",
            "attended_status": "attended_unspecified",
            "institution_resolution": "direct",
            "resolution_source_url": null
          }
        ],
        "parliaments": [
          48
        ],
        "finance_year": 2024,
        "finance_metric": "total_net_recurrent_income_per_student",
        "finance_value": 17608,
        "finance_status": "estimated_indexed",
        "finance_method": "acara_state_sector_geolocation_index",
        "finance_source": "ACARA National Report on Schooling",
        "temporal_warning": "School profile and finance values describe the institution in their reporting year, not the resources available when the parliamentarian attended. Reviewed successor mappings describe the successor institution."
      }
    },
    {
      "type": "Feature",
      "geometry": {
        "type": "Point",
        "coordinates": [
          144.28,
          -36.7551
        ]
      },
      "properties": {
        "institution_id": "acara-40576",
        "acara_id": "40576",
        "school_name": "Bendigo Senior Secondary College",
        "school_sector": "Government",
        "government_non_government": "Government",
        "school_type": "Sec",
        "campus_type": "Sec",
        "year_range": "10-12",
        "state": "VIC",
        "suburb": "Bendigo",
        "postcode": "3552",
        "remoteness_category": "Inner Regional",
        "longitude": 144.28,
        "latitude": -36.7551,
        "profile_year": 2025,
        "total_enrolments": 1918,
        "girls_enrolments": 950,
        "boys_enrolments": 968,
        "fte_enrolments": 1761.5,
        "icsea": 1003,
        "icsea_percentile": 48,
        "sea_bottom_quarter_pct": 35.0,
        "sea_lower_middle_quarter_pct": 30.0,
        "sea_upper_middle_quarter_pct": 21.0,
        "sea_top_quarter_pct": 15.0,
        "indigenous_enrolments_pct": 4.0,
        "lbote_pct": 12.0,
        "member_count": 1,
        "members": [
          {
            "member_id": "aph-299962",
            "name": "DOYLE, Mary",
            "parliaments": [
              48
            ],
            "services": [
              {
                "service_id": "srv-299962-48-3777f6b06483ec96",
                "parliament_number": 48,
                "party": "Australian Labor Party",
                "party_abbrev": "ALP",
                "chamber": "representatives"
              }
            ]
          }
        ],
        "education_assertions": [
          {
            "education_id": "edu-299962-2e32afd05d1e4c6c",
            "member_id": "aph-299962",
            "school_name_as_recorded": "Bendigo Senior Secondary College",
            "source_url": "https://handbookapi.aph.gov.au/api/individuals?$filter=PHID eq '299962'",
            "retrieved_at": "2026-10-02T08:23:59.813516+10:00",
            "confidence": "verified",
            "attended_status": "attended_unspecified",
            "institution_resolution": "direct",
            "resolution_source_url": null
          }
        ],
        "parliaments": [
          48
        ],
        "finance_year": 2024,
        "finance_metric": "total_net_recurrent_income_per_student",
        "finance_value": 20360,
        "finance_status": "benchmark_average",
        "finance_method": "peer_group_average",
        "finance_source": "ACARA National Report on Schooling",
        "temporal_warning": "School profile and finance values describe the institution in their reporting year, not the resources available when the parliamentarian attended. Reviewed successor mappings describe the successor institution."
      }
    },
    {
      "type": "Feature",
      "geometry": {
        "type": "Point",
        "coordinates": [
          145.15,
          -37.8104
        ]
      },
      "properties": {
        "institution_id": "acara-45357",
        "acara_id": "45357",
        "school_name": "Blackburn High School",
        "school_sector": "Government",
        "government_non_government": "Government",
        "school_type": "Sec",
        "campus_type": "Sec",
        "year_range": "7-12",
        "state": "VIC",
        "suburb": "Blackburn",
        "postcode": "3130",
        "remoteness_category": "Major Cities",
        "longitude": 145.15,
        "latitude": -37.8104,
        "profile_year": 2025,
        "total_enrolments": 1289,
        "girls_enrolments": 561,
        "boys_enrolments": 728,
        "fte_enrolments": 1288.2,
        "icsea": 1094,
        "icsea_percentile": 83,
        "sea_bottom_quarter_pct": 10.0,
        "sea_lower_middle_quarter_pct": 19.0,
        "sea_upper_middle_quarter_pct": 33.0,
        "sea_top_quarter_pct": 38.0,
        "indigenous_enrolments_pct": 1.0,
        "lbote_pct": 40.0,
        "member_count": 1,
        "members": [
          {
            "member_id": "aph-281688",
            "name": "WEBSTER, Dr Anne Elizabeth",
            "parliaments": [
              48
            ],
            "services": [
              {
                "service_id": "srv-281688-48-16ac61a4d4845210",
                "parliament_number": 48,
                "party": "The Nationals",
                "party_abbrev": "NP",
                "chamber": "representatives"
              }
            ]
          }
        ],
        "education_assertions": [
          {
            "education_id": "edu-281688-d1c8969ad93ff131",
            "member_id": "aph-281688",
            "school_name_as_recorded": "Blackburn High School",
            "source_url": "https://handbookapi.aph.gov.au/api/individuals?$filter=PHID eq '281688'",
            "retrieved_at": "2026-10-02T08:23:59.813516+10:00",
            "confidence": "verified",
            "attended_status": "attended_unspecified",
            "institution_resolution": "direct",
            "resolution_source_url": null
          }
        ],
        "parliaments": [
          48
        ],
        "finance_year": 2024,
        "finance_metric": "total_net_recurrent_income_per_student",
        "finance_value": 19414,
        "finance_status": "estimated_indexed",
        "finance_method": "acara_state_sector_geolocation_index",
        "finance_source": "ACARA National Report on Schooling",
        "temporal_warning": "School profile and finance values describe the institution in their reporting year, not the resources available when the parliamentarian attended. Reviewed successor mappings describe the successor institution."
      }
    },
    {
      "type": "Feature",
      "geometry": {
        "type": "Point",
        "coordinates": [
          138.595,
          -34.8949
        ]
      },
      "properties": {
        "institution_id": "acara-49693",
        "acara_id": "49693",
        "school_name": "Blackfriars Priory School",
        "school_sector": "Catholic",
        "government_non_government": "Non-government",
        "school_type": "Pri/Sec",
        "campus_type": "Pri/Sec",
        "year_range": "R-12",
        "state": "SA",
        "suburb": "Prospect",
        "postcode": "5082",
        "remoteness_category": "Major Cities",
        "longitude": 138.595,
        "latitude": -34.8949,
        "profile_year": 2025,
        "total_enrolments": 786,
        "girls_enrolments": 0,
        "boys_enrolments": 786,
        "fte_enrolments": 786.0,
        "icsea": 1037,
        "icsea_percentile": 63,
        "sea_bottom_quarter_pct": 24.0,
        "sea_lower_middle_quarter_pct": 24.0,
        "sea_upper_middle_quarter_pct": 28.0,
        "sea_top_quarter_pct": 24.0,
        "indigenous_enrolments_pct": 1.0,
        "lbote_pct": 53.0,
        "member_count": 1,
        "members": [
          {
            "member_id": "aph-i0n",
            "name": "FARRELL, the Hon. Donald (Don) Edward",
            "parliaments": [
              48
            ],
            "services": [
              {
                "service_id": "srv-i0n-48-9b5b7ed0bdb8f9f8",
                "parliament_number": 48,
                "party": "Australian Labor Party",
                "party_abbrev": "ALP",
                "chamber": "senate"
              }
            ]
          }
        ],
        "education_assertions": [
          {
            "education_id": "edu-i0n-109a526106eacf0d",
            "member_id": "aph-i0n",
            "school_name_as_recorded": "Blackfriars Priory School",
            "source_url": "https://handbookapi.aph.gov.au/api/individuals?$filter=PHID eq 'I0N'",
            "retrieved_at": "2026-10-02T08:23:59.813516+10:00",
            "confidence": "verified",
            "attended_status": "attended_unspecified",
            "institution_resolution": "direct",
            "resolution_source_url": null
          }
        ],
        "parliaments": [
          48
        ],
        "finance_year": 2024,
        "finance_metric": "total_net_recurrent_income_per_student",
        "finance_value": 21608,
        "finance_status": "benchmark_average",
        "finance_method": "peer_group_average_high_dispersion_fallback",
        "finance_source": "ACARA National Report on Schooling",
        "temporal_warning": "School profile and finance values describe the institution in their reporting year, not the resources available when the parliamentarian attended. Reviewed successor mappings describe the successor institution."
      }
    },
    {
      "type": "Feature",
      "geometry": {
        "type": "Point",
        "coordinates": [
          148.234196797576,
          -19.9991
        ]
      },
      "properties": {
        "institution_id": "acara-47458",
        "acara_id": "47458",
        "school_name": "Bowen State High School",
        "school_sector": "Government",
        "government_non_government": "Government",
        "school_type": "Sec",
        "campus_type": "Sec",
        "year_range": "7-12",
        "state": "QLD",
        "suburb": "Bowen",
        "postcode": "4805",
        "remoteness_category": "Outer Regional",
        "longitude": 148.234196797576,
        "latitude": -19.9991,
        "profile_year": 2025,
        "total_enrolments": 679,
        "girls_enrolments": 328,
        "boys_enrolments": 351,
        "fte_enrolments": 678.2,
        "icsea": 919,
        "icsea_percentile": 15,
        "sea_bottom_quarter_pct": 51.0,
        "sea_lower_middle_quarter_pct": 32.0,
        "sea_upper_middle_quarter_pct": 13.0,
        "sea_top_quarter_pct": 4.0,
        "indigenous_enrolments_pct": 23.0,
        "lbote_pct": 10.0,
        "member_count": 1,
        "members": [
          {
            "member_id": "aph-286535",
            "name": "WILLCOX, Andrew",
            "parliaments": [
              48
            ],
            "services": [
              {
                "service_id": "srv-286535-48-04d488a3322643f4",
                "parliament_number": 48,
                "party": "The Nationals",
                "party_abbrev": "NP",
                "chamber": "representatives"
              }
            ]
          }
        ],
        "education_assertions": [
          {
            "education_id": "edu-286535-76064d6185d100e1",
            "member_id": "aph-286535",
            "school_name_as_recorded": "Bowen State High School",
            "source_url": "https://handbookapi.aph.gov.au/api/individuals?$filter=PHID eq '286535'",
            "retrieved_at": "2026-10-02T08:23:59.813516+10:00",
            "confidence": "verified",
            "attended_status": "attended_unspecified",
            "institution_resolution": "direct",
            "resolution_source_url": null
          }
        ],
        "parliaments": [
          48
        ],
        "finance_year": 2024,
        "finance_metric": "total_net_recurrent_income_per_student",
        "finance_value": 20843,
        "finance_status": "estimated_indexed",
        "finance_method": "acara_state_sector_geolocation_index",
        "finance_source": "ACARA National Report on Schooling",
        "temporal_warning": "School profile and finance values describe the institution in their reporting year, not the resources available when the parliamentarian attended. Reviewed successor mappings describe the successor institution."
      }
    },
    {
      "type": "Feature",
      "geometry": {
        "type": "Point",
        "coordinates": [
          153.017,
          -27.4599
        ]
      },
      "properties": {
        "institution_id": "acara-48033",
        "acara_id": "48033",
        "school_name": "Brisbane Grammar School",
        "school_sector": "Independent",
        "government_non_government": "Non-government",
        "school_type": "Pri/Sec",
        "campus_type": "Pri/Sec",
        "year_range": "5-12",
        "state": "QLD",
        "suburb": "Brisbane",
        "postcode": "4000",
        "remoteness_category": "Major Cities",
        "longitude": 153.017,
        "latitude": -27.4599,
        "profile_year": 2025,
        "total_enrolments": 1996,
        "girls_enrolments": 0,
        "boys_enrolments": 1996,
        "fte_enrolments": 1996.0,
        "icsea": 1210,
        "icsea_percentile": 99,
        "sea_bottom_quarter_pct": 0.0,
        "sea_lower_middle_quarter_pct": 2.0,
        "sea_upper_middle_quarter_pct": 15.0,
        "sea_top_quarter_pct": 83.0,
        "indigenous_enrolments_pct": 1.0,
        "lbote_pct": 34.0,
        "member_count": 1,
        "members": [
          {
            "member_id": "aph-266524",
            "name": "ROBERTS, Malcolm Ieuan",
            "parliaments": [
              48
            ],
            "services": [
              {
                "service_id": "srv-266524-48-fbcc6a0884fa7abf",
                "parliament_number": 48,
                "party": "Pauline Hanson's One Nation",
                "party_abbrev": "PHON",
                "chamber": "senate"
              }
            ]
          }
        ],
        "education_assertions": [
          {
            "education_id": "edu-266524-42c9a7c4f73ab386",
            "member_id": "aph-266524",
            "school_name_as_recorded": "Brisbane Grammar School",
            "source_url": "https://handbookapi.aph.gov.au/api/individuals?$filter=PHID eq '266524'",
            "retrieved_at": "2026-10-02T08:23:59.813516+10:00",
            "confidence": "verified",
            "attended_status": "attended_unspecified",
            "institution_resolution": "direct",
            "resolution_source_url": null
          }
        ],
        "parliaments": [
          48
        ],
        "finance_year": 2024,
        "finance_metric": "total_net_recurrent_income_per_student",
        "finance_value": 35874,
        "finance_status": "estimated_indexed",
        "finance_method": "acara_state_sector_geolocation_index",
        "finance_source": "ACARA National Report on Schooling",
        "temporal_warning": "School profile and finance values describe the institution in their reporting year, not the resources available when the parliamentarian attended. Reviewed successor mappings describe the successor institution."
      }
    },
    {
      "type": "Feature",
      "geometry": {
        "type": "Point",
        "coordinates": [
          153.019,
          -27.4794
        ]
      },
      "properties": {
        "institution_id": "acara-47408",
        "acara_id": "47408",
        "school_name": "Brisbane State High School",
        "school_sector": "Government",
        "government_non_government": "Government",
        "school_type": "Sec",
        "campus_type": "Sec",
        "year_range": "7-12",
        "state": "QLD",
        "suburb": "South Brisbane",
        "postcode": "4101",
        "remoteness_category": "Major Cities",
        "longitude": 153.019,
        "latitude": -27.4794,
        "profile_year": 2025,
        "total_enrolments": 3594,
        "girls_enrolments": 1735,
        "boys_enrolments": 1859,
        "fte_enrolments": 3585.2,
        "icsea": 1145,
        "icsea_percentile": 94,
        "sea_bottom_quarter_pct": 3.0,
        "sea_lower_middle_quarter_pct": 11.0,
        "sea_upper_middle_quarter_pct": 29.0,
        "sea_top_quarter_pct": 57.0,
        "indigenous_enrolments_pct": 1.0,
        "lbote_pct": 59.0,
        "member_count": 1,
        "members": [
          {
            "member_id": "aph-245759",
            "name": "WATT, the Hon. Murray Patrick",
            "parliaments": [
              48
            ],
            "services": [
              {
                "service_id": "srv-245759-48-8a6ec7858e63311d",
                "parliament_number": 48,
                "party": "Australian Labor Party",
                "party_abbrev": "ALP",
                "chamber": "senate"
              }
            ]
          }
        ],
        "education_assertions": [
          {
            "education_id": "edu-245759-65673379ec09138f",
            "member_id": "aph-245759",
            "school_name_as_recorded": "Brisbane State High School",
            "source_url": "https://handbookapi.aph.gov.au/api/individuals?$filter=PHID eq '245759'",
            "retrieved_at": "2026-10-02T08:23:59.813516+10:00",
            "confidence": "verified",
            "attended_status": "attended_unspecified",
            "institution_resolution": "direct",
            "resolution_source_url": null
          }
        ],
        "parliaments": [
          48
        ],
        "finance_year": 2024,
        "finance_metric": "total_net_recurrent_income_per_student",
        "finance_value": 15093,
        "finance_status": "estimated_indexed",
        "finance_method": "acara_state_sector_geolocation_index",
        "finance_source": "ACARA National Report on Schooling",
        "temporal_warning": "School profile and finance values describe the institution in their reporting year, not the resources available when the parliamentarian attended. Reviewed successor mappings describe the successor institution."
      }
    },
    {
      "type": "Feature",
      "geometry": {
        "type": "Point",
        "coordinates": [
          115.639,
          -33.4055
        ]
      },
      "properties": {
        "institution_id": "acara-49034",
        "acara_id": "49034",
        "school_name": "Bunbury Cathedral Grammar School",
        "school_sector": "Independent",
        "government_non_government": "Non-government",
        "school_type": "Pri/Sec",
        "campus_type": "Pri/Sec",
        "year_range": "PP-12",
        "state": "WA",
        "suburb": "Gelorup",
        "postcode": "6230",
        "remoteness_category": "Inner Regional",
        "longitude": 115.639,
        "latitude": -33.4055,
        "profile_year": 2025,
        "total_enrolments": 663,
        "girls_enrolments": 328,
        "boys_enrolments": 335,
        "fte_enrolments": 663.0,
        "icsea": 1100,
        "icsea_percentile": 84,
        "sea_bottom_quarter_pct": 8.0,
        "sea_lower_middle_quarter_pct": 19.0,
        "sea_upper_middle_quarter_pct": 31.0,
        "sea_top_quarter_pct": 42.0,
        "indigenous_enrolments_pct": 4.0,
        "lbote_pct": 22.0,
        "member_count": 1,
        "members": [
          {
            "member_id": "aph-291406",
            "name": "SMALL, Benjamin (Ben) John",
            "parliaments": [
              48
            ],
            "services": [
              {
                "service_id": "srv-291406-48-c52a56abb2a95806",
                "parliament_number": 48,
                "party": "Liberal Party of Australia",
                "party_abbrev": "LP",
                "chamber": "representatives"
              }
            ]
          }
        ],
        "education_assertions": [
          {
            "education_id": "edu-291406-99f00189e499faba",
            "member_id": "aph-291406",
            "school_name_as_recorded": "Bunbury Cathedral Grammar School",
            "source_url": "https://handbookapi.aph.gov.au/api/individuals?$filter=PHID eq '291406'",
            "retrieved_at": "2026-10-02T08:23:59.813516+10:00",
            "confidence": "verified",
            "attended_status": "attended_unspecified",
            "institution_resolution": "direct",
            "resolution_source_url": null
          }
        ],
        "parliaments": [
          48
        ],
        "finance_year": 2024,
        "finance_metric": "total_net_recurrent_income_per_student",
        "finance_value": 30676,
        "finance_status": "benchmark_average",
        "finance_method": "peer_group_average_high_dispersion_fallback",
        "finance_source": "ACARA National Report on Schooling",
        "temporal_warning": "School profile and finance values describe the institution in their reporting year, not the resources available when the parliamentarian attended. Reviewed successor mappings describe the successor institution."
      }
    },
    {
      "type": "Feature",
      "geometry": {
        "type": "Point",
        "coordinates": [
          152.35,
          -24.877
        ]
      },
      "properties": {
        "institution_id": "acara-47409",
        "acara_id": "47409",
        "school_name": "Bundaberg State High School",
        "school_sector": "Government",
        "government_non_government": "Government",
        "school_type": "Sec",
        "campus_type": "Sec",
        "year_range": "7-12",
        "state": "QLD",
        "suburb": "Bundaberg South",
        "postcode": "4670",
        "remoteness_category": "Inner Regional",
        "longitude": 152.35,
        "latitude": -24.877,
        "profile_year": 2025,
        "total_enrolments": 1593,
        "girls_enrolments": 797,
        "boys_enrolments": 796,
        "fte_enrolments": 1593.0,
        "icsea": 944,
        "icsea_percentile": 23,
        "sea_bottom_quarter_pct": 51.0,
        "sea_lower_middle_quarter_pct": 31.0,
        "sea_upper_middle_quarter_pct": 13.0,
        "sea_top_quarter_pct": 5.0,
        "indigenous_enrolments_pct": 14.0,
        "lbote_pct": 8.0,
        "member_count": 1,
        "members": [
          {
            "member_id": "aph-315478",
            "name": "BATT, David",
            "parliaments": [
              48
            ],
            "services": [
              {
                "service_id": "srv-315478-48-b4e9627bb499ab76",
                "parliament_number": 48,
                "party": "The Nationals",
                "party_abbrev": "NP",
                "chamber": "representatives"
              }
            ]
          }
        ],
        "education_assertions": [
          {
            "education_id": "edu-315478-c320144f54d765ef",
            "member_id": "aph-315478",
            "school_name_as_recorded": "Bundaberg State High School",
            "source_url": "https://handbookapi.aph.gov.au/api/individuals?$filter=PHID eq '315478'",
            "retrieved_at": "2026-10-02T08:23:59.813516+10:00",
            "confidence": "verified",
            "attended_status": "attended_unspecified",
            "institution_resolution": "direct",
            "resolution_source_url": null
          }
        ],
        "parliaments": [
          48
        ],
        "finance_year": 2024,
        "finance_metric": "total_net_recurrent_income_per_student",
        "finance_value": 20983,
        "finance_status": "benchmark_average",
        "finance_method": "peer_group_average",
        "finance_source": "ACARA National Report on Schooling",
        "temporal_warning": "School profile and finance values describe the institution in their reporting year, not the resources available when the parliamentarian attended. Reviewed successor mappings describe the successor institution."
      }
    },
    {
      "type": "Feature",
      "geometry": {
        "type": "Point",
        "coordinates": [
          149.147,
          -35.2781
        ]
      },
      "properties": {
        "institution_id": "acara-49912",
        "acara_id": "49912",
        "school_name": "Campbell High School",
        "school_sector": "Government",
        "government_non_government": "Government",
        "school_type": "Sec",
        "campus_type": "Sec",
        "year_range": "7-10",
        "state": "ACT",
        "suburb": "Campbell",
        "postcode": "2612",
        "remoteness_category": "Major Cities",
        "longitude": 149.147,
        "latitude": -35.2781,
        "profile_year": 2025,
        "total_enrolments": 420,
        "girls_enrolments": 186,
        "boys_enrolments": 234,
        "fte_enrolments": 419.6,
        "icsea": 1120,
        "icsea_percentile": 89,
        "sea_bottom_quarter_pct": 8.0,
        "sea_lower_middle_quarter_pct": 14.0,
        "sea_upper_middle_quarter_pct": 24.0,
        "sea_top_quarter_pct": 54.0,
        "indigenous_enrolments_pct": 5.0,
        "lbote_pct": 22.0,
        "member_count": 1,
        "members": [
          {
            "member_id": "aph-00amn",
            "name": "LEY, the Hon. Sussan Penelope",
            "parliaments": [
              48
            ],
            "services": [
              {
                "service_id": "srv-00amn-48-e8e9342b07c8cdec",
                "parliament_number": 48,
                "party": "Liberal Party of Australia",
                "party_abbrev": "LP",
                "chamber": "representatives"
              }
            ]
          }
        ],
        "education_assertions": [
          {
            "education_id": "edu-00amn-dc4ee49f4bb9b81f",
            "member_id": "aph-00amn",
            "school_name_as_recorded": "Campbell High School",
            "source_url": "https://handbookapi.aph.gov.au/api/individuals?$filter=PHID eq '00AMN'",
            "retrieved_at": "2026-10-02T08:23:59.813516+10:00",
            "confidence": "verified",
            "attended_status": "attended_unspecified",
            "institution_resolution": "direct",
            "resolution_source_url": null
          }
        ],
        "parliaments": [
          48
        ],
        "finance_year": 2024,
        "finance_metric": "total_net_recurrent_income_per_student",
        "finance_value": 20335,
        "finance_status": "benchmark_average",
        "finance_method": "peer_group_average",
        "finance_source": "ACARA National Report on Schooling",
        "temporal_warning": "School profile and finance values describe the institution in their reporting year, not the resources available when the parliamentarian attended. Reviewed successor mappings describe the successor institution."
      }
    },
    {
      "type": "Feature",
      "geometry": {
        "type": "Point",
        "coordinates": [
          149.128,
          -35.3298
        ]
      },
      "properties": {
        "institution_id": "acara-49990",
        "acara_id": "49990",
        "school_name": "Canberra Grammar School",
        "school_sector": "Independent",
        "government_non_government": "Non-government",
        "school_type": "Sec",
        "campus_type": "Sec",
        "year_range": "K-12",
        "state": "ACT",
        "suburb": "Red Hill",
        "postcode": "2603",
        "remoteness_category": "Major Cities",
        "longitude": 149.128,
        "latitude": -35.3298,
        "profile_year": 2025,
        "total_enrolments": 2116,
        "girls_enrolments": 904,
        "boys_enrolments": 1212,
        "fte_enrolments": 2116.0,
        "icsea": 1187,
        "icsea_percentile": 99,
        "sea_bottom_quarter_pct": 1.0,
        "sea_lower_middle_quarter_pct": 5.0,
        "sea_upper_middle_quarter_pct": 18.0,
        "sea_top_quarter_pct": 77.0,
        "indigenous_enrolments_pct": 1.0,
        "lbote_pct": 19.0,
        "member_count": 1,
        "members": [
          {
            "member_id": "aph-300120",
            "name": "PIKE, Henry Jon",
            "parliaments": [
              48
            ],
            "services": [
              {
                "service_id": "srv-300120-48-b4f43f9ac5518d22",
                "parliament_number": 48,
                "party": "Liberal Party of Australia",
                "party_abbrev": "LP",
                "chamber": "representatives"
              }
            ]
          }
        ],
        "education_assertions": [
          {
            "education_id": "edu-300120-fa40096ce38e96a6",
            "member_id": "aph-300120",
            "school_name_as_recorded": "Canberra Grammar School",
            "source_url": "https://handbookapi.aph.gov.au/api/individuals?$filter=PHID eq '300120'",
            "retrieved_at": "2026-10-02T08:23:59.813516+10:00",
            "confidence": "verified",
            "attended_status": "attended_unspecified",
            "institution_resolution": "direct",
            "resolution_source_url": null
          }
        ],
        "parliaments": [
          48
        ],
        "finance_year": 2024,
        "finance_metric": "total_net_recurrent_income_per_student",
        "finance_value": 25176,
        "finance_status": "estimated_indexed",
        "finance_method": "acara_state_sector_geolocation_index",
        "finance_source": "ACARA National Report on Schooling",
        "temporal_warning": "School profile and finance values describe the institution in their reporting year, not the resources available when the parliamentarian attended. Reviewed successor mappings describe the successor institution."
      }
    },
    {
      "type": "Feature",
      "geometry": {
        "type": "Point",
        "coordinates": [
          150.952,
          -33.8846
        ]
      },
      "properties": {
        "institution_id": "acara-41583",
        "acara_id": "41583",
        "school_name": "Canley Vale High School",
        "school_sector": "Government",
        "government_non_government": "Government",
        "school_type": "Sec",
        "campus_type": "Sec",
        "year_range": "7-12",
        "state": "NSW",
        "suburb": "Canley Vale",
        "postcode": "2166",
        "remoteness_category": "Major Cities",
        "longitude": 150.952,
        "latitude": -33.8846,
        "profile_year": 2025,
        "total_enrolments": 1651,
        "girls_enrolments": 815,
        "boys_enrolments": 836,
        "fte_enrolments": 1651.0,
        "icsea": 954,
        "icsea_percentile": 26,
        "sea_bottom_quarter_pct": 55.0,
        "sea_lower_middle_quarter_pct": 27.0,
        "sea_upper_middle_quarter_pct": 14.0,
        "sea_top_quarter_pct": 5.0,
        "indigenous_enrolments_pct": 0.0,
        "lbote_pct": 96.0,
        "member_count": 1,
        "members": [
          {
            "member_id": "aph-hwl",
            "name": "CLARE, the Hon. Jason Dean",
            "parliaments": [
              48
            ],
            "services": [
              {
                "service_id": "srv-hwl-48-93b668709afc5e55",
                "parliament_number": 48,
                "party": "Australian Labor Party",
                "party_abbrev": "ALP",
                "chamber": "representatives"
              }
            ]
          }
        ],
        "education_assertions": [
          {
            "education_id": "edu-hwl-8b19468f659dd4e4",
            "member_id": "aph-hwl",
            "school_name_as_recorded": "Canley Vale High School",
            "source_url": "https://handbookapi.aph.gov.au/api/individuals?$filter=PHID eq 'HWL'",
            "retrieved_at": "2026-10-02T08:23:59.813516+10:00",
            "confidence": "verified",
            "attended_status": "attended_unspecified",
            "institution_resolution": "direct",
            "resolution_source_url": null
          }
        ],
        "parliaments": [
          48
        ],
        "finance_year": 2024,
        "finance_metric": "total_net_recurrent_income_per_student",
        "finance_value": 17674,
        "finance_status": "estimated_indexed",
        "finance_method": "acara_state_sector_geolocation_index",
        "finance_source": "ACARA National Report on Schooling",
        "temporal_warning": "School profile and finance values describe the institution in their reporting year, not the resources available when the parliamentarian attended. Reviewed successor mappings describe the successor institution."
      }
    },
    {
      "type": "Feature",
      "geometry": {
        "type": "Point",
        "coordinates": [
          153.086,
          -27.4609
        ]
      },
      "properties": {
        "institution_id": "acara-48089",
        "acara_id": "48089",
        "school_name": "Cannon Hill Anglican College",
        "school_sector": "Independent",
        "government_non_government": "Non-government",
        "school_type": "Pri/Sec",
        "campus_type": "Pri/Sec",
        "year_range": "Prep-12",
        "state": "QLD",
        "suburb": "Cannon Hill",
        "postcode": "4170",
        "remoteness_category": "Major Cities",
        "longitude": 153.086,
        "latitude": -27.4609,
        "profile_year": 2025,
        "total_enrolments": 1355,
        "girls_enrolments": 674,
        "boys_enrolments": 681,
        "fte_enrolments": 1355.0,
        "icsea": 1174,
        "icsea_percentile": 98,
        "sea_bottom_quarter_pct": 1.0,
        "sea_lower_middle_quarter_pct": 6.0,
        "sea_upper_middle_quarter_pct": 24.0,
        "sea_top_quarter_pct": 69.0,
        "indigenous_enrolments_pct": 0.0,
        "lbote_pct": 19.0,
        "member_count": 1,
        "members": [
          {
            "member_id": "aph-312323",
            "name": "COFFEY, Renee",
            "parliaments": [
              48
            ],
            "services": [
              {
                "service_id": "srv-312323-48-f54eab20e36411e7",
                "parliament_number": 48,
                "party": "Australian Labor Party",
                "party_abbrev": "ALP",
                "chamber": "representatives"
              }
            ]
          }
        ],
        "education_assertions": [
          {
            "education_id": "edu-312323-d8d320fc9a28abb1",
            "member_id": "aph-312323",
            "school_name_as_recorded": "Cannon Hill Anglican College",
            "source_url": "https://handbookapi.aph.gov.au/api/individuals?$filter=PHID eq '312323'",
            "retrieved_at": "2026-10-02T08:23:59.813516+10:00",
            "confidence": "verified",
            "attended_status": "attended_unspecified",
            "institution_resolution": "direct",
            "resolution_source_url": null
          }
        ],
        "parliaments": [
          48
        ],
        "finance_year": 2024,
        "finance_metric": "total_net_recurrent_income_per_student",
        "finance_value": 27771,
        "finance_status": "benchmark_average",
        "finance_method": "peer_group_average",
        "finance_source": "ACARA National Report on Schooling",
        "temporal_warning": "School profile and finance values describe the institution in their reporting year, not the resources available when the parliamentarian attended. Reviewed successor mappings describe the successor institution."
      }
    },
    {
      "type": "Feature",
      "geometry": {
        "type": "Point",
        "coordinates": [
          138.498,
          -35.1455
        ]
      },
      "properties": {
        "institution_id": "acara-49688",
        "acara_id": "49688",
        "school_name": "Cardijn College - Marian Campus",
        "school_sector": "Catholic",
        "government_non_government": "Non-government",
        "school_type": "Sec",
        "campus_type": "Sec",
        "year_range": "R-12",
        "state": "SA",
        "suburb": "Noarlunga Downs",
        "postcode": "5168",
        "remoteness_category": "Major Cities",
        "longitude": 138.498,
        "latitude": -35.1455,
        "profile_year": 2025,
        "total_enrolments": 2247,
        "girls_enrolments": 1042,
        "boys_enrolments": 1205,
        "fte_enrolments": 2246.4,
        "icsea": 1019,
        "icsea_percentile": 55,
        "sea_bottom_quarter_pct": 25.0,
        "sea_lower_middle_quarter_pct": 38.0,
        "sea_upper_middle_quarter_pct": 27.0,
        "sea_top_quarter_pct": 10.0,
        "indigenous_enrolments_pct": 2.0,
        "lbote_pct": 3.0,
        "member_count": 1,
        "members": [
          {
            "member_id": "aph-265980",
            "name": "SHARKIE, Rebekha Carina Che",
            "parliaments": [
              48
            ],
            "services": [
              {
                "service_id": "srv-265980-48-08dd29d42185f2a4",
                "parliament_number": 48,
                "party": "Centre Alliance",
                "party_abbrev": "CA",
                "chamber": "representatives"
              }
            ]
          }
        ],
        "education_assertions": [
          {
            "education_id": "edu-265980-f2e0739b466ed091",
            "member_id": "aph-265980",
            "school_name_as_recorded": "Cardijn College",
            "source_url": "https://handbookapi.aph.gov.au/api/individuals?$filter=PHID eq '265980'",
            "retrieved_at": "2026-10-02T08:23:59.813516+10:00",
            "confidence": "verified",
            "attended_status": "attended_unspecified",
            "institution_resolution": "direct",
            "resolution_source_url": null
          }
        ],
        "parliaments": [
          48
        ],
        "finance_year": 2024,
        "finance_metric": "total_net_recurrent_income_per_student",
        "finance_value": 21608,
        "finance_status": "benchmark_average",
        "finance_method": "peer_group_average_high_dispersion_fallback",
        "finance_source": "ACARA National Report on Schooling",
        "temporal_warning": "School profile and finance values describe the institution in their reporting year, not the resources available when the parliamentarian attended. Reviewed successor mappings describe the successor institution."
      }
    },
    {
      "type": "Feature",
      "geometry": {
        "type": "Point",
        "coordinates": [
          137.749,
          -32.4843
        ]
      },
      "properties": {
        "institution_id": "acara-49780",
        "acara_id": "49780",
        "school_name": "Caritas College",
        "school_sector": "Catholic",
        "government_non_government": "Non-government",
        "school_type": "Pri/Sec",
        "campus_type": "Pri/Sec",
        "year_range": "R-12",
        "state": "SA",
        "suburb": "Port Augusta West",
        "postcode": "5700",
        "remoteness_category": "Outer Regional",
        "longitude": 137.749,
        "latitude": -32.4843,
        "profile_year": 2025,
        "total_enrolments": 541,
        "girls_enrolments": 291,
        "boys_enrolments": 250,
        "fte_enrolments": 540.1,
        "icsea": 995,
        "icsea_percentile": 45,
        "sea_bottom_quarter_pct": 26.0,
        "sea_lower_middle_quarter_pct": 35.0,
        "sea_upper_middle_quarter_pct": 25.0,
        "sea_top_quarter_pct": 14.0,
        "indigenous_enrolments_pct": 16.0,
        "lbote_pct": 11.0,
        "member_count": 1,
        "members": [
          {
            "member_id": "aph-218019",
            "name": "HOGAN, the Hon. Kevin John",
            "parliaments": [
              48
            ],
            "services": [
              {
                "service_id": "srv-218019-48-49770e8b58bd1ed6",
                "parliament_number": 48,
                "party": "The Nationals",
                "party_abbrev": "NP",
                "chamber": "representatives"
              }
            ]
          }
        ],
        "education_assertions": [
          {
            "education_id": "edu-218019-e89f60bfeb4d4fa3",
            "member_id": "aph-218019",
            "school_name_as_recorded": "Caritas College",
            "source_url": "https://handbookapi.aph.gov.au/api/individuals?$filter=PHID eq '218019'",
            "retrieved_at": "2026-10-02T08:23:59.813516+10:00",
            "confidence": "verified",
            "attended_status": "attended_unspecified",
            "institution_resolution": "direct",
            "resolution_source_url": null
          }
        ],
        "parliaments": [
          48
        ],
        "finance_year": 2024,
        "finance_metric": "total_net_recurrent_income_per_student",
        "finance_value": 24759,
        "finance_status": "benchmark_average",
        "finance_method": "peer_group_average_high_dispersion_fallback",
        "finance_source": "ACARA National Report on Schooling",
        "temporal_warning": "School profile and finance values describe the institution in their reporting year, not the resources available when the parliamentarian attended. Reviewed successor mappings describe the successor institution."
      }
    },
    {
      "type": "Feature",
      "geometry": {
        "type": "Point",
        "coordinates": [
          152.94,
          -27.5385
        ]
      },
      "properties": {
        "institution_id": "acara-47217",
        "acara_id": "47217",
        "school_name": "Centenary State High School",
        "school_sector": "Government",
        "government_non_government": "Government",
        "school_type": "Sec",
        "campus_type": "Sec",
        "year_range": "7-12",
        "state": "QLD",
        "suburb": "Jindalee",
        "postcode": "4074",
        "remoteness_category": "Major Cities",
        "longitude": 152.94,
        "latitude": -27.5385,
        "profile_year": 2025,
        "total_enrolments": 1719,
        "girls_enrolments": 829,
        "boys_enrolments": 890,
        "fte_enrolments": 1719.0,
        "icsea": 1049,
        "icsea_percentile": 68,
        "sea_bottom_quarter_pct": 18.0,
        "sea_lower_middle_quarter_pct": 29.0,
        "sea_upper_middle_quarter_pct": 31.0,
        "sea_top_quarter_pct": 22.0,
        "indigenous_enrolments_pct": 3.0,
        "lbote_pct": 38.0,
        "member_count": 1,
        "members": [
          {
            "member_id": "aph-277110",
            "name": "MULHOLLAND, Corinne",
            "parliaments": [
              48
            ],
            "services": [
              {
                "service_id": "srv-277110-48-8a6ec7858e63311d",
                "parliament_number": 48,
                "party": "Australian Labor Party",
                "party_abbrev": "ALP",
                "chamber": "senate"
              }
            ]
          }
        ],
        "education_assertions": [
          {
            "education_id": "edu-277110-ad75bd51cc808995",
            "member_id": "aph-277110",
            "school_name_as_recorded": "Centenary State High School",
            "source_url": "https://handbookapi.aph.gov.au/api/individuals?$filter=PHID eq '277110'",
            "retrieved_at": "2026-10-02T08:23:59.813516+10:00",
            "confidence": "verified",
            "attended_status": "attended_unspecified",
            "institution_resolution": "direct",
            "resolution_source_url": null
          }
        ],
        "parliaments": [
          48
        ],
        "finance_year": 2024,
        "finance_metric": "total_net_recurrent_income_per_student",
        "finance_value": 19749,
        "finance_status": "benchmark_average",
        "finance_method": "peer_group_average",
        "finance_source": "ACARA National Report on Schooling",
        "temporal_warning": "School profile and finance values describe the institution in their reporting year, not the resources available when the parliamentarian attended. Reviewed successor mappings describe the successor institution."
      }
    },
    {
      "type": "Feature",
      "geometry": {
        "type": "Point",
        "coordinates": [
          151.399,
          -33.4257
        ]
      },
      "properties": {
        "institution_id": "acara-43945",
        "acara_id": "43945",
        "school_name": "Central Coast Grammar School",
        "school_sector": "Independent",
        "government_non_government": "Non-government",
        "school_type": "Pri/Sec",
        "campus_type": "Pri/Sec",
        "year_range": "K-12",
        "state": "NSW",
        "suburb": "Erina Heights",
        "postcode": "2260",
        "remoteness_category": "Major Cities",
        "longitude": 151.399,
        "latitude": -33.4257,
        "profile_year": 2025,
        "total_enrolments": 1561,
        "girls_enrolments": 759,
        "boys_enrolments": 802,
        "fte_enrolments": 1561.0,
        "icsea": 1155,
        "icsea_percentile": 96,
        "sea_bottom_quarter_pct": 2.0,
        "sea_lower_middle_quarter_pct": 10.0,
        "sea_upper_middle_quarter_pct": 26.0,
        "sea_top_quarter_pct": 62.0,
        "indigenous_enrolments_pct": 2.0,
        "lbote_pct": 16.0,
        "member_count": 1,
        "members": [
          {
            "member_id": "aph-300126",
            "name": "REID, Gordon James",
            "parliaments": [
              48
            ],
            "services": [
              {
                "service_id": "srv-300126-48-b753d34bd472e4fe",
                "parliament_number": 48,
                "party": "Australian Labor Party",
                "party_abbrev": "ALP",
                "chamber": "representatives"
              }
            ]
          }
        ],
        "education_assertions": [
          {
            "education_id": "edu-300126-08cced3feb909903",
            "member_id": "aph-300126",
            "school_name_as_recorded": "Central Coast Grammar School",
            "source_url": "https://handbookapi.aph.gov.au/api/individuals?$filter=PHID eq '300126'",
            "retrieved_at": "2026-10-02T08:23:59.813516+10:00",
            "confidence": "verified",
            "attended_status": "attended_unspecified",
            "institution_resolution": "direct",
            "resolution_source_url": null
          }
        ],
        "parliaments": [
          48
        ],
        "finance_year": 2024,
        "finance_metric": "total_net_recurrent_income_per_student",
        "finance_value": 22629,
        "finance_status": "estimated_indexed",
        "finance_method": "acara_state_sector_geolocation_index",
        "finance_source": "ACARA National Report on Schooling",
        "temporal_warning": "School profile and finance values describe the institution in their reporting year, not the resources available when the parliamentarian attended. Reviewed successor mappings describe the successor institution."
      }
    },
    {
      "type": "Feature",
      "geometry": {
        "type": "Point",
        "coordinates": [
          150.62,
          -26.7489
        ]
      },
      "properties": {
        "institution_id": "acara-47472",
        "acara_id": "47472",
        "school_name": "Chinchilla State High School",
        "school_sector": "Government",
        "government_non_government": "Government",
        "school_type": "Sec",
        "campus_type": "Sec",
        "year_range": "7-12",
        "state": "QLD",
        "suburb": "Chinchilla",
        "postcode": "4413",
        "remoteness_category": "Outer Regional",
        "longitude": 150.62,
        "latitude": -26.7489,
        "profile_year": 2025,
        "total_enrolments": 572,
        "girls_enrolments": 264,
        "boys_enrolments": 308,
        "fte_enrolments": 572.0,
        "icsea": 941,
        "icsea_percentile": 22,
        "sea_bottom_quarter_pct": 48.0,
        "sea_lower_middle_quarter_pct": 31.0,
        "sea_upper_middle_quarter_pct": 16.0,
        "sea_top_quarter_pct": 4.0,
        "indigenous_enrolments_pct": 16.0,
        "lbote_pct": 3.0,
        "member_count": 1,
        "members": [
          {
            "member_id": "aph-265585",
            "name": "LITTLEPROUD, the Hon. David Kelly",
            "parliaments": [
              48
            ],
            "services": [
              {
                "service_id": "srv-265585-48-e39e276e3cc1c921",
                "parliament_number": 48,
                "party": "The Nationals",
                "party_abbrev": "NP",
                "chamber": "representatives"
              }
            ]
          }
        ],
        "education_assertions": [
          {
            "education_id": "edu-265585-1811b417a3ef059a",
            "member_id": "aph-265585",
            "school_name_as_recorded": "Chinchilla State High School",
            "source_url": "https://handbookapi.aph.gov.au/api/individuals?$filter=PHID eq '265585'",
            "retrieved_at": "2026-10-02T08:23:59.813516+10:00",
            "confidence": "verified",
            "attended_status": "attended_unspecified",
            "institution_resolution": "direct",
            "resolution_source_url": null
          }
        ],
        "parliaments": [
          48
        ],
        "finance_year": 2024,
        "finance_metric": "total_net_recurrent_income_per_student",
        "finance_value": 22859,
        "finance_status": "estimated_indexed",
        "finance_method": "acara_state_sector_geolocation_index",
        "finance_source": "ACARA National Report on Schooling",
        "temporal_warning": "School profile and finance values describe the institution in their reporting year, not the resources available when the parliamentarian attended. Reviewed successor mappings describe the successor institution."
      }
    },
    {
      "type": "Feature",
      "geometry": {
        "type": "Point",
        "coordinates": [
          147.389,
          -42.8779
        ]
      },
      "properties": {
        "institution_id": "acara-40129",
        "acara_id": "40129",
        "school_name": "Clarence High School",
        "school_sector": "Government",
        "government_non_government": "Government",
        "school_type": "Sec",
        "campus_type": "Sec",
        "year_range": "7-12",
        "state": "TAS",
        "suburb": "Bellerive",
        "postcode": "7018",
        "remoteness_category": "Inner Regional",
        "longitude": 147.389,
        "latitude": -42.8779,
        "profile_year": 2025,
        "total_enrolments": 626,
        "girls_enrolments": 316,
        "boys_enrolments": 310,
        "fte_enrolments": 623.2,
        "icsea": 1021,
        "icsea_percentile": 56,
        "sea_bottom_quarter_pct": 25.0,
        "sea_lower_middle_quarter_pct": 30.0,
        "sea_upper_middle_quarter_pct": 26.0,
        "sea_top_quarter_pct": 19.0,
        "indigenous_enrolments_pct": 7.0,
        "lbote_pct": 7.0,
        "member_count": 1,
        "members": [
          {
            "member_id": "aph-00aol",
            "name": "COLBECK, the Hon. Richard Mansell",
            "parliaments": [
              48
            ],
            "services": [
              {
                "service_id": "srv-00aol-48-2bf21d49824a86c4",
                "parliament_number": 48,
                "party": "Liberal Party of Australia",
                "party_abbrev": "LP",
                "chamber": "senate"
              }
            ]
          }
        ],
        "education_assertions": [
          {
            "education_id": "edu-00aol-60c07285c22a4193",
            "member_id": "aph-00aol",
            "school_name_as_recorded": "Clarence High School",
            "source_url": "https://handbookapi.aph.gov.au/api/individuals?$filter=PHID eq '00AOL'",
            "retrieved_at": "2026-10-02T08:23:59.813516+10:00",
            "confidence": "verified",
            "attended_status": "attended_unspecified",
            "institution_resolution": "direct",
            "resolution_source_url": null
          }
        ],
        "parliaments": [
          48
        ],
        "finance_year": 2024,
        "finance_metric": "total_net_recurrent_income_per_student",
        "finance_value": 22022,
        "finance_status": "benchmark_average",
        "finance_method": "peer_group_average",
        "finance_source": "ACARA National Report on Schooling",
        "temporal_warning": "School profile and finance values describe the institution in their reporting year, not the resources available when the parliamentarian attended. Reviewed successor mappings describe the successor institution."
      }
    },
    {
      "type": "Feature",
      "geometry": {
        "type": "Point",
        "coordinates": [
          153.052,
          -27.42
        ]
      },
      "properties": {
        "institution_id": "acara-48012",
        "acara_id": "48012",
        "school_name": "Clayfield College",
        "school_sector": "Independent",
        "government_non_government": "Non-government",
        "school_type": "Pri/Sec",
        "campus_type": "Pri/Sec",
        "year_range": "Prep-12",
        "state": "QLD",
        "suburb": "Clayfield",
        "postcode": "4011",
        "remoteness_category": "Major Cities",
        "longitude": 153.052,
        "latitude": -27.42,
        "profile_year": 2025,
        "total_enrolments": 604,
        "girls_enrolments": 411,
        "boys_enrolments": 193,
        "fte_enrolments": 604.0,
        "icsea": 1135,
        "icsea_percentile": 92,
        "sea_bottom_quarter_pct": 4.0,
        "sea_lower_middle_quarter_pct": 10.0,
        "sea_upper_middle_quarter_pct": 25.0,
        "sea_top_quarter_pct": 61.0,
        "indigenous_enrolments_pct": 6.0,
        "lbote_pct": 34.0,
        "member_count": 1,
        "members": [
          {
            "member_id": "aph-300127",
            "name": "WATSON-BROWN, Elizabeth",
            "parliaments": [
              48
            ],
            "services": [
              {
                "service_id": "srv-300127-48-dfbc433c4cdfc1dc",
                "parliament_number": 48,
                "party": "Australian Greens",
                "party_abbrev": "GRN",
                "chamber": "representatives"
              }
            ]
          }
        ],
        "education_assertions": [
          {
            "education_id": "edu-300127-aa7444ab14218932",
            "member_id": "aph-300127",
            "school_name_as_recorded": "Clayfield College",
            "source_url": "https://handbookapi.aph.gov.au/api/individuals?$filter=PHID eq '300127'",
            "retrieved_at": "2026-10-02T08:23:59.813516+10:00",
            "confidence": "verified",
            "attended_status": "attended_unspecified",
            "institution_resolution": "direct",
            "resolution_source_url": null
          }
        ],
        "parliaments": [
          48
        ],
        "finance_year": 2024,
        "finance_metric": "total_net_recurrent_income_per_student",
        "finance_value": 27926,
        "finance_status": "estimated_indexed",
        "finance_method": "acara_state_sector_geolocation_index",
        "finance_source": "ACARA National Report on Schooling",
        "temporal_warning": "School profile and finance values describe the institution in their reporting year, not the resources available when the parliamentarian attended. Reviewed successor mappings describe the successor institution."
      }
    },
    {
      "type": "Feature",
      "geometry": {
        "type": "Point",
        "coordinates": [
          115.765,
          -32.4157
        ]
      },
      "properties": {
        "institution_id": "acara-48255",
        "acara_id": "48255",
        "school_name": "Comet Bay College",
        "school_sector": "Government",
        "government_non_government": "Government",
        "school_type": "Sec",
        "campus_type": "Sec",
        "year_range": "7-12",
        "state": "WA",
        "suburb": "Secret Harbour",
        "postcode": "6173",
        "remoteness_category": "Major Cities",
        "longitude": 115.765,
        "latitude": -32.4157,
        "profile_year": 2025,
        "total_enrolments": 1879,
        "girls_enrolments": 873,
        "boys_enrolments": 1006,
        "fte_enrolments": 1879.0,
        "icsea": 1004,
        "icsea_percentile": 49,
        "sea_bottom_quarter_pct": 31.0,
        "sea_lower_middle_quarter_pct": 35.0,
        "sea_upper_middle_quarter_pct": 24.0,
        "sea_top_quarter_pct": 10.0,
        "indigenous_enrolments_pct": 6.0,
        "lbote_pct": 4.0,
        "member_count": 1,
        "members": [
          {
            "member_id": "aph-316555",
            "name": "WHITEAKER, Ellie",
            "parliaments": [
              48
            ],
            "services": [
              {
                "service_id": "srv-316555-48-0f413a30c40b77b0",
                "parliament_number": 48,
                "party": "Australian Labor Party",
                "party_abbrev": "ALP",
                "chamber": "senate"
              }
            ]
          }
        ],
        "education_assertions": [
          {
            "education_id": "edu-316555-47109aa894ef7217",
            "member_id": "aph-316555",
            "school_name_as_recorded": "Comet Bay College",
            "source_url": "https://handbookapi.aph.gov.au/api/individuals?$filter=PHID eq '316555'",
            "retrieved_at": "2026-10-02T08:23:59.813516+10:00",
            "confidence": "verified",
            "attended_status": "attended_unspecified",
            "institution_resolution": "direct",
            "resolution_source_url": null
          }
        ],
        "parliaments": [
          48
        ],
        "finance_year": 2024,
        "finance_metric": "total_net_recurrent_income_per_student",
        "finance_value": 20531,
        "finance_status": "benchmark_average",
        "finance_method": "peer_group_average",
        "finance_source": "ACARA National Report on Schooling",
        "temporal_warning": "School profile and finance values describe the institution in their reporting year, not the resources available when the parliamentarian attended. Reviewed successor mappings describe the successor institution."
      }
    },
    {
      "type": "Feature",
      "geometry": {
        "type": "Point",
        "coordinates": [
          115.842,
          -32.0566
        ]
      },
      "properties": {
        "institution_id": "acara-48978",
        "acara_id": "48978",
        "school_name": "Corpus Christi College",
        "school_sector": "Catholic",
        "government_non_government": "Non-government",
        "school_type": "Pri/Sec",
        "campus_type": "Pri/Sec",
        "year_range": "PP-12",
        "state": "WA",
        "suburb": "Bateman",
        "postcode": "6150",
        "remoteness_category": "Major Cities",
        "longitude": 115.842,
        "latitude": -32.0566,
        "profile_year": 2025,
        "total_enrolments": 1789,
        "girls_enrolments": 949,
        "boys_enrolments": 840,
        "fte_enrolments": 1789.0,
        "icsea": 1116,
        "icsea_percentile": 88,
        "sea_bottom_quarter_pct": 6.0,
        "sea_lower_middle_quarter_pct": 17.0,
        "sea_upper_middle_quarter_pct": 31.0,
        "sea_top_quarter_pct": 46.0,
        "indigenous_enrolments_pct": 1.0,
        "lbote_pct": 28.0,
        "member_count": 1,
        "members": [
          {
            "member_id": "aph-248353",
            "name": "McBRIDE, the Hon. Emma Margaret",
            "parliaments": [
              48
            ],
            "services": [
              {
                "service_id": "srv-248353-48-c0ea7a4539021e3a",
                "parliament_number": 48,
                "party": "Australian Labor Party",
                "party_abbrev": "ALP",
                "chamber": "representatives"
              }
            ]
          }
        ],
        "education_assertions": [
          {
            "education_id": "edu-248353-d56cd65cb492a25d",
            "member_id": "aph-248353",
            "school_name_as_recorded": "Corpus Christi College",
            "source_url": "https://handbookapi.aph.gov.au/api/individuals?$filter=PHID eq '248353'",
            "retrieved_at": "2026-10-02T08:23:59.813516+10:00",
            "confidence": "verified",
            "attended_status": "attended_unspecified",
            "institution_resolution": "direct",
            "resolution_source_url": null
          }
        ],
        "parliaments": [
          48
        ],
        "finance_year": 2024,
        "finance_metric": "total_net_recurrent_income_per_student",
        "finance_value": 22244,
        "finance_status": "benchmark_average",
        "finance_method": "peer_group_average",
        "finance_source": "ACARA National Report on Schooling",
        "temporal_warning": "School profile and finance values describe the institution in their reporting year, not the resources available when the parliamentarian attended. Reviewed successor mappings describe the successor institution."
      }
    },
    {
      "type": "Feature",
      "geometry": {
        "type": "Point",
        "coordinates": [
          147.283,
          -42.8365
        ]
      },
      "properties": {
        "institution_id": "acara-40054",
        "acara_id": "40054",
        "school_name": "Cosgrove High School",
        "school_sector": "Government",
        "government_non_government": "Government",
        "school_type": "Sec",
        "campus_type": "Sec",
        "year_range": "7-12",
        "state": "TAS",
        "suburb": "Glenorchy",
        "postcode": "7010",
        "remoteness_category": "Inner Regional",
        "longitude": 147.283,
        "latitude": -42.8365,
        "profile_year": 2025,
        "total_enrolments": 313,
        "girls_enrolments": 136,
        "boys_enrolments": 177,
        "fte_enrolments": 313.0,
        "icsea": 867,
        "icsea_percentile": 6,
        "sea_bottom_quarter_pct": 73.0,
        "sea_lower_middle_quarter_pct": 22.0,
        "sea_upper_middle_quarter_pct": 5.0,
        "sea_top_quarter_pct": 1.0,
        "indigenous_enrolments_pct": 24.0,
        "lbote_pct": 7.0,
        "member_count": 1,
        "members": [
          {
            "member_id": "aph-hwm",
            "name": "COLLINS, the Hon. Julie Maree",
            "parliaments": [
              48
            ],
            "services": [
              {
                "service_id": "srv-hwm-48-1f725ace81baa86f",
                "parliament_number": 48,
                "party": "Australian Labor Party",
                "party_abbrev": "ALP",
                "chamber": "representatives"
              }
            ]
          }
        ],
        "education_assertions": [
          {
            "education_id": "edu-hwm-d92fae912bf993e1",
            "member_id": "aph-hwm",
            "school_name_as_recorded": "Cosgrove High School",
            "source_url": "https://handbookapi.aph.gov.au/api/individuals?$filter=PHID eq 'HWM'",
            "retrieved_at": "2026-10-02T08:23:59.813516+10:00",
            "confidence": "verified",
            "attended_status": "attended_unspecified",
            "institution_resolution": "direct",
            "resolution_source_url": null
          }
        ],
        "parliaments": [
          48
        ],
        "finance_year": 2024,
        "finance_metric": "total_net_recurrent_income_per_student",
        "finance_value": 27485,
        "finance_status": "estimated_indexed",
        "finance_method": "acara_state_sector_geolocation_index",
        "finance_source": "ACARA National Report on Schooling",
        "temporal_warning": "School profile and finance values describe the institution in their reporting year, not the resources available when the parliamentarian attended. Reviewed successor mappings describe the successor institution."
      }
    },
    {
      "type": "Feature",
      "geometry": {
        "type": "Point",
        "coordinates": [
          151.252,
          -33.8717
        ]
      },
      "properties": {
        "institution_id": "acara-43969",
        "acara_id": "43969",
        "school_name": "Cranbrook School",
        "school_sector": "Independent",
        "government_non_government": "Non-government",
        "school_type": "Sec",
        "campus_type": "Sec",
        "year_range": "K-12",
        "state": "NSW",
        "suburb": "Bellevue Hill",
        "postcode": "2023",
        "remoteness_category": "Major Cities",
        "longitude": 151.252,
        "latitude": -33.8717,
        "profile_year": 2025,
        "total_enrolments": 1693,
        "girls_enrolments": 0,
        "boys_enrolments": 1693,
        "fte_enrolments": 1693.0,
        "icsea": 1181,
        "icsea_percentile": 99,
        "sea_bottom_quarter_pct": 0.0,
        "sea_lower_middle_quarter_pct": 5.0,
        "sea_upper_middle_quarter_pct": 21.0,
        "sea_top_quarter_pct": 73.0,
        "indigenous_enrolments_pct": 0.0,
        "lbote_pct": 27.0,
        "member_count": 1,
        "members": [
          {
            "member_id": "aph-109556",
            "name": "LEESER, Julian Martin",
            "parliaments": [
              48
            ],
            "services": [
              {
                "service_id": "srv-109556-48-457ead6e71ff4f06",
                "parliament_number": 48,
                "party": "Liberal Party of Australia",
                "party_abbrev": "LP",
                "chamber": "representatives"
              }
            ]
          }
        ],
        "education_assertions": [
          {
            "education_id": "edu-109556-66ac7b18d40f6d28",
            "member_id": "aph-109556",
            "school_name_as_recorded": "Cranbrook School",
            "source_url": "https://handbookapi.aph.gov.au/api/individuals?$filter=PHID eq '109556'",
            "retrieved_at": "2026-10-02T08:23:59.813516+10:00",
            "confidence": "verified",
            "attended_status": "attended_unspecified",
            "institution_resolution": "direct",
            "resolution_source_url": null
          }
        ],
        "parliaments": [
          48
        ],
        "finance_year": 2024,
        "finance_metric": "total_net_recurrent_income_per_student",
        "finance_value": 31663,
        "finance_status": "estimated_indexed",
        "finance_method": "acara_state_sector_geolocation_index",
        "finance_source": "ACARA National Report on Schooling",
        "temporal_warning": "School profile and finance values describe the institution in their reporting year, not the resources available when the parliamentarian attended. Reviewed successor mappings describe the successor institution."
      }
    },
    {
      "type": "Feature",
      "geometry": {
        "type": "Point",
        "coordinates": [
          151.037,
          -33.7852
        ]
      },
      "properties": {
        "institution_id": "acara-41849",
        "acara_id": "41849",
        "school_name": "Cumberland High School",
        "school_sector": "Government",
        "government_non_government": "Government",
        "school_type": "Sec",
        "campus_type": "Sec",
        "year_range": "7-12",
        "state": "NSW",
        "suburb": "Carlingford",
        "postcode": "2118",
        "remoteness_category": "Major Cities",
        "longitude": 151.037,
        "latitude": -33.7852,
        "profile_year": 2025,
        "total_enrolments": 1173,
        "girls_enrolments": 491,
        "boys_enrolments": 682,
        "fte_enrolments": 1171.9,
        "icsea": 1060,
        "icsea_percentile": 72,
        "sea_bottom_quarter_pct": 16.0,
        "sea_lower_middle_quarter_pct": 24.0,
        "sea_upper_middle_quarter_pct": 32.0,
        "sea_top_quarter_pct": 27.0,
        "indigenous_enrolments_pct": 2.0,
        "lbote_pct": 79.0,
        "member_count": 1,
        "members": [
          {
            "member_id": "aph-hwo",
            "name": "HAWKE, the Hon. Alexander (Alex) George",
            "parliaments": [
              48
            ],
            "services": [
              {
                "service_id": "srv-hwo-48-bffccf73ec440a9d",
                "parliament_number": 48,
                "party": "Liberal Party of Australia",
                "party_abbrev": "LP",
                "chamber": "representatives"
              }
            ]
          }
        ],
        "education_assertions": [
          {
            "education_id": "edu-hwo-8e0d9f804dccb1cc",
            "member_id": "aph-hwo",
            "school_name_as_recorded": "Cumberland High School",
            "source_url": "https://handbookapi.aph.gov.au/api/individuals?$filter=PHID eq 'HWO'",
            "retrieved_at": "2026-10-02T08:23:59.813516+10:00",
            "confidence": "verified",
            "attended_status": "attended_unspecified",
            "institution_resolution": "direct",
            "resolution_source_url": null
          }
        ],
        "parliaments": [
          48
        ],
        "finance_year": 2024,
        "finance_metric": "total_net_recurrent_income_per_student",
        "finance_value": 17938,
        "finance_status": "estimated_indexed",
        "finance_method": "acara_state_sector_geolocation_index",
        "finance_source": "ACARA National Report on Schooling",
        "temporal_warning": "School profile and finance values describe the institution in their reporting year, not the resources available when the parliamentarian attended. Reviewed successor mappings describe the successor institution."
      }
    },
    {
      "type": "Feature",
      "geometry": {
        "type": "Point",
        "coordinates": [
          152.981,
          -27.2296
        ]
      },
      "properties": {
        "institution_id": "acara-47521",
        "acara_id": "47521",
        "school_name": "Dakabin State High School",
        "school_sector": "Government",
        "government_non_government": "Government",
        "school_type": "Sec",
        "campus_type": "Sec",
        "year_range": "7-12",
        "state": "QLD",
        "suburb": "Dakabin",
        "postcode": "4503",
        "remoteness_category": "Major Cities",
        "longitude": 152.981,
        "latitude": -27.2296,
        "profile_year": 2025,
        "total_enrolments": 980,
        "girls_enrolments": 458,
        "boys_enrolments": 522,
        "fte_enrolments": 979.4,
        "icsea": 940,
        "icsea_percentile": 21,
        "sea_bottom_quarter_pct": 56.0,
        "sea_lower_middle_quarter_pct": 31.0,
        "sea_upper_middle_quarter_pct": 11.0,
        "sea_top_quarter_pct": 2.0,
        "indigenous_enrolments_pct": 12.0,
        "lbote_pct": 13.0,
        "member_count": 1,
        "members": [
          {
            "member_id": "aph-201906",
            "name": "YOUNG, Terry James",
            "parliaments": [
              48
            ],
            "services": [
              {
                "service_id": "srv-201906-48-9d203a7ab5d28a78",
                "parliament_number": 48,
                "party": "Liberal Party of Australia",
                "party_abbrev": "LP",
                "chamber": "representatives"
              }
            ]
          }
        ],
        "education_assertions": [
          {
            "education_id": "edu-201906-3021f95a0b9c84f2",
            "member_id": "aph-201906",
            "school_name_as_recorded": "Dakabin State High School",
            "source_url": "https://handbookapi.aph.gov.au/api/individuals?$filter=PHID eq '201906'",
            "retrieved_at": "2026-10-02T08:23:59.813516+10:00",
            "confidence": "verified",
            "attended_status": "attended_unspecified",
            "institution_resolution": "direct",
            "resolution_source_url": null
          }
        ],
        "parliaments": [
          48
        ],
        "finance_year": 2024,
        "finance_metric": "total_net_recurrent_income_per_student",
        "finance_value": 19087,
        "finance_status": "estimated_indexed",
        "finance_method": "acara_state_sector_geolocation_index",
        "finance_source": "ACARA National Report on Schooling",
        "temporal_warning": "School profile and finance values describe the institution in their reporting year, not the resources available when the parliamentarian attended. Reviewed successor mappings describe the successor institution."
      }
    },
    {
      "type": "Feature",
      "geometry": {
        "type": "Point",
        "coordinates": [
          146.66,
          -41.5297
        ]
      },
      "properties": {
        "institution_id": "acara-40061",
        "acara_id": "40061",
        "school_name": "Deloraine High School",
        "school_sector": "Government",
        "government_non_government": "Government",
        "school_type": "Sec",
        "campus_type": "Sec",
        "year_range": "7-12",
        "state": "TAS",
        "suburb": "Deloraine",
        "postcode": "7304",
        "remoteness_category": "Outer Regional",
        "longitude": 146.66,
        "latitude": -41.5297,
        "profile_year": 2025,
        "total_enrolments": 235,
        "girls_enrolments": 115,
        "boys_enrolments": 120,
        "fte_enrolments": 231.4,
        "icsea": 932,
        "icsea_percentile": 19,
        "sea_bottom_quarter_pct": 50.0,
        "sea_lower_middle_quarter_pct": 30.0,
        "sea_upper_middle_quarter_pct": 13.0,
        "sea_top_quarter_pct": 7.0,
        "indigenous_enrolments_pct": 19.0,
        "lbote_pct": 2.0,
        "member_count": 1,
        "members": [
          {
            "member_id": "aph-e5x",
            "name": "POLLEY, Helen Beatrice",
            "parliaments": [
              48
            ],
            "services": [
              {
                "service_id": "srv-e5x-48-8ef7ac9c93a504bd",
                "parliament_number": 48,
                "party": "Australian Labor Party",
                "party_abbrev": "ALP",
                "chamber": "senate"
              }
            ]
          }
        ],
        "education_assertions": [
          {
            "education_id": "edu-e5x-5ad5fba46f05d49d",
            "member_id": "aph-e5x",
            "school_name_as_recorded": "Deloraine High School",
            "source_url": "https://handbookapi.aph.gov.au/api/individuals?$filter=PHID eq 'E5X'",
            "retrieved_at": "2026-10-02T08:23:59.813516+10:00",
            "confidence": "verified",
            "attended_status": "attended_unspecified",
            "institution_resolution": "direct",
            "resolution_source_url": null
          }
        ],
        "parliaments": [
          48
        ],
        "finance_year": 2024,
        "finance_metric": "total_net_recurrent_income_per_student",
        "finance_value": 24214,
        "finance_status": "estimated_indexed",
        "finance_method": "acara_state_sector_geolocation_index",
        "finance_source": "ACARA National Report on Schooling",
        "temporal_warning": "School profile and finance values describe the institution in their reporting year, not the resources available when the parliamentarian attended. Reviewed successor mappings describe the successor institution."
      }
    },
    {
      "type": "Feature",
      "geometry": {
        "type": "Point",
        "coordinates": [
          146.349,
          -41.178
        ]
      },
      "properties": {
        "institution_id": "acara-40098",
        "acara_id": "40098",
        "school_name": "Devonport High School",
        "school_sector": "Government",
        "government_non_government": "Government",
        "school_type": "Sec",
        "campus_type": "Sec",
        "year_range": "7-12",
        "state": "TAS",
        "suburb": "Devonport",
        "postcode": "7310",
        "remoteness_category": "Outer Regional",
        "longitude": 146.349,
        "latitude": -41.178,
        "profile_year": 2025,
        "total_enrolments": 342,
        "girls_enrolments": 156,
        "boys_enrolments": 186,
        "fte_enrolments": 337.8,
        "icsea": 939,
        "icsea_percentile": 21,
        "sea_bottom_quarter_pct": 54.0,
        "sea_lower_middle_quarter_pct": 30.0,
        "sea_upper_middle_quarter_pct": 10.0,
        "sea_top_quarter_pct": 6.0,
        "indigenous_enrolments_pct": 12.0,
        "lbote_pct": 7.0,
        "member_count": 1,
        "members": [
          {
            "member_id": "aph-250026",
            "name": "LAMBIE, Jacquiline (Jacqui) Louise",
            "parliaments": [
              48
            ],
            "services": [
              {
                "service_id": "srv-250026-48-a4d401936eb5ec4c",
                "parliament_number": 48,
                "party": "Jacqui Lambie Network",
                "party_abbrev": "JLN",
                "chamber": "senate"
              }
            ]
          }
        ],
        "education_assertions": [
          {
            "education_id": "edu-250026-1570a8499cbabd2a",
            "member_id": "aph-250026",
            "school_name_as_recorded": "Devonport High School",
            "source_url": "https://handbookapi.aph.gov.au/api/individuals?$filter=PHID eq '250026'",
            "retrieved_at": "2026-10-02T08:23:59.813516+10:00",
            "confidence": "verified",
            "attended_status": "attended_unspecified",
            "institution_resolution": "direct",
            "resolution_source_url": null
          }
        ],
        "parliaments": [
          48
        ],
        "finance_year": 2024,
        "finance_metric": "total_net_recurrent_income_per_student",
        "finance_value": 21318,
        "finance_status": "estimated_indexed",
        "finance_method": "acara_state_sector_geolocation_index",
        "finance_source": "ACARA National Report on Schooling",
        "temporal_warning": "School profile and finance values describe the institution in their reporting year, not the resources available when the parliamentarian attended. Reviewed successor mappings describe the successor institution."
      }
    },
    {
      "type": "Feature",
      "geometry": {
        "type": "Point",
        "coordinates": [
          149.154,
          -35.2485
        ]
      },
      "properties": {
        "institution_id": "acara-49915",
        "acara_id": "49915",
        "school_name": "Dickson College",
        "school_sector": "Government",
        "government_non_government": "Government",
        "school_type": "Sec",
        "campus_type": "Sec",
        "year_range": "7-12",
        "state": "ACT",
        "suburb": "Dickson",
        "postcode": "2602",
        "remoteness_category": "Major Cities",
        "longitude": 149.154,
        "latitude": -35.2485,
        "profile_year": 2025,
        "total_enrolments": 899,
        "girls_enrolments": 435,
        "boys_enrolments": 464,
        "fte_enrolments": 899.0,
        "icsea": 1101,
        "icsea_percentile": 84,
        "sea_bottom_quarter_pct": 11.0,
        "sea_lower_middle_quarter_pct": 15.0,
        "sea_upper_middle_quarter_pct": 29.0,
        "sea_top_quarter_pct": 46.0,
        "indigenous_enrolments_pct": 2.0,
        "lbote_pct": 39.0,
        "member_count": 1,
        "members": [
          {
            "member_id": "aph-00amn",
            "name": "LEY, the Hon. Sussan Penelope",
            "parliaments": [
              48
            ],
            "services": [
              {
                "service_id": "srv-00amn-48-e8e9342b07c8cdec",
                "parliament_number": 48,
                "party": "Liberal Party of Australia",
                "party_abbrev": "LP",
                "chamber": "representatives"
              }
            ]
          }
        ],
        "education_assertions": [
          {
            "education_id": "edu-00amn-87fd87758c62457f",
            "member_id": "aph-00amn",
            "school_name_as_recorded": "Dickson College",
            "source_url": "https://handbookapi.aph.gov.au/api/individuals?$filter=PHID eq '00AMN'",
            "retrieved_at": "2026-10-02T08:23:59.813516+10:00",
            "confidence": "verified",
            "attended_status": "attended_unspecified",
            "institution_resolution": "direct",
            "resolution_source_url": null
          }
        ],
        "parliaments": [
          48
        ],
        "finance_year": 2024,
        "finance_metric": "total_net_recurrent_income_per_student",
        "finance_value": 23947,
        "finance_status": "estimated_indexed",
        "finance_method": "acara_state_sector_geolocation_index",
        "finance_source": "ACARA National Report on Schooling",
        "temporal_warning": "School profile and finance values describe the institution in their reporting year, not the resources available when the parliamentarian attended. Reviewed successor mappings describe the successor institution."
      }
    },
    {
      "type": "Feature",
      "geometry": {
        "type": "Point",
        "coordinates": [
          146.333,
          -41.1676
        ]
      },
      "properties": {
        "institution_id": "acara-50255",
        "acara_id": "50255",
        "school_name": "Don College",
        "school_sector": "Government",
        "government_non_government": "Government",
        "school_type": "Sec",
        "campus_type": "Sec",
        "year_range": "11-12",
        "state": "TAS",
        "suburb": "Devonport",
        "postcode": "7310",
        "remoteness_category": "Outer Regional",
        "longitude": 146.333,
        "latitude": -41.1676,
        "profile_year": 2025,
        "total_enrolments": 672,
        "girls_enrolments": 366,
        "boys_enrolments": 306,
        "fte_enrolments": 644.3,
        "icsea": 959,
        "icsea_percentile": 28,
        "sea_bottom_quarter_pct": 45.0,
        "sea_lower_middle_quarter_pct": 31.0,
        "sea_upper_middle_quarter_pct": 16.0,
        "sea_top_quarter_pct": 8.0,
        "indigenous_enrolments_pct": 14.0,
        "lbote_pct": 3.0,
        "member_count": 3,
        "members": [
          {
            "member_id": "aph-00aol",
            "name": "COLBECK, the Hon. Richard Mansell",
            "parliaments": [
              48
            ],
            "services": [
              {
                "service_id": "srv-00aol-48-2bf21d49824a86c4",
                "parliament_number": 48,
                "party": "Liberal Party of Australia",
                "party_abbrev": "LP",
                "chamber": "senate"
              }
            ]
          },
          {
            "member_id": "aph-250026",
            "name": "LAMBIE, Jacquiline (Jacqui) Louise",
            "parliaments": [
              48
            ],
            "services": [
              {
                "service_id": "srv-250026-48-a4d401936eb5ec4c",
                "parliament_number": 48,
                "party": "Jacqui Lambie Network",
                "party_abbrev": "JLN",
                "chamber": "senate"
              }
            ]
          },
          {
            "member_id": "aph-300639",
            "name": "TYRRELL, Tammy Marie",
            "parliaments": [
              48
            ],
            "services": [
              {
                "service_id": "srv-300639-48-87f740e0934f78c0",
                "parliament_number": 48,
                "party": "Independent",
                "party_abbrev": "IND",
                "chamber": "senate"
              }
            ]
          }
        ],
        "education_assertions": [
          {
            "education_id": "edu-00aol-37d04f4d79c0903d",
            "member_id": "aph-00aol",
            "school_name_as_recorded": "Don College",
            "source_url": "https://handbookapi.aph.gov.au/api/individuals?$filter=PHID eq '00AOL'",
            "retrieved_at": "2026-10-02T08:23:59.813516+10:00",
            "confidence": "verified",
            "attended_status": "attended_unspecified",
            "institution_resolution": "direct",
            "resolution_source_url": null
          },
          {
            "education_id": "edu-250026-37d04f4d79c0903d",
            "member_id": "aph-250026",
            "school_name_as_recorded": "Don College",
            "source_url": "https://handbookapi.aph.gov.au/api/individuals?$filter=PHID eq '250026'",
            "retrieved_at": "2026-10-02T08:23:59.813516+10:00",
            "confidence": "verified",
            "attended_status": "attended_unspecified",
            "institution_resolution": "direct",
            "resolution_source_url": null
          },
          {
            "education_id": "edu-300639-37d04f4d79c0903d",
            "member_id": "aph-300639",
            "school_name_as_recorded": "Don College",
            "source_url": "https://handbookapi.aph.gov.au/api/individuals?$filter=PHID eq '300639'",
            "retrieved_at": "2026-10-02T08:23:59.813516+10:00",
            "confidence": "verified",
            "attended_status": "attended_unspecified",
            "institution_resolution": "direct",
            "resolution_source_url": null
          }
        ],
        "parliaments": [
          48
        ],
        "finance_year": 2024,
        "finance_metric": "total_net_recurrent_income_per_student",
        "finance_value": 21347,
        "finance_status": "estimated_indexed",
        "finance_method": "acara_state_sector_geolocation_index",
        "finance_source": "ACARA National Report on Schooling",
        "temporal_warning": "School profile and finance values describe the institution in their reporting year, not the resources available when the parliamentarian attended. Reviewed successor mappings describe the successor institution."
      }
    },
    {
      "type": "Feature",
      "geometry": {
        "type": "Point",
        "coordinates": [
          149.907,
          -37.0553
        ]
      },
      "properties": {
        "institution_id": "acara-42927",
        "acara_id": "42927",
        "school_name": "Eden Marine High School",
        "school_sector": "Government",
        "government_non_government": "Government",
        "school_type": "Sec",
        "campus_type": "Sec",
        "year_range": "7-12",
        "state": "NSW",
        "suburb": "Eden",
        "postcode": "2551",
        "remoteness_category": "Outer Regional",
        "longitude": 149.907,
        "latitude": -37.0553,
        "profile_year": 2025,
        "total_enrolments": 536,
        "girls_enrolments": 243,
        "boys_enrolments": 293,
        "fte_enrolments": 536.0,
        "icsea": 956,
        "icsea_percentile": 27,
        "sea_bottom_quarter_pct": 44.0,
        "sea_lower_middle_quarter_pct": 32.0,
        "sea_upper_middle_quarter_pct": 17.0,
        "sea_top_quarter_pct": 7.0,
        "indigenous_enrolments_pct": 13.0,
        "lbote_pct": 5.0,
        "member_count": 1,
        "members": [
          {
            "member_id": "aph-281988",
            "name": "McBAIN, the Hon. Kristy Louise",
            "parliaments": [
              48
            ],
            "services": [
              {
                "service_id": "srv-281988-48-f50cad8049199bb6",
                "parliament_number": 48,
                "party": "Australian Labor Party",
                "party_abbrev": "ALP",
                "chamber": "representatives"
              }
            ]
          }
        ],
        "education_assertions": [
          {
            "education_id": "edu-281988-1142b07c21828a3d",
            "member_id": "aph-281988",
            "school_name_as_recorded": "Eden Marine High School",
            "source_url": "https://handbookapi.aph.gov.au/api/individuals?$filter=PHID eq '281988'",
            "retrieved_at": "2026-10-02T08:23:59.813516+10:00",
            "confidence": "verified",
            "attended_status": "attended_unspecified",
            "institution_resolution": "direct",
            "resolution_source_url": null
          }
        ],
        "parliaments": [
          48
        ],
        "finance_year": 2024,
        "finance_metric": "total_net_recurrent_income_per_student",
        "finance_value": 23607,
        "finance_status": "estimated_indexed",
        "finance_method": "acara_state_sector_geolocation_index",
        "finance_source": "ACARA National Report on Schooling",
        "temporal_warning": "School profile and finance values describe the institution in their reporting year, not the resources available when the parliamentarian attended. Reviewed successor mappings describe the successor institution."
      }
    },
    {
      "type": "Feature",
      "geometry": {
        "type": "Point",
        "coordinates": [
          150.793,
          -33.8323
        ]
      },
      "properties": {
        "institution_id": "acara-43216",
        "acara_id": "43216",
        "school_name": "Emmaus Catholic College",
        "school_sector": "Catholic",
        "government_non_government": "Non-government",
        "school_type": "Sec",
        "campus_type": "Sec",
        "year_range": "7-12",
        "state": "NSW",
        "suburb": "Kemps Creek",
        "postcode": "2178",
        "remoteness_category": "Major Cities",
        "longitude": 150.793,
        "latitude": -33.8323,
        "profile_year": 2025,
        "total_enrolments": 674,
        "girls_enrolments": 359,
        "boys_enrolments": 315,
        "fte_enrolments": 674.0,
        "icsea": 996,
        "icsea_percentile": 45,
        "sea_bottom_quarter_pct": 34.0,
        "sea_lower_middle_quarter_pct": 33.0,
        "sea_upper_middle_quarter_pct": 24.0,
        "sea_top_quarter_pct": 9.0,
        "indigenous_enrolments_pct": 4.0,
        "lbote_pct": 53.0,
        "member_count": 1,
        "members": [
          {
            "member_id": "aph-00amr",
            "name": "KING, the Hon. Catherine Fiona",
            "parliaments": [
              48
            ],
            "services": [
              {
                "service_id": "srv-00amr-48-3cebff7a7f45ccf9",
                "parliament_number": 48,
                "party": "Australian Labor Party",
                "party_abbrev": "ALP",
                "chamber": "representatives"
              }
            ]
          }
        ],
        "education_assertions": [
          {
            "education_id": "edu-00amr-3a0128eebb304edc",
            "member_id": "aph-00amr",
            "school_name_as_recorded": "Emmaus Catholic College",
            "source_url": "https://handbookapi.aph.gov.au/api/individuals?$filter=PHID eq '00AMR'",
            "retrieved_at": "2026-10-02T08:23:59.813516+10:00",
            "confidence": "verified",
            "attended_status": "attended_unspecified",
            "institution_resolution": "direct",
            "resolution_source_url": null
          }
        ],
        "parliaments": [
          48
        ],
        "finance_year": 2024,
        "finance_metric": "total_net_recurrent_income_per_student",
        "finance_value": 21184,
        "finance_status": "benchmark_average",
        "finance_method": "peer_group_average",
        "finance_source": "ACARA National Report on Schooling",
        "temporal_warning": "School profile and finance values describe the institution in their reporting year, not the resources available when the parliamentarian attended. Reviewed successor mappings describe the successor institution."
      }
    },
    {
      "type": "Feature",
      "geometry": {
        "type": "Point",
        "coordinates": [
          144.399,
          -38.0669
        ]
      },
      "properties": {
        "institution_id": "acara-50402",
        "acara_id": "50402",
        "school_name": "Geelong Grammar School - Corio Campus",
        "school_sector": "Independent",
        "government_non_government": "Non-government",
        "school_type": "Pri/Sec",
        "campus_type": "Pri/Sec",
        "year_range": "Prep-12",
        "state": "VIC",
        "suburb": "Corio",
        "postcode": "3214",
        "remoteness_category": "Major Cities",
        "longitude": 144.399,
        "latitude": -38.0669,
        "profile_year": 2025,
        "total_enrolments": 1422,
        "girls_enrolments": 614,
        "boys_enrolments": 808,
        "fte_enrolments": 1422.0,
        "icsea": 1149,
        "icsea_percentile": 95,
        "sea_bottom_quarter_pct": 2.0,
        "sea_lower_middle_quarter_pct": 8.0,
        "sea_upper_middle_quarter_pct": 28.0,
        "sea_top_quarter_pct": 62.0,
        "indigenous_enrolments_pct": 1.0,
        "lbote_pct": 36.0,
        "member_count": 1,
        "members": [
          {
            "member_id": "aph-hwq",
            "name": "MARLES, the Hon. Richard Donald",
            "parliaments": [
              48
            ],
            "services": [
              {
                "service_id": "srv-hwq-48-11e782178a038df2",
                "parliament_number": 48,
                "party": "Australian Labor Party",
                "party_abbrev": "ALP",
                "chamber": "representatives"
              }
            ]
          }
        ],
        "education_assertions": [
          {
            "education_id": "edu-hwq-527d7a9130bf9736",
            "member_id": "aph-hwq",
            "school_name_as_recorded": "Geelong Grammar School",
            "source_url": "https://handbookapi.aph.gov.au/api/individuals?$filter=PHID eq 'HWQ'",
            "retrieved_at": "2026-10-02T08:23:59.813516+10:00",
            "confidence": "verified",
            "attended_status": "attended_unspecified",
            "institution_resolution": "direct",
            "resolution_source_url": null
          }
        ],
        "parliaments": [
          48
        ],
        "finance_year": 2024,
        "finance_metric": "total_net_recurrent_income_per_student",
        "finance_value": 30432,
        "finance_status": "estimated_indexed",
        "finance_method": "acara_state_sector_geolocation_index",
        "finance_source": "ACARA National Report on Schooling",
        "temporal_warning": "School profile and finance values describe the institution in their reporting year, not the resources available when the parliamentarian attended. Reviewed successor mappings describe the successor institution."
      }
    },
    {
      "type": "Feature",
      "geometry": {
        "type": "Point",
        "coordinates": [
          151.742,
          -29.7443
        ]
      },
      "properties": {
        "institution_id": "acara-42516",
        "acara_id": "42516",
        "school_name": "Glen Innes High School",
        "school_sector": "Government",
        "government_non_government": "Government",
        "school_type": "Sec",
        "campus_type": "Sec",
        "year_range": "7-12",
        "state": "NSW",
        "suburb": "Glen Innes",
        "postcode": "2370",
        "remoteness_category": "Inner Regional",
        "longitude": 151.742,
        "latitude": -29.7443,
        "profile_year": 2025,
        "total_enrolments": 434,
        "girls_enrolments": 215,
        "boys_enrolments": 219,
        "fte_enrolments": 433.6,
        "icsea": 926,
        "icsea_percentile": 17,
        "sea_bottom_quarter_pct": 51.0,
        "sea_lower_middle_quarter_pct": 28.0,
        "sea_upper_middle_quarter_pct": 14.0,
        "sea_top_quarter_pct": 7.0,
        "indigenous_enrolments_pct": 22.0,
        "lbote_pct": 4.0,
        "member_count": 1,
        "members": [
          {
            "member_id": "aph-16913",
            "name": "AYRES, the Hon. Timothy (Tim)",
            "parliaments": [
              48
            ],
            "services": [
              {
                "service_id": "srv-16913-48-c5a1a778bed2742f",
                "parliament_number": 48,
                "party": "Australian Labor Party",
                "party_abbrev": "ALP",
                "chamber": "senate"
              }
            ]
          }
        ],
        "education_assertions": [
          {
            "education_id": "edu-16913-d8536ae98921454c",
            "member_id": "aph-16913",
            "school_name_as_recorded": "Glen Innes High School",
            "source_url": "https://handbookapi.aph.gov.au/api/individuals?$filter=PHID eq '16913'",
            "retrieved_at": "2026-10-02T08:23:59.813516+10:00",
            "confidence": "verified",
            "attended_status": "attended_unspecified",
            "institution_resolution": "direct",
            "resolution_source_url": null
          }
        ],
        "parliaments": [
          48
        ],
        "finance_year": 2024,
        "finance_metric": "total_net_recurrent_income_per_student",
        "finance_value": 25396,
        "finance_status": "estimated_indexed",
        "finance_method": "acara_state_sector_geolocation_index",
        "finance_source": "ACARA National Report on Schooling",
        "temporal_warning": "School profile and finance values describe the institution in their reporting year, not the resources available when the parliamentarian attended. Reviewed successor mappings describe the successor institution."
      }
    },
    {
      "type": "Feature",
      "geometry": {
        "type": "Point",
        "coordinates": [
          151.341,
          -33.4172
        ]
      },
      "properties": {
        "institution_id": "acara-42090",
        "acara_id": "42090",
        "school_name": "Gosford High School",
        "school_sector": "Government",
        "government_non_government": "Government",
        "school_type": "Sec",
        "campus_type": "Sec",
        "year_range": "7-12",
        "state": "NSW",
        "suburb": "Gosford",
        "postcode": "2250",
        "remoteness_category": "Major Cities",
        "longitude": 151.341,
        "latitude": -33.4172,
        "profile_year": 2025,
        "total_enrolments": 1067,
        "girls_enrolments": 464,
        "boys_enrolments": 603,
        "fte_enrolments": 1058.1,
        "icsea": 1157,
        "icsea_percentile": 96,
        "sea_bottom_quarter_pct": 2.0,
        "sea_lower_middle_quarter_pct": 11.0,
        "sea_upper_middle_quarter_pct": 27.0,
        "sea_top_quarter_pct": 60.0,
        "indigenous_enrolments_pct": 1.0,
        "lbote_pct": 63.0,
        "member_count": 2,
        "members": [
          {
            "member_id": "aph-249127",
            "name": "CONROY, the Hon. Patrick (Pat) Martin",
            "parliaments": [
              48
            ],
            "services": [
              {
                "service_id": "srv-249127-48-3be6975d8b3295db",
                "parliament_number": 48,
                "party": "Australian Labor Party",
                "party_abbrev": "ALP",
                "chamber": "representatives"
              }
            ]
          },
          {
            "member_id": "aph-317026",
            "name": "WHITTEN, Tyron",
            "parliaments": [
              48
            ],
            "services": [
              {
                "service_id": "srv-317026-48-524127aaf1f3c9c7",
                "parliament_number": 48,
                "party": "Pauline Hanson's One Nation",
                "party_abbrev": "PHON",
                "chamber": "senate"
              }
            ]
          }
        ],
        "education_assertions": [
          {
            "education_id": "edu-249127-093cff2b37e44619",
            "member_id": "aph-249127",
            "school_name_as_recorded": "Gosford High School",
            "source_url": "https://handbookapi.aph.gov.au/api/individuals?$filter=PHID eq '249127'",
            "retrieved_at": "2026-10-02T08:23:59.813516+10:00",
            "confidence": "verified",
            "attended_status": "attended_unspecified",
            "institution_resolution": "direct",
            "resolution_source_url": null
          },
          {
            "education_id": "edu-317026-093cff2b37e44619",
            "member_id": "aph-317026",
            "school_name_as_recorded": "Gosford High School",
            "source_url": "https://handbookapi.aph.gov.au/api/individuals?$filter=PHID eq '317026'",
            "retrieved_at": "2026-10-02T08:23:59.813516+10:00",
            "confidence": "verified",
            "attended_status": "attended_unspecified",
            "institution_resolution": "direct",
            "resolution_source_url": null
          }
        ],
        "parliaments": [
          48
        ],
        "finance_year": 2024,
        "finance_metric": "total_net_recurrent_income_per_student",
        "finance_value": 16833,
        "finance_status": "estimated_indexed",
        "finance_method": "acara_state_sector_geolocation_index",
        "finance_source": "ACARA National Report on Schooling",
        "temporal_warning": "School profile and finance values describe the institution in their reporting year, not the resources available when the parliamentarian attended. Reviewed successor mappings describe the successor institution."
      }
    },
    {
      "type": "Feature",
      "geometry": {
        "type": "Point",
        "coordinates": [
          115.981,
          -31.8949
        ]
      },
      "properties": {
        "institution_id": "acara-49021",
        "acara_id": "49021",
        "school_name": "Guildford Grammar School",
        "school_sector": "Independent",
        "government_non_government": "Non-government",
        "school_type": "Pri/Sec",
        "campus_type": "Pri/Sec",
        "year_range": "PP-12",
        "state": "WA",
        "suburb": "Guildford",
        "postcode": "6055",
        "remoteness_category": "Major Cities",
        "longitude": 115.981,
        "latitude": -31.8949,
        "profile_year": 2025,
        "total_enrolments": 1225,
        "girls_enrolments": 504,
        "boys_enrolments": 721,
        "fte_enrolments": 1225.0,
        "icsea": 1100,
        "icsea_percentile": 84,
        "sea_bottom_quarter_pct": 6.0,
        "sea_lower_middle_quarter_pct": 19.0,
        "sea_upper_middle_quarter_pct": 30.0,
        "sea_top_quarter_pct": 45.0,
        "indigenous_enrolments_pct": 7.0,
        "lbote_pct": 11.0,
        "member_count": 1,
        "members": [
          {
            "member_id": "aph-198084",
            "name": "WILSON, Richard (Rick) James",
            "parliaments": [
              48
            ],
            "services": [
              {
                "service_id": "srv-198084-48-ef80edc9fda4591a",
                "parliament_number": 48,
                "party": "Liberal Party of Australia",
                "party_abbrev": "LP",
                "chamber": "representatives"
              }
            ]
          }
        ],
        "education_assertions": [
          {
            "education_id": "edu-198084-877bc6f4849902ca",
            "member_id": "aph-198084",
            "school_name_as_recorded": "Guildford Grammar School",
            "source_url": "https://handbookapi.aph.gov.au/api/individuals?$filter=PHID eq '198084'",
            "retrieved_at": "2026-10-02T08:23:59.813516+10:00",
            "confidence": "verified",
            "attended_status": "attended_unspecified",
            "institution_resolution": "direct",
            "resolution_source_url": null
          }
        ],
        "parliaments": [
          48
        ],
        "finance_year": 2024,
        "finance_metric": "total_net_recurrent_income_per_student",
        "finance_value": 40401,
        "finance_status": "estimated_indexed",
        "finance_method": "acara_state_sector_geolocation_index",
        "finance_source": "ACARA National Report on Schooling",
        "temporal_warning": "School profile and finance values describe the institution in their reporting year, not the resources available when the parliamentarian attended. Reviewed successor mappings describe the successor institution."
      }
    },
    {
      "type": "Feature",
      "geometry": {
        "type": "Point",
        "coordinates": [
          138.501,
          -34.9229
        ]
      },
      "properties": {
        "institution_id": "acara-49487",
        "acara_id": "49487",
        "school_name": "Henley High School",
        "school_sector": "Government",
        "government_non_government": "Government",
        "school_type": "Sec",
        "campus_type": "Sec",
        "year_range": "U, 7-12",
        "state": "SA",
        "suburb": "Henley Beach",
        "postcode": "5022",
        "remoteness_category": "Major Cities",
        "longitude": 138.501,
        "latitude": -34.9229,
        "profile_year": 2025,
        "total_enrolments": 1381,
        "girls_enrolments": 650,
        "boys_enrolments": 731,
        "fte_enrolments": 1375.7,
        "icsea": 1045,
        "icsea_percentile": 66,
        "sea_bottom_quarter_pct": 18.0,
        "sea_lower_middle_quarter_pct": 30.0,
        "sea_upper_middle_quarter_pct": 31.0,
        "sea_top_quarter_pct": 21.0,
        "indigenous_enrolments_pct": 4.0,
        "lbote_pct": 26.0,
        "member_count": 1,
        "members": [
          {
            "member_id": "aph-316101",
            "name": "CLUTTERHAM, Claire Louise",
            "parliaments": [
              48
            ],
            "services": [
              {
                "service_id": "srv-316101-48-729861cd8af8e5e6",
                "parliament_number": 48,
                "party": "Australian Labor Party",
                "party_abbrev": "ALP",
                "chamber": "representatives"
              }
            ]
          }
        ],
        "education_assertions": [
          {
            "education_id": "edu-316101-a988d27d80d6c9c4",
            "member_id": "aph-316101",
            "school_name_as_recorded": "Henley High School",
            "source_url": "https://handbookapi.aph.gov.au/api/individuals?$filter=PHID eq '316101'",
            "retrieved_at": "2026-10-02T08:23:59.813516+10:00",
            "confidence": "verified",
            "attended_status": "attended_unspecified",
            "institution_resolution": "direct",
            "resolution_source_url": null
          }
        ],
        "parliaments": [
          48
        ],
        "finance_year": 2024,
        "finance_metric": "total_net_recurrent_income_per_student",
        "finance_value": 19944,
        "finance_status": "benchmark_average",
        "finance_method": "peer_group_average",
        "finance_source": "ACARA National Report on Schooling",
        "temporal_warning": "School profile and finance values describe the institution in their reporting year, not the resources available when the parliamentarian attended. Reviewed successor mappings describe the successor institution."
      }
    },
    {
      "type": "Feature",
      "geometry": {
        "type": "Point",
        "coordinates": [
          150.894,
          -33.9704
        ]
      },
      "properties": {
        "institution_id": "acara-41554",
        "acara_id": "41554",
        "school_name": "Hurlstone Agricultural High School",
        "school_sector": "Government",
        "government_non_government": "Government",
        "school_type": "Sec",
        "campus_type": "Sec",
        "year_range": "7-12",
        "state": "NSW",
        "suburb": "Glenfield",
        "postcode": "2167",
        "remoteness_category": "Major Cities",
        "longitude": 150.894,
        "latitude": -33.9704,
        "profile_year": 2025,
        "total_enrolments": 934,
        "girls_enrolments": 379,
        "boys_enrolments": 555,
        "fte_enrolments": 933.6,
        "icsea": 1147,
        "icsea_percentile": 95,
        "sea_bottom_quarter_pct": 5.0,
        "sea_lower_middle_quarter_pct": 13.0,
        "sea_upper_middle_quarter_pct": 26.0,
        "sea_top_quarter_pct": 56.0,
        "indigenous_enrolments_pct": 1.0,
        "lbote_pct": 90.0,
        "member_count": 1,
        "members": [
          {
            "member_id": "aph-298618",
            "name": "SOON, Zhi",
            "parliaments": [
              48
            ],
            "services": [
              {
                "service_id": "srv-298618-48-884a33a11a077b03",
                "parliament_number": 48,
                "party": "Australian Labor Party",
                "party_abbrev": "ALP",
                "chamber": "representatives"
              }
            ]
          }
        ],
        "education_assertions": [
          {
            "education_id": "edu-298618-941aaf081d117861",
            "member_id": "aph-298618",
            "school_name_as_recorded": "Hurlstone Agricultural High School",
            "source_url": "https://handbookapi.aph.gov.au/api/individuals?$filter=PHID eq '298618'",
            "retrieved_at": "2026-10-02T08:23:59.813516+10:00",
            "confidence": "verified",
            "attended_status": "attended_unspecified",
            "institution_resolution": "direct",
            "resolution_source_url": null
          }
        ],
        "parliaments": [
          48
        ],
        "finance_year": 2024,
        "finance_metric": "total_net_recurrent_income_per_student",
        "finance_value": 18966,
        "finance_status": "estimated_indexed",
        "finance_method": "acara_state_sector_geolocation_index",
        "finance_source": "ACARA National Report on Schooling",
        "temporal_warning": "School profile and finance values describe the institution in their reporting year, not the resources available when the parliamentarian attended. Reviewed successor mappings describe the successor institution."
      }
    },
    {
      "type": "Feature",
      "geometry": {
        "type": "Point",
        "coordinates": [
          115.768,
          -32.0085
        ]
      },
      "properties": {
        "institution_id": "acara-48924",
        "acara_id": "48924",
        "school_name": "Iona Presentation College",
        "school_sector": "Catholic",
        "government_non_government": "Non-government",
        "school_type": "Sec",
        "campus_type": "Sec",
        "year_range": "PP-12",
        "state": "WA",
        "suburb": "Mosman Park",
        "postcode": "6012",
        "remoteness_category": "Major Cities",
        "longitude": 115.768,
        "latitude": -32.0085,
        "profile_year": 2025,
        "total_enrolments": 1265,
        "girls_enrolments": 1257,
        "boys_enrolments": 8,
        "fte_enrolments": 1265.0,
        "icsea": 1141,
        "icsea_percentile": 94,
        "sea_bottom_quarter_pct": 3.0,
        "sea_lower_middle_quarter_pct": 12.0,
        "sea_upper_middle_quarter_pct": 29.0,
        "sea_top_quarter_pct": 56.0,
        "indigenous_enrolments_pct": 1.0,
        "lbote_pct": 11.0,
        "member_count": 1,
        "members": [
          {
            "member_id": "aph-i0m",
            "name": "CASH, the Hon. Michaelia Clare",
            "parliaments": [
              48
            ],
            "services": [
              {
                "service_id": "srv-i0m-48-e27faf8d90d5332c",
                "parliament_number": 48,
                "party": "Liberal Party of Australia",
                "party_abbrev": "LP",
                "chamber": "senate"
              }
            ]
          }
        ],
        "education_assertions": [
          {
            "education_id": "edu-i0m-96f806adb33a43c9",
            "member_id": "aph-i0m",
            "school_name_as_recorded": "Iona Presentation College",
            "source_url": "https://handbookapi.aph.gov.au/api/individuals?$filter=PHID eq 'I0M'",
            "retrieved_at": "2026-10-02T08:23:59.813516+10:00",
            "confidence": "verified",
            "attended_status": "attended_unspecified",
            "institution_resolution": "direct",
            "resolution_source_url": null
          }
        ],
        "parliaments": [
          48
        ],
        "finance_year": 2024,
        "finance_metric": "total_net_recurrent_income_per_student",
        "finance_value": 23896,
        "finance_status": "estimated_indexed",
        "finance_method": "acara_state_sector_geolocation_index",
        "finance_source": "ACARA National Report on Schooling",
        "temporal_warning": "School profile and finance values describe the institution in their reporting year, not the resources available when the parliamentarian attended. Reviewed successor mappings describe the successor institution."
      }
    },
    {
      "type": "Feature",
      "geometry": {
        "type": "Point",
        "coordinates": [
          152.752,
          -27.6129
        ]
      },
      "properties": {
        "institution_id": "acara-48036",
        "acara_id": "48036",
        "school_name": "Ipswich Grammar School",
        "school_sector": "Independent",
        "government_non_government": "Non-government",
        "school_type": "Pri/Sec",
        "campus_type": "Pri/Sec",
        "year_range": "Prep-12",
        "state": "QLD",
        "suburb": "Ipswich",
        "postcode": "4305",
        "remoteness_category": "Major Cities",
        "longitude": 152.752,
        "latitude": -27.6129,
        "profile_year": 2025,
        "total_enrolments": 1336,
        "girls_enrolments": 0,
        "boys_enrolments": 1336,
        "fte_enrolments": 1336.0,
        "icsea": 1114,
        "icsea_percentile": 88,
        "sea_bottom_quarter_pct": 5.0,
        "sea_lower_middle_quarter_pct": 19.0,
        "sea_upper_middle_quarter_pct": 29.0,
        "sea_top_quarter_pct": 47.0,
        "indigenous_enrolments_pct": 5.0,
        "lbote_pct": 32.0,
        "member_count": 2,
        "members": [
          {
            "member_id": "aph-291387",
            "name": "HAMILTON, Garth Russell",
            "parliaments": [
              48
            ],
            "services": [
              {
                "service_id": "srv-291387-48-4752a780cdbc5279",
                "parliament_number": 48,
                "party": "Liberal Party of Australia",
                "party_abbrev": "LP",
                "chamber": "representatives"
              }
            ]
          },
          {
            "member_id": "aph-282997",
            "name": "SCARR, Paul Martin",
            "parliaments": [
              48
            ],
            "services": [
              {
                "service_id": "srv-282997-48-0f3e1cdf0ed63ed4",
                "parliament_number": 48,
                "party": "Liberal Party of Australia",
                "party_abbrev": "LP",
                "chamber": "senate"
              }
            ]
          }
        ],
        "education_assertions": [
          {
            "education_id": "edu-282997-09f3ba4ae9b39d73",
            "member_id": "aph-282997",
            "school_name_as_recorded": "Ipswich Grammar School",
            "source_url": "https://handbookapi.aph.gov.au/api/individuals?$filter=PHID eq '282997'",
            "retrieved_at": "2026-10-02T08:23:59.813516+10:00",
            "confidence": "verified",
            "attended_status": "attended_unspecified",
            "institution_resolution": "direct",
            "resolution_source_url": null
          },
          {
            "education_id": "edu-291387-09f3ba4ae9b39d73",
            "member_id": "aph-291387",
            "school_name_as_recorded": "Ipswich Grammar School",
            "source_url": "https://handbookapi.aph.gov.au/api/individuals?$filter=PHID eq '291387'",
            "retrieved_at": "2026-10-02T08:23:59.813516+10:00",
            "confidence": "verified",
            "attended_status": "attended_unspecified",
            "institution_resolution": "direct",
            "resolution_source_url": null
          }
        ],
        "parliaments": [
          48
        ],
        "finance_year": 2024,
        "finance_metric": "total_net_recurrent_income_per_student",
        "finance_value": 22485,
        "finance_status": "estimated_indexed",
        "finance_method": "acara_state_sector_geolocation_index",
        "finance_source": "ACARA National Report on Schooling",
        "temporal_warning": "School profile and finance values describe the institution in their reporting year, not the resources available when the parliamentarian attended. Reviewed successor mappings describe the successor institution."
      }
    },
    {
      "type": "Feature",
      "geometry": {
        "type": "Point",
        "coordinates": [
          151.043,
          -33.7806
        ]
      },
      "properties": {
        "institution_id": "acara-41811",
        "acara_id": "41811",
        "school_name": "James Ruse Agricultural High School",
        "school_sector": "Government",
        "government_non_government": "Government",
        "school_type": "Sec",
        "campus_type": "Sec",
        "year_range": "7-12",
        "state": "NSW",
        "suburb": "Carlingford",
        "postcode": "2118",
        "remoteness_category": "Major Cities",
        "longitude": 151.043,
        "latitude": -33.7806,
        "profile_year": 2025,
        "total_enrolments": 857,
        "girls_enrolments": 367,
        "boys_enrolments": 490,
        "fte_enrolments": 856.9,
        "icsea": 1222,
        "icsea_percentile": 99,
        "sea_bottom_quarter_pct": 1.0,
        "sea_lower_middle_quarter_pct": 3.0,
        "sea_upper_middle_quarter_pct": 16.0,
        "sea_top_quarter_pct": 80.0,
        "indigenous_enrolments_pct": 0.0,
        "lbote_pct": 97.0,
        "member_count": 1,
        "members": [
          {
            "member_id": "aph-bu8",
            "name": "LEIGH, the Hon. Dr Andrew Keith",
            "parliaments": [
              48
            ],
            "services": [
              {
                "service_id": "srv-bu8-48-e986ade90a39b68a",
                "parliament_number": 48,
                "party": "Australian Labor Party",
                "party_abbrev": "ALP",
                "chamber": "representatives"
              }
            ]
          }
        ],
        "education_assertions": [
          {
            "education_id": "edu-bu8-2c6ece10884be06f",
            "member_id": "aph-bu8",
            "school_name_as_recorded": "James Ruse Agricultural High School",
            "source_url": "https://handbookapi.aph.gov.au/api/individuals?$filter=PHID eq 'BU8'",
            "retrieved_at": "2026-10-02T08:23:59.813516+10:00",
            "confidence": "verified",
            "attended_status": "attended_unspecified",
            "institution_resolution": "direct",
            "resolution_source_url": null
          }
        ],
        "parliaments": [
          48
        ],
        "finance_year": 2024,
        "finance_metric": "total_net_recurrent_income_per_student",
        "finance_value": 19647,
        "finance_status": "estimated_indexed",
        "finance_method": "acara_state_sector_geolocation_index",
        "finance_source": "ACARA National Report on Schooling",
        "temporal_warning": "School profile and finance values describe the institution in their reporting year, not the resources available when the parliamentarian attended. Reviewed successor mappings describe the successor institution."
      }
    },
    {
      "type": "Feature",
      "geometry": {
        "type": "Point",
        "coordinates": [
          115.785,
          -31.9618
        ]
      },
      "properties": {
        "institution_id": "acara-48967",
        "acara_id": "48967",
        "school_name": "John XXIII College",
        "school_sector": "Catholic",
        "government_non_government": "Non-government",
        "school_type": "Pri/Sec",
        "campus_type": "Pri/Sec",
        "year_range": "PP-12",
        "state": "WA",
        "suburb": "Mount Claremont",
        "postcode": "6010",
        "remoteness_category": "Major Cities",
        "longitude": 115.785,
        "latitude": -31.9618,
        "profile_year": 2025,
        "total_enrolments": 1492,
        "girls_enrolments": 729,
        "boys_enrolments": 763,
        "fte_enrolments": 1491.8,
        "icsea": 1186,
        "icsea_percentile": 99,
        "sea_bottom_quarter_pct": 1.0,
        "sea_lower_middle_quarter_pct": 5.0,
        "sea_upper_middle_quarter_pct": 20.0,
        "sea_top_quarter_pct": 74.0,
        "indigenous_enrolments_pct": 0.0,
        "lbote_pct": 18.0,
        "member_count": 1,
        "members": [
          {
            "member_id": "aph-300006",
            "name": "CHANEY, Kate",
            "parliaments": [
              48
            ],
            "services": [
              {
                "service_id": "srv-300006-48-a6cf47ff2826c9e2",
                "parliament_number": 48,
                "party": "Independent",
                "party_abbrev": "IND",
                "chamber": "representatives"
              }
            ]
          }
        ],
        "education_assertions": [
          {
            "education_id": "edu-300006-57701469efc3274b",
            "member_id": "aph-300006",
            "school_name_as_recorded": "John XXIII College",
            "source_url": "https://handbookapi.aph.gov.au/api/individuals?$filter=PHID eq '300006'",
            "retrieved_at": "2026-10-02T08:23:59.813516+10:00",
            "confidence": "verified",
            "attended_status": "attended_unspecified",
            "institution_resolution": "direct",
            "resolution_source_url": null
          }
        ],
        "parliaments": [
          48
        ],
        "finance_year": 2024,
        "finance_metric": "total_net_recurrent_income_per_student",
        "finance_value": 25171,
        "finance_status": "estimated_indexed",
        "finance_method": "acara_state_sector_geolocation_index",
        "finance_source": "ACARA National Report on Schooling",
        "temporal_warning": "School profile and finance values describe the institution in their reporting year, not the resources available when the parliamentarian attended. Reviewed successor mappings describe the successor institution."
      }
    },
    {
      "type": "Feature",
      "geometry": {
        "type": "Point",
        "coordinates": [
          117.568,
          -33.6826
        ]
      },
      "properties": {
        "institution_id": "acara-48136",
        "acara_id": "48136",
        "school_name": "Katanning Senior High School",
        "school_sector": "Government",
        "government_non_government": "Government",
        "school_type": "Sec",
        "campus_type": "Sec",
        "year_range": "7-12",
        "state": "WA",
        "suburb": "Katanning",
        "postcode": "6317",
        "remoteness_category": "Outer Regional",
        "longitude": 117.568,
        "latitude": -33.6826,
        "profile_year": 2025,
        "total_enrolments": 355,
        "girls_enrolments": 166,
        "boys_enrolments": 189,
        "fte_enrolments": 355.0,
        "icsea": 886,
        "icsea_percentile": 8,
        "sea_bottom_quarter_pct": 62.0,
        "sea_lower_middle_quarter_pct": 24.0,
        "sea_upper_middle_quarter_pct": 10.0,
        "sea_top_quarter_pct": 4.0,
        "indigenous_enrolments_pct": 26.0,
        "lbote_pct": 20.0,
        "member_count": 1,
        "members": [
          {
            "member_id": "aph-198084",
            "name": "WILSON, Richard (Rick) James",
            "parliaments": [
              48
            ],
            "services": [
              {
                "service_id": "srv-198084-48-ef80edc9fda4591a",
                "parliament_number": 48,
                "party": "Liberal Party of Australia",
                "party_abbrev": "LP",
                "chamber": "representatives"
              }
            ]
          }
        ],
        "education_assertions": [
          {
            "education_id": "edu-198084-c2c79b62f27f5562",
            "member_id": "aph-198084",
            "school_name_as_recorded": "Katanning Senior High School",
            "source_url": "https://handbookapi.aph.gov.au/api/individuals?$filter=PHID eq '198084'",
            "retrieved_at": "2026-10-02T08:23:59.813516+10:00",
            "confidence": "verified",
            "attended_status": "attended_unspecified",
            "institution_resolution": "direct",
            "resolution_source_url": null
          }
        ],
        "parliaments": [
          48
        ],
        "finance_year": 2024,
        "finance_metric": "total_net_recurrent_income_per_student",
        "finance_value": 29235,
        "finance_status": "estimated_indexed",
        "finance_method": "acara_state_sector_geolocation_index",
        "finance_source": "ACARA National Report on Schooling",
        "temporal_warning": "School profile and finance values describe the institution in their reporting year, not the resources available when the parliamentarian attended. Reviewed successor mappings describe the successor institution."
      }
    },
    {
      "type": "Feature",
      "geometry": {
        "type": "Point",
        "coordinates": [
          151.174,
          -33.7566
        ]
      },
      "properties": {
        "institution_id": "acara-41343",
        "acara_id": "41343",
        "school_name": "Killara High School",
        "school_sector": "Government",
        "government_non_government": "Government",
        "school_type": "Sec",
        "campus_type": "Sec",
        "year_range": "7-12",
        "state": "NSW",
        "suburb": "Killara",
        "postcode": "2071",
        "remoteness_category": "Major Cities",
        "longitude": 151.174,
        "latitude": -33.7566,
        "profile_year": 2025,
        "total_enrolments": 1803,
        "girls_enrolments": 751,
        "boys_enrolments": 1052,
        "fte_enrolments": 1800.4,
        "icsea": 1147,
        "icsea_percentile": 95,
        "sea_bottom_quarter_pct": 2.0,
        "sea_lower_middle_quarter_pct": 9.0,
        "sea_upper_middle_quarter_pct": 29.0,
        "sea_top_quarter_pct": 60.0,
        "indigenous_enrolments_pct": 0.0,
        "lbote_pct": 65.0,
        "member_count": 1,
        "members": [
          {
            "member_id": "aph-26417",
            "name": "BOELE, Nicolette",
            "parliaments": [
              48
            ],
            "services": [
              {
                "service_id": "srv-26417-48-9454ab4086763821",
                "parliament_number": 48,
                "party": "Independent",
                "party_abbrev": "IND",
                "chamber": "representatives"
              }
            ]
          }
        ],
        "education_assertions": [
          {
            "education_id": "edu-26417-484a38700e24f256",
            "member_id": "aph-26417",
            "school_name_as_recorded": "Killara High School",
            "source_url": "https://handbookapi.aph.gov.au/api/individuals?$filter=PHID eq '26417'",
            "retrieved_at": "2026-10-02T08:23:59.813516+10:00",
            "confidence": "verified",
            "attended_status": "attended_unspecified",
            "institution_resolution": "direct",
            "resolution_source_url": null
          }
        ],
        "parliaments": [
          48
        ],
        "finance_year": 2024,
        "finance_metric": "total_net_recurrent_income_per_student",
        "finance_value": 19553,
        "finance_status": "benchmark_average",
        "finance_method": "peer_group_average",
        "finance_source": "ACARA National Report on Schooling",
        "temporal_warning": "School profile and finance values describe the institution in their reporting year, not the resources available when the parliamentarian attended. Reviewed successor mappings describe the successor institution."
      }
    },
    {
      "type": "Feature",
      "geometry": {
        "type": "Point",
        "coordinates": [
          153.57,
          -28.2666
        ]
      },
      "properties": {
        "institution_id": "acara-42406",
        "acara_id": "42406",
        "school_name": "Kingscliff High School",
        "school_sector": "Government",
        "government_non_government": "Government",
        "school_type": "Sec",
        "campus_type": "Sec",
        "year_range": "7-12",
        "state": "NSW",
        "suburb": "Kingscliff",
        "postcode": "2487",
        "remoteness_category": "Major Cities",
        "longitude": 153.57,
        "latitude": -28.2666,
        "profile_year": 2025,
        "total_enrolments": 910,
        "girls_enrolments": 422,
        "boys_enrolments": 488,
        "fte_enrolments": 902.6,
        "icsea": 991,
        "icsea_percentile": 43,
        "sea_bottom_quarter_pct": 31.0,
        "sea_lower_middle_quarter_pct": 34.0,
        "sea_upper_middle_quarter_pct": 23.0,
        "sea_top_quarter_pct": 12.0,
        "indigenous_enrolments_pct": 12.0,
        "lbote_pct": 9.0,
        "member_count": 1,
        "members": [
          {
            "member_id": "aph-121628",
            "name": "McALLISTER, the Hon. Jennifer (Jenny) Ryll",
            "parliaments": [
              48
            ],
            "services": [
              {
                "service_id": "srv-121628-48-c5a1a778bed2742f",
                "parliament_number": 48,
                "party": "Australian Labor Party",
                "party_abbrev": "ALP",
                "chamber": "senate"
              }
            ]
          }
        ],
        "education_assertions": [
          {
            "education_id": "edu-121628-0b1f790d6c34dea7",
            "member_id": "aph-121628",
            "school_name_as_recorded": "Kingscliff High School",
            "source_url": "https://handbookapi.aph.gov.au/api/individuals?$filter=PHID eq '121628'",
            "retrieved_at": "2026-10-02T08:23:59.813516+10:00",
            "confidence": "verified",
            "attended_status": "attended_unspecified",
            "institution_resolution": "direct",
            "resolution_source_url": null
          }
        ],
        "parliaments": [
          48
        ],
        "finance_year": 2024,
        "finance_metric": "total_net_recurrent_income_per_student",
        "finance_value": 19553,
        "finance_status": "benchmark_average",
        "finance_method": "peer_group_average",
        "finance_source": "ACARA National Report on Schooling",
        "temporal_warning": "School profile and finance values describe the institution in their reporting year, not the resources available when the parliamentarian attended. Reviewed successor mappings describe the successor institution."
      }
    },
    {
      "type": "Feature",
      "geometry": {
        "type": "Point",
        "coordinates": [
          147.308,
          -42.9737
        ]
      },
      "properties": {
        "institution_id": "acara-40076",
        "acara_id": "40076",
        "school_name": "Kingston High School",
        "school_sector": "Government",
        "government_non_government": "Government",
        "school_type": "Sec",
        "campus_type": "Sec",
        "year_range": "7-12",
        "state": "TAS",
        "suburb": "Kingston",
        "postcode": "7050",
        "remoteness_category": "Inner Regional",
        "longitude": 147.308,
        "latitude": -42.9737,
        "profile_year": 2025,
        "total_enrolments": 577,
        "girls_enrolments": 275,
        "boys_enrolments": 302,
        "fte_enrolments": 562.4,
        "icsea": 1000,
        "icsea_percentile": 47,
        "sea_bottom_quarter_pct": 28.0,
        "sea_lower_middle_quarter_pct": 31.0,
        "sea_upper_middle_quarter_pct": 24.0,
        "sea_top_quarter_pct": 16.0,
        "indigenous_enrolments_pct": 12.0,
        "lbote_pct": 6.0,
        "member_count": 1,
        "members": [
          {
            "member_id": "aph-jkm",
            "name": "McKIM, Nicholas (Nick) James",
            "parliaments": [
              48
            ],
            "services": [
              {
                "service_id": "srv-jkm-48-78386c059d147f69",
                "parliament_number": 48,
                "party": "Australian Greens",
                "party_abbrev": "GRN",
                "chamber": "senate"
              }
            ]
          }
        ],
        "education_assertions": [
          {
            "education_id": "edu-jkm-5615658d42cd1182",
            "member_id": "aph-jkm",
            "school_name_as_recorded": "Kingston High School",
            "source_url": "https://handbookapi.aph.gov.au/api/individuals?$filter=PHID eq 'JKM'",
            "retrieved_at": "2026-10-02T08:23:59.813516+10:00",
            "confidence": "verified",
            "attended_status": "attended_unspecified",
            "institution_resolution": "direct",
            "resolution_source_url": null
          }
        ],
        "parliaments": [
          48
        ],
        "finance_year": 2024,
        "finance_metric": "total_net_recurrent_income_per_student",
        "finance_value": 20388,
        "finance_status": "estimated_indexed",
        "finance_method": "acara_state_sector_geolocation_index",
        "finance_source": "ACARA National Report on Schooling",
        "temporal_warning": "School profile and finance values describe the institution in their reporting year, not the resources available when the parliamentarian attended. Reviewed successor mappings describe the successor institution."
      }
    },
    {
      "type": "Feature",
      "geometry": {
        "type": "Point",
        "coordinates": [
          151.119,
          -33.7231
        ]
      },
      "properties": {
        "institution_id": "acara-40367",
        "acara_id": "40367",
        "school_name": "Knox Grammar School",
        "school_sector": "Independent",
        "government_non_government": "Non-government",
        "school_type": "Pri/Sec",
        "campus_type": "Sec",
        "year_range": "K-12",
        "state": "NSW",
        "suburb": "Wahroonga",
        "postcode": "2076",
        "remoteness_category": "Major Cities",
        "longitude": 151.119,
        "latitude": -33.7231,
        "profile_year": 2025,
        "total_enrolments": 3345,
        "girls_enrolments": 73,
        "boys_enrolments": 3272,
        "fte_enrolments": 3344.2,
        "icsea": 1187,
        "icsea_percentile": 99,
        "sea_bottom_quarter_pct": 1.0,
        "sea_lower_middle_quarter_pct": 4.0,
        "sea_upper_middle_quarter_pct": 18.0,
        "sea_top_quarter_pct": 77.0,
        "indigenous_enrolments_pct": 1.0,
        "lbote_pct": 53.0,
        "member_count": 1,
        "members": [
          {
            "member_id": "aph-i8m",
            "name": "CHARLTON, the Hon. Dr Andrew Henry George",
            "parliaments": [
              48
            ],
            "services": [
              {
                "service_id": "srv-i8m-48-a039079752d38c42",
                "parliament_number": 48,
                "party": "Australian Labor Party",
                "party_abbrev": "ALP",
                "chamber": "representatives"
              }
            ]
          }
        ],
        "education_assertions": [
          {
            "education_id": "edu-i8m-ecd49ccf402aa9c8",
            "member_id": "aph-i8m",
            "school_name_as_recorded": "Knox Grammar School",
            "source_url": "https://handbookapi.aph.gov.au/api/individuals?$filter=PHID eq 'I8M'",
            "retrieved_at": "2026-10-02T08:23:59.813516+10:00",
            "confidence": "verified",
            "attended_status": "attended_unspecified",
            "institution_resolution": "direct",
            "resolution_source_url": null
          }
        ],
        "parliaments": [
          48
        ],
        "finance_year": 2024,
        "finance_metric": "total_net_recurrent_income_per_student",
        "finance_value": 31248,
        "finance_status": "estimated_indexed",
        "finance_method": "acara_state_sector_geolocation_index",
        "finance_source": "ACARA National Report on Schooling",
        "temporal_warning": "School profile and finance values describe the institution in their reporting year, not the resources available when the parliamentarian attended. Reviewed successor mappings describe the successor institution."
      }
    },
    {
      "type": "Feature",
      "geometry": {
        "type": "Point",
        "coordinates": [
          151.486,
          -32.8101
        ]
      },
      "properties": {
        "institution_id": "acara-42095",
        "acara_id": "42095",
        "school_name": "Kurri Kurri High School",
        "school_sector": "Government",
        "government_non_government": "Government",
        "school_type": "Sec",
        "campus_type": "Sec",
        "year_range": "7-12",
        "state": "NSW",
        "suburb": "Kurri Kurri",
        "postcode": "2327",
        "remoteness_category": "Major Cities",
        "longitude": 151.486,
        "latitude": -32.8101,
        "profile_year": 2025,
        "total_enrolments": 917,
        "girls_enrolments": 442,
        "boys_enrolments": 475,
        "fte_enrolments": 915.4,
        "icsea": 894,
        "icsea_percentile": 9,
        "sea_bottom_quarter_pct": 64.0,
        "sea_lower_middle_quarter_pct": 26.0,
        "sea_upper_middle_quarter_pct": 8.0,
        "sea_top_quarter_pct": 2.0,
        "indigenous_enrolments_pct": 28.0,
        "lbote_pct": 4.0,
        "member_count": 2,
        "members": [
          {
            "member_id": "aph-266524",
            "name": "ROBERTS, Malcolm Ieuan",
            "parliaments": [
              48
            ],
            "services": [
              {
                "service_id": "srv-266524-48-fbcc6a0884fa7abf",
                "parliament_number": 48,
                "party": "Pauline Hanson's One Nation",
                "party_abbrev": "PHON",
                "chamber": "senate"
              }
            ]
          },
          {
            "member_id": "aph-264170",
            "name": "SWANSON, Meryl Jane",
            "parliaments": [
              48
            ],
            "services": [
              {
                "service_id": "srv-264170-48-21f7d6f79b0f2c8e",
                "parliament_number": 48,
                "party": "Australian Labor Party",
                "party_abbrev": "ALP",
                "chamber": "representatives"
              }
            ]
          }
        ],
        "education_assertions": [
          {
            "education_id": "edu-264170-50918c4d980a9176",
            "member_id": "aph-264170",
            "school_name_as_recorded": "Kurri Kurri High School",
            "source_url": "https://handbookapi.aph.gov.au/api/individuals?$filter=PHID eq '264170'",
            "retrieved_at": "2026-10-02T08:23:59.813516+10:00",
            "confidence": "verified",
            "attended_status": "attended_unspecified",
            "institution_resolution": "direct",
            "resolution_source_url": null
          },
          {
            "education_id": "edu-266524-50918c4d980a9176",
            "member_id": "aph-266524",
            "school_name_as_recorded": "Kurri Kurri High School",
            "source_url": "https://handbookapi.aph.gov.au/api/individuals?$filter=PHID eq '266524'",
            "retrieved_at": "2026-10-02T08:23:59.813516+10:00",
            "confidence": "verified",
            "attended_status": "attended_unspecified",
            "institution_resolution": "direct",
            "resolution_source_url": null
          }
        ],
        "parliaments": [
          48
        ],
        "finance_year": 2024,
        "finance_metric": "total_net_recurrent_income_per_student",
        "finance_value": 23370,
        "finance_status": "estimated_indexed",
        "finance_method": "acara_state_sector_geolocation_index",
        "finance_source": "ACARA National Report on Schooling",
        "temporal_warning": "School profile and finance values describe the institution in their reporting year, not the resources available when the parliamentarian attended. Reviewed successor mappings describe the successor institution."
      }
    },
    {
      "type": "Feature",
      "geometry": {
        "type": "Point",
        "coordinates": [
          149.068,
          -35.4138
        ]
      },
      "properties": {
        "institution_id": "acara-49945",
        "acara_id": "49945",
        "school_name": "Lake Tuggeranong College",
        "school_sector": "Government",
        "government_non_government": "Government",
        "school_type": "Sec",
        "campus_type": "Sec",
        "year_range": "11-12",
        "state": "ACT",
        "suburb": "Greenway",
        "postcode": "2900",
        "remoteness_category": "Major Cities",
        "longitude": 149.068,
        "latitude": -35.4138,
        "profile_year": 2025,
        "total_enrolments": 620,
        "girls_enrolments": 285,
        "boys_enrolments": 335,
        "fte_enrolments": 617.7,
        "icsea": 1023,
        "icsea_percentile": 57,
        "sea_bottom_quarter_pct": 26.0,
        "sea_lower_middle_quarter_pct": 30.0,
        "sea_upper_middle_quarter_pct": 26.0,
        "sea_top_quarter_pct": 18.0,
        "indigenous_enrolments_pct": 6.0,
        "lbote_pct": 19.0,
        "member_count": 1,
        "members": [
          {
            "member_id": "aph-144732",
            "name": "PAYNE, Alicia Emma",
            "parliaments": [
              48
            ],
            "services": [
              {
                "service_id": "srv-144732-48-eec91c6b02af2914",
                "parliament_number": 48,
                "party": "Australian Labor Party",
                "party_abbrev": "ALP",
                "chamber": "representatives"
              }
            ]
          }
        ],
        "education_assertions": [
          {
            "education_id": "edu-144732-230aad8590ee169a",
            "member_id": "aph-144732",
            "school_name_as_recorded": "Lake Tuggeranong College",
            "source_url": "https://handbookapi.aph.gov.au/api/individuals?$filter=PHID eq '144732'",
            "retrieved_at": "2026-10-02T08:23:59.813516+10:00",
            "confidence": "verified",
            "attended_status": "attended_unspecified",
            "institution_resolution": "direct",
            "resolution_source_url": null
          }
        ],
        "parliaments": [
          48
        ],
        "finance_year": 2024,
        "finance_metric": "total_net_recurrent_income_per_student",
        "finance_value": 20335,
        "finance_status": "benchmark_average",
        "finance_method": "peer_group_average",
        "finance_source": "ACARA National Report on Schooling",
        "temporal_warning": "School profile and finance values describe the institution in their reporting year, not the resources available when the parliamentarian attended. Reviewed successor mappings describe the successor institution."
      }
    },
    {
      "type": "Feature",
      "geometry": {
        "type": "Point",
        "coordinates": [
          151.722,
          -32.9179
        ]
      },
      "properties": {
        "institution_id": "acara-42120",
        "acara_id": "42120",
        "school_name": "Lambton High School",
        "school_sector": "Government",
        "government_non_government": "Government",
        "school_type": "Sec",
        "campus_type": "Sec",
        "year_range": "7-12",
        "state": "NSW",
        "suburb": "Lambton",
        "postcode": "2299",
        "remoteness_category": "Major Cities",
        "longitude": 151.722,
        "latitude": -32.9179,
        "profile_year": 2025,
        "total_enrolments": 1176,
        "girls_enrolments": 561,
        "boys_enrolments": 615,
        "fte_enrolments": 1171.6,
        "icsea": 1057,
        "icsea_percentile": 71,
        "sea_bottom_quarter_pct": 18.0,
        "sea_lower_middle_quarter_pct": 23.0,
        "sea_upper_middle_quarter_pct": 28.0,
        "sea_top_quarter_pct": 31.0,
        "indigenous_enrolments_pct": 8.0,
        "lbote_pct": 21.0,
        "member_count": 1,
        "members": [
          {
            "member_id": "aph-248181",
            "name": "CLAYDON, Sharon Catherine",
            "parliaments": [
              48
            ],
            "services": [
              {
                "service_id": "srv-248181-48-629672b2e37d2b39",
                "parliament_number": 48,
                "party": "Australian Labor Party",
                "party_abbrev": "ALP",
                "chamber": "representatives"
              }
            ]
          }
        ],
        "education_assertions": [
          {
            "education_id": "edu-248181-063f2c28e28a1a95",
            "member_id": "aph-248181",
            "school_name_as_recorded": "Lambton High School",
            "source_url": "https://handbookapi.aph.gov.au/api/individuals?$filter=PHID eq '248181'",
            "retrieved_at": "2026-10-02T08:23:59.813516+10:00",
            "confidence": "verified",
            "attended_status": "attended_unspecified",
            "institution_resolution": "direct",
            "resolution_source_url": null
          }
        ],
        "parliaments": [
          48
        ],
        "finance_year": 2024,
        "finance_metric": "total_net_recurrent_income_per_student",
        "finance_value": 17969,
        "finance_status": "estimated_indexed",
        "finance_method": "acara_state_sector_geolocation_index",
        "finance_source": "ACARA National Report on Schooling",
        "temporal_warning": "School profile and finance values describe the institution in their reporting year, not the resources available when the parliamentarian attended. Reviewed successor mappings describe the successor institution."
      }
    },
    {
      "type": "Feature",
      "geometry": {
        "type": "Point",
        "coordinates": [
          146.425,
          -41.2365
        ]
      },
      "properties": {
        "institution_id": "acara-40183",
        "acara_id": "40183",
        "school_name": "Latrobe High School",
        "school_sector": "Government",
        "government_non_government": "Government",
        "school_type": "Sec",
        "campus_type": "Sec",
        "year_range": "7-12",
        "state": "TAS",
        "suburb": "Latrobe",
        "postcode": "7307",
        "remoteness_category": "Outer Regional",
        "longitude": 146.425,
        "latitude": -41.2365,
        "profile_year": 2025,
        "total_enrolments": 555,
        "girls_enrolments": 248,
        "boys_enrolments": 307,
        "fte_enrolments": 549.2,
        "icsea": 956,
        "icsea_percentile": 27,
        "sea_bottom_quarter_pct": 48.0,
        "sea_lower_middle_quarter_pct": 30.0,
        "sea_upper_middle_quarter_pct": 13.0,
        "sea_top_quarter_pct": 9.0,
        "indigenous_enrolments_pct": 13.0,
        "lbote_pct": 1.0,
        "member_count": 1,
        "members": [
          {
            "member_id": "aph-316935",
            "name": "DOLEGA, Josh",
            "parliaments": [
              48
            ],
            "services": [
              {
                "service_id": "srv-316935-48-8ef7ac9c93a504bd",
                "parliament_number": 48,
                "party": "Australian Labor Party",
                "party_abbrev": "ALP",
                "chamber": "senate"
              }
            ]
          }
        ],
        "education_assertions": [
          {
            "education_id": "edu-316935-944b1898cb8afa44",
            "member_id": "aph-316935",
            "school_name_as_recorded": "Latrobe High School",
            "source_url": "https://handbookapi.aph.gov.au/api/individuals?$filter=PHID eq '316935'",
            "retrieved_at": "2026-10-02T08:23:59.813516+10:00",
            "confidence": "verified",
            "attended_status": "attended_unspecified",
            "institution_resolution": "direct",
            "resolution_source_url": null
          }
        ],
        "parliaments": [
          48
        ],
        "finance_year": 2024,
        "finance_metric": "total_net_recurrent_income_per_student",
        "finance_value": 19680,
        "finance_status": "estimated_indexed",
        "finance_method": "acara_state_sector_geolocation_index",
        "finance_source": "ACARA National Report on Schooling",
        "temporal_warning": "School profile and finance values describe the institution in their reporting year, not the resources available when the parliamentarian attended. Reviewed successor mappings describe the successor institution."
      }
    },
    {
      "type": "Feature",
      "geometry": {
        "type": "Point",
        "coordinates": [
          145.025,
          -37.8523
        ]
      },
      "properties": {
        "institution_id": "acara-46150",
        "acara_id": "46150",
        "school_name": "Lauriston Girls' School",
        "school_sector": "Independent",
        "government_non_government": "Non-government",
        "school_type": "Pri/Sec",
        "campus_type": "Pri/Sec",
        "year_range": "Prep-12",
        "state": "VIC",
        "suburb": "Armadale",
        "postcode": "3143",
        "remoteness_category": "Major Cities",
        "longitude": 145.025,
        "latitude": -37.8523,
        "profile_year": 2025,
        "total_enrolments": 935,
        "girls_enrolments": 935,
        "boys_enrolments": 0,
        "fte_enrolments": 935.0,
        "icsea": 1199,
        "icsea_percentile": 99,
        "sea_bottom_quarter_pct": 0.0,
        "sea_lower_middle_quarter_pct": 4.0,
        "sea_upper_middle_quarter_pct": 17.0,
        "sea_top_quarter_pct": 79.0,
        "indigenous_enrolments_pct": 0.0,
        "lbote_pct": 45.0,
        "member_count": 3,
        "members": [
          {
            "member_id": "aph-266499",
            "name": "HUME, the Hon. Edwina Jane (Jane)",
            "parliaments": [
              48
            ],
            "services": [
              {
                "service_id": "srv-266499-48-901262a2a8064ad0",
                "parliament_number": 48,
                "party": "Liberal Party of Australia",
                "party_abbrev": "LP",
                "chamber": "senate"
              }
            ]
          },
          {
            "member_id": "aph-316021",
            "name": "JORDAN-BAIRD, Alice",
            "parliaments": [
              48
            ],
            "services": [
              {
                "service_id": "srv-316021-48-c501ea61eed5ac31",
                "parliament_number": 48,
                "party": "Australian Labor Party",
                "party_abbrev": "ALP",
                "chamber": "representatives"
              }
            ]
          },
          {
            "member_id": "aph-124514",
            "name": "McKENZIE, Zoe Anne",
            "parliaments": [
              48
            ],
            "services": [
              {
                "service_id": "srv-124514-48-d86918b6eed79892",
                "parliament_number": 48,
                "party": "Liberal Party of Australia",
                "party_abbrev": "LP",
                "chamber": "representatives"
              }
            ]
          }
        ],
        "education_assertions": [
          {
            "education_id": "edu-124514-06fb67f2fb419966",
            "member_id": "aph-124514",
            "school_name_as_recorded": "Lauriston Girls School",
            "source_url": "https://handbookapi.aph.gov.au/api/individuals?$filter=PHID eq '124514'",
            "retrieved_at": "2026-10-02T08:23:59.813516+10:00",
            "confidence": "verified",
            "attended_status": "attended_unspecified",
            "institution_resolution": "direct",
            "resolution_source_url": null
          },
          {
            "education_id": "edu-266499-06fb67f2fb419966",
            "member_id": "aph-266499",
            "school_name_as_recorded": "Lauriston Girls' School",
            "source_url": "https://handbookapi.aph.gov.au/api/individuals?$filter=PHID eq '266499'",
            "retrieved_at": "2026-10-02T08:23:59.813516+10:00",
            "confidence": "verified",
            "attended_status": "attended_unspecified",
            "institution_resolution": "direct",
            "resolution_source_url": null
          },
          {
            "education_id": "edu-316021-06fb67f2fb419966",
            "member_id": "aph-316021",
            "school_name_as_recorded": "Lauriston Girls School",
            "source_url": "https://handbookapi.aph.gov.au/api/individuals?$filter=PHID eq '316021'",
            "retrieved_at": "2026-10-02T08:23:59.813516+10:00",
            "confidence": "verified",
            "attended_status": "attended_unspecified",
            "institution_resolution": "direct",
            "resolution_source_url": null
          }
        ],
        "parliaments": [
          48
        ],
        "finance_year": 2024,
        "finance_metric": "total_net_recurrent_income_per_student",
        "finance_value": 37633,
        "finance_status": "estimated_indexed",
        "finance_method": "acara_state_sector_geolocation_index",
        "finance_source": "ACARA National Report on Schooling",
        "temporal_warning": "School profile and finance values describe the institution in their reporting year, not the resources available when the parliamentarian attended. Reviewed successor mappings describe the successor institution."
      }
    },
    {
      "type": "Feature",
      "geometry": {
        "type": "Point",
        "coordinates": [
          145.015,
          -37.8482
        ]
      },
      "properties": {
        "institution_id": "acara-45810",
        "acara_id": "45810",
        "school_name": "Loreto Mandeville Hall",
        "school_sector": "Catholic",
        "government_non_government": "Non-government",
        "school_type": "Pri/Sec",
        "campus_type": "Pri/Sec",
        "year_range": "Prep-12",
        "state": "VIC",
        "suburb": "Toorak",
        "postcode": "3142",
        "remoteness_category": "Major Cities",
        "longitude": 145.015,
        "latitude": -37.8482,
        "profile_year": 2025,
        "total_enrolments": 1220,
        "girls_enrolments": 1220,
        "boys_enrolments": 0,
        "fte_enrolments": 1220.0,
        "icsea": 1167,
        "icsea_percentile": 97,
        "sea_bottom_quarter_pct": 1.0,
        "sea_lower_middle_quarter_pct": 7.0,
        "sea_upper_middle_quarter_pct": 24.0,
        "sea_top_quarter_pct": 68.0,
        "indigenous_enrolments_pct": 0.0,
        "lbote_pct": 11.0,
        "member_count": 1,
        "members": [
          {
            "member_id": "aph-140590",
            "name": "O'NEIL, the Hon. Clare Ellen",
            "parliaments": [
              48
            ],
            "services": [
              {
                "service_id": "srv-140590-48-b365bd8bd23de256",
                "parliament_number": 48,
                "party": "Australian Labor Party",
                "party_abbrev": "ALP",
                "chamber": "representatives"
              }
            ]
          }
        ],
        "education_assertions": [
          {
            "education_id": "edu-140590-37fe6d49d40b77c4",
            "member_id": "aph-140590",
            "school_name_as_recorded": "Loreto Mandeville Hall",
            "source_url": "https://handbookapi.aph.gov.au/api/individuals?$filter=PHID eq '140590'",
            "retrieved_at": "2026-10-02T08:23:59.813516+10:00",
            "confidence": "verified",
            "attended_status": "attended_unspecified",
            "institution_resolution": "direct",
            "resolution_source_url": null
          }
        ],
        "parliaments": [
          48
        ],
        "finance_year": 2024,
        "finance_metric": "total_net_recurrent_income_per_student",
        "finance_value": 13326,
        "finance_status": "estimated_indexed",
        "finance_method": "acara_state_sector_geolocation_index",
        "finance_source": "ACARA National Report on Schooling",
        "temporal_warning": "School profile and finance values describe the institution in their reporting year, not the resources available when the parliamentarian attended. Reviewed successor mappings describe the successor institution."
      }
    },
    {
      "type": "Feature",
      "geometry": {
        "type": "Point",
        "coordinates": [
          148.159,
          -23.5447
        ]
      },
      "properties": {
        "institution_id": "acara-47647",
        "acara_id": "47647",
        "school_name": "Marist College",
        "school_sector": "Catholic",
        "government_non_government": "Non-government",
        "school_type": "Sec",
        "campus_type": "Sec",
        "year_range": "7-12",
        "state": "QLD",
        "suburb": "Emerald",
        "postcode": "4720",
        "remoteness_category": "Outer Regional",
        "longitude": 148.159,
        "latitude": -23.5447,
        "profile_year": 2025,
        "total_enrolments": 697,
        "girls_enrolments": 364,
        "boys_enrolments": 333,
        "fte_enrolments": 697.0,
        "icsea": 999,
        "icsea_percentile": 46,
        "sea_bottom_quarter_pct": 29.0,
        "sea_lower_middle_quarter_pct": 37.0,
        "sea_upper_middle_quarter_pct": 24.0,
        "sea_top_quarter_pct": 11.0,
        "indigenous_enrolments_pct": 5.0,
        "lbote_pct": 11.0,
        "member_count": 2,
        "members": [
          {
            "member_id": "aph-276714",
            "name": "SMITH, David Philip Benedict",
            "parliaments": [
              48
            ],
            "services": [
              {
                "service_id": "srv-276714-48-a4a291c269fab609",
                "parliament_number": 48,
                "party": "Australian Labor Party",
                "party_abbrev": "ALP",
                "chamber": "representatives"
              }
            ]
          },
          {
            "member_id": "aph-182468",
            "name": "THISTLETHWAITE, the Hon. Matthew (Matt) James",
            "parliaments": [
              48
            ],
            "services": [
              {
                "service_id": "srv-182468-48-27a7f8d6f6695c3f",
                "parliament_number": 48,
                "party": "Australian Labor Party",
                "party_abbrev": "ALP",
                "chamber": "representatives"
              }
            ]
          }
        ],
        "education_assertions": [
          {
            "education_id": "edu-182468-5ad104f8cf76b2d7",
            "member_id": "aph-182468",
            "school_name_as_recorded": "Marist College",
            "source_url": "https://handbookapi.aph.gov.au/api/individuals?$filter=PHID eq '182468'",
            "retrieved_at": "2026-10-02T08:23:59.813516+10:00",
            "confidence": "verified",
            "attended_status": "attended_unspecified",
            "institution_resolution": "direct",
            "resolution_source_url": null
          },
          {
            "education_id": "edu-276714-5ad104f8cf76b2d7",
            "member_id": "aph-276714",
            "school_name_as_recorded": "Marist College",
            "source_url": "https://handbookapi.aph.gov.au/api/individuals?$filter=PHID eq '276714'",
            "retrieved_at": "2026-10-02T08:23:59.813516+10:00",
            "confidence": "verified",
            "attended_status": "attended_unspecified",
            "institution_resolution": "direct",
            "resolution_source_url": null
          }
        ],
        "parliaments": [
          48
        ],
        "finance_year": 2024,
        "finance_metric": "total_net_recurrent_income_per_student",
        "finance_value": 24516,
        "finance_status": "benchmark_average",
        "finance_method": "peer_group_average",
        "finance_source": "ACARA National Report on Schooling",
        "temporal_warning": "School profile and finance values describe the institution in their reporting year, not the resources available when the parliamentarian attended. Reviewed successor mappings describe the successor institution."
      }
    },
    {
      "type": "Feature",
      "geometry": {
        "type": "Point",
        "coordinates": [
          149.088,
          -35.3603
        ]
      },
      "properties": {
        "institution_id": "acara-40333",
        "acara_id": "40333",
        "school_name": "Marist College Canberra",
        "school_sector": "Independent",
        "government_non_government": "Non-government",
        "school_type": "Pri/Sec",
        "campus_type": "Pri/Sec",
        "year_range": "4-12",
        "state": "ACT",
        "suburb": "Pearce",
        "postcode": "2607",
        "remoteness_category": "Major Cities",
        "longitude": 149.088,
        "latitude": -35.3603,
        "profile_year": 2025,
        "total_enrolments": 1852,
        "girls_enrolments": 0,
        "boys_enrolments": 1852,
        "fte_enrolments": 1852.0,
        "icsea": 1142,
        "icsea_percentile": 94,
        "sea_bottom_quarter_pct": 2.0,
        "sea_lower_middle_quarter_pct": 12.0,
        "sea_upper_middle_quarter_pct": 29.0,
        "sea_top_quarter_pct": 58.0,
        "indigenous_enrolments_pct": 2.0,
        "lbote_pct": 13.0,
        "member_count": 1,
        "members": [
          {
            "member_id": "aph-132880",
            "name": "MULINO, the Hon. Dr Daniel",
            "parliaments": [
              48
            ],
            "services": [
              {
                "service_id": "srv-132880-48-27d67aa8d9e9871c",
                "parliament_number": 48,
                "party": "Australian Labor Party",
                "party_abbrev": "ALP",
                "chamber": "representatives"
              }
            ]
          }
        ],
        "education_assertions": [
          {
            "education_id": "edu-132880-f96d6b3bddee1602",
            "member_id": "aph-132880",
            "school_name_as_recorded": "Marist College, Canberra",
            "source_url": "https://handbookapi.aph.gov.au/api/individuals?$filter=PHID eq '132880'",
            "retrieved_at": "2026-10-02T08:23:59.813516+10:00",
            "confidence": "verified",
            "attended_status": "attended_unspecified",
            "institution_resolution": "direct",
            "resolution_source_url": null
          }
        ],
        "parliaments": [
          48
        ],
        "finance_year": 2024,
        "finance_metric": "total_net_recurrent_income_per_student",
        "finance_value": 19515,
        "finance_status": "estimated_indexed",
        "finance_method": "acara_state_sector_geolocation_index",
        "finance_source": "ACARA National Report on Schooling",
        "temporal_warning": "School profile and finance values describe the institution in their reporting year, not the resources available when the parliamentarian attended. Reviewed successor mappings describe the successor institution."
      }
    },
    {
      "type": "Feature",
      "geometry": {
        "type": "Point",
        "coordinates": [
          145.886,
          -41.04803
        ]
      },
      "properties": {
        "institution_id": "acara-40252",
        "acara_id": "40252",
        "school_name": "Marist Regional College",
        "school_sector": "Catholic",
        "government_non_government": "Non-government",
        "school_type": "Sec",
        "campus_type": "Sec",
        "year_range": "7-12",
        "state": "TAS",
        "suburb": "Burnie",
        "postcode": "7320",
        "remoteness_category": "Outer Regional",
        "longitude": 145.886,
        "latitude": -41.04803,
        "profile_year": 2025,
        "total_enrolments": 889,
        "girls_enrolments": 454,
        "boys_enrolments": 435,
        "fte_enrolments": 887.8,
        "icsea": 1006,
        "icsea_percentile": 50,
        "sea_bottom_quarter_pct": 26.0,
        "sea_lower_middle_quarter_pct": 31.0,
        "sea_upper_middle_quarter_pct": 24.0,
        "sea_top_quarter_pct": 19.0,
        "indigenous_enrolments_pct": 14.0,
        "lbote_pct": 9.0,
        "member_count": 1,
        "members": [
          {
            "member_id": "aph-263418",
            "name": "DUNIAM, the Hon. Jonathon (Jonno) Roy",
            "parliaments": [
              48
            ],
            "services": [
              {
                "service_id": "srv-263418-48-2bf21d49824a86c4",
                "parliament_number": 48,
                "party": "Liberal Party of Australia",
                "party_abbrev": "LP",
                "chamber": "senate"
              }
            ]
          }
        ],
        "education_assertions": [
          {
            "education_id": "edu-263418-47427ad01776d8a2",
            "member_id": "aph-263418",
            "school_name_as_recorded": "Marist Regional College",
            "source_url": "https://handbookapi.aph.gov.au/api/individuals?$filter=PHID eq '263418'",
            "retrieved_at": "2026-10-02T08:23:59.813516+10:00",
            "confidence": "verified",
            "attended_status": "attended_unspecified",
            "institution_resolution": "direct",
            "resolution_source_url": null
          }
        ],
        "parliaments": [
          48
        ],
        "finance_year": 2024,
        "finance_metric": "total_net_recurrent_income_per_student",
        "finance_value": 25730,
        "finance_status": "benchmark_average",
        "finance_method": "peer_group_average_high_dispersion_fallback",
        "finance_source": "ACARA National Report on Schooling",
        "temporal_warning": "School profile and finance values describe the institution in their reporting year, not the resources available when the parliamentarian attended. Reviewed successor mappings describe the successor institution."
      }
    },
    {
      "type": "Feature",
      "geometry": {
        "type": "Point",
        "coordinates": [
          153.076,
          -26.6547
        ]
      },
      "properties": {
        "institution_id": "acara-47482",
        "acara_id": "47482",
        "school_name": "Maroochydore State High School",
        "school_sector": "Government",
        "government_non_government": "Government",
        "school_type": "Sec",
        "campus_type": "Sec",
        "year_range": "7-12",
        "state": "QLD",
        "suburb": "Maroochydore",
        "postcode": "4558",
        "remoteness_category": "Major Cities",
        "longitude": 153.076,
        "latitude": -26.6547,
        "profile_year": 2025,
        "total_enrolments": 1205,
        "girls_enrolments": 614,
        "boys_enrolments": 591,
        "fte_enrolments": 1189.0,
        "icsea": 1011,
        "icsea_percentile": 52,
        "sea_bottom_quarter_pct": 29.0,
        "sea_lower_middle_quarter_pct": 35.0,
        "sea_upper_middle_quarter_pct": 24.0,
        "sea_top_quarter_pct": 12.0,
        "indigenous_enrolments_pct": 5.0,
        "lbote_pct": 12.0,
        "member_count": 1,
        "members": [
          {
            "member_id": "aph-249710",
            "name": "CHESTERS, Lisa Marie",
            "parliaments": [
              48
            ],
            "services": [
              {
                "service_id": "srv-249710-48-6b588781481c6506",
                "parliament_number": 48,
                "party": "Australian Labor Party",
                "party_abbrev": "ALP",
                "chamber": "representatives"
              }
            ]
          }
        ],
        "education_assertions": [
          {
            "education_id": "edu-249710-10e1d18f2d3e5d6d",
            "member_id": "aph-249710",
            "school_name_as_recorded": "Maroochydore State High School",
            "source_url": "https://handbookapi.aph.gov.au/api/individuals?$filter=PHID eq '249710'",
            "retrieved_at": "2026-10-02T08:23:59.813516+10:00",
            "confidence": "verified",
            "attended_status": "attended_unspecified",
            "institution_resolution": "direct",
            "resolution_source_url": null
          }
        ],
        "parliaments": [
          48
        ],
        "finance_year": 2024,
        "finance_metric": "total_net_recurrent_income_per_student",
        "finance_value": 19851,
        "finance_status": "estimated_indexed",
        "finance_method": "acara_state_sector_geolocation_index",
        "finance_source": "ACARA National Report on Schooling",
        "temporal_warning": "School profile and finance values describe the institution in their reporting year, not the resources available when the parliamentarian attended. Reviewed successor mappings describe the successor institution."
      }
    },
    {
      "type": "Feature",
      "geometry": {
        "type": "Point",
        "coordinates": [
          145.359,
          -37.9106
        ]
      },
      "properties": {
        "institution_id": "acara-45970",
        "acara_id": "45970",
        "school_name": "Mater Christi College",
        "school_sector": "Catholic",
        "government_non_government": "Non-government",
        "school_type": "Sec",
        "campus_type": "Sec",
        "year_range": "7-12",
        "state": "VIC",
        "suburb": "Belgrave",
        "postcode": "3160",
        "remoteness_category": "Major Cities",
        "longitude": 145.359,
        "latitude": -37.9106,
        "profile_year": 2025,
        "total_enrolments": 688,
        "girls_enrolments": 688,
        "boys_enrolments": 0,
        "fte_enrolments": 688.0,
        "icsea": 1093,
        "icsea_percentile": 82,
        "sea_bottom_quarter_pct": 7.0,
        "sea_lower_middle_quarter_pct": 25.0,
        "sea_upper_middle_quarter_pct": 35.0,
        "sea_top_quarter_pct": 33.0,
        "indigenous_enrolments_pct": 1.0,
        "lbote_pct": 13.0,
        "member_count": 1,
        "members": [
          {
            "member_id": "aph-316660",
            "name": "WITTY, Sarah",
            "parliaments": [
              48
            ],
            "services": [
              {
                "service_id": "srv-316660-48-2bbc16a35050d854",
                "parliament_number": 48,
                "party": "Australian Labor Party",
                "party_abbrev": "ALP",
                "chamber": "representatives"
              }
            ]
          }
        ],
        "education_assertions": [
          {
            "education_id": "edu-316660-40f3c74626f68385",
            "member_id": "aph-316660",
            "school_name_as_recorded": "Mater Christi College",
            "source_url": "https://handbookapi.aph.gov.au/api/individuals?$filter=PHID eq '316660'",
            "retrieved_at": "2026-10-02T08:23:59.813516+10:00",
            "confidence": "verified",
            "attended_status": "attended_unspecified",
            "institution_resolution": "direct",
            "resolution_source_url": null
          }
        ],
        "parliaments": [
          48
        ],
        "finance_year": 2024,
        "finance_metric": "total_net_recurrent_income_per_student",
        "finance_value": 20761,
        "finance_status": "benchmark_average",
        "finance_method": "peer_group_average",
        "finance_source": "ACARA National Report on Schooling",
        "temporal_warning": "School profile and finance values describe the institution in their reporting year, not the resources available when the parliamentarian attended. Reviewed successor mappings describe the successor institution."
      }
    },
    {
      "type": "Feature",
      "geometry": {
        "type": "Point",
        "coordinates": [
          115.777,
          -31.7639
        ]
      },
      "properties": {
        "institution_id": "acara-49000",
        "acara_id": "49000",
        "school_name": "Mater Dei College",
        "school_sector": "Catholic",
        "government_non_government": "Non-government",
        "school_type": "Sec",
        "campus_type": "Sec",
        "year_range": "7-12",
        "state": "WA",
        "suburb": "Edgewater",
        "postcode": "6027",
        "remoteness_category": "Major Cities",
        "longitude": 115.777,
        "latitude": -31.7639,
        "profile_year": 2025,
        "total_enrolments": 1047,
        "girls_enrolments": 532,
        "boys_enrolments": 515,
        "fte_enrolments": 1047.0,
        "icsea": 1056,
        "icsea_percentile": 71,
        "sea_bottom_quarter_pct": 14.0,
        "sea_lower_middle_quarter_pct": 32.0,
        "sea_upper_middle_quarter_pct": 33.0,
        "sea_top_quarter_pct": 21.0,
        "indigenous_enrolments_pct": 2.0,
        "lbote_pct": 13.0,
        "member_count": 1,
        "members": [
          {
            "member_id": "aph-248353",
            "name": "McBRIDE, the Hon. Emma Margaret",
            "parliaments": [
              48
            ],
            "services": [
              {
                "service_id": "srv-248353-48-c0ea7a4539021e3a",
                "parliament_number": 48,
                "party": "Australian Labor Party",
                "party_abbrev": "ALP",
                "chamber": "representatives"
              }
            ]
          }
        ],
        "education_assertions": [
          {
            "education_id": "edu-248353-c3307671e175bb67",
            "member_id": "aph-248353",
            "school_name_as_recorded": "Mater Dei College",
            "source_url": "https://handbookapi.aph.gov.au/api/individuals?$filter=PHID eq '248353'",
            "retrieved_at": "2026-10-02T08:23:59.813516+10:00",
            "confidence": "verified",
            "attended_status": "attended_unspecified",
            "institution_resolution": "direct",
            "resolution_source_url": null
          }
        ],
        "parliaments": [
          48
        ],
        "finance_year": 2024,
        "finance_metric": "total_net_recurrent_income_per_student",
        "finance_value": 22244,
        "finance_status": "benchmark_average",
        "finance_method": "peer_group_average",
        "finance_source": "ACARA National Report on Schooling",
        "temporal_warning": "School profile and finance values describe the institution in their reporting year, not the resources available when the parliamentarian attended. Reviewed successor mappings describe the successor institution."
      }
    },
    {
      "type": "Feature",
      "geometry": {
        "type": "Point",
        "coordinates": [
          150.919,
          -31.0728
        ]
      },
      "properties": {
        "institution_id": "acara-43652",
        "acara_id": "43652",
        "school_name": "McCarthy Catholic College",
        "school_sector": "Catholic",
        "government_non_government": "Non-government",
        "school_type": "Sec",
        "campus_type": "Sec",
        "year_range": "7-12",
        "state": "NSW",
        "suburb": "West Tamworth",
        "postcode": "2340",
        "remoteness_category": "Inner Regional",
        "longitude": 150.919,
        "latitude": -31.0728,
        "profile_year": 2025,
        "total_enrolments": 935,
        "girls_enrolments": 529,
        "boys_enrolments": 406,
        "fte_enrolments": 935.0,
        "icsea": 991,
        "icsea_percentile": 42,
        "sea_bottom_quarter_pct": 30.0,
        "sea_lower_middle_quarter_pct": 36.0,
        "sea_upper_middle_quarter_pct": 24.0,
        "sea_top_quarter_pct": 10.0,
        "indigenous_enrolments_pct": 13.0,
        "lbote_pct": 9.0,
        "member_count": 1,
        "members": [
          {
            "member_id": "aph-c2t",
            "name": "WILKIE, Andrew Damien",
            "parliaments": [
              48
            ],
            "services": [
              {
                "service_id": "srv-c2t-48-405549bc854034d0",
                "parliament_number": 48,
                "party": "Independent",
                "party_abbrev": "IND",
                "chamber": "representatives"
              }
            ]
          }
        ],
        "education_assertions": [
          {
            "education_id": "edu-c2t-b24960cd95f3cd7d",
            "member_id": "aph-c2t",
            "school_name_as_recorded": "McCarthy Catholic College",
            "source_url": "https://handbookapi.aph.gov.au/api/individuals?$filter=PHID eq 'C2T'",
            "retrieved_at": "2026-10-02T08:23:59.813516+10:00",
            "confidence": "verified",
            "attended_status": "attended_unspecified",
            "institution_resolution": "direct",
            "resolution_source_url": null
          }
        ],
        "parliaments": [
          48
        ],
        "finance_year": 2024,
        "finance_metric": "total_net_recurrent_income_per_student",
        "finance_value": 22508,
        "finance_status": "benchmark_average",
        "finance_method": "peer_group_average",
        "finance_source": "ACARA National Report on Schooling",
        "temporal_warning": "School profile and finance values describe the institution in their reporting year, not the resources available when the parliamentarian attended. Reviewed successor mappings describe the successor institution."
      }
    },
    {
      "type": "Feature",
      "geometry": {
        "type": "Point",
        "coordinates": [
          145.049,
          -37.912
        ]
      },
      "properties": {
        "institution_id": "acara-45436",
        "acara_id": "45436",
        "school_name": "Mckinnon Secondary College",
        "school_sector": "Government",
        "government_non_government": "Government",
        "school_type": "Sec",
        "campus_type": "Sec",
        "year_range": "7-12",
        "state": "VIC",
        "suburb": "Mckinnon",
        "postcode": "3204",
        "remoteness_category": "Major Cities",
        "longitude": 145.049,
        "latitude": -37.912,
        "profile_year": 2025,
        "total_enrolments": 3052,
        "girls_enrolments": 1404,
        "boys_enrolments": 1648,
        "fte_enrolments": 3051.7,
        "icsea": 1118,
        "icsea_percentile": 89,
        "sea_bottom_quarter_pct": 4.0,
        "sea_lower_middle_quarter_pct": 14.0,
        "sea_upper_middle_quarter_pct": 36.0,
        "sea_top_quarter_pct": 46.0,
        "indigenous_enrolments_pct": 0.0,
        "lbote_pct": 60.0,
        "member_count": 1,
        "members": [
          {
            "member_id": "aph-144138",
            "name": "PATERSON, James William",
            "parliaments": [
              48
            ],
            "services": [
              {
                "service_id": "srv-144138-48-901262a2a8064ad0",
                "parliament_number": 48,
                "party": "Liberal Party of Australia",
                "party_abbrev": "LP",
                "chamber": "senate"
              }
            ]
          }
        ],
        "education_assertions": [
          {
            "education_id": "edu-144138-cb4e44ac993223d3",
            "member_id": "aph-144138",
            "school_name_as_recorded": "McKinnon Secondary College",
            "source_url": "https://handbookapi.aph.gov.au/api/individuals?$filter=PHID eq '144138'",
            "retrieved_at": "2026-10-02T08:23:59.813516+10:00",
            "confidence": "verified",
            "attended_status": "attended_unspecified",
            "institution_resolution": "direct",
            "resolution_source_url": null
          }
        ],
        "parliaments": [
          48
        ],
        "finance_year": 2024,
        "finance_metric": "total_net_recurrent_income_per_student",
        "finance_value": 17023,
        "finance_status": "estimated_indexed",
        "finance_method": "acara_state_sector_geolocation_index",
        "finance_source": "ACARA National Report on Schooling",
        "temporal_warning": "School profile and finance values describe the institution in their reporting year, not the resources available when the parliamentarian attended. Reviewed successor mappings describe the successor institution."
      }
    },
    {
      "type": "Feature",
      "geometry": {
        "type": "Point",
        "coordinates": [
          149.089,
          -35.3635
        ]
      },
      "properties": {
        "institution_id": "acara-49924",
        "acara_id": "49924",
        "school_name": "Melrose High School",
        "school_sector": "Government",
        "government_non_government": "Government",
        "school_type": "Sec",
        "campus_type": "Sec",
        "year_range": "7-10",
        "state": "ACT",
        "suburb": "Pearce",
        "postcode": "2607",
        "remoteness_category": "Major Cities",
        "longitude": 149.089,
        "latitude": -35.3635,
        "profile_year": 2025,
        "total_enrolments": 776,
        "girls_enrolments": 376,
        "boys_enrolments": 400,
        "fte_enrolments": 776.0,
        "icsea": 1079,
        "icsea_percentile": 78,
        "sea_bottom_quarter_pct": 13.0,
        "sea_lower_middle_quarter_pct": 20.0,
        "sea_upper_middle_quarter_pct": 30.0,
        "sea_top_quarter_pct": 37.0,
        "indigenous_enrolments_pct": 4.0,
        "lbote_pct": 31.0,
        "member_count": 1,
        "members": [
          {
            "member_id": "aph-ing",
            "name": "GALLAGHER, the Hon. Katherine (Katy) Ruth",
            "parliaments": [
              48
            ],
            "services": [
              {
                "service_id": "srv-ing-48-d2aa83c5ffdc7eea",
                "parliament_number": 48,
                "party": "Australian Labor Party",
                "party_abbrev": "ALP",
                "chamber": "senate"
              }
            ]
          }
        ],
        "education_assertions": [
          {
            "education_id": "edu-ing-f45dc60b3fe3aa75",
            "member_id": "aph-ing",
            "school_name_as_recorded": "Melrose High School",
            "source_url": "https://handbookapi.aph.gov.au/api/individuals?$filter=PHID eq 'ING'",
            "retrieved_at": "2026-10-02T08:23:59.813516+10:00",
            "confidence": "verified",
            "attended_status": "attended_unspecified",
            "institution_resolution": "direct",
            "resolution_source_url": null
          }
        ],
        "parliaments": [
          48
        ],
        "finance_year": 2024,
        "finance_metric": "total_net_recurrent_income_per_student",
        "finance_value": 20335,
        "finance_status": "benchmark_average",
        "finance_method": "peer_group_average",
        "finance_source": "ACARA National Report on Schooling",
        "temporal_warning": "School profile and finance values describe the institution in their reporting year, not the resources available when the parliamentarian attended. Reviewed successor mappings describe the successor institution."
      }
    },
    {
      "type": "Feature",
      "geometry": {
        "type": "Point",
        "coordinates": [
          115.805,
          -32.0467
        ]
      },
      "properties": {
        "institution_id": "acara-48141",
        "acara_id": "48141",
        "school_name": "Melville Senior High School",
        "school_sector": "Government",
        "government_non_government": "Government",
        "school_type": "Sec",
        "campus_type": "Sec",
        "year_range": "7-12",
        "state": "WA",
        "suburb": "Melville",
        "postcode": "6156",
        "remoteness_category": "Major Cities",
        "longitude": 115.805,
        "latitude": -32.0467,
        "profile_year": 2025,
        "total_enrolments": 1398,
        "girls_enrolments": 662,
        "boys_enrolments": 736,
        "fte_enrolments": 1398.0,
        "icsea": 1071,
        "icsea_percentile": 76,
        "sea_bottom_quarter_pct": 14.0,
        "sea_lower_middle_quarter_pct": 23.0,
        "sea_upper_middle_quarter_pct": 30.0,
        "sea_top_quarter_pct": 32.0,
        "indigenous_enrolments_pct": 4.0,
        "lbote_pct": 40.0,
        "member_count": 1,
        "members": [
          {
            "member_id": "aph-74519",
            "name": "GORMAN, the Hon. Patrick",
            "parliaments": [
              48
            ],
            "services": [
              {
                "service_id": "srv-74519-48-566ad1c3ad04a9a2",
                "parliament_number": 48,
                "party": "Australian Labor Party",
                "party_abbrev": "ALP",
                "chamber": "representatives"
              }
            ]
          }
        ],
        "education_assertions": [
          {
            "education_id": "edu-74519-175950e9515f6614",
            "member_id": "aph-74519",
            "school_name_as_recorded": "Melville Senior High School",
            "source_url": "https://handbookapi.aph.gov.au/api/individuals?$filter=PHID eq '74519'",
            "retrieved_at": "2026-10-02T08:23:59.813516+10:00",
            "confidence": "verified",
            "attended_status": "attended_unspecified",
            "institution_resolution": "direct",
            "resolution_source_url": null
          }
        ],
        "parliaments": [
          48
        ],
        "finance_year": 2024,
        "finance_metric": "total_net_recurrent_income_per_student",
        "finance_value": 18275,
        "finance_status": "estimated_indexed",
        "finance_method": "acara_state_sector_geolocation_index",
        "finance_source": "ACARA National Report on Schooling",
        "temporal_warning": "School profile and finance values describe the institution in their reporting year, not the resources available when the parliamentarian attended. Reviewed successor mappings describe the successor institution."
      }
    },
    {
      "type": "Feature",
      "geometry": {
        "type": "Point",
        "coordinates": [
          151.09,
          -33.8743
        ]
      },
      "properties": {
        "institution_id": "acara-43913",
        "acara_id": "43913",
        "school_name": "Meriden School",
        "school_sector": "Independent",
        "government_non_government": "Non-government",
        "school_type": "Pri/Sec",
        "campus_type": "Pri/Sec",
        "year_range": "K-12",
        "state": "NSW",
        "suburb": "Strathfield",
        "postcode": "2135",
        "remoteness_category": "Major Cities",
        "longitude": 151.09,
        "latitude": -33.8743,
        "profile_year": 2025,
        "total_enrolments": 1761,
        "girls_enrolments": 1761,
        "boys_enrolments": 0,
        "fte_enrolments": 1761.0,
        "icsea": 1180,
        "icsea_percentile": 99,
        "sea_bottom_quarter_pct": 1.0,
        "sea_lower_middle_quarter_pct": 6.0,
        "sea_upper_middle_quarter_pct": 22.0,
        "sea_top_quarter_pct": 71.0,
        "indigenous_enrolments_pct": 0.0,
        "lbote_pct": 80.0,
        "member_count": 1,
        "members": [
          {
            "member_id": "aph-248895",
            "name": "PENFOLD, Alison Louise",
            "parliaments": [
              48
            ],
            "services": [
              {
                "service_id": "srv-248895-48-ae29773221c86fd0",
                "parliament_number": 48,
                "party": "The Nationals",
                "party_abbrev": "NP",
                "chamber": "representatives"
              }
            ]
          }
        ],
        "education_assertions": [
          {
            "education_id": "edu-248895-6e80970a5fb24fc4",
            "member_id": "aph-248895",
            "school_name_as_recorded": "Meriden School",
            "source_url": "https://handbookapi.aph.gov.au/api/individuals?$filter=PHID eq '248895'",
            "retrieved_at": "2026-10-02T08:23:59.813516+10:00",
            "confidence": "verified",
            "attended_status": "attended_unspecified",
            "institution_resolution": "direct",
            "resolution_source_url": null
          }
        ],
        "parliaments": [
          48
        ],
        "finance_year": 2024,
        "finance_metric": "total_net_recurrent_income_per_student",
        "finance_value": 31101,
        "finance_status": "estimated_indexed",
        "finance_method": "acara_state_sector_geolocation_index",
        "finance_source": "ACARA National Report on Schooling",
        "temporal_warning": "School profile and finance values describe the institution in their reporting year, not the resources available when the parliamentarian attended. Reviewed successor mappings describe the successor institution."
      }
    },
    {
      "type": "Feature",
      "geometry": {
        "type": "Point",
        "coordinates": [
          142.145,
          -34.198
        ]
      },
      "properties": {
        "institution_id": "acara-40562",
        "acara_id": "40562",
        "school_name": "Mildura Senior College",
        "school_sector": "Government",
        "government_non_government": "Government",
        "school_type": "Sec",
        "campus_type": "Sec",
        "year_range": "Prep-12",
        "state": "VIC",
        "suburb": "Mildura",
        "postcode": "3502",
        "remoteness_category": "Outer Regional",
        "longitude": 142.145,
        "latitude": -34.198,
        "profile_year": 2025,
        "total_enrolments": 1027,
        "girls_enrolments": 531,
        "boys_enrolments": 496,
        "fte_enrolments": 1022.2,
        "icsea": 977,
        "icsea_percentile": 36,
        "sea_bottom_quarter_pct": 37.0,
        "sea_lower_middle_quarter_pct": 32.0,
        "sea_upper_middle_quarter_pct": 21.0,
        "sea_top_quarter_pct": 10.0,
        "indigenous_enrolments_pct": 9.0,
        "lbote_pct": 15.0,
        "member_count": 1,
        "members": [
          {
            "member_id": "aph-300129",
            "name": "BURNELL, Matthew (Matt) Paul",
            "parliaments": [
              48
            ],
            "services": [
              {
                "service_id": "srv-300129-48-0185dbd6efbf40a5",
                "parliament_number": 48,
                "party": "Australian Labor Party",
                "party_abbrev": "ALP",
                "chamber": "representatives"
              }
            ]
          }
        ],
        "education_assertions": [
          {
            "education_id": "edu-300129-a041bfc0283f757e",
            "member_id": "aph-300129",
            "school_name_as_recorded": "Mildura Senior College",
            "source_url": "https://handbookapi.aph.gov.au/api/individuals?$filter=PHID eq '300129'",
            "retrieved_at": "2026-10-02T08:23:59.813516+10:00",
            "confidence": "verified",
            "attended_status": "attended_unspecified",
            "institution_resolution": "direct",
            "resolution_source_url": null
          }
        ],
        "parliaments": [
          48
        ],
        "finance_year": 2024,
        "finance_metric": "total_net_recurrent_income_per_student",
        "finance_value": 21957,
        "finance_status": "benchmark_average",
        "finance_method": "peer_group_average_high_dispersion_fallback",
        "finance_source": "ACARA National Report on Schooling",
        "temporal_warning": "School profile and finance values describe the institution in their reporting year, not the resources available when the parliamentarian attended. Reviewed successor mappings describe the successor institution."
      }
    },
    {
      "type": "Feature",
      "geometry": {
        "type": "Point",
        "coordinates": [
          150.916,
          -33.7848
        ]
      },
      "properties": {
        "institution_id": "acara-41821",
        "acara_id": "41821",
        "school_name": "Mitchell High School",
        "school_sector": "Government",
        "government_non_government": "Government",
        "school_type": "Sec",
        "campus_type": "Sec",
        "year_range": "7-12",
        "state": "NSW",
        "suburb": "Blacktown",
        "postcode": "2148",
        "remoteness_category": "Major Cities",
        "longitude": 150.916,
        "latitude": -33.7848,
        "profile_year": 2025,
        "total_enrolments": 876,
        "girls_enrolments": 414,
        "boys_enrolments": 462,
        "fte_enrolments": 875.0,
        "icsea": 978,
        "icsea_percentile": 37,
        "sea_bottom_quarter_pct": 44.0,
        "sea_lower_middle_quarter_pct": 29.0,
        "sea_upper_middle_quarter_pct": 19.0,
        "sea_top_quarter_pct": 8.0,
        "indigenous_enrolments_pct": 5.0,
        "lbote_pct": 61.0,
        "member_count": 1,
        "members": [
          {
            "member_id": "aph-91219",
            "name": "HUSIC, the Hon. Edham (Ed) Nurredin",
            "parliaments": [
              48
            ],
            "services": [
              {
                "service_id": "srv-91219-48-06071e9e07bc7af0",
                "parliament_number": 48,
                "party": "Australian Labor Party",
                "party_abbrev": "ALP",
                "chamber": "representatives"
              }
            ]
          }
        ],
        "education_assertions": [
          {
            "education_id": "edu-91219-82a5d765c30ff07f",
            "member_id": "aph-91219",
            "school_name_as_recorded": "Mitchell High School",
            "source_url": "https://handbookapi.aph.gov.au/api/individuals?$filter=PHID eq '91219'",
            "retrieved_at": "2026-10-02T08:23:59.813516+10:00",
            "confidence": "verified",
            "attended_status": "attended_unspecified",
            "institution_resolution": "direct",
            "resolution_source_url": null
          }
        ],
        "parliaments": [
          48
        ],
        "finance_year": 2024,
        "finance_metric": "total_net_recurrent_income_per_student",
        "finance_value": 18458,
        "finance_status": "estimated_indexed",
        "finance_method": "acara_state_sector_geolocation_index",
        "finance_source": "ACARA National Report on Schooling",
        "temporal_warning": "School profile and finance values describe the institution in their reporting year, not the resources available when the parliamentarian attended. Reviewed successor mappings describe the successor institution."
      }
    },
    {
      "type": "Feature",
      "geometry": {
        "type": "Point",
        "coordinates": [
          150.959,
          -33.9258
        ]
      },
      "properties": {
        "institution_id": "acara-41596",
        "acara_id": "41596",
        "school_name": "Moorebank High School",
        "school_sector": "Government",
        "government_non_government": "Government",
        "school_type": "Sec",
        "campus_type": "Sec",
        "year_range": "7-12",
        "state": "NSW",
        "suburb": "Moorebank",
        "postcode": "2170",
        "remoteness_category": "Major Cities",
        "longitude": 150.959,
        "latitude": -33.9258,
        "profile_year": 2025,
        "total_enrolments": 992,
        "girls_enrolments": 441,
        "boys_enrolments": 551,
        "fte_enrolments": 992.0,
        "icsea": 1022,
        "icsea_percentile": 57,
        "sea_bottom_quarter_pct": 28.0,
        "sea_lower_middle_quarter_pct": 30.0,
        "sea_upper_middle_quarter_pct": 27.0,
        "sea_top_quarter_pct": 15.0,
        "indigenous_enrolments_pct": 1.0,
        "lbote_pct": 81.0,
        "member_count": 1,
        "members": [
          {
            "member_id": "aph-13050",
            "name": "ALY, the Hon. Dr Anne",
            "parliaments": [
              48
            ],
            "services": [
              {
                "service_id": "srv-13050-48-69022a53adf28933",
                "parliament_number": 48,
                "party": "Australian Labor Party",
                "party_abbrev": "ALP",
                "chamber": "representatives"
              }
            ]
          }
        ],
        "education_assertions": [
          {
            "education_id": "edu-13050-16130d798ba04a09",
            "member_id": "aph-13050",
            "school_name_as_recorded": "Moorebank High School",
            "source_url": "https://handbookapi.aph.gov.au/api/individuals?$filter=PHID eq '13050'",
            "retrieved_at": "2026-10-02T08:23:59.813516+10:00",
            "confidence": "verified",
            "attended_status": "attended_unspecified",
            "institution_resolution": "direct",
            "resolution_source_url": null
          }
        ],
        "parliaments": [
          48
        ],
        "finance_year": 2024,
        "finance_metric": "total_net_recurrent_income_per_student",
        "finance_value": 19553,
        "finance_status": "benchmark_average",
        "finance_method": "peer_group_average",
        "finance_source": "ACARA National Report on Schooling",
        "temporal_warning": "School profile and finance values describe the institution in their reporting year, not the resources available when the parliamentarian attended. Reviewed successor mappings describe the successor institution."
      }
    },
    {
      "type": "Feature",
      "geometry": {
        "type": "Point",
        "coordinates": [
          153.152,
          -27.4705
        ]
      },
      "properties": {
        "institution_id": "acara-48045",
        "acara_id": "48045",
        "school_name": "Moreton Bay College",
        "school_sector": "Independent",
        "government_non_government": "Non-government",
        "school_type": "Pri/Sec",
        "campus_type": "Pri/Sec",
        "year_range": "Prep-12",
        "state": "QLD",
        "suburb": "Manly West",
        "postcode": "4179",
        "remoteness_category": "Major Cities",
        "longitude": 153.152,
        "latitude": -27.4705,
        "profile_year": 2025,
        "total_enrolments": 1236,
        "girls_enrolments": 1236,
        "boys_enrolments": 0,
        "fte_enrolments": 1236.0,
        "icsea": 1139,
        "icsea_percentile": 93,
        "sea_bottom_quarter_pct": 2.0,
        "sea_lower_middle_quarter_pct": 13.0,
        "sea_upper_middle_quarter_pct": 31.0,
        "sea_top_quarter_pct": 54.0,
        "indigenous_enrolments_pct": 0.0,
        "lbote_pct": 18.0,
        "member_count": 1,
        "members": [
          {
            "member_id": "aph-264121",
            "name": "WELLS, the Hon. Anika Shay",
            "parliaments": [
              48
            ],
            "services": [
              {
                "service_id": "srv-264121-48-d3821199c1764f61",
                "parliament_number": 48,
                "party": "Australian Labor Party",
                "party_abbrev": "ALP",
                "chamber": "representatives"
              }
            ]
          }
        ],
        "education_assertions": [
          {
            "education_id": "edu-264121-b9429bf93ce4a8e9",
            "member_id": "aph-264121",
            "school_name_as_recorded": "Moreton Bay College",
            "source_url": "https://handbookapi.aph.gov.au/api/individuals?$filter=PHID eq '264121'",
            "retrieved_at": "2026-10-02T08:23:59.813516+10:00",
            "confidence": "verified",
            "attended_status": "attended_unspecified",
            "institution_resolution": "direct",
            "resolution_source_url": null
          }
        ],
        "parliaments": [
          48
        ],
        "finance_year": 2024,
        "finance_metric": "total_net_recurrent_income_per_student",
        "finance_value": 23042,
        "finance_status": "estimated_indexed",
        "finance_method": "acara_state_sector_geolocation_index",
        "finance_source": "ACARA National Report on Schooling",
        "temporal_warning": "School profile and finance values describe the institution in their reporting year, not the resources available when the parliamentarian attended. Reviewed successor mappings describe the successor institution."
      }
    },
    {
      "type": "Feature",
      "geometry": {
        "type": "Point",
        "coordinates": [
          145.358,
          -37.7508
        ]
      },
      "properties": {
        "institution_id": "acara-45706",
        "acara_id": "45706",
        "school_name": "Mount Lilydale Mercy College",
        "school_sector": "Catholic",
        "government_non_government": "Non-government",
        "school_type": "Sec",
        "campus_type": "Sec",
        "year_range": "7-12",
        "state": "VIC",
        "suburb": "Lilydale",
        "postcode": "3140",
        "remoteness_category": "Major Cities",
        "longitude": 145.358,
        "latitude": -37.7508,
        "profile_year": 2025,
        "total_enrolments": 1550,
        "girls_enrolments": 787,
        "boys_enrolments": 763,
        "fte_enrolments": 1550.0,
        "icsea": 1045,
        "icsea_percentile": 66,
        "sea_bottom_quarter_pct": 17.0,
        "sea_lower_middle_quarter_pct": 34.0,
        "sea_upper_middle_quarter_pct": 32.0,
        "sea_top_quarter_pct": 16.0,
        "indigenous_enrolments_pct": 2.0,
        "lbote_pct": 3.0,
        "member_count": 1,
        "members": [
          {
            "member_id": "aph-300147",
            "name": "VIOLI, Aaron",
            "parliaments": [
              48
            ],
            "services": [
              {
                "service_id": "srv-300147-48-8179feaae4affd74",
                "parliament_number": 48,
                "party": "Liberal Party of Australia",
                "party_abbrev": "LP",
                "chamber": "representatives"
              }
            ]
          }
        ],
        "education_assertions": [
          {
            "education_id": "edu-300147-c1bf8eab9cf9fadd",
            "member_id": "aph-300147",
            "school_name_as_recorded": "Mount Lilydale Mercy College",
            "source_url": "https://handbookapi.aph.gov.au/api/individuals?$filter=PHID eq '300147'",
            "retrieved_at": "2026-10-02T08:23:59.813516+10:00",
            "confidence": "verified",
            "attended_status": "attended_unspecified",
            "institution_resolution": "direct",
            "resolution_source_url": null
          }
        ],
        "parliaments": [
          48
        ],
        "finance_year": 2024,
        "finance_metric": "total_net_recurrent_income_per_student",
        "finance_value": 20727,
        "finance_status": "estimated_indexed",
        "finance_method": "acara_state_sector_geolocation_index",
        "finance_source": "ACARA National Report on Schooling",
        "temporal_warning": "School profile and finance values describe the institution in their reporting year, not the resources available when the parliamentarian attended. Reviewed successor mappings describe the successor institution."
      }
    },
    {
      "type": "Feature",
      "geometry": {
        "type": "Point",
        "coordinates": [
          145.118,
          -37.8472
        ]
      },
      "properties": {
        "institution_id": "acara-46208",
        "acara_id": "46208",
        "school_name": "Mount Scopus Memorial College",
        "school_sector": "Independent",
        "government_non_government": "Non-government",
        "school_type": "Pri/Sec",
        "campus_type": "Pri/Sec",
        "year_range": "Prep-12",
        "state": "VIC",
        "suburb": "Burwood",
        "postcode": "3125",
        "remoteness_category": "Major Cities",
        "longitude": 145.118,
        "latitude": -37.8472,
        "profile_year": 2025,
        "total_enrolments": 1170,
        "girls_enrolments": 549,
        "boys_enrolments": 621,
        "fte_enrolments": 1170.0,
        "icsea": 1159,
        "icsea_percentile": 96,
        "sea_bottom_quarter_pct": 1.0,
        "sea_lower_middle_quarter_pct": 5.0,
        "sea_upper_middle_quarter_pct": 28.0,
        "sea_top_quarter_pct": 67.0,
        "indigenous_enrolments_pct": 0.0,
        "lbote_pct": 21.0,
        "member_count": 1,
        "members": [
          {
            "member_id": "aph-278522",
            "name": "BURNS, Joshua (Josh) Solomon",
            "parliaments": [
              48
            ],
            "services": [
              {
                "service_id": "srv-278522-48-4f42a15b412664e9",
                "parliament_number": 48,
                "party": "Australian Labor Party",
                "party_abbrev": "ALP",
                "chamber": "representatives"
              }
            ]
          }
        ],
        "education_assertions": [
          {
            "education_id": "edu-278522-8aff7af82c2e91ac",
            "member_id": "aph-278522",
            "school_name_as_recorded": "Mt Scopus Memorial College",
            "source_url": "https://handbookapi.aph.gov.au/api/individuals?$filter=PHID eq '278522'",
            "retrieved_at": "2026-10-02T08:23:59.813516+10:00",
            "confidence": "verified",
            "attended_status": "attended_unspecified",
            "institution_resolution": "direct",
            "resolution_source_url": null
          }
        ],
        "parliaments": [
          48
        ],
        "finance_year": 2024,
        "finance_metric": "total_net_recurrent_income_per_student",
        "finance_value": 30176,
        "finance_status": "estimated_indexed",
        "finance_method": "acara_state_sector_geolocation_index",
        "finance_source": "ACARA National Report on Schooling",
        "temporal_warning": "School profile and finance values describe the institution in their reporting year, not the resources available when the parliamentarian attended. Reviewed successor mappings describe the successor institution."
      }
    },
    {
      "type": "Feature",
      "geometry": {
        "type": "Point",
        "coordinates": [
          152.962,
          -26.6232
        ]
      },
      "properties": {
        "institution_id": "acara-47429",
        "acara_id": "47429",
        "school_name": "Nambour State College",
        "school_sector": "Government",
        "government_non_government": "Government",
        "school_type": "Pri/Sec",
        "campus_type": "Pri/Sec",
        "year_range": "Prep-12",
        "state": "QLD",
        "suburb": "Nambour",
        "postcode": "4560",
        "remoteness_category": "Major Cities",
        "longitude": 152.962,
        "latitude": -26.6232,
        "profile_year": 2025,
        "total_enrolments": 1469,
        "girls_enrolments": 730,
        "boys_enrolments": 739,
        "fte_enrolments": 1465.0,
        "icsea": 977,
        "icsea_percentile": 36,
        "sea_bottom_quarter_pct": 39.0,
        "sea_lower_middle_quarter_pct": 36.0,
        "sea_upper_middle_quarter_pct": 19.0,
        "sea_top_quarter_pct": 6.0,
        "indigenous_enrolments_pct": 10.0,
        "lbote_pct": 8.0,
        "member_count": 2,
        "members": [
          {
            "member_id": "aph-dzw",
            "name": "ELLIOT, the Hon. Maria Justine (Justine)",
            "parliaments": [
              48
            ],
            "services": [
              {
                "service_id": "srv-dzw-48-e909f0bf37e4e920",
                "parliament_number": 48,
                "party": "Australian Labor Party",
                "party_abbrev": "ALP",
                "chamber": "representatives"
              }
            ]
          },
          {
            "member_id": "aph-217241",
            "name": "McGRATH, the Hon. James",
            "parliaments": [
              48
            ],
            "services": [
              {
                "service_id": "srv-217241-48-0f3e1cdf0ed63ed4",
                "parliament_number": 48,
                "party": "Liberal Party of Australia",
                "party_abbrev": "LP",
                "chamber": "senate"
              }
            ]
          }
        ],
        "education_assertions": [
          {
            "education_id": "edu-217241-851c0011f66e825c",
            "member_id": "aph-217241",
            "school_name_as_recorded": "Nambour State High School",
            "source_url": "https://handbookapi.aph.gov.au/api/individuals?$filter=PHID eq '217241'",
            "retrieved_at": "2026-10-02T08:23:59.813516+10:00",
            "confidence": "verified",
            "attended_status": "attended_unspecified",
            "institution_resolution": "successor",
            "resolution_source_url": "https://namboursc.eq.edu.au/supportandresources/formsanddocuments/annualreports/annual-report-2016.pdf"
          },
          {
            "education_id": "edu-dzw-ac0b51d89dd8b2e4",
            "member_id": "aph-dzw",
            "school_name_as_recorded": "Nambour High School",
            "source_url": "https://handbookapi.aph.gov.au/api/individuals?$filter=PHID eq 'DZW'",
            "retrieved_at": "2026-10-02T08:23:59.813516+10:00",
            "confidence": "verified",
            "attended_status": "attended_unspecified",
            "institution_resolution": "successor",
            "resolution_source_url": "https://namboursc.eq.edu.au/supportandresources/formsanddocuments/annualreports/annual-report-2016.pdf"
          }
        ],
        "parliaments": [
          48
        ],
        "finance_year": 2024,
        "finance_metric": "total_net_recurrent_income_per_student",
        "finance_value": 20784,
        "finance_status": "estimated_indexed",
        "finance_method": "acara_state_sector_geolocation_index",
        "finance_source": "ACARA National Report on Schooling",
        "temporal_warning": "School profile and finance values describe the institution in their reporting year, not the resources available when the parliamentarian attended. Reviewed successor mappings describe the successor institution."
      }
    },
    {
      "type": "Feature",
      "geometry": {
        "type": "Point",
        "coordinates": [
          149.147,
          -35.336
        ]
      },
      "properties": {
        "institution_id": "acara-40322",
        "acara_id": "40322",
        "school_name": "Narrabundah College",
        "school_sector": "Government",
        "government_non_government": "Government",
        "school_type": "Sec",
        "campus_type": "Sec",
        "year_range": "11-12",
        "state": "ACT",
        "suburb": "Narrabundah",
        "postcode": "2604",
        "remoteness_category": "Major Cities",
        "longitude": 149.147,
        "latitude": -35.336,
        "profile_year": 2025,
        "total_enrolments": 977,
        "girls_enrolments": 478,
        "boys_enrolments": 499,
        "fte_enrolments": 976.8,
        "icsea": 1131,
        "icsea_percentile": 91,
        "sea_bottom_quarter_pct": 5.0,
        "sea_lower_middle_quarter_pct": 11.0,
        "sea_upper_middle_quarter_pct": 29.0,
        "sea_top_quarter_pct": 56.0,
        "indigenous_enrolments_pct": 1.0,
        "lbote_pct": 65.0,
        "member_count": 1,
        "members": [
          {
            "member_id": "aph-316547",
            "name": "REBELLO, Leon",
            "parliaments": [
              48
            ],
            "services": [
              {
                "service_id": "srv-316547-48-41479002f1181fa9",
                "parliament_number": 48,
                "party": "Liberal Party of Australia",
                "party_abbrev": "LP",
                "chamber": "representatives"
              }
            ]
          }
        ],
        "education_assertions": [
          {
            "education_id": "edu-316547-55840e023747462b",
            "member_id": "aph-316547",
            "school_name_as_recorded": "Narrabundah College",
            "source_url": "https://handbookapi.aph.gov.au/api/individuals?$filter=PHID eq '316547'",
            "retrieved_at": "2026-10-02T08:23:59.813516+10:00",
            "confidence": "verified",
            "attended_status": "attended_unspecified",
            "institution_resolution": "direct",
            "resolution_source_url": null
          }
        ],
        "parliaments": [
          48
        ],
        "finance_year": 2024,
        "finance_metric": "total_net_recurrent_income_per_student",
        "finance_value": 20335,
        "finance_status": "benchmark_average",
        "finance_method": "peer_group_average",
        "finance_source": "ACARA National Report on Schooling",
        "temporal_warning": "School profile and finance values describe the institution in their reporting year, not the resources available when the parliamentarian attended. Reviewed successor mappings describe the successor institution."
      }
    },
    {
      "type": "Feature",
      "geometry": {
        "type": "Point",
        "coordinates": [
          151.78,
          -32.9299
        ]
      },
      "properties": {
        "institution_id": "acara-43855",
        "acara_id": "43855",
        "school_name": "Newcastle Grammar School",
        "school_sector": "Independent",
        "government_non_government": "Non-government",
        "school_type": "Pri/Sec",
        "campus_type": "Pri/Sec",
        "year_range": "K-12",
        "state": "NSW",
        "suburb": "The Hill",
        "postcode": "2300",
        "remoteness_category": "Major Cities",
        "longitude": 151.78,
        "latitude": -32.9299,
        "profile_year": 2025,
        "total_enrolments": 1049,
        "girls_enrolments": 538,
        "boys_enrolments": 511,
        "fte_enrolments": 1048.3,
        "icsea": 1181,
        "icsea_percentile": 99,
        "sea_bottom_quarter_pct": 1.0,
        "sea_lower_middle_quarter_pct": 7.0,
        "sea_upper_middle_quarter_pct": 19.0,
        "sea_top_quarter_pct": 73.0,
        "indigenous_enrolments_pct": 1.0,
        "lbote_pct": 23.0,
        "member_count": 1,
        "members": [
          {
            "member_id": "aph-261393",
            "name": "GEE, the Hon. Andrew Robert",
            "parliaments": [
              48
            ],
            "services": [
              {
                "service_id": "srv-261393-48-0232fb6ec9f2dd73",
                "parliament_number": 48,
                "party": "Independent",
                "party_abbrev": "IND",
                "chamber": "representatives"
              }
            ]
          }
        ],
        "education_assertions": [
          {
            "education_id": "edu-261393-b20300029777feb9",
            "member_id": "aph-261393",
            "school_name_as_recorded": "Newcastle Grammar School",
            "source_url": "https://handbookapi.aph.gov.au/api/individuals?$filter=PHID eq '261393'",
            "retrieved_at": "2026-10-02T08:23:59.813516+10:00",
            "confidence": "verified",
            "attended_status": "attended_unspecified",
            "institution_resolution": "direct",
            "resolution_source_url": null
          }
        ],
        "parliaments": [
          48
        ],
        "finance_year": 2024,
        "finance_metric": "total_net_recurrent_income_per_student",
        "finance_value": 30204,
        "finance_status": "estimated_indexed",
        "finance_method": "acara_state_sector_geolocation_index",
        "finance_source": "ACARA National Report on Schooling",
        "temporal_warning": "School profile and finance values describe the institution in their reporting year, not the resources available when the parliamentarian attended. Reviewed successor mappings describe the successor institution."
      }
    },
    {
      "type": "Feature",
      "geometry": {
        "type": "Point",
        "coordinates": [
          147.161,
          -41.4331
        ]
      },
      "properties": {
        "institution_id": "acara-50400",
        "acara_id": "50400",
        "school_name": "Newstead College",
        "school_sector": "Government",
        "government_non_government": "Government",
        "school_type": "Sec",
        "campus_type": "Sec",
        "year_range": "11-12",
        "state": "TAS",
        "suburb": "Newstead",
        "postcode": "7250",
        "remoteness_category": "Inner Regional",
        "longitude": 147.161,
        "latitude": -41.4331,
        "profile_year": 2025,
        "total_enrolments": 422,
        "girls_enrolments": 248,
        "boys_enrolments": 174,
        "fte_enrolments": 392.2,
        "icsea": 947,
        "icsea_percentile": 24,
        "sea_bottom_quarter_pct": 54.0,
        "sea_lower_middle_quarter_pct": 26.0,
        "sea_upper_middle_quarter_pct": 13.0,
        "sea_top_quarter_pct": 7.0,
        "indigenous_enrolments_pct": 9.0,
        "lbote_pct": 6.0,
        "member_count": 1,
        "members": [
          {
            "member_id": "aph-314526",
            "name": "TEESDALE, Jess",
            "parliaments": [
              48
            ],
            "services": [
              {
                "service_id": "srv-314526-48-1f94bc3baf296334",
                "parliament_number": 48,
                "party": "Australian Labor Party",
                "party_abbrev": "ALP",
                "chamber": "representatives"
              }
            ]
          }
        ],
        "education_assertions": [
          {
            "education_id": "edu-314526-327bc8729678e262",
            "member_id": "aph-314526",
            "school_name_as_recorded": "Newstead College",
            "source_url": "https://handbookapi.aph.gov.au/api/individuals?$filter=PHID eq '314526'",
            "retrieved_at": "2026-10-02T08:23:59.813516+10:00",
            "confidence": "verified",
            "attended_status": "attended_unspecified",
            "institution_resolution": "direct",
            "resolution_source_url": null
          }
        ],
        "parliaments": [
          48
        ],
        "finance_year": 2024,
        "finance_metric": "total_net_recurrent_income_per_student",
        "finance_value": 22022,
        "finance_status": "benchmark_average",
        "finance_method": "peer_group_average",
        "finance_source": "ACARA National Report on Schooling",
        "temporal_warning": "School profile and finance values describe the institution in their reporting year, not the resources available when the parliamentarian attended. Reviewed successor mappings describe the successor institution."
      }
    },
    {
      "type": "Feature",
      "geometry": {
        "type": "Point",
        "coordinates": [
          116.668,
          -31.6477
        ]
      },
      "properties": {
        "institution_id": "acara-48147",
        "acara_id": "48147",
        "school_name": "Northam Senior High School",
        "school_sector": "Government",
        "government_non_government": "Government",
        "school_type": "Sec",
        "campus_type": "Sec",
        "year_range": "7-12",
        "state": "WA",
        "suburb": "Northam",
        "postcode": "6401",
        "remoteness_category": "Inner Regional",
        "longitude": 116.668,
        "latitude": -31.6477,
        "profile_year": 2025,
        "total_enrolments": 669,
        "girls_enrolments": 316,
        "boys_enrolments": 353,
        "fte_enrolments": 668.4,
        "icsea": 898,
        "icsea_percentile": 10,
        "sea_bottom_quarter_pct": 64.0,
        "sea_lower_middle_quarter_pct": 24.0,
        "sea_upper_middle_quarter_pct": 9.0,
        "sea_top_quarter_pct": 3.0,
        "indigenous_enrolments_pct": 23.0,
        "lbote_pct": 9.0,
        "member_count": 1,
        "members": [
          {
            "member_id": "aph-299150",
            "name": "LAWRENCE, Tania",
            "parliaments": [
              48
            ],
            "services": [
              {
                "service_id": "srv-299150-48-d83aedadb420b9f3",
                "parliament_number": 48,
                "party": "Australian Labor Party",
                "party_abbrev": "ALP",
                "chamber": "representatives"
              }
            ]
          }
        ],
        "education_assertions": [
          {
            "education_id": "edu-299150-5f44a8cce42ab381",
            "member_id": "aph-299150",
            "school_name_as_recorded": "Northam Senior High School",
            "source_url": "https://handbookapi.aph.gov.au/api/individuals?$filter=PHID eq '299150'",
            "retrieved_at": "2026-10-02T08:23:59.813516+10:00",
            "confidence": "verified",
            "attended_status": "attended_unspecified",
            "institution_resolution": "direct",
            "resolution_source_url": null
          }
        ],
        "parliaments": [
          48
        ],
        "finance_year": 2024,
        "finance_metric": "total_net_recurrent_income_per_student",
        "finance_value": 23704,
        "finance_status": "estimated_indexed",
        "finance_method": "acara_state_sector_geolocation_index",
        "finance_source": "ACARA National Report on Schooling",
        "temporal_warning": "School profile and finance values describe the institution in their reporting year, not the resources available when the parliamentarian attended. Reviewed successor mappings describe the successor institution."
      }
    },
    {
      "type": "Feature",
      "geometry": {
        "type": "Point",
        "coordinates": [
          150.61025,
          -34.87139
        ]
      },
      "properties": {
        "institution_id": "acara-42911",
        "acara_id": "42911",
        "school_name": "Nowra High School",
        "school_sector": "Government",
        "government_non_government": "Government",
        "school_type": "Sec",
        "campus_type": "Sec",
        "year_range": "7-12",
        "state": "NSW",
        "suburb": "Nowra",
        "postcode": "2541",
        "remoteness_category": "Inner Regional",
        "longitude": 150.61025,
        "latitude": -34.87139,
        "profile_year": 2025,
        "total_enrolments": 777,
        "girls_enrolments": 416,
        "boys_enrolments": 361,
        "fte_enrolments": 777.0,
        "icsea": 944,
        "icsea_percentile": 22,
        "sea_bottom_quarter_pct": 46.0,
        "sea_lower_middle_quarter_pct": 30.0,
        "sea_upper_middle_quarter_pct": 17.0,
        "sea_top_quarter_pct": 7.0,
        "indigenous_enrolments_pct": 21.0,
        "lbote_pct": 8.0,
        "member_count": 1,
        "members": [
          {
            "member_id": "aph-147140",
            "name": "PHILLIPS, Fiona Evon",
            "parliaments": [
              48
            ],
            "services": [
              {
                "service_id": "srv-147140-48-03d8833da09c27e8",
                "parliament_number": 48,
                "party": "Australian Labor Party",
                "party_abbrev": "ALP",
                "chamber": "representatives"
              }
            ]
          }
        ],
        "education_assertions": [
          {
            "education_id": "edu-147140-a98b0ac11f5e6ea1",
            "member_id": "aph-147140",
            "school_name_as_recorded": "Nowra High School",
            "source_url": "https://handbookapi.aph.gov.au/api/individuals?$filter=PHID eq '147140'",
            "retrieved_at": "2026-10-02T08:23:59.813516+10:00",
            "confidence": "verified",
            "attended_status": "attended_unspecified",
            "institution_resolution": "direct",
            "resolution_source_url": null
          }
        ],
        "parliaments": [
          48
        ],
        "finance_year": 2024,
        "finance_metric": "total_net_recurrent_income_per_student",
        "finance_value": 20348,
        "finance_status": "estimated_indexed",
        "finance_method": "acara_state_sector_geolocation_index",
        "finance_source": "ACARA National Report on Schooling",
        "temporal_warning": "School profile and finance values describe the institution in their reporting year, not the resources available when the parliamentarian attended. Reviewed successor mappings describe the successor institution."
      }
    },
    {
      "type": "Feature",
      "geometry": {
        "type": "Point",
        "coordinates": [
          148.466353,
          -37.704106
        ]
      },
      "properties": {
        "institution_id": "acara-45446",
        "acara_id": "45446",
        "school_name": "Orbost Secondary College",
        "school_sector": "Government",
        "government_non_government": "Government",
        "school_type": "Secondary",
        "campus_type": "School Head Campus",
        "year_range": null,
        "state": "VIC",
        "suburb": "Orbost",
        "postcode": "3888",
        "remoteness_category": null,
        "longitude": 148.466353,
        "latitude": -37.704106,
        "profile_year": null,
        "total_enrolments": null,
        "girls_enrolments": null,
        "boys_enrolments": null,
        "fte_enrolments": null,
        "icsea": null,
        "icsea_percentile": null,
        "sea_bottom_quarter_pct": null,
        "sea_lower_middle_quarter_pct": null,
        "sea_upper_middle_quarter_pct": null,
        "sea_top_quarter_pct": null,
        "indigenous_enrolments_pct": null,
        "lbote_pct": null,
        "member_count": 1,
        "members": [
          {
            "member_id": "aph-i0u",
            "name": "HANSON-YOUNG, Sarah Coral",
            "parliaments": [
              48
            ],
            "services": [
              {
                "service_id": "srv-i0u-48-d33b35abbb5ce901",
                "parliament_number": 48,
                "party": "Australian Greens",
                "party_abbrev": "GRN",
                "chamber": "senate"
              }
            ]
          }
        ],
        "education_assertions": [
          {
            "education_id": "edu-i0u-fcfc809a5d0d673c",
            "member_id": "aph-i0u",
            "school_name_as_recorded": "Orbost Secondary College",
            "source_url": "https://handbookapi.aph.gov.au/api/individuals?$filter=PHID eq 'I0U'",
            "retrieved_at": "2026-10-02T08:23:59.813516+10:00",
            "confidence": "verified",
            "attended_status": "attended_unspecified",
            "institution_resolution": "direct",
            "resolution_source_url": null
          }
        ],
        "parliaments": [
          48
        ],
        "finance_year": 2024,
        "finance_metric": "total_net_recurrent_income_per_student",
        "finance_value": 21957,
        "finance_status": "benchmark_average",
        "finance_method": "peer_group_average_high_dispersion_fallback",
        "finance_source": "ACARA National Report on Schooling",
        "temporal_warning": "School profile and finance values describe the institution in their reporting year, not the resources available when the parliamentarian attended. Reviewed successor mappings describe the successor institution."
      }
    },
    {
      "type": "Feature",
      "geometry": {
        "type": "Point",
        "coordinates": [
          151.248,
          -33.8238
        ]
      },
      "properties": {
        "institution_id": "acara-43795",
        "acara_id": "43795",
        "school_name": "Queenwood",
        "school_sector": "Independent",
        "government_non_government": "Non-government",
        "school_type": "Pri/Sec",
        "campus_type": "Sec",
        "year_range": "K-12",
        "state": "NSW",
        "suburb": "Mosman",
        "postcode": "2088",
        "remoteness_category": "Major Cities",
        "longitude": 151.248,
        "latitude": -33.8238,
        "profile_year": 2025,
        "total_enrolments": 816,
        "girls_enrolments": 816,
        "boys_enrolments": 0,
        "fte_enrolments": 816.0,
        "icsea": 1172,
        "icsea_percentile": 98,
        "sea_bottom_quarter_pct": 1.0,
        "sea_lower_middle_quarter_pct": 5.0,
        "sea_upper_middle_quarter_pct": 21.0,
        "sea_top_quarter_pct": 73.0,
        "indigenous_enrolments_pct": 1.0,
        "lbote_pct": 15.0,
        "member_count": 1,
        "members": [
          {
            "member_id": "aph-175696",
            "name": "STEGGALL, Zali, OAM",
            "parliaments": [
              48
            ],
            "services": [
              {
                "service_id": "srv-175696-48-cab5445e04597fda",
                "parliament_number": 48,
                "party": "Independent",
                "party_abbrev": "IND",
                "chamber": "representatives"
              }
            ]
          }
        ],
        "education_assertions": [
          {
            "education_id": "edu-175696-56f12a924159b044",
            "member_id": "aph-175696",
            "school_name_as_recorded": "Queenwood, Mosman",
            "source_url": "https://handbookapi.aph.gov.au/api/individuals?$filter=PHID eq '175696'",
            "retrieved_at": "2026-10-02T08:23:59.813516+10:00",
            "confidence": "provisional",
            "attended_status": "attended_unspecified",
            "institution_resolution": "direct",
            "resolution_source_url": null
          }
        ],
        "parliaments": [
          48
        ],
        "finance_year": 2024,
        "finance_metric": "total_net_recurrent_income_per_student",
        "finance_value": 33204,
        "finance_status": "estimated_indexed",
        "finance_method": "acara_state_sector_geolocation_index",
        "finance_source": "ACARA National Report on Schooling",
        "temporal_warning": "School profile and finance values describe the institution in their reporting year, not the resources available when the parliamentarian attended. Reviewed successor mappings describe the successor institution."
      }
    },
    {
      "type": "Feature",
      "geometry": {
        "type": "Point",
        "coordinates": [
          140.741,
          -34.1721
        ]
      },
      "properties": {
        "institution_id": "acara-49477",
        "acara_id": "49477",
        "school_name": "Renmark High School",
        "school_sector": "Government",
        "government_non_government": "Government",
        "school_type": "Sec",
        "campus_type": "Sec",
        "year_range": "7-12",
        "state": "SA",
        "suburb": "Renmark",
        "postcode": "5341",
        "remoteness_category": "Outer Regional",
        "longitude": 140.741,
        "latitude": -34.1721,
        "profile_year": 2025,
        "total_enrolments": 414,
        "girls_enrolments": 211,
        "boys_enrolments": 203,
        "fte_enrolments": 413.3,
        "icsea": 930,
        "icsea_percentile": 18,
        "sea_bottom_quarter_pct": 53.0,
        "sea_lower_middle_quarter_pct": 28.0,
        "sea_upper_middle_quarter_pct": 14.0,
        "sea_top_quarter_pct": 5.0,
        "indigenous_enrolments_pct": 14.0,
        "lbote_pct": 17.0,
        "member_count": 2,
        "members": [
          {
            "member_id": "aph-316101",
            "name": "CLUTTERHAM, Claire Louise",
            "parliaments": [
              48
            ],
            "services": [
              {
                "service_id": "srv-316101-48-729861cd8af8e5e6",
                "parliament_number": 48,
                "party": "Australian Labor Party",
                "party_abbrev": "ALP",
                "chamber": "representatives"
              }
            ]
          },
          {
            "member_id": "aph-243273",
            "name": "RUSTON, the Hon. Anne Sowerby",
            "parliaments": [
              48
            ],
            "services": [
              {
                "service_id": "srv-243273-48-3a21c1269a3ce14f",
                "parliament_number": 48,
                "party": "Liberal Party of Australia",
                "party_abbrev": "LP",
                "chamber": "senate"
              }
            ]
          }
        ],
        "education_assertions": [
          {
            "education_id": "edu-243273-25c5a9844fb7ce07",
            "member_id": "aph-243273",
            "school_name_as_recorded": "Renmark High School",
            "source_url": "https://handbookapi.aph.gov.au/api/individuals?$filter=PHID eq '243273'",
            "retrieved_at": "2026-10-02T08:23:59.813516+10:00",
            "confidence": "verified",
            "attended_status": "attended_unspecified",
            "institution_resolution": "direct",
            "resolution_source_url": null
          },
          {
            "education_id": "edu-316101-25c5a9844fb7ce07",
            "member_id": "aph-316101",
            "school_name_as_recorded": "Renmark High School",
            "source_url": "https://handbookapi.aph.gov.au/api/individuals?$filter=PHID eq '316101'",
            "retrieved_at": "2026-10-02T08:23:59.813516+10:00",
            "confidence": "verified",
            "attended_status": "attended_unspecified",
            "institution_resolution": "direct",
            "resolution_source_url": null
          }
        ],
        "parliaments": [
          48
        ],
        "finance_year": 2024,
        "finance_metric": "total_net_recurrent_income_per_student",
        "finance_value": 22853,
        "finance_status": "benchmark_average",
        "finance_method": "peer_group_average_high_dispersion_fallback",
        "finance_source": "ACARA National Report on Schooling",
        "temporal_warning": "School profile and finance values describe the institution in their reporting year, not the resources available when the parliamentarian attended. Reviewed successor mappings describe the successor institution."
      }
    },
    {
      "type": "Feature",
      "geometry": {
        "type": "Point",
        "coordinates": [
          150.496,
          -23.3886
        ]
      },
      "properties": {
        "institution_id": "acara-48031",
        "acara_id": "48031",
        "school_name": "Rockhampton Girls Grammar School",
        "school_sector": "Independent",
        "government_non_government": "Non-government",
        "school_type": "Pri/Sec",
        "campus_type": "Pri/Sec",
        "year_range": "Prep-12",
        "state": "QLD",
        "suburb": "Rockhampton",
        "postcode": "4700",
        "remoteness_category": "Inner Regional",
        "longitude": 150.496,
        "latitude": -23.3886,
        "profile_year": 2025,
        "total_enrolments": 405,
        "girls_enrolments": 405,
        "boys_enrolments": 0,
        "fte_enrolments": 404.8,
        "icsea": 1022,
        "icsea_percentile": 56,
        "sea_bottom_quarter_pct": 19.0,
        "sea_lower_middle_quarter_pct": 34.0,
        "sea_upper_middle_quarter_pct": 29.0,
        "sea_top_quarter_pct": 18.0,
        "indigenous_enrolments_pct": 13.0,
        "lbote_pct": 14.0,
        "member_count": 1,
        "members": [
          {
            "member_id": "aph-249764",
            "name": "LANDRY, the Hon. Michelle Leanne",
            "parliaments": [
              48
            ],
            "services": [
              {
                "service_id": "srv-249764-48-eae301f0691e0e93",
                "parliament_number": 48,
                "party": "The Nationals",
                "party_abbrev": "NP",
                "chamber": "representatives"
              }
            ]
          }
        ],
        "education_assertions": [
          {
            "education_id": "edu-249764-234dbd32a21cd837",
            "member_id": "aph-249764",
            "school_name_as_recorded": "Rockhampton Girls Grammar School",
            "source_url": "https://handbookapi.aph.gov.au/api/individuals?$filter=PHID eq '249764'",
            "retrieved_at": "2026-10-02T08:23:59.813516+10:00",
            "confidence": "verified",
            "attended_status": "attended_unspecified",
            "institution_resolution": "direct",
            "resolution_source_url": null
          }
        ],
        "parliaments": [
          48
        ],
        "finance_year": 2024,
        "finance_metric": "total_net_recurrent_income_per_student",
        "finance_value": 22605,
        "finance_status": "estimated_indexed",
        "finance_method": "acara_state_sector_geolocation_index",
        "finance_source": "ACARA National Report on Schooling",
        "temporal_warning": "School profile and finance values describe the institution in their reporting year, not the resources available when the parliamentarian attended. Reviewed successor mappings describe the successor institution."
      }
    },
    {
      "type": "Feature",
      "geometry": {
        "type": "Point",
        "coordinates": [
          147.365,
          -42.8693
        ]
      },
      "properties": {
        "institution_id": "acara-40445",
        "acara_id": "40445",
        "school_name": "Rosny College",
        "school_sector": "Government",
        "government_non_government": "Government",
        "school_type": "Sec",
        "campus_type": "Sec",
        "year_range": "11-12",
        "state": "TAS",
        "suburb": "Rosny Park",
        "postcode": "7018",
        "remoteness_category": "Inner Regional",
        "longitude": 147.365,
        "latitude": -42.8693,
        "profile_year": 2025,
        "total_enrolments": 968,
        "girls_enrolments": 495,
        "boys_enrolments": 473,
        "fte_enrolments": 914.6,
        "icsea": 987,
        "icsea_percentile": 41,
        "sea_bottom_quarter_pct": 35.0,
        "sea_lower_middle_quarter_pct": 31.0,
        "sea_upper_middle_quarter_pct": 20.0,
        "sea_top_quarter_pct": 14.0,
        "indigenous_enrolments_pct": 10.0,
        "lbote_pct": 4.0,
        "member_count": 3,
        "members": [
          {
            "member_id": "aph-f49",
            "name": "BROWN, the Hon. Carol Louise",
            "parliaments": [
              48
            ],
            "services": [
              {
                "service_id": "srv-f49-48-8ef7ac9c93a504bd",
                "parliament_number": 48,
                "party": "Australian Labor Party",
                "party_abbrev": "ALP",
                "chamber": "senate"
              }
            ]
          },
          {
            "member_id": "aph-55842",
            "name": "DOWLING, Richard",
            "parliaments": [
              48
            ],
            "services": [
              {
                "service_id": "srv-55842-48-8ef7ac9c93a504bd",
                "parliament_number": 48,
                "party": "Australian Labor Party",
                "party_abbrev": "ALP",
                "chamber": "senate"
              }
            ]
          },
          {
            "member_id": "aph-224102",
            "name": "WHITE, the Hon Rebecca Peta",
            "parliaments": [
              48
            ],
            "services": [
              {
                "service_id": "srv-224102-48-73e1cbef867cfdc0",
                "parliament_number": 48,
                "party": "Australian Labor Party",
                "party_abbrev": "ALP",
                "chamber": "representatives"
              }
            ]
          }
        ],
        "education_assertions": [
          {
            "education_id": "edu-224102-2cf16f761b9398ff",
            "member_id": "aph-224102",
            "school_name_as_recorded": "Rosny College",
            "source_url": "https://handbookapi.aph.gov.au/api/individuals?$filter=PHID eq '224102'",
            "retrieved_at": "2026-10-02T08:23:59.813516+10:00",
            "confidence": "verified",
            "attended_status": "attended_unspecified",
            "institution_resolution": "direct",
            "resolution_source_url": null
          },
          {
            "education_id": "edu-55842-2cf16f761b9398ff",
            "member_id": "aph-55842",
            "school_name_as_recorded": "Rosny College",
            "source_url": "https://handbookapi.aph.gov.au/api/individuals?$filter=PHID eq '55842'",
            "retrieved_at": "2026-10-02T08:23:59.813516+10:00",
            "confidence": "verified",
            "attended_status": "attended_unspecified",
            "institution_resolution": "direct",
            "resolution_source_url": null
          },
          {
            "education_id": "edu-f49-2cf16f761b9398ff",
            "member_id": "aph-f49",
            "school_name_as_recorded": "Rosny College",
            "source_url": "https://handbookapi.aph.gov.au/api/individuals?$filter=PHID eq 'F49'",
            "retrieved_at": "2026-10-02T08:23:59.813516+10:00",
            "confidence": "verified",
            "attended_status": "attended_unspecified",
            "institution_resolution": "direct",
            "resolution_source_url": null
          }
        ],
        "parliaments": [
          48
        ],
        "finance_year": 2024,
        "finance_metric": "total_net_recurrent_income_per_student",
        "finance_value": 21376,
        "finance_status": "estimated_indexed",
        "finance_method": "acara_state_sector_geolocation_index",
        "finance_source": "ACARA National Report on Schooling",
        "temporal_warning": "School profile and finance values describe the institution in their reporting year, not the resources available when the parliamentarian attended. Reviewed successor mappings describe the successor institution."
      }
    },
    {
      "type": "Feature",
      "geometry": {
        "type": "Point",
        "coordinates": [
          145.053,
          -37.8615
        ]
      },
      "properties": {
        "institution_id": "acara-45654",
        "acara_id": "45654",
        "school_name": "Sacre Coeur",
        "school_sector": "Catholic",
        "government_non_government": "Non-government",
        "school_type": "Pri/Sec",
        "campus_type": "Pri/Sec",
        "year_range": "Prep-12",
        "state": "VIC",
        "suburb": "Glen Iris",
        "postcode": "3146",
        "remoteness_category": "Major Cities",
        "longitude": 145.053,
        "latitude": -37.8615,
        "profile_year": 2025,
        "total_enrolments": 659,
        "girls_enrolments": 659,
        "boys_enrolments": 0,
        "fte_enrolments": 659.0,
        "icsea": 1171,
        "icsea_percentile": 98,
        "sea_bottom_quarter_pct": 1.0,
        "sea_lower_middle_quarter_pct": 7.0,
        "sea_upper_middle_quarter_pct": 23.0,
        "sea_top_quarter_pct": 69.0,
        "indigenous_enrolments_pct": 0.0,
        "lbote_pct": 33.0,
        "member_count": 1,
        "members": [
          {
            "member_id": "aph-295588",
            "name": "GARLAND, Dr Carina Mary Lindsay",
            "parliaments": [
              48
            ],
            "services": [
              {
                "service_id": "srv-295588-48-8e502dadacad65bf",
                "parliament_number": 48,
                "party": "Australian Labor Party",
                "party_abbrev": "ALP",
                "chamber": "representatives"
              }
            ]
          }
        ],
        "education_assertions": [
          {
            "education_id": "edu-295588-185c2f036eccf258",
            "member_id": "aph-295588",
            "school_name_as_recorded": "Sacre Coeur",
            "source_url": "https://handbookapi.aph.gov.au/api/individuals?$filter=PHID eq '295588'",
            "retrieved_at": "2026-10-02T08:23:59.813516+10:00",
            "confidence": "verified",
            "attended_status": "attended_unspecified",
            "institution_resolution": "direct",
            "resolution_source_url": null
          }
        ],
        "parliaments": [
          48
        ],
        "finance_year": 2024,
        "finance_metric": "total_net_recurrent_income_per_student",
        "finance_value": 25999,
        "finance_status": "estimated_indexed",
        "finance_method": "acara_state_sector_geolocation_index",
        "finance_source": "ACARA National Report on Schooling",
        "temporal_warning": "School profile and finance values describe the institution in their reporting year, not the resources available when the parliamentarian attended. Reviewed successor mappings describe the successor institution."
      }
    },
    {
      "type": "Feature",
      "geometry": {
        "type": "Point",
        "coordinates": [
          115.741,
          -32.3043
        ]
      },
      "properties": {
        "institution_id": "acara-48218",
        "acara_id": "48218",
        "school_name": "Safety Bay Senior High School",
        "school_sector": "Government",
        "government_non_government": "Government",
        "school_type": "Sec",
        "campus_type": "Sec",
        "year_range": "7-12",
        "state": "WA",
        "suburb": "Safety Bay",
        "postcode": "6169",
        "remoteness_category": "Major Cities",
        "longitude": 115.741,
        "latitude": -32.3043,
        "profile_year": 2025,
        "total_enrolments": 1148,
        "girls_enrolments": 563,
        "boys_enrolments": 585,
        "fte_enrolments": 1148.0,
        "icsea": 966,
        "icsea_percentile": 31,
        "sea_bottom_quarter_pct": 48.0,
        "sea_lower_middle_quarter_pct": 32.0,
        "sea_upper_middle_quarter_pct": 14.0,
        "sea_top_quarter_pct": 6.0,
        "indigenous_enrolments_pct": 8.0,
        "lbote_pct": 11.0,
        "member_count": 1,
        "members": [
          {
            "member_id": "aph-102376",
            "name": "KING, the Hon. Madeleine Mary Harvie",
            "parliaments": [
              48
            ],
            "services": [
              {
                "service_id": "srv-102376-48-303a4cb4d0d055e2",
                "parliament_number": 48,
                "party": "Australian Labor Party",
                "party_abbrev": "ALP",
                "chamber": "representatives"
              }
            ]
          }
        ],
        "education_assertions": [
          {
            "education_id": "edu-102376-e3d7660db41fea42",
            "member_id": "aph-102376",
            "school_name_as_recorded": "Safety Bay Senior High School",
            "source_url": "https://handbookapi.aph.gov.au/api/individuals?$filter=PHID eq '102376'",
            "retrieved_at": "2026-10-02T08:23:59.813516+10:00",
            "confidence": "verified",
            "attended_status": "attended_unspecified",
            "institution_resolution": "direct",
            "resolution_source_url": null
          }
        ],
        "parliaments": [
          48
        ],
        "finance_year": 2024,
        "finance_metric": "total_net_recurrent_income_per_student",
        "finance_value": 17642,
        "finance_status": "estimated_indexed",
        "finance_method": "acara_state_sector_geolocation_index",
        "finance_source": "ACARA National Report on Schooling",
        "temporal_warning": "School profile and finance values describe the institution in their reporting year, not the resources available when the parliamentarian attended. Reviewed successor mappings describe the successor institution."
      }
    },
    {
      "type": "Feature",
      "geometry": {
        "type": "Point",
        "coordinates": [
          145.236,
          -37.8886
        ]
      },
      "properties": {
        "institution_id": "acara-45463",
        "acara_id": "45463",
        "school_name": "Scoresby Secondary College",
        "school_sector": "Government",
        "government_non_government": "Government",
        "school_type": "Sec",
        "campus_type": "Sec",
        "year_range": "7-12",
        "state": "VIC",
        "suburb": "Scoresby",
        "postcode": "3179",
        "remoteness_category": "Major Cities",
        "longitude": 145.236,
        "latitude": -37.8886,
        "profile_year": 2025,
        "total_enrolments": 244,
        "girls_enrolments": 113,
        "boys_enrolments": 131,
        "fte_enrolments": 244.0,
        "icsea": 1003,
        "icsea_percentile": 48,
        "sea_bottom_quarter_pct": 38.0,
        "sea_lower_middle_quarter_pct": 28.0,
        "sea_upper_middle_quarter_pct": 23.0,
        "sea_top_quarter_pct": 11.0,
        "indigenous_enrolments_pct": 2.0,
        "lbote_pct": 23.0,
        "member_count": 1,
        "members": [
          {
            "member_id": "aph-316660",
            "name": "WITTY, Sarah",
            "parliaments": [
              48
            ],
            "services": [
              {
                "service_id": "srv-316660-48-2bbc16a35050d854",
                "parliament_number": 48,
                "party": "Australian Labor Party",
                "party_abbrev": "ALP",
                "chamber": "representatives"
              }
            ]
          }
        ],
        "education_assertions": [
          {
            "education_id": "edu-316660-92f51738222e412e",
            "member_id": "aph-316660",
            "school_name_as_recorded": "Scoresby Secondary College",
            "source_url": "https://handbookapi.aph.gov.au/api/individuals?$filter=PHID eq '316660'",
            "retrieved_at": "2026-10-02T08:23:59.813516+10:00",
            "confidence": "verified",
            "attended_status": "attended_unspecified",
            "institution_resolution": "direct",
            "resolution_source_url": null
          }
        ],
        "parliaments": [
          48
        ],
        "finance_year": 2024,
        "finance_metric": "total_net_recurrent_income_per_student",
        "finance_value": 19162,
        "finance_status": "benchmark_average",
        "finance_method": "peer_group_average",
        "finance_source": "ACARA National Report on Schooling",
        "temporal_warning": "School profile and finance values describe the institution in their reporting year, not the resources available when the parliamentarian attended. Reviewed successor mappings describe the successor institution."
      }
    },
    {
      "type": "Feature",
      "geometry": {
        "type": "Point",
        "coordinates": [
          151.009,
          -33.8795
        ]
      },
      "properties": {
        "institution_id": "acara-41576",
        "acara_id": "41576",
        "school_name": "Sefton High School",
        "school_sector": "Government",
        "government_non_government": "Government",
        "school_type": "Sec",
        "campus_type": "Sec",
        "year_range": "7-12",
        "state": "NSW",
        "suburb": "Sefton",
        "postcode": "2162",
        "remoteness_category": "Major Cities",
        "longitude": 151.009,
        "latitude": -33.8795,
        "profile_year": 2025,
        "total_enrolments": 1121,
        "girls_enrolments": 541,
        "boys_enrolments": 580,
        "fte_enrolments": 1121.0,
        "icsea": 1033,
        "icsea_percentile": 61,
        "sea_bottom_quarter_pct": 29.0,
        "sea_lower_middle_quarter_pct": 25.0,
        "sea_upper_middle_quarter_pct": 25.0,
        "sea_top_quarter_pct": 21.0,
        "indigenous_enrolments_pct": 0.0,
        "lbote_pct": 94.0,
        "member_count": 1,
        "members": [
          {
            "member_id": "aph-298121",
            "name": "SITOU, Sally",
            "parliaments": [
              48
            ],
            "services": [
              {
                "service_id": "srv-298121-48-eac9ac10cad14279",
                "parliament_number": 48,
                "party": "Australian Labor Party",
                "party_abbrev": "ALP",
                "chamber": "representatives"
              }
            ]
          }
        ],
        "education_assertions": [
          {
            "education_id": "edu-298121-913c87660932fe33",
            "member_id": "aph-298121",
            "school_name_as_recorded": "Sefton High School",
            "source_url": "https://handbookapi.aph.gov.au/api/individuals?$filter=PHID eq '298121'",
            "retrieved_at": "2026-10-02T08:23:59.813516+10:00",
            "confidence": "verified",
            "attended_status": "attended_unspecified",
            "institution_resolution": "direct",
            "resolution_source_url": null
          }
        ],
        "parliaments": [
          48
        ],
        "finance_year": 2024,
        "finance_metric": "total_net_recurrent_income_per_student",
        "finance_value": 15886,
        "finance_status": "estimated_indexed",
        "finance_method": "acara_state_sector_geolocation_index",
        "finance_source": "ACARA National Report on Schooling",
        "temporal_warning": "School profile and finance values describe the institution in their reporting year, not the resources available when the parliamentarian attended. Reviewed successor mappings describe the successor institution."
      }
    },
    {
      "type": "Feature",
      "geometry": {
        "type": "Point",
        "coordinates": [
          153.375,
          -28.0909
        ]
      },
      "properties": {
        "institution_id": "acara-48093",
        "acara_id": "48093",
        "school_name": "Somerset College",
        "school_sector": "Independent",
        "government_non_government": "Non-government",
        "school_type": "Pri/Sec",
        "campus_type": "Pri/Sec",
        "year_range": "Prep-12",
        "state": "QLD",
        "suburb": "Mudgeeraba",
        "postcode": "4213",
        "remoteness_category": "Major Cities",
        "longitude": 153.375,
        "latitude": -28.0909,
        "profile_year": 2025,
        "total_enrolments": 1612,
        "girls_enrolments": 838,
        "boys_enrolments": 774,
        "fte_enrolments": 1612.0,
        "icsea": 1157,
        "icsea_percentile": 96,
        "sea_bottom_quarter_pct": 2.0,
        "sea_lower_middle_quarter_pct": 9.0,
        "sea_upper_middle_quarter_pct": 26.0,
        "sea_top_quarter_pct": 63.0,
        "indigenous_enrolments_pct": 0.0,
        "lbote_pct": 34.0,
        "member_count": 1,
        "members": [
          {
            "member_id": "aph-121628",
            "name": "McALLISTER, the Hon. Jennifer (Jenny) Ryll",
            "parliaments": [
              48
            ],
            "services": [
              {
                "service_id": "srv-121628-48-c5a1a778bed2742f",
                "parliament_number": 48,
                "party": "Australian Labor Party",
                "party_abbrev": "ALP",
                "chamber": "senate"
              }
            ]
          }
        ],
        "education_assertions": [
          {
            "education_id": "edu-121628-0c20ba96ed3acaa1",
            "member_id": "aph-121628",
            "school_name_as_recorded": "Somerset College",
            "source_url": "https://handbookapi.aph.gov.au/api/individuals?$filter=PHID eq '121628'",
            "retrieved_at": "2026-10-02T08:23:59.813516+10:00",
            "confidence": "verified",
            "attended_status": "attended_unspecified",
            "institution_resolution": "direct",
            "resolution_source_url": null
          }
        ],
        "parliaments": [
          48
        ],
        "finance_year": 2024,
        "finance_metric": "total_net_recurrent_income_per_student",
        "finance_value": 27771,
        "finance_status": "benchmark_average",
        "finance_method": "peer_group_average",
        "finance_source": "ACARA National Report on Schooling",
        "temporal_warning": "School profile and finance values describe the institution in their reporting year, not the resources available when the parliamentarian attended. Reviewed successor mappings describe the successor institution."
      }
    },
    {
      "type": "Feature",
      "geometry": {
        "type": "Point",
        "coordinates": [
          150.551,
          -33.6851
        ]
      },
      "properties": {
        "institution_id": "acara-41825",
        "acara_id": "41825",
        "school_name": "Springwood High School",
        "school_sector": "Government",
        "government_non_government": "Government",
        "school_type": "Sec",
        "campus_type": "Sec",
        "year_range": "7-12",
        "state": "NSW",
        "suburb": "Springwood",
        "postcode": "2777",
        "remoteness_category": "Major Cities",
        "longitude": 150.551,
        "latitude": -33.6851,
        "profile_year": 2025,
        "total_enrolments": 566,
        "girls_enrolments": 274,
        "boys_enrolments": 292,
        "fte_enrolments": 565.2,
        "icsea": 1027,
        "icsea_percentile": 59,
        "sea_bottom_quarter_pct": 22.0,
        "sea_lower_middle_quarter_pct": 32.0,
        "sea_upper_middle_quarter_pct": 27.0,
        "sea_top_quarter_pct": 18.0,
        "indigenous_enrolments_pct": 7.0,
        "lbote_pct": 13.0,
        "member_count": 1,
        "members": [
          {
            "member_id": "aph-23497",
            "name": "BERRY, Carol",
            "parliaments": [
              48
            ],
            "services": [
              {
                "service_id": "srv-23497-48-2abd89290946411a",
                "parliament_number": 48,
                "party": "Australian Labor Party",
                "party_abbrev": "ALP",
                "chamber": "representatives"
              }
            ]
          }
        ],
        "education_assertions": [
          {
            "education_id": "edu-23497-a3a7bd068b474a23",
            "member_id": "aph-23497",
            "school_name_as_recorded": "Springwood High School",
            "source_url": "https://handbookapi.aph.gov.au/api/individuals?$filter=PHID eq '23497'",
            "retrieved_at": "2026-10-02T08:23:59.813516+10:00",
            "confidence": "verified",
            "attended_status": "attended_unspecified",
            "institution_resolution": "direct",
            "resolution_source_url": null
          }
        ],
        "parliaments": [
          48
        ],
        "finance_year": 2024,
        "finance_metric": "total_net_recurrent_income_per_student",
        "finance_value": 19553,
        "finance_status": "benchmark_average",
        "finance_method": "peer_group_average",
        "finance_source": "ACARA National Report on Schooling",
        "temporal_warning": "School profile and finance values describe the institution in their reporting year, not the resources available when the parliamentarian attended. Reviewed successor mappings describe the successor institution."
      }
    },
    {
      "type": "Feature",
      "geometry": {
        "type": "Point",
        "coordinates": [
          145.068,
          -37.9912
        ]
      },
      "properties": {
        "institution_id": "acara-45855",
        "acara_id": "45855",
        "school_name": "St Bede's College",
        "school_sector": "Catholic",
        "government_non_government": "Non-government",
        "school_type": "Sec",
        "campus_type": "Sec",
        "year_range": "7-12",
        "state": "VIC",
        "suburb": "Mentone",
        "postcode": "3194",
        "remoteness_category": "Major Cities",
        "longitude": 145.068,
        "latitude": -37.9912,
        "profile_year": 2025,
        "total_enrolments": 1882,
        "girls_enrolments": 0,
        "boys_enrolments": 1882,
        "fte_enrolments": 1882.0,
        "icsea": 1097,
        "icsea_percentile": 83,
        "sea_bottom_quarter_pct": 7.0,
        "sea_lower_middle_quarter_pct": 22.0,
        "sea_upper_middle_quarter_pct": 34.0,
        "sea_top_quarter_pct": 37.0,
        "indigenous_enrolments_pct": 0.0,
        "lbote_pct": 8.0,
        "member_count": 1,
        "members": [
          {
            "member_id": "aph-265967",
            "name": "WALLACE, Andrew Bruce",
            "parliaments": [
              48
            ],
            "services": [
              {
                "service_id": "srv-265967-48-2277d5bda9b7378e",
                "parliament_number": 48,
                "party": "Liberal Party of Australia",
                "party_abbrev": "LP",
                "chamber": "representatives"
              }
            ]
          }
        ],
        "education_assertions": [
          {
            "education_id": "edu-265967-8cad5cffa2174f58",
            "member_id": "aph-265967",
            "school_name_as_recorded": "St Bede's College",
            "source_url": "https://handbookapi.aph.gov.au/api/individuals?$filter=PHID eq '265967'",
            "retrieved_at": "2026-10-02T08:23:59.813516+10:00",
            "confidence": "verified",
            "attended_status": "attended_unspecified",
            "institution_resolution": "direct",
            "resolution_source_url": null
          }
        ],
        "parliaments": [
          48
        ],
        "finance_year": 2024,
        "finance_metric": "total_net_recurrent_income_per_student",
        "finance_value": 18575,
        "finance_status": "estimated_indexed",
        "finance_method": "acara_state_sector_geolocation_index",
        "finance_source": "ACARA National Report on Schooling",
        "temporal_warning": "School profile and finance values describe the institution in their reporting year, not the resources available when the parliamentarian attended. Reviewed successor mappings describe the successor institution."
      }
    },
    {
      "type": "Feature",
      "geometry": {
        "type": "Point",
        "coordinates": [
          150.728,
          -23.1153
        ]
      },
      "properties": {
        "institution_id": "acara-47905",
        "acara_id": "47905",
        "school_name": "St Brendan's College",
        "school_sector": "Catholic",
        "government_non_government": "Non-government",
        "school_type": "Sec",
        "campus_type": "Sec",
        "year_range": "7-12",
        "state": "QLD",
        "suburb": "Yeppoon",
        "postcode": "4703",
        "remoteness_category": "Inner Regional",
        "longitude": 150.728,
        "latitude": -23.1153,
        "profile_year": 2025,
        "total_enrolments": 1034,
        "girls_enrolments": 0,
        "boys_enrolments": 1034,
        "fte_enrolments": 1034.0,
        "icsea": 994,
        "icsea_percentile": 44,
        "sea_bottom_quarter_pct": 25.0,
        "sea_lower_middle_quarter_pct": 38.0,
        "sea_upper_middle_quarter_pct": 25.0,
        "sea_top_quarter_pct": 11.0,
        "indigenous_enrolments_pct": 15.0,
        "lbote_pct": 4.0,
        "member_count": 1,
        "members": [
          {
            "member_id": "aph-230531",
            "name": "BUCHHOLZ, the Hon. Scott Andrew",
            "parliaments": [
              48
            ],
            "services": [
              {
                "service_id": "srv-230531-48-aab203e7c44af58c",
                "parliament_number": 48,
                "party": "Liberal Party of Australia",
                "party_abbrev": "LP",
                "chamber": "representatives"
              }
            ]
          }
        ],
        "education_assertions": [
          {
            "education_id": "edu-230531-f1f16c19d9221edb",
            "member_id": "aph-230531",
            "school_name_as_recorded": "St Brendan's College",
            "source_url": "https://handbookapi.aph.gov.au/api/individuals?$filter=PHID eq '230531'",
            "retrieved_at": "2026-10-02T08:23:59.813516+10:00",
            "confidence": "verified",
            "attended_status": "attended_unspecified",
            "institution_resolution": "direct",
            "resolution_source_url": null
          }
        ],
        "parliaments": [
          48
        ],
        "finance_year": 2024,
        "finance_metric": "total_net_recurrent_income_per_student",
        "finance_value": 22733,
        "finance_status": "benchmark_average",
        "finance_method": "peer_group_average_high_dispersion_fallback",
        "finance_source": "ACARA National Report on Schooling",
        "temporal_warning": "School profile and finance values describe the institution in their reporting year, not the resources available when the parliamentarian attended. Reviewed successor mappings describe the successor institution."
      }
    },
    {
      "type": "Feature",
      "geometry": {
        "type": "Point",
        "coordinates": [
          150.892,
          -33.8731
        ]
      },
      "properties": {
        "institution_id": "acara-41598",
        "acara_id": "41598",
        "school_name": "St Johns Park High School",
        "school_sector": "Government",
        "government_non_government": "Government",
        "school_type": "Sec",
        "campus_type": "Sec",
        "year_range": "7-12",
        "state": "NSW",
        "suburb": "St Johns Park",
        "postcode": "2176",
        "remoteness_category": "Major Cities",
        "longitude": 150.892,
        "latitude": -33.8731,
        "profile_year": 2025,
        "total_enrolments": 923,
        "girls_enrolments": 408,
        "boys_enrolments": 515,
        "fte_enrolments": 921.2,
        "icsea": 927,
        "icsea_percentile": 17,
        "sea_bottom_quarter_pct": 62.0,
        "sea_lower_middle_quarter_pct": 25.0,
        "sea_upper_middle_quarter_pct": 11.0,
        "sea_top_quarter_pct": 3.0,
        "indigenous_enrolments_pct": 2.0,
        "lbote_pct": 91.0,
        "member_count": 1,
        "members": [
          {
            "member_id": "aph-dzs",
            "name": "BOWEN, the Hon. Christopher (Chris) Eyles",
            "parliaments": [
              48
            ],
            "services": [
              {
                "service_id": "srv-dzs-48-de6c1ffd6e570916",
                "parliament_number": 48,
                "party": "Australian Labor Party",
                "party_abbrev": "ALP",
                "chamber": "representatives"
              }
            ]
          }
        ],
        "education_assertions": [
          {
            "education_id": "edu-dzs-18a0501f5bd17148",
            "member_id": "aph-dzs",
            "school_name_as_recorded": "St John's Park High School",
            "source_url": "https://handbookapi.aph.gov.au/api/individuals?$filter=PHID eq 'DZS'",
            "retrieved_at": "2026-10-02T08:23:59.813516+10:00",
            "confidence": "verified",
            "attended_status": "attended_unspecified",
            "institution_resolution": "direct",
            "resolution_source_url": null
          }
        ],
        "parliaments": [
          48
        ],
        "finance_year": 2024,
        "finance_metric": "total_net_recurrent_income_per_student",
        "finance_value": 20657,
        "finance_status": "estimated_indexed",
        "finance_method": "acara_state_sector_geolocation_index",
        "finance_source": "ACARA National Report on Schooling",
        "temporal_warning": "School profile and finance values describe the institution in their reporting year, not the resources available when the parliamentarian attended. Reviewed successor mappings describe the successor institution."
      }
    },
    {
      "type": "Feature",
      "geometry": {
        "type": "Point",
        "coordinates": [
          147.323,
          -42.8882
        ]
      },
      "properties": {
        "institution_id": "acara-40035",
        "acara_id": "40035",
        "school_name": "St Michael's Collegiate School",
        "school_sector": "Independent",
        "government_non_government": "Non-government",
        "school_type": "Pri/Sec",
        "campus_type": "Pri/Sec",
        "year_range": "Prep-12",
        "state": "TAS",
        "suburb": "Hobart",
        "postcode": "7000",
        "remoteness_category": "Inner Regional",
        "longitude": 147.323,
        "latitude": -42.8882,
        "profile_year": 2025,
        "total_enrolments": 636,
        "girls_enrolments": 636,
        "boys_enrolments": 0,
        "fte_enrolments": 635.8,
        "icsea": 1125,
        "icsea_percentile": 90,
        "sea_bottom_quarter_pct": 3.0,
        "sea_lower_middle_quarter_pct": 15.0,
        "sea_upper_middle_quarter_pct": 28.0,
        "sea_top_quarter_pct": 54.0,
        "indigenous_enrolments_pct": 3.0,
        "lbote_pct": 6.0,
        "member_count": 1,
        "members": [
          {
            "member_id": "aph-264449",
            "name": "CHANDLER, Claire",
            "parliaments": [
              48
            ],
            "services": [
              {
                "service_id": "srv-264449-48-2bf21d49824a86c4",
                "parliament_number": 48,
                "party": "Liberal Party of Australia",
                "party_abbrev": "LP",
                "chamber": "senate"
              }
            ]
          }
        ],
        "education_assertions": [
          {
            "education_id": "edu-264449-e6a59fe5ef70daa4",
            "member_id": "aph-264449",
            "school_name_as_recorded": "St. Michael's Collegiate School, Hobart",
            "source_url": "https://handbookapi.aph.gov.au/api/individuals?$filter=PHID eq '264449'",
            "retrieved_at": "2026-10-02T08:23:59.813516+10:00",
            "confidence": "provisional",
            "attended_status": "attended_unspecified",
            "institution_resolution": "direct",
            "resolution_source_url": null
          }
        ],
        "parliaments": [
          48
        ],
        "finance_year": 2024,
        "finance_metric": "total_net_recurrent_income_per_student",
        "finance_value": 19377,
        "finance_status": "estimated_indexed",
        "finance_method": "acara_state_sector_geolocation_index",
        "finance_source": "ACARA National Report on Schooling",
        "temporal_warning": "School profile and finance values describe the institution in their reporting year, not the resources available when the parliamentarian attended. Reviewed successor mappings describe the successor institution."
      }
    },
    {
      "type": "Feature",
      "geometry": {
        "type": "Point",
        "coordinates": [
          143.553,
          -35.3352
        ]
      },
      "properties": {
        "institution_id": "acara-45540",
        "acara_id": "45540",
        "school_name": "Swan Hill College",
        "school_sector": "Government",
        "government_non_government": "Government",
        "school_type": "Sec",
        "campus_type": "Sec",
        "year_range": "7-12",
        "state": "VIC",
        "suburb": "Swan Hill",
        "postcode": "3585",
        "remoteness_category": "Outer Regional",
        "longitude": 143.553,
        "latitude": -35.3352,
        "profile_year": 2025,
        "total_enrolments": 747,
        "girls_enrolments": 361,
        "boys_enrolments": 386,
        "fte_enrolments": 744.3,
        "icsea": 944,
        "icsea_percentile": 22,
        "sea_bottom_quarter_pct": 47.0,
        "sea_lower_middle_quarter_pct": 33.0,
        "sea_upper_middle_quarter_pct": 14.0,
        "sea_top_quarter_pct": 5.0,
        "indigenous_enrolments_pct": 14.0,
        "lbote_pct": 9.0,
        "member_count": 1,
        "members": [
          {
            "member_id": "aph-299352",
            "name": "STEWART, Jana Naretha Ann",
            "parliaments": [
              48
            ],
            "services": [
              {
                "service_id": "srv-299352-48-7939b7cc5a834928",
                "parliament_number": 48,
                "party": "Australian Labor Party",
                "party_abbrev": "ALP",
                "chamber": "senate"
              }
            ]
          }
        ],
        "education_assertions": [
          {
            "education_id": "edu-299352-be5fb91293ee1e6b",
            "member_id": "aph-299352",
            "school_name_as_recorded": "Swan Hill College",
            "source_url": "https://handbookapi.aph.gov.au/api/individuals?$filter=PHID eq '299352'",
            "retrieved_at": "2026-10-02T08:23:59.813516+10:00",
            "confidence": "verified",
            "attended_status": "attended_unspecified",
            "institution_resolution": "direct",
            "resolution_source_url": null
          }
        ],
        "parliaments": [
          48
        ],
        "finance_year": 2024,
        "finance_metric": "total_net_recurrent_income_per_student",
        "finance_value": 21957,
        "finance_status": "benchmark_average",
        "finance_method": "peer_group_average",
        "finance_source": "ACARA National Report on Schooling",
        "temporal_warning": "School profile and finance values describe the institution in their reporting year, not the resources available when the parliamentarian attended. Reviewed successor mappings describe the successor institution."
      }
    },
    {
      "type": "Feature",
      "geometry": {
        "type": "Point",
        "coordinates": [
          152.951,
          -27.445
        ]
      },
      "properties": {
        "institution_id": "acara-47447",
        "acara_id": "47447",
        "school_name": "The Gap State High School",
        "school_sector": "Government",
        "government_non_government": "Government",
        "school_type": "Sec",
        "campus_type": "Sec",
        "year_range": "7-12",
        "state": "QLD",
        "suburb": "The Gap",
        "postcode": "4061",
        "remoteness_category": "Major Cities",
        "longitude": 152.951,
        "latitude": -27.445,
        "profile_year": 2025,
        "total_enrolments": 1702,
        "girls_enrolments": 823,
        "boys_enrolments": 879,
        "fte_enrolments": 1700.4,
        "icsea": 1123,
        "icsea_percentile": 90,
        "sea_bottom_quarter_pct": 5.0,
        "sea_lower_middle_quarter_pct": 15.0,
        "sea_upper_middle_quarter_pct": 31.0,
        "sea_top_quarter_pct": 49.0,
        "indigenous_enrolments_pct": 1.0,
        "lbote_pct": 19.0,
        "member_count": 1,
        "members": [
          {
            "member_id": "aph-dzw",
            "name": "ELLIOT, the Hon. Maria Justine (Justine)",
            "parliaments": [
              48
            ],
            "services": [
              {
                "service_id": "srv-dzw-48-e909f0bf37e4e920",
                "parliament_number": 48,
                "party": "Australian Labor Party",
                "party_abbrev": "ALP",
                "chamber": "representatives"
              }
            ]
          }
        ],
        "education_assertions": [
          {
            "education_id": "edu-dzw-855112277b2077d0",
            "member_id": "aph-dzw",
            "school_name_as_recorded": "The Gap State High School",
            "source_url": "https://handbookapi.aph.gov.au/api/individuals?$filter=PHID eq 'DZW'",
            "retrieved_at": "2026-10-02T08:23:59.813516+10:00",
            "confidence": "verified",
            "attended_status": "attended_unspecified",
            "institution_resolution": "direct",
            "resolution_source_url": null
          }
        ],
        "parliaments": [
          48
        ],
        "finance_year": 2024,
        "finance_metric": "total_net_recurrent_income_per_student",
        "finance_value": 17214,
        "finance_status": "estimated_indexed",
        "finance_method": "acara_state_sector_geolocation_index",
        "finance_source": "ACARA National Report on Schooling",
        "temporal_warning": "School profile and finance values describe the institution in their reporting year, not the resources available when the parliamentarian attended. Reviewed successor mappings describe the successor institution."
      }
    },
    {
      "type": "Feature",
      "geometry": {
        "type": "Point",
        "coordinates": [
          151.026,
          -33.7886
        ]
      },
      "properties": {
        "institution_id": "acara-43883",
        "acara_id": "43883",
        "school_name": "The King's School",
        "school_sector": "Independent",
        "government_non_government": "Non-government",
        "school_type": "Pri/Sec",
        "campus_type": "Pri/Sec",
        "year_range": "K-12",
        "state": "NSW",
        "suburb": "North Parramatta",
        "postcode": "2151",
        "remoteness_category": "Major Cities",
        "longitude": 151.026,
        "latitude": -33.7886,
        "profile_year": 2025,
        "total_enrolments": 2150,
        "girls_enrolments": 91,
        "boys_enrolments": 2059,
        "fte_enrolments": 2150.0,
        "icsea": 1163,
        "icsea_percentile": 97,
        "sea_bottom_quarter_pct": 2.0,
        "sea_lower_middle_quarter_pct": 7.0,
        "sea_upper_middle_quarter_pct": 26.0,
        "sea_top_quarter_pct": 65.0,
        "indigenous_enrolments_pct": 0.0,
        "lbote_pct": 40.0,
        "member_count": 1,
        "members": [
          {
            "member_id": "aph-299174",
            "name": "LAXALE, Jerome",
            "parliaments": [
              48
            ],
            "services": [
              {
                "service_id": "srv-299174-48-bb92fc93754751fa",
                "parliament_number": 48,
                "party": "Australian Labor Party",
                "party_abbrev": "ALP",
                "chamber": "representatives"
              }
            ]
          }
        ],
        "education_assertions": [
          {
            "education_id": "edu-299174-b3f016581f1c93cd",
            "member_id": "aph-299174",
            "school_name_as_recorded": "The King's School",
            "source_url": "https://handbookapi.aph.gov.au/api/individuals?$filter=PHID eq '299174'",
            "retrieved_at": "2026-10-02T08:23:59.813516+10:00",
            "confidence": "verified",
            "attended_status": "attended_unspecified",
            "institution_resolution": "direct",
            "resolution_source_url": null
          }
        ],
        "parliaments": [
          48
        ],
        "finance_year": 2024,
        "finance_metric": "total_net_recurrent_income_per_student",
        "finance_value": 41013,
        "finance_status": "estimated_indexed",
        "finance_method": "acara_state_sector_geolocation_index",
        "finance_source": "ACARA National Report on Schooling",
        "temporal_warning": "School profile and finance values describe the institution in their reporting year, not the resources available when the parliamentarian attended. Reviewed successor mappings describe the successor institution."
      }
    },
    {
      "type": "Feature",
      "geometry": {
        "type": "Point",
        "coordinates": [
          145.003,
          -37.679
        ]
      },
      "properties": {
        "institution_id": "acara-45473",
        "acara_id": "45473",
        "school_name": "Thomastown Secondary College",
        "school_sector": "Government",
        "government_non_government": "Government",
        "school_type": "Sec",
        "campus_type": "Sec",
        "year_range": "7-12",
        "state": "VIC",
        "suburb": "Thomastown",
        "postcode": "3074",
        "remoteness_category": "Major Cities",
        "longitude": 145.003,
        "latitude": -37.679,
        "profile_year": 2025,
        "total_enrolments": 461,
        "girls_enrolments": 210,
        "boys_enrolments": 251,
        "fte_enrolments": 460.3,
        "icsea": 926,
        "icsea_percentile": 17,
        "sea_bottom_quarter_pct": 63.0,
        "sea_lower_middle_quarter_pct": 21.0,
        "sea_upper_middle_quarter_pct": 13.0,
        "sea_top_quarter_pct": 3.0,
        "indigenous_enrolments_pct": 2.0,
        "lbote_pct": 83.0,
        "member_count": 1,
        "members": [
          {
            "member_id": "aph-299352",
            "name": "STEWART, Jana Naretha Ann",
            "parliaments": [
              48
            ],
            "services": [
              {
                "service_id": "srv-299352-48-7939b7cc5a834928",
                "parliament_number": 48,
                "party": "Australian Labor Party",
                "party_abbrev": "ALP",
                "chamber": "senate"
              }
            ]
          }
        ],
        "education_assertions": [
          {
            "education_id": "edu-299352-ad838705231a8deb",
            "member_id": "aph-299352",
            "school_name_as_recorded": "Thomastown Secondary College",
            "source_url": "https://handbookapi.aph.gov.au/api/individuals?$filter=PHID eq '299352'",
            "retrieved_at": "2026-10-02T08:23:59.813516+10:00",
            "confidence": "verified",
            "attended_status": "attended_unspecified",
            "institution_resolution": "direct",
            "resolution_source_url": null
          }
        ],
        "parliaments": [
          48
        ],
        "finance_year": 2024,
        "finance_metric": "total_net_recurrent_income_per_student",
        "finance_value": 19162,
        "finance_status": "benchmark_average",
        "finance_method": "peer_group_average",
        "finance_source": "ACARA National Report on Schooling",
        "temporal_warning": "School profile and finance values describe the institution in their reporting year, not the resources available when the parliamentarian attended. Reviewed successor mappings describe the successor institution."
      }
    },
    {
      "type": "Feature",
      "geometry": {
        "type": "Point",
        "coordinates": [
          115.96,
          -32.0655
        ]
      },
      "properties": {
        "institution_id": "acara-48158",
        "acara_id": "48158",
        "school_name": "Thornlie Senior High School",
        "school_sector": "Government",
        "government_non_government": "Government",
        "school_type": "Sec",
        "campus_type": "Sec",
        "year_range": "7-12",
        "state": "WA",
        "suburb": "Thornlie",
        "postcode": "6108",
        "remoteness_category": "Major Cities",
        "longitude": 115.96,
        "latitude": -32.0655,
        "profile_year": 2025,
        "total_enrolments": 1125,
        "girls_enrolments": 538,
        "boys_enrolments": 587,
        "fte_enrolments": 1125.0,
        "icsea": 969,
        "icsea_percentile": 33,
        "sea_bottom_quarter_pct": 47.0,
        "sea_lower_middle_quarter_pct": 30.0,
        "sea_upper_middle_quarter_pct": 17.0,
        "sea_top_quarter_pct": 6.0,
        "indigenous_enrolments_pct": 7.0,
        "lbote_pct": 42.0,
        "member_count": 1,
        "members": [
          {
            "member_id": "aph-e68",
            "name": "STERLE, Glenn",
            "parliaments": [
              48
            ],
            "services": [
              {
                "service_id": "srv-e68-48-0f413a30c40b77b0",
                "parliament_number": 48,
                "party": "Australian Labor Party",
                "party_abbrev": "ALP",
                "chamber": "senate"
              }
            ]
          }
        ],
        "education_assertions": [
          {
            "education_id": "edu-e68-d0b955fb47813249",
            "member_id": "aph-e68",
            "school_name_as_recorded": "Thornlie Senior High School",
            "source_url": "https://handbookapi.aph.gov.au/api/individuals?$filter=PHID eq 'E68'",
            "retrieved_at": "2026-10-02T08:23:59.813516+10:00",
            "confidence": "verified",
            "attended_status": "attended_unspecified",
            "institution_resolution": "direct",
            "resolution_source_url": null
          }
        ],
        "parliaments": [
          48
        ],
        "finance_year": 2024,
        "finance_metric": "total_net_recurrent_income_per_student",
        "finance_value": 17105,
        "finance_status": "estimated_indexed",
        "finance_method": "acara_state_sector_geolocation_index",
        "finance_source": "ACARA National Report on Schooling",
        "temporal_warning": "School profile and finance values describe the institution in their reporting year, not the resources available when the parliamentarian attended. Reviewed successor mappings describe the successor institution."
      }
    },
    {
      "type": "Feature",
      "geometry": {
        "type": "Point",
        "coordinates": [
          151.969,
          -27.5632
        ]
      },
      "properties": {
        "institution_id": "acara-48037",
        "acara_id": "48037",
        "school_name": "Toowoomba Grammar School",
        "school_sector": "Independent",
        "government_non_government": "Non-government",
        "school_type": "Pri/Sec",
        "campus_type": "Pri/Sec",
        "year_range": "Prep-12",
        "state": "QLD",
        "suburb": "East Toowoomba",
        "postcode": "4350",
        "remoteness_category": "Inner Regional",
        "longitude": 151.969,
        "latitude": -27.5632,
        "profile_year": 2025,
        "total_enrolments": 1145,
        "girls_enrolments": 0,
        "boys_enrolments": 1145,
        "fte_enrolments": 1145.0,
        "icsea": 1096,
        "icsea_percentile": 83,
        "sea_bottom_quarter_pct": 6.0,
        "sea_lower_middle_quarter_pct": 20.0,
        "sea_upper_middle_quarter_pct": 35.0,
        "sea_top_quarter_pct": 39.0,
        "indigenous_enrolments_pct": 4.0,
        "lbote_pct": 14.0,
        "member_count": 2,
        "members": [
          {
            "member_id": "aph-299498",
            "name": "BOYCE, Colin Einar",
            "parliaments": [
              48
            ],
            "services": [
              {
                "service_id": "srv-299498-48-3942ddcb4ce03614",
                "parliament_number": 48,
                "party": "The Nationals",
                "party_abbrev": "NP",
                "chamber": "representatives"
              }
            ]
          },
          {
            "member_id": "aph-265585",
            "name": "LITTLEPROUD, the Hon. David Kelly",
            "parliaments": [
              48
            ],
            "services": [
              {
                "service_id": "srv-265585-48-e39e276e3cc1c921",
                "parliament_number": 48,
                "party": "The Nationals",
                "party_abbrev": "NP",
                "chamber": "representatives"
              }
            ]
          }
        ],
        "education_assertions": [
          {
            "education_id": "edu-265585-c3d885d44b47e7bb",
            "member_id": "aph-265585",
            "school_name_as_recorded": "Toowoomba Grammar School",
            "source_url": "https://handbookapi.aph.gov.au/api/individuals?$filter=PHID eq '265585'",
            "retrieved_at": "2026-10-02T08:23:59.813516+10:00",
            "confidence": "verified",
            "attended_status": "attended_unspecified",
            "institution_resolution": "direct",
            "resolution_source_url": null
          },
          {
            "education_id": "edu-299498-c3d885d44b47e7bb",
            "member_id": "aph-299498",
            "school_name_as_recorded": "Toowoomba Grammar School",
            "source_url": "https://handbookapi.aph.gov.au/api/individuals?$filter=PHID eq '299498'",
            "retrieved_at": "2026-10-02T08:23:59.813516+10:00",
            "confidence": "verified",
            "attended_status": "attended_unspecified",
            "institution_resolution": "direct",
            "resolution_source_url": null
          }
        ],
        "parliaments": [
          48
        ],
        "finance_year": 2024,
        "finance_metric": "total_net_recurrent_income_per_student",
        "finance_value": 26926,
        "finance_status": "estimated_indexed",
        "finance_method": "acara_state_sector_geolocation_index",
        "finance_source": "ACARA National Report on Schooling",
        "temporal_warning": "School profile and finance values describe the institution in their reporting year, not the resources available when the parliamentarian attended. Reviewed successor mappings describe the successor institution."
      }
    },
    {
      "type": "Feature",
      "geometry": {
        "type": "Point",
        "coordinates": [
          151.965,
          -27.5452
        ]
      },
      "properties": {
        "institution_id": "acara-47417",
        "acara_id": "47417",
        "school_name": "Toowoomba State High School",
        "school_sector": "Government",
        "government_non_government": "Government",
        "school_type": "Sec",
        "campus_type": "Sec",
        "year_range": "7-12",
        "state": "QLD",
        "suburb": "Mount Lofty",
        "postcode": "4350",
        "remoteness_category": "Inner Regional",
        "longitude": 151.965,
        "latitude": -27.5452,
        "profile_year": 2025,
        "total_enrolments": 775,
        "girls_enrolments": 386,
        "boys_enrolments": 389,
        "fte_enrolments": 775.0,
        "icsea": 934,
        "icsea_percentile": 19,
        "sea_bottom_quarter_pct": 53.0,
        "sea_lower_middle_quarter_pct": 26.0,
        "sea_upper_middle_quarter_pct": 15.0,
        "sea_top_quarter_pct": 7.0,
        "indigenous_enrolments_pct": 14.0,
        "lbote_pct": 28.0,
        "member_count": 2,
        "members": [
          {
            "member_id": "aph-00amn",
            "name": "LEY, the Hon. Sussan Penelope",
            "parliaments": [
              48
            ],
            "services": [
              {
                "service_id": "srv-00amn-48-e8e9342b07c8cdec",
                "parliament_number": 48,
                "party": "Liberal Party of Australia",
                "party_abbrev": "LP",
                "chamber": "representatives"
              }
            ]
          },
          {
            "member_id": "aph-217241",
            "name": "McGRATH, the Hon. James",
            "parliaments": [
              48
            ],
            "services": [
              {
                "service_id": "srv-217241-48-0f3e1cdf0ed63ed4",
                "parliament_number": 48,
                "party": "Liberal Party of Australia",
                "party_abbrev": "LP",
                "chamber": "senate"
              }
            ]
          }
        ],
        "education_assertions": [
          {
            "education_id": "edu-00amn-a17d94295c1817fe",
            "member_id": "aph-00amn",
            "school_name_as_recorded": "Toowoomba State High School",
            "source_url": "https://handbookapi.aph.gov.au/api/individuals?$filter=PHID eq '00AMN'",
            "retrieved_at": "2026-10-02T08:23:59.813516+10:00",
            "confidence": "verified",
            "attended_status": "attended_unspecified",
            "institution_resolution": "direct",
            "resolution_source_url": null
          },
          {
            "education_id": "edu-217241-a17d94295c1817fe",
            "member_id": "aph-217241",
            "school_name_as_recorded": "Toowoomba State High School",
            "source_url": "https://handbookapi.aph.gov.au/api/individuals?$filter=PHID eq '217241'",
            "retrieved_at": "2026-10-02T08:23:59.813516+10:00",
            "confidence": "verified",
            "attended_status": "attended_unspecified",
            "institution_resolution": "direct",
            "resolution_source_url": null
          }
        ],
        "parliaments": [
          48
        ],
        "finance_year": 2024,
        "finance_metric": "total_net_recurrent_income_per_student",
        "finance_value": 20983,
        "finance_status": "benchmark_average",
        "finance_method": "peer_group_average",
        "finance_source": "ACARA National Report on Schooling",
        "temporal_warning": "School profile and finance values describe the institution in their reporting year, not the resources available when the parliamentarian attended. Reviewed successor mappings describe the successor institution."
      }
    },
    {
      "type": "Feature",
      "geometry": {
        "type": "Point",
        "coordinates": [
          151.131,
          -33.8986
        ]
      },
      "properties": {
        "institution_id": "acara-43710",
        "acara_id": "43710",
        "school_name": "Trinity Grammar School",
        "school_sector": "Independent",
        "government_non_government": "Non-government",
        "school_type": "Pri/Sec",
        "campus_type": "Pri/Sec",
        "year_range": "K-12",
        "state": "NSW",
        "suburb": "Summer Hill",
        "postcode": "2130",
        "remoteness_category": "Major Cities",
        "longitude": 151.131,
        "latitude": -33.8986,
        "profile_year": 2025,
        "total_enrolments": 2296,
        "girls_enrolments": 0,
        "boys_enrolments": 2296,
        "fte_enrolments": 2296.0,
        "icsea": 1168,
        "icsea_percentile": 98,
        "sea_bottom_quarter_pct": 1.0,
        "sea_lower_middle_quarter_pct": 7.0,
        "sea_upper_middle_quarter_pct": 24.0,
        "sea_top_quarter_pct": 67.0,
        "indigenous_enrolments_pct": 0.0,
        "lbote_pct": 61.0,
        "member_count": 1,
        "members": [
          {
            "member_id": "aph-265979",
            "name": "FREELANDER, Dr Michael (Mike) Randolph",
            "parliaments": [
              48
            ],
            "services": [
              {
                "service_id": "srv-265979-48-922b3a7f485af89a",
                "parliament_number": 48,
                "party": "Australian Labor Party",
                "party_abbrev": "ALP",
                "chamber": "representatives"
              }
            ]
          }
        ],
        "education_assertions": [
          {
            "education_id": "edu-265979-612d5dc499abc84c",
            "member_id": "aph-265979",
            "school_name_as_recorded": "Trinity Grammar School",
            "source_url": "https://handbookapi.aph.gov.au/api/individuals?$filter=PHID eq '265979'",
            "retrieved_at": "2026-10-02T08:23:59.813516+10:00",
            "confidence": "verified",
            "attended_status": "attended_unspecified",
            "institution_resolution": "direct",
            "resolution_source_url": null
          }
        ],
        "parliaments": [
          48
        ],
        "finance_year": 2024,
        "finance_metric": "total_net_recurrent_income_per_student",
        "finance_value": 31268,
        "finance_status": "estimated_indexed",
        "finance_method": "acara_state_sector_geolocation_index",
        "finance_source": "ACARA National Report on Schooling",
        "temporal_warning": "School profile and finance values describe the institution in their reporting year, not the resources available when the parliamentarian attended. Reviewed successor mappings describe the successor institution."
      }
    },
    {
      "type": "Feature",
      "geometry": {
        "type": "Point",
        "coordinates": [
          151.115,
          -33.7573
        ]
      },
      "properties": {
        "institution_id": "acara-41339",
        "acara_id": "41339",
        "school_name": "Turramurra High School",
        "school_sector": "Government",
        "government_non_government": "Government",
        "school_type": "Sec",
        "campus_type": "Sec",
        "year_range": "7-12",
        "state": "NSW",
        "suburb": "South Turramurra",
        "postcode": "2074",
        "remoteness_category": "Major Cities",
        "longitude": 151.115,
        "latitude": -33.7573,
        "profile_year": 2025,
        "total_enrolments": 987,
        "girls_enrolments": 441,
        "boys_enrolments": 546,
        "fte_enrolments": 985.8,
        "icsea": 1118,
        "icsea_percentile": 89,
        "sea_bottom_quarter_pct": 5.0,
        "sea_lower_middle_quarter_pct": 15.0,
        "sea_upper_middle_quarter_pct": 32.0,
        "sea_top_quarter_pct": 48.0,
        "indigenous_enrolments_pct": 0.0,
        "lbote_pct": 40.0,
        "member_count": 1,
        "members": [
          {
            "member_id": "aph-274506",
            "name": "SHARMA, Devanand (Dave) Noel",
            "parliaments": [
              48
            ],
            "services": [
              {
                "service_id": "srv-274506-48-df2b2cf3514d5991",
                "parliament_number": 48,
                "party": "Liberal Party of Australia",
                "party_abbrev": "LP",
                "chamber": "senate"
              }
            ]
          }
        ],
        "education_assertions": [
          {
            "education_id": "edu-274506-dca064b557ceeacb",
            "member_id": "aph-274506",
            "school_name_as_recorded": "Turramurra High School",
            "source_url": "https://handbookapi.aph.gov.au/api/individuals?$filter=PHID eq '274506'",
            "retrieved_at": "2026-10-02T08:23:59.813516+10:00",
            "confidence": "verified",
            "attended_status": "attended_unspecified",
            "institution_resolution": "direct",
            "resolution_source_url": null
          }
        ],
        "parliaments": [
          48
        ],
        "finance_year": 2024,
        "finance_metric": "total_net_recurrent_income_per_student",
        "finance_value": 17743,
        "finance_status": "estimated_indexed",
        "finance_method": "acara_state_sector_geolocation_index",
        "finance_source": "ACARA National Report on Schooling",
        "temporal_warning": "School profile and finance values describe the institution in their reporting year, not the resources available when the parliamentarian attended. Reviewed successor mappings describe the successor institution."
      }
    },
    {
      "type": "Feature",
      "geometry": {
        "type": "Point",
        "coordinates": [
          138.544,
          -34.9189
        ]
      },
      "properties": {
        "institution_id": "acara-49540",
        "acara_id": "49540",
        "school_name": "Underdale High School",
        "school_sector": "Government",
        "government_non_government": "Government",
        "school_type": "Sec",
        "campus_type": "Sec",
        "year_range": "7-12",
        "state": "SA",
        "suburb": "Underdale",
        "postcode": "5032",
        "remoteness_category": "Major Cities",
        "longitude": 138.544,
        "latitude": -34.9189,
        "profile_year": 2025,
        "total_enrolments": 629,
        "girls_enrolments": 274,
        "boys_enrolments": 355,
        "fte_enrolments": 629.0,
        "icsea": 1000,
        "icsea_percentile": 47,
        "sea_bottom_quarter_pct": 36.0,
        "sea_lower_middle_quarter_pct": 29.0,
        "sea_upper_middle_quarter_pct": 24.0,
        "sea_top_quarter_pct": 11.0,
        "indigenous_enrolments_pct": 2.0,
        "lbote_pct": 42.0,
        "member_count": 1,
        "members": [
          {
            "member_id": "aph-dzy",
            "name": "GEORGANAS, Steven (Steve)",
            "parliaments": [
              48
            ],
            "services": [
              {
                "service_id": "srv-dzy-48-462f66f0d8ada690",
                "parliament_number": 48,
                "party": "Australian Labor Party",
                "party_abbrev": "ALP",
                "chamber": "representatives"
              }
            ]
          }
        ],
        "education_assertions": [
          {
            "education_id": "edu-dzy-8262f51f181af05c",
            "member_id": "aph-dzy",
            "school_name_as_recorded": "Underdale High School",
            "source_url": "https://handbookapi.aph.gov.au/api/individuals?$filter=PHID eq 'DZY'",
            "retrieved_at": "2026-10-02T08:23:59.813516+10:00",
            "confidence": "verified",
            "attended_status": "attended_unspecified",
            "institution_resolution": "direct",
            "resolution_source_url": null
          }
        ],
        "parliaments": [
          48
        ],
        "finance_year": 2024,
        "finance_metric": "total_net_recurrent_income_per_student",
        "finance_value": 22706,
        "finance_status": "estimated_indexed",
        "finance_method": "acara_state_sector_geolocation_index",
        "finance_source": "ACARA National Report on Schooling",
        "temporal_warning": "School profile and finance values describe the institution in their reporting year, not the resources available when the parliamentarian attended. Reviewed successor mappings describe the successor institution."
      }
    },
    {
      "type": "Feature",
      "geometry": {
        "type": "Point",
        "coordinates": [
          138.62,
          -34.9702
        ]
      },
      "properties": {
        "institution_id": "acara-49479",
        "acara_id": "49479",
        "school_name": "Unley High School",
        "school_sector": "Government",
        "government_non_government": "Government",
        "school_type": "Sec",
        "campus_type": "Sec",
        "year_range": "7-12",
        "state": "SA",
        "suburb": "Netherby",
        "postcode": "5062",
        "remoteness_category": "Major Cities",
        "longitude": 138.62,
        "latitude": -34.9702,
        "profile_year": 2025,
        "total_enrolments": 1547,
        "girls_enrolments": 665,
        "boys_enrolments": 882,
        "fte_enrolments": 1540.5,
        "icsea": 1084,
        "icsea_percentile": 80,
        "sea_bottom_quarter_pct": 11.0,
        "sea_lower_middle_quarter_pct": 24.0,
        "sea_upper_middle_quarter_pct": 32.0,
        "sea_top_quarter_pct": 34.0,
        "indigenous_enrolments_pct": 1.0,
        "lbote_pct": 30.0,
        "member_count": 3,
        "members": [
          {
            "member_id": "aph-315170",
            "name": "BLYTH, Leah",
            "parliaments": [
              48
            ],
            "services": [
              {
                "service_id": "srv-315170-48-3a21c1269a3ce14f",
                "parliament_number": 48,
                "party": "Liberal Party of Australia",
                "party_abbrev": "LP",
                "chamber": "senate"
              }
            ]
          },
          {
            "member_id": "aph-hwk",
            "name": "BUTLER, the Hon. Mark Christopher",
            "parliaments": [
              48
            ],
            "services": [
              {
                "service_id": "srv-hwk-48-b1b20fe9768b660c",
                "parliament_number": 48,
                "party": "Australian Labor Party",
                "party_abbrev": "ALP",
                "chamber": "representatives"
              }
            ]
          },
          {
            "member_id": "aph-hwa",
            "name": "RISHWORTH, the Hon. Amanda Louise",
            "parliaments": [
              48
            ],
            "services": [
              {
                "service_id": "srv-hwa-48-cd774623d3d4bd51",
                "parliament_number": 48,
                "party": "Australian Labor Party",
                "party_abbrev": "ALP",
                "chamber": "representatives"
              }
            ]
          }
        ],
        "education_assertions": [
          {
            "education_id": "edu-315170-08433f04fe0c4d14",
            "member_id": "aph-315170",
            "school_name_as_recorded": "Unley High School",
            "source_url": "https://handbookapi.aph.gov.au/api/individuals?$filter=PHID eq '315170'",
            "retrieved_at": "2026-10-02T08:23:59.813516+10:00",
            "confidence": "verified",
            "attended_status": "attended_unspecified",
            "institution_resolution": "direct",
            "resolution_source_url": null
          },
          {
            "education_id": "edu-hwa-08433f04fe0c4d14",
            "member_id": "aph-hwa",
            "school_name_as_recorded": "Unley High School",
            "source_url": "https://handbookapi.aph.gov.au/api/individuals?$filter=PHID eq 'HWA'",
            "retrieved_at": "2026-10-02T08:23:59.813516+10:00",
            "confidence": "verified",
            "attended_status": "attended_unspecified",
            "institution_resolution": "direct",
            "resolution_source_url": null
          },
          {
            "education_id": "edu-hwk-08433f04fe0c4d14",
            "member_id": "aph-hwk",
            "school_name_as_recorded": "Unley High School",
            "source_url": "https://handbookapi.aph.gov.au/api/individuals?$filter=PHID eq 'HWK'",
            "retrieved_at": "2026-10-02T08:23:59.813516+10:00",
            "confidence": "verified",
            "attended_status": "attended_unspecified",
            "institution_resolution": "direct",
            "resolution_source_url": null
          }
        ],
        "parliaments": [
          48
        ],
        "finance_year": 2024,
        "finance_metric": "total_net_recurrent_income_per_student",
        "finance_value": 19712,
        "finance_status": "estimated_indexed",
        "finance_method": "acara_state_sector_geolocation_index",
        "finance_source": "ACARA National Report on Schooling",
        "temporal_warning": "School profile and finance values describe the institution in their reporting year, not the resources available when the parliamentarian attended. Reviewed successor mappings describe the successor institution."
      }
    },
    {
      "type": "Feature",
      "geometry": {
        "type": "Point",
        "coordinates": [
          153.038,
          -27.398
        ]
      },
      "properties": {
        "institution_id": "acara-47442",
        "acara_id": "47442",
        "school_name": "Wavell State High School",
        "school_sector": "Government",
        "government_non_government": "Government",
        "school_type": "Sec",
        "campus_type": "Sec",
        "year_range": "7-12",
        "state": "QLD",
        "suburb": "Wavell Heights",
        "postcode": "4012",
        "remoteness_category": "Major Cities",
        "longitude": 153.038,
        "latitude": -27.398,
        "profile_year": 2025,
        "total_enrolments": 1522,
        "girls_enrolments": 755,
        "boys_enrolments": 767,
        "fte_enrolments": 1522.0,
        "icsea": 1008,
        "icsea_percentile": 50,
        "sea_bottom_quarter_pct": 27.0,
        "sea_lower_middle_quarter_pct": 36.0,
        "sea_upper_middle_quarter_pct": 25.0,
        "sea_top_quarter_pct": 12.0,
        "indigenous_enrolments_pct": 9.0,
        "lbote_pct": 29.0,
        "member_count": 1,
        "members": [
          {
            "member_id": "aph-39801",
            "name": "CHISHOLM, the Hon. Anthony David",
            "parliaments": [
              48
            ],
            "services": [
              {
                "service_id": "srv-39801-48-8a6ec7858e63311d",
                "parliament_number": 48,
                "party": "Australian Labor Party",
                "party_abbrev": "ALP",
                "chamber": "senate"
              }
            ]
          }
        ],
        "education_assertions": [
          {
            "education_id": "edu-39801-6e897f791c3d6a67",
            "member_id": "aph-39801",
            "school_name_as_recorded": "Wavell State High School",
            "source_url": "https://handbookapi.aph.gov.au/api/individuals?$filter=PHID eq '39801'",
            "retrieved_at": "2026-10-02T08:23:59.813516+10:00",
            "confidence": "verified",
            "attended_status": "attended_unspecified",
            "institution_resolution": "direct",
            "resolution_source_url": null
          }
        ],
        "parliaments": [
          48
        ],
        "finance_year": 2024,
        "finance_metric": "total_net_recurrent_income_per_student",
        "finance_value": 16771,
        "finance_status": "estimated_indexed",
        "finance_method": "acara_state_sector_geolocation_index",
        "finance_source": "ACARA National Report on Schooling",
        "temporal_warning": "School profile and finance values describe the institution in their reporting year, not the resources available when the parliamentarian attended. Reviewed successor mappings describe the successor institution."
      }
    },
    {
      "type": "Feature",
      "geometry": {
        "type": "Point",
        "coordinates": [
          150.92,
          -33.8684
        ]
      },
      "properties": {
        "institution_id": "acara-41582",
        "acara_id": "41582",
        "school_name": "Westfields Sports High School",
        "school_sector": "Government",
        "government_non_government": "Government",
        "school_type": "Sec",
        "campus_type": "Sec",
        "year_range": "7-12",
        "state": "NSW",
        "suburb": "Fairfield West",
        "postcode": "2165",
        "remoteness_category": "Major Cities",
        "longitude": 150.92,
        "latitude": -33.8684,
        "profile_year": 2025,
        "total_enrolments": 1538,
        "girls_enrolments": 723,
        "boys_enrolments": 815,
        "fte_enrolments": 1537.8,
        "icsea": 967,
        "icsea_percentile": 32,
        "sea_bottom_quarter_pct": 47.0,
        "sea_lower_middle_quarter_pct": 29.0,
        "sea_upper_middle_quarter_pct": 17.0,
        "sea_top_quarter_pct": 7.0,
        "indigenous_enrolments_pct": 4.0,
        "lbote_pct": 65.0,
        "member_count": 1,
        "members": [
          {
            "member_id": "aph-259819",
            "name": "GREEN, the Hon. Nita Louise",
            "parliaments": [
              48
            ],
            "services": [
              {
                "service_id": "srv-259819-48-8a6ec7858e63311d",
                "parliament_number": 48,
                "party": "Australian Labor Party",
                "party_abbrev": "ALP",
                "chamber": "senate"
              }
            ]
          }
        ],
        "education_assertions": [
          {
            "education_id": "edu-259819-0c7f210910a58ac3",
            "member_id": "aph-259819",
            "school_name_as_recorded": "Westfields Sports High School",
            "source_url": "https://handbookapi.aph.gov.au/api/individuals?$filter=PHID eq '259819'",
            "retrieved_at": "2026-10-02T08:23:59.813516+10:00",
            "confidence": "verified",
            "attended_status": "attended_unspecified",
            "institution_resolution": "direct",
            "resolution_source_url": null
          }
        ],
        "parliaments": [
          48
        ],
        "finance_year": 2024,
        "finance_metric": "total_net_recurrent_income_per_student",
        "finance_value": 18356,
        "finance_status": "estimated_indexed",
        "finance_method": "acara_state_sector_geolocation_index",
        "finance_source": "ACARA National Report on Schooling",
        "temporal_warning": "School profile and finance values describe the institution in their reporting year, not the resources available when the parliamentarian attended. Reviewed successor mappings describe the successor institution."
      }
    },
    {
      "type": "Feature",
      "geometry": {
        "type": "Point",
        "coordinates": [
          138.609,
          -34.8984
        ]
      },
      "properties": {
        "institution_id": "acara-49818",
        "acara_id": "49818",
        "school_name": "Wilderness School",
        "school_sector": "Independent",
        "government_non_government": "Non-government",
        "school_type": "Pri/Sec",
        "campus_type": "Pri/Sec",
        "year_range": "R-12",
        "state": "SA",
        "suburb": "Medindie",
        "postcode": "5081",
        "remoteness_category": "Major Cities",
        "longitude": 138.609,
        "latitude": -34.8984,
        "profile_year": 2025,
        "total_enrolments": 856,
        "girls_enrolments": 856,
        "boys_enrolments": 0,
        "fte_enrolments": 856.0,
        "icsea": 1176,
        "icsea_percentile": 98,
        "sea_bottom_quarter_pct": 1.0,
        "sea_lower_middle_quarter_pct": 7.0,
        "sea_upper_middle_quarter_pct": 22.0,
        "sea_top_quarter_pct": 70.0,
        "indigenous_enrolments_pct": 0.0,
        "lbote_pct": 44.0,
        "member_count": 1,
        "members": [
          {
            "member_id": "aph-bfq",
            "name": "POCOCK, Dr Barbara Ann AM",
            "parliaments": [
              48
            ],
            "services": [
              {
                "service_id": "srv-bfq-48-d33b35abbb5ce901",
                "parliament_number": 48,
                "party": "Australian Greens",
                "party_abbrev": "GRN",
                "chamber": "senate"
              }
            ]
          }
        ],
        "education_assertions": [
          {
            "education_id": "edu-bfq-efa2a549e8597a38",
            "member_id": "aph-bfq",
            "school_name_as_recorded": "Wilderness School",
            "source_url": "https://handbookapi.aph.gov.au/api/individuals?$filter=PHID eq 'BFQ'",
            "retrieved_at": "2026-10-02T08:23:59.813516+10:00",
            "confidence": "verified",
            "attended_status": "attended_unspecified",
            "institution_resolution": "direct",
            "resolution_source_url": null
          }
        ],
        "parliaments": [
          48
        ],
        "finance_year": 2024,
        "finance_metric": "total_net_recurrent_income_per_student",
        "finance_value": 28715,
        "finance_status": "estimated_indexed",
        "finance_method": "acara_state_sector_geolocation_index",
        "finance_source": "ACARA National Report on Schooling",
        "temporal_warning": "School profile and finance values describe the institution in their reporting year, not the resources available when the parliamentarian attended. Reviewed successor mappings describe the successor institution."
      }
    },
    {
      "type": "Feature",
      "geometry": {
        "type": "Point",
        "coordinates": [
          150.909,
          -34.3448
        ]
      },
      "properties": {
        "institution_id": "acara-42918",
        "acara_id": "42918",
        "school_name": "Woonona High School",
        "school_sector": "Government",
        "government_non_government": "Government",
        "school_type": "Sec",
        "campus_type": "Sec",
        "year_range": "7-12",
        "state": "NSW",
        "suburb": "Woonona",
        "postcode": "2517",
        "remoteness_category": "Major Cities",
        "longitude": 150.909,
        "latitude": -34.3448,
        "profile_year": 2025,
        "total_enrolments": 767,
        "girls_enrolments": 361,
        "boys_enrolments": 406,
        "fte_enrolments": 766.3,
        "icsea": 1030,
        "icsea_percentile": 60,
        "sea_bottom_quarter_pct": 23.0,
        "sea_lower_middle_quarter_pct": 31.0,
        "sea_upper_middle_quarter_pct": 27.0,
        "sea_top_quarter_pct": 19.0,
        "indigenous_enrolments_pct": 6.0,
        "lbote_pct": 7.0,
        "member_count": 1,
        "members": [
          {
            "member_id": "aph-299145",
            "name": "BYRNES, Alison",
            "parliaments": [
              48
            ],
            "services": [
              {
                "service_id": "srv-299145-48-f77f4ccf50cc0f27",
                "parliament_number": 48,
                "party": "Australian Labor Party",
                "party_abbrev": "ALP",
                "chamber": "representatives"
              }
            ]
          }
        ],
        "education_assertions": [
          {
            "education_id": "edu-299145-aefa5e19c98ebee4",
            "member_id": "aph-299145",
            "school_name_as_recorded": "Woonona High School",
            "source_url": "https://handbookapi.aph.gov.au/api/individuals?$filter=PHID eq '299145'",
            "retrieved_at": "2026-10-02T08:23:59.813516+10:00",
            "confidence": "verified",
            "attended_status": "attended_unspecified",
            "institution_resolution": "direct",
            "resolution_source_url": null
          }
        ],
        "parliaments": [
          48
        ],
        "finance_year": 2024,
        "finance_metric": "total_net_recurrent_income_per_student",
        "finance_value": 18389,
        "finance_status": "estimated_indexed",
        "finance_method": "acara_state_sector_geolocation_index",
        "finance_source": "ACARA National Report on Schooling",
        "temporal_warning": "School profile and finance values describe the institution in their reporting year, not the resources available when the parliamentarian attended. Reviewed successor mappings describe the successor institution."
      }
    },
    {
      "type": "Feature",
      "geometry": {
        "type": "Point",
        "coordinates": [
          116.76,
          -31.8937
        ]
      },
      "properties": {
        "institution_id": "acara-48204",
        "acara_id": "48204",
        "school_name": "York District High School",
        "school_sector": "Government",
        "government_non_government": "Government",
        "school_type": "Pri/Sec",
        "campus_type": "Pri/Sec",
        "year_range": "K-12",
        "state": "WA",
        "suburb": "York",
        "postcode": "6302",
        "remoteness_category": "Inner Regional",
        "longitude": 116.76,
        "latitude": -31.8937,
        "profile_year": 2025,
        "total_enrolments": 373,
        "girls_enrolments": 173,
        "boys_enrolments": 200,
        "fte_enrolments": 361.4,
        "icsea": 960,
        "icsea_percentile": 29,
        "sea_bottom_quarter_pct": 42.0,
        "sea_lower_middle_quarter_pct": 30.0,
        "sea_upper_middle_quarter_pct": 19.0,
        "sea_top_quarter_pct": 10.0,
        "indigenous_enrolments_pct": 12.0,
        "lbote_pct": 12.0,
        "member_count": 1,
        "members": [
          {
            "member_id": "aph-299150",
            "name": "LAWRENCE, Tania",
            "parliaments": [
              48
            ],
            "services": [
              {
                "service_id": "srv-299150-48-d83aedadb420b9f3",
                "parliament_number": 48,
                "party": "Australian Labor Party",
                "party_abbrev": "ALP",
                "chamber": "representatives"
              }
            ]
          }
        ],
        "education_assertions": [
          {
            "education_id": "edu-299150-424817d2a69a9b73",
            "member_id": "aph-299150",
            "school_name_as_recorded": "York District High School",
            "source_url": "https://handbookapi.aph.gov.au/api/individuals?$filter=PHID eq '299150'",
            "retrieved_at": "2026-10-02T08:23:59.813516+10:00",
            "confidence": "verified",
            "attended_status": "attended_unspecified",
            "institution_resolution": "direct",
            "resolution_source_url": null
          }
        ],
        "parliaments": [
          48
        ],
        "finance_year": 2024,
        "finance_metric": "total_net_recurrent_income_per_student",
        "finance_value": 20446,
        "finance_status": "estimated_indexed",
        "finance_method": "acara_state_sector_geolocation_index",
        "finance_source": "ACARA National Report on Schooling",
        "temporal_warning": "School profile and finance values describe the institution in their reporting year, not the resources available when the parliamentarian attended. Reviewed successor mappings describe the successor institution."
      }
    }
  ]
}
