{
  "type": "FeatureCollection",
  "name": "schools",
  "crs": {
    "type": "name",
    "properties": {
      "name": "urn:ogc:def:crs:OGC:1.3:CRS84"
    }
  },
  "features": [
    {
      "type": "Feature",
      "geometry": {
        "type": "Point",
        "coordinates": [
          138.587,
          -34.9257
        ]
      },
      "properties": {
        "institution_id": "acara-49453",
        "acara_id": "49453",
        "school_name": "Adelaide High School",
        "school_sector": "Government",
        "government_non_government": "Government",
        "school_type": "Sec",
        "campus_type": "Sec",
        "year_range": "U, 7-12",
        "state": "SA",
        "suburb": "Adelaide",
        "postcode": "5000",
        "remoteness_category": "Major Cities",
        "longitude": 138.587,
        "latitude": -34.9257,
        "profile_year": 2025,
        "total_enrolments": 1821,
        "girls_enrolments": 874,
        "boys_enrolments": 947,
        "fte_enrolments": 1815.9,
        "icsea": 1094,
        "icsea_percentile": 83,
        "sea_bottom_quarter_pct": 8.0,
        "sea_lower_middle_quarter_pct": 21.0,
        "sea_upper_middle_quarter_pct": 32.0,
        "sea_top_quarter_pct": 39.0,
        "indigenous_enrolments_pct": 3.0,
        "lbote_pct": 47.0,
        "member_count": 1,
        "members": [
          {
            "member_id": "aph-dzy",
            "name": "GEORGANAS, Steven (Steve)",
            "parliaments": [
              42,
              43,
              45,
              46,
              47,
              48
            ],
            "services": [
              {
                "service_id": "srv-dzy-42-b99dd10f62f467be",
                "parliament_number": 42,
                "party": "Australian Labor Party",
                "party_abbrev": "ALP",
                "chamber": "representatives"
              },
              {
                "service_id": "srv-dzy-43-6f43e6fafe69b9d5",
                "parliament_number": 43,
                "party": "Australian Labor Party",
                "party_abbrev": "ALP",
                "chamber": "representatives"
              },
              {
                "service_id": "srv-dzy-45-5a0347d4fad0244d",
                "parliament_number": 45,
                "party": "Australian Labor Party",
                "party_abbrev": "ALP",
                "chamber": "representatives"
              },
              {
                "service_id": "srv-dzy-46-cf158e60d570f4e4",
                "parliament_number": 46,
                "party": "Australian Labor Party",
                "party_abbrev": "ALP",
                "chamber": "representatives"
              },
              {
                "service_id": "srv-dzy-47-d7f85003be6cced8",
                "parliament_number": 47,
                "party": "Australian Labor Party",
                "party_abbrev": "ALP",
                "chamber": "representatives"
              },
              {
                "service_id": "srv-dzy-48-462f66f0d8ada690",
                "parliament_number": 48,
                "party": "Australian Labor Party",
                "party_abbrev": "ALP",
                "chamber": "representatives"
              }
            ]
          }
        ],
        "education_assertions": [
          {
            "education_id": "edu-dzy-feabc96931e17e5d",
            "member_id": "aph-dzy",
            "school_name_as_recorded": "Adelaide High School",
            "source_url": "https://handbookapi.aph.gov.au/api/individuals?$filter=PHID eq 'DZY'",
            "retrieved_at": "2026-10-02T08:23:59.813516+10:00",
            "confidence": "verified",
            "attended_status": "attended_unspecified",
            "institution_resolution": "direct",
            "resolution_source_url": null
          }
        ],
        "parliaments": [
          42,
          43,
          45,
          46,
          47,
          48
        ],
        "finance_year": 2024,
        "finance_metric": "total_net_recurrent_income_per_student",
        "finance_value": 21267,
        "finance_status": "estimated_indexed",
        "finance_method": "acara_state_sector_geolocation_index",
        "finance_source": "ACARA National Report on Schooling",
        "temporal_warning": "School profile and finance values describe the institution in their reporting year, not the resources available when the parliamentarian attended. Reviewed successor mappings describe the successor institution."
      }
    },
    {
      "type": "Feature",
      "geometry": {
        "type": "Point",
        "coordinates": [
          150.827,
          -34.0869
        ]
      },
      "properties": {
        "institution_id": "acara-41594",
        "acara_id": "41594",
        "school_name": "Airds High School",
        "school_sector": "Government",
        "government_non_government": "Government",
        "school_type": "Sec",
        "campus_type": "Sec",
        "year_range": "7-12",
        "state": "NSW",
        "suburb": "Campbelltown",
        "postcode": "2560",
        "remoteness_category": "Major Cities",
        "longitude": 150.827,
        "latitude": -34.0869,
        "profile_year": 2025,
        "total_enrolments": 542,
        "girls_enrolments": 251,
        "boys_enrolments": 291,
        "fte_enrolments": 542.0,
        "icsea": 875,
        "icsea_percentile": 7,
        "sea_bottom_quarter_pct": 69.0,
        "sea_lower_middle_quarter_pct": 21.0,
        "sea_upper_middle_quarter_pct": 9.0,
        "sea_top_quarter_pct": 2.0,
        "indigenous_enrolments_pct": 29.0,
        "lbote_pct": 36.0,
        "member_count": 1,
        "members": [
          {
            "member_id": "aph-dzp",
            "name": "BIRD, the Hon. Sharon Leah",
            "parliaments": [
              42,
              43,
              44,
              45,
              46
            ],
            "services": [
              {
                "service_id": "srv-dzp-42-7b69594bb0557834",
                "parliament_number": 42,
                "party": "Australian Labor Party",
                "party_abbrev": "ALP",
                "chamber": "representatives"
              },
              {
                "service_id": "srv-dzp-43-27fbcdd40f2e49ed",
                "parliament_number": 43,
                "party": "Australian Labor Party",
                "party_abbrev": "ALP",
                "chamber": "representatives"
              },
              {
                "service_id": "srv-dzp-44-463792eb2cb9932b",
                "parliament_number": 44,
                "party": "Australian Labor Party",
                "party_abbrev": "ALP",
                "chamber": "representatives"
              },
              {
                "service_id": "srv-dzp-45-1d08024a45993585",
                "parliament_number": 45,
                "party": "Australian Labor Party",
                "party_abbrev": "ALP",
                "chamber": "representatives"
              },
              {
                "service_id": "srv-dzp-46-0daf61df8d54cdf5",
                "parliament_number": 46,
                "party": "Australian Labor Party",
                "party_abbrev": "ALP",
                "chamber": "representatives"
              }
            ]
          }
        ],
        "education_assertions": [
          {
            "education_id": "edu-dzp-5584364dcfa256f5",
            "member_id": "aph-dzp",
            "school_name_as_recorded": "Airds High School",
            "source_url": "https://handbookapi.aph.gov.au/api/individuals?$filter=PHID eq 'DZP'",
            "retrieved_at": "2026-10-02T08:23:59.813516+10:00",
            "confidence": "verified",
            "attended_status": "attended_unspecified",
            "institution_resolution": "direct",
            "resolution_source_url": null
          }
        ],
        "parliaments": [
          42,
          43,
          44,
          45,
          46
        ],
        "finance_year": 2024,
        "finance_metric": "total_net_recurrent_income_per_student",
        "finance_value": 26990,
        "finance_status": "estimated_indexed",
        "finance_method": "acara_state_sector_geolocation_index",
        "finance_source": "ACARA National Report on Schooling",
        "temporal_warning": "School profile and finance values describe the institution in their reporting year, not the resources available when the parliamentarian attended. Reviewed successor mappings describe the successor institution."
      }
    },
    {
      "type": "Feature",
      "geometry": {
        "type": "Point",
        "coordinates": [
          146.915,
          -36.0728
        ]
      },
      "properties": {
        "institution_id": "acara-42689",
        "acara_id": "42689",
        "school_name": "Albury High School",
        "school_sector": "Government",
        "government_non_government": "Government",
        "school_type": "Sec",
        "campus_type": "Sec",
        "year_range": "7-12",
        "state": "NSW",
        "suburb": "Albury",
        "postcode": "2640",
        "remoteness_category": "Inner Regional",
        "longitude": 146.915,
        "latitude": -36.0728,
        "profile_year": 2025,
        "total_enrolments": 910,
        "girls_enrolments": 472,
        "boys_enrolments": 438,
        "fte_enrolments": 910.0,
        "icsea": 1016,
        "icsea_percentile": 54,
        "sea_bottom_quarter_pct": 27.0,
        "sea_lower_middle_quarter_pct": 29.0,
        "sea_upper_middle_quarter_pct": 27.0,
        "sea_top_quarter_pct": 17.0,
        "indigenous_enrolments_pct": 7.0,
        "lbote_pct": 12.0,
        "member_count": 1,
        "members": [
          {
            "member_id": "aph-282986",
            "name": "ALLEN, Dr Katrina (Katie) Jane AO",
            "parliaments": [
              46
            ],
            "services": [
              {
                "service_id": "srv-282986-46-23ee3c1811377714",
                "parliament_number": 46,
                "party": "Liberal Party of Australia",
                "party_abbrev": "LP",
                "chamber": "representatives"
              }
            ]
          }
        ],
        "education_assertions": [
          {
            "education_id": "edu-282986-1799cee2d06497c9",
            "member_id": "aph-282986",
            "school_name_as_recorded": "Albury High School",
            "source_url": "https://handbookapi.aph.gov.au/api/individuals?$filter=PHID eq '282986'",
            "retrieved_at": "2026-10-02T08:23:59.813516+10:00",
            "confidence": "verified",
            "attended_status": "attended_unspecified",
            "institution_resolution": "direct",
            "resolution_source_url": null
          }
        ],
        "parliaments": [
          46
        ],
        "finance_year": 2024,
        "finance_metric": "total_net_recurrent_income_per_student",
        "finance_value": 19702,
        "finance_status": "estimated_indexed",
        "finance_method": "acara_state_sector_geolocation_index",
        "finance_source": "ACARA National Report on Schooling",
        "temporal_warning": "School profile and finance values describe the institution in their reporting year, not the resources available when the parliamentarian attended. Reviewed successor mappings describe the successor institution."
      }
    },
    {
      "type": "Feature",
      "geometry": {
        "type": "Point",
        "coordinates": [
          149.095,
          -35.3243
        ]
      },
      "properties": {
        "institution_id": "acara-49911",
        "acara_id": "49911",
        "school_name": "Alfred Deakin High School",
        "school_sector": "Government",
        "government_non_government": "Government",
        "school_type": "Sec",
        "campus_type": "Sec",
        "year_range": "7-10",
        "state": "ACT",
        "suburb": "Deakin",
        "postcode": "2600",
        "remoteness_category": "Major Cities",
        "longitude": 149.095,
        "latitude": -35.3243,
        "profile_year": 2025,
        "total_enrolments": 881,
        "girls_enrolments": 437,
        "boys_enrolments": 444,
        "fte_enrolments": 881.0,
        "icsea": 1132,
        "icsea_percentile": 92,
        "sea_bottom_quarter_pct": 5.0,
        "sea_lower_middle_quarter_pct": 13.0,
        "sea_upper_middle_quarter_pct": 27.0,
        "sea_top_quarter_pct": 56.0,
        "indigenous_enrolments_pct": 2.0,
        "lbote_pct": 39.0,
        "member_count": 1,
        "members": [
          {
            "member_id": "aph-300122",
            "name": "RAE, the Hon. Samuel (Sam) Thomas",
            "parliaments": [
              47,
              48
            ],
            "services": [
              {
                "service_id": "srv-300122-47-26c4e29ddf555900",
                "parliament_number": 47,
                "party": "Australian Labor Party",
                "party_abbrev": "ALP",
                "chamber": "representatives"
              },
              {
                "service_id": "srv-300122-48-42fbea3f238a0495",
                "parliament_number": 48,
                "party": "Australian Labor Party",
                "party_abbrev": "ALP",
                "chamber": "representatives"
              }
            ]
          }
        ],
        "education_assertions": [
          {
            "education_id": "edu-300122-367b941706c6213d",
            "member_id": "aph-300122",
            "school_name_as_recorded": "Alfred Deakin High School",
            "source_url": "https://handbookapi.aph.gov.au/api/individuals?$filter=PHID eq '300122'",
            "retrieved_at": "2026-10-02T08:23:59.813516+10:00",
            "confidence": "verified",
            "attended_status": "attended_unspecified",
            "institution_resolution": "direct",
            "resolution_source_url": null
          }
        ],
        "parliaments": [
          47,
          48
        ],
        "finance_year": 2024,
        "finance_metric": "total_net_recurrent_income_per_student",
        "finance_value": 20314,
        "finance_status": "estimated_indexed",
        "finance_method": "acara_state_sector_geolocation_index",
        "finance_source": "ACARA National Report on Schooling",
        "temporal_warning": "School profile and finance values describe the institution in their reporting year, not the resources available when the parliamentarian attended. Reviewed successor mappings describe the successor institution."
      }
    },
    {
      "type": "Feature",
      "geometry": {
        "type": "Point",
        "coordinates": [
          153.051,
          -27.4822
        ]
      },
      "properties": {
        "institution_id": "acara-47996",
        "acara_id": "47996",
        "school_name": "Anglican Church Grammar School",
        "school_sector": "Independent",
        "government_non_government": "Non-government",
        "school_type": "Pri/Sec",
        "campus_type": "Pri/Sec",
        "year_range": "Prep-12",
        "state": "QLD",
        "suburb": "East Brisbane",
        "postcode": "4169",
        "remoteness_category": "Major Cities",
        "longitude": 153.051,
        "latitude": -27.4822,
        "profile_year": 2025,
        "total_enrolments": 1901,
        "girls_enrolments": 0,
        "boys_enrolments": 1901,
        "fte_enrolments": 1901.0,
        "icsea": 1170,
        "icsea_percentile": 98,
        "sea_bottom_quarter_pct": 2.0,
        "sea_lower_middle_quarter_pct": 7.0,
        "sea_upper_middle_quarter_pct": 21.0,
        "sea_top_quarter_pct": 69.0,
        "indigenous_enrolments_pct": 1.0,
        "lbote_pct": 16.0,
        "member_count": 1,
        "members": [
          {
            "member_id": "aph-256136",
            "name": "POCOCK, David Willmer",
            "parliaments": [
              47,
              48
            ],
            "services": [
              {
                "service_id": "srv-256136-47-d52cb2b2f938012a",
                "parliament_number": 47,
                "party": "Independent",
                "party_abbrev": "IND",
                "chamber": "senate"
              },
              {
                "service_id": "srv-256136-48-6fa48afef71d8227",
                "parliament_number": 48,
                "party": "Independent",
                "party_abbrev": "IND",
                "chamber": "senate"
              }
            ]
          }
        ],
        "education_assertions": [
          {
            "education_id": "edu-256136-1d8da3a919da3700",
            "member_id": "aph-256136",
            "school_name_as_recorded": "Anglican Church Grammar School, Brisbane",
            "source_url": "https://handbookapi.aph.gov.au/api/individuals?$filter=PHID eq '256136'",
            "retrieved_at": "2026-10-02T08:23:59.813516+10:00",
            "confidence": "provisional",
            "attended_status": "attended_unspecified",
            "institution_resolution": "direct",
            "resolution_source_url": null
          }
        ],
        "parliaments": [
          47,
          48
        ],
        "finance_year": 2024,
        "finance_metric": "total_net_recurrent_income_per_student",
        "finance_value": 28778,
        "finance_status": "estimated_indexed",
        "finance_method": "acara_state_sector_geolocation_index",
        "finance_source": "ACARA National Report on Schooling",
        "temporal_warning": "School profile and finance values describe the institution in their reporting year, not the resources available when the parliamentarian attended. Reviewed successor mappings describe the successor institution."
      }
    },
    {
      "type": "Feature",
      "geometry": {
        "type": "Point",
        "coordinates": [
          115.834,
          -32.0288
        ]
      },
      "properties": {
        "institution_id": "acara-48117",
        "acara_id": "48117",
        "school_name": "Applecross Senior High School",
        "school_sector": "Government",
        "government_non_government": "Government",
        "school_type": "Sec",
        "campus_type": "Sec",
        "year_range": "7-12",
        "state": "WA",
        "suburb": "Ardross",
        "postcode": "6153",
        "remoteness_category": "Major Cities",
        "longitude": 115.834,
        "latitude": -32.0288,
        "profile_year": 2025,
        "total_enrolments": 1962,
        "girls_enrolments": 966,
        "boys_enrolments": 996,
        "fte_enrolments": 1962.0,
        "icsea": 1120,
        "icsea_percentile": 89,
        "sea_bottom_quarter_pct": 5.0,
        "sea_lower_middle_quarter_pct": 17.0,
        "sea_upper_middle_quarter_pct": 32.0,
        "sea_top_quarter_pct": 46.0,
        "indigenous_enrolments_pct": 1.0,
        "lbote_pct": 38.0,
        "member_count": 1,
        "members": [
          {
            "member_id": "aph-30484",
            "name": "BROCKMAN, William (Slade) Edward Slade",
            "parliaments": [
              46,
              47,
              48
            ],
            "services": [
              {
                "service_id": "srv-30484-46-e7ce51d59c68d4fb",
                "parliament_number": 46,
                "party": "Liberal Party of Australia",
                "party_abbrev": "LP",
                "chamber": "senate"
              },
              {
                "service_id": "srv-30484-47-55d4ecc072476205",
                "parliament_number": 47,
                "party": "Liberal Party of Australia",
                "party_abbrev": "LP",
                "chamber": "senate"
              },
              {
                "service_id": "srv-30484-48-e27faf8d90d5332c",
                "parliament_number": 48,
                "party": "Liberal Party of Australia",
                "party_abbrev": "LP",
                "chamber": "senate"
              }
            ]
          }
        ],
        "education_assertions": [
          {
            "education_id": "edu-30484-8693bb65618a408c",
            "member_id": "aph-30484",
            "school_name_as_recorded": "Applecross Senior High School",
            "source_url": "https://handbookapi.aph.gov.au/api/individuals?$filter=PHID eq '30484'",
            "retrieved_at": "2026-10-02T08:23:59.813516+10:00",
            "confidence": "verified",
            "attended_status": "attended_unspecified",
            "institution_resolution": "direct",
            "resolution_source_url": null
          }
        ],
        "parliaments": [
          46,
          47,
          48
        ],
        "finance_year": 2024,
        "finance_metric": "total_net_recurrent_income_per_student",
        "finance_value": 16055,
        "finance_status": "estimated_indexed",
        "finance_method": "acara_state_sector_geolocation_index",
        "finance_source": "ACARA National Report on Schooling",
        "temporal_warning": "School profile and finance values describe the institution in their reporting year, not the resources available when the parliamentarian attended. Reviewed successor mappings describe the successor institution."
      }
    },
    {
      "type": "Feature",
      "geometry": {
        "type": "Point",
        "coordinates": [
          115.843,
          -31.9274
        ]
      },
      "properties": {
        "institution_id": "acara-48911",
        "acara_id": "48911",
        "school_name": "Aranmore Catholic College",
        "school_sector": "Catholic",
        "government_non_government": "Non-government",
        "school_type": "Sec",
        "campus_type": "Sec",
        "year_range": "7-12",
        "state": "WA",
        "suburb": "Leederville",
        "postcode": "6007",
        "remoteness_category": "Major Cities",
        "longitude": 115.843,
        "latitude": -31.9274,
        "profile_year": 2025,
        "total_enrolments": 739,
        "girls_enrolments": 367,
        "boys_enrolments": 372,
        "fte_enrolments": 739.0,
        "icsea": 991,
        "icsea_percentile": 43,
        "sea_bottom_quarter_pct": 36.0,
        "sea_lower_middle_quarter_pct": 29.0,
        "sea_upper_middle_quarter_pct": 22.0,
        "sea_top_quarter_pct": 13.0,
        "indigenous_enrolments_pct": 5.0,
        "lbote_pct": 48.0,
        "member_count": 1,
        "members": [
          {
            "member_id": "aph-74046",
            "name": "GOODENOUGH, Ian Reginald",
            "parliaments": [
              44,
              45,
              46,
              47
            ],
            "services": [
              {
                "service_id": "srv-74046-44-585d8e3eefc370bb",
                "parliament_number": 44,
                "party": "Liberal Party of Australia",
                "party_abbrev": "LP",
                "chamber": "representatives"
              },
              {
                "service_id": "srv-74046-45-f3a80760400ffc22",
                "parliament_number": 45,
                "party": "Liberal Party of Australia",
                "party_abbrev": "LP",
                "chamber": "representatives"
              },
              {
                "service_id": "srv-74046-46-1a1cea211eeeb22f",
                "parliament_number": 46,
                "party": "Liberal Party of Australia",
                "party_abbrev": "LP",
                "chamber": "representatives"
              },
              {
                "service_id": "srv-74046-47-c4f5c0427dec9c65",
                "parliament_number": 47,
                "party": "Liberal Party of Australia",
                "party_abbrev": "LP",
                "chamber": "representatives"
              }
            ]
          }
        ],
        "education_assertions": [
          {
            "education_id": "edu-74046-e7296ef8e2a5ddf0",
            "member_id": "aph-74046",
            "school_name_as_recorded": "Aranmore Catholic College",
            "source_url": "https://handbookapi.aph.gov.au/api/individuals?$filter=PHID eq '74046'",
            "retrieved_at": "2026-10-02T08:23:59.813516+10:00",
            "confidence": "verified",
            "attended_status": "attended_unspecified",
            "institution_resolution": "direct",
            "resolution_source_url": null
          }
        ],
        "parliaments": [
          44,
          45,
          46,
          47
        ],
        "finance_year": 2024,
        "finance_metric": "total_net_recurrent_income_per_student",
        "finance_value": 20404,
        "finance_status": "estimated_indexed",
        "finance_method": "acara_state_sector_geolocation_index",
        "finance_source": "ACARA National Report on Schooling",
        "temporal_warning": "School profile and finance values describe the institution in their reporting year, not the resources available when the parliamentarian attended. Reviewed successor mappings describe the successor institution."
      }
    },
    {
      "type": "Feature",
      "geometry": {
        "type": "Point",
        "coordinates": [
          116.016,
          -32.1616
        ]
      },
      "properties": {
        "institution_id": "acara-48118",
        "acara_id": "48118",
        "school_name": "Armadale Senior High School",
        "school_sector": "Government",
        "government_non_government": "Government",
        "school_type": "Sec",
        "campus_type": "Sec",
        "year_range": "7-12",
        "state": "WA",
        "suburb": "Armadale",
        "postcode": "6112",
        "remoteness_category": "Major Cities",
        "longitude": 116.016,
        "latitude": -32.1616,
        "profile_year": 2025,
        "total_enrolments": 762,
        "girls_enrolments": 321,
        "boys_enrolments": 441,
        "fte_enrolments": 762.0,
        "icsea": 920,
        "icsea_percentile": 15,
        "sea_bottom_quarter_pct": 63.0,
        "sea_lower_middle_quarter_pct": 26.0,
        "sea_upper_middle_quarter_pct": 9.0,
        "sea_top_quarter_pct": 2.0,
        "indigenous_enrolments_pct": 14.0,
        "lbote_pct": 16.0,
        "member_count": 1,
        "members": [
          {
            "member_id": "aph-112096",
            "name": "LINES, the Hon. Susan (Sue)",
            "parliaments": [
              44,
              45,
              46,
              47,
              48
            ],
            "services": [
              {
                "service_id": "srv-112096-44-01b9a77a33b6a974",
                "parliament_number": 44,
                "party": "Australian Labor Party",
                "party_abbrev": "ALP",
                "chamber": "senate"
              },
              {
                "service_id": "srv-112096-45-5884db98268c8500",
                "parliament_number": 45,
                "party": "Australian Labor Party",
                "party_abbrev": "ALP",
                "chamber": "senate"
              },
              {
                "service_id": "srv-112096-46-d19b52cb6326a717",
                "parliament_number": 46,
                "party": "Australian Labor Party",
                "party_abbrev": "ALP",
                "chamber": "senate"
              },
              {
                "service_id": "srv-112096-47-a918f73acd4a4e61",
                "parliament_number": 47,
                "party": "Australian Labor Party",
                "party_abbrev": "ALP",
                "chamber": "senate"
              },
              {
                "service_id": "srv-112096-48-0f413a30c40b77b0",
                "parliament_number": 48,
                "party": "Australian Labor Party",
                "party_abbrev": "ALP",
                "chamber": "senate"
              }
            ]
          }
        ],
        "education_assertions": [
          {
            "education_id": "edu-112096-972251e1c6011136",
            "member_id": "aph-112096",
            "school_name_as_recorded": "Armadale Senior High School",
            "source_url": "https://handbookapi.aph.gov.au/api/individuals?$filter=PHID eq '112096'",
            "retrieved_at": "2026-10-02T08:23:59.813516+10:00",
            "confidence": "verified",
            "attended_status": "attended_unspecified",
            "institution_resolution": "direct",
            "resolution_source_url": null
          }
        ],
        "parliaments": [
          44,
          45,
          46,
          47,
          48
        ],
        "finance_year": 2024,
        "finance_metric": "total_net_recurrent_income_per_student",
        "finance_value": 22154,
        "finance_status": "estimated_indexed",
        "finance_method": "acara_state_sector_geolocation_index",
        "finance_source": "ACARA National Report on Schooling",
        "temporal_warning": "School profile and finance values describe the institution in their reporting year, not the resources available when the parliamentarian attended. Reviewed successor mappings describe the successor institution."
      }
    },
    {
      "type": "Feature",
      "geometry": {
        "type": "Point",
        "coordinates": [
          151.237,
          -33.8787
        ]
      },
      "properties": {
        "institution_id": "acara-43953",
        "acara_id": "43953",
        "school_name": "Ascham School",
        "school_sector": "Independent",
        "government_non_government": "Non-government",
        "school_type": "Pri/Sec",
        "campus_type": "Pri/Sec",
        "year_range": "K-12",
        "state": "NSW",
        "suburb": "Edgecliff",
        "postcode": "2027",
        "remoteness_category": "Major Cities",
        "longitude": 151.237,
        "latitude": -33.8787,
        "profile_year": 2025,
        "total_enrolments": 1182,
        "girls_enrolments": 1182,
        "boys_enrolments": 0,
        "fte_enrolments": 1182.0,
        "icsea": 1217,
        "icsea_percentile": 99,
        "sea_bottom_quarter_pct": 0.0,
        "sea_lower_middle_quarter_pct": 2.0,
        "sea_upper_middle_quarter_pct": 14.0,
        "sea_top_quarter_pct": 84.0,
        "indigenous_enrolments_pct": 1.0,
        "lbote_pct": 17.0,
        "member_count": 1,
        "members": [
          {
            "member_id": "aph-286042",
            "name": "SPENDER, Allegra",
            "parliaments": [
              47,
              48
            ],
            "services": [
              {
                "service_id": "srv-286042-47-3fd2bae74f5dae07",
                "parliament_number": 47,
                "party": "Independent",
                "party_abbrev": "IND",
                "chamber": "representatives"
              },
              {
                "service_id": "srv-286042-48-5ee9e2ba6560f317",
                "parliament_number": 48,
                "party": "Independent",
                "party_abbrev": "IND",
                "chamber": "representatives"
              }
            ]
          }
        ],
        "education_assertions": [
          {
            "education_id": "edu-286042-569e90a93035ba7f",
            "member_id": "aph-286042",
            "school_name_as_recorded": "Ascham School",
            "source_url": "https://handbookapi.aph.gov.au/api/individuals?$filter=PHID eq '286042'",
            "retrieved_at": "2026-10-02T08:23:59.813516+10:00",
            "confidence": "verified",
            "attended_status": "attended_unspecified",
            "institution_resolution": "direct",
            "resolution_source_url": null
          }
        ],
        "parliaments": [
          47,
          48
        ],
        "finance_year": 2024,
        "finance_metric": "total_net_recurrent_income_per_student",
        "finance_value": 44339,
        "finance_status": "estimated_indexed",
        "finance_method": "acara_state_sector_geolocation_index",
        "finance_source": "ACARA National Report on Schooling",
        "temporal_warning": "School profile and finance values describe the institution in their reporting year, not the resources available when the parliamentarian attended. Reviewed successor mappings describe the successor institution."
      }
    },
    {
      "type": "Feature",
      "geometry": {
        "type": "Point",
        "coordinates": [
          151.113,
          -33.6897
        ]
      },
      "properties": {
        "institution_id": "acara-41326",
        "acara_id": "41326",
        "school_name": "Asquith High School",
        "school_sector": "Government",
        "government_non_government": "Government",
        "school_type": "Sec",
        "campus_type": "Sec",
        "year_range": "7-12",
        "state": "NSW",
        "suburb": "Asquith",
        "postcode": "2077",
        "remoteness_category": "Major Cities",
        "longitude": 151.113,
        "latitude": -33.6897,
        "profile_year": 2025,
        "total_enrolments": 669,
        "girls_enrolments": 669,
        "boys_enrolments": 0,
        "fte_enrolments": 668.2,
        "icsea": 1082,
        "icsea_percentile": 79,
        "sea_bottom_quarter_pct": 11.0,
        "sea_lower_middle_quarter_pct": 24.0,
        "sea_upper_middle_quarter_pct": 32.0,
        "sea_top_quarter_pct": 33.0,
        "indigenous_enrolments_pct": 2.0,
        "lbote_pct": 35.0,
        "member_count": 1,
        "members": [
          {
            "member_id": "aph-hri",
            "name": "KELLY, the Hon. Dr Michael (Mike) Joseph, AM",
            "parliaments": [
              42,
              43,
              45,
              46
            ],
            "services": [
              {
                "service_id": "srv-hri-42-5acd748d79b7206b",
                "parliament_number": 42,
                "party": "Australian Labor Party",
                "party_abbrev": "ALP",
                "chamber": "representatives"
              },
              {
                "service_id": "srv-hri-43-d4fd7bff06d78508",
                "parliament_number": 43,
                "party": "Australian Labor Party",
                "party_abbrev": "ALP",
                "chamber": "representatives"
              },
              {
                "service_id": "srv-hri-45-cad4ad3b8ebf37db",
                "parliament_number": 45,
                "party": "Australian Labor Party",
                "party_abbrev": "ALP",
                "chamber": "representatives"
              },
              {
                "service_id": "srv-hri-46-e46f4be4fb1e417f",
                "parliament_number": 46,
                "party": "Australian Labor Party",
                "party_abbrev": "ALP",
                "chamber": "representatives"
              }
            ]
          }
        ],
        "education_assertions": [
          {
            "education_id": "edu-hri-b7059fdfe26804af",
            "member_id": "aph-hri",
            "school_name_as_recorded": "Asquith Boys High School",
            "source_url": "https://handbookapi.aph.gov.au/api/individuals?$filter=PHID eq 'HRI'",
            "retrieved_at": "2026-10-02T08:23:59.813516+10:00",
            "confidence": "provisional",
            "attended_status": "attended_unspecified",
            "institution_resolution": "direct",
            "resolution_source_url": null
          }
        ],
        "parliaments": [
          42,
          43,
          45,
          46
        ],
        "finance_year": 2024,
        "finance_metric": "total_net_recurrent_income_per_student",
        "finance_value": 19553,
        "finance_status": "benchmark_average",
        "finance_method": "peer_group_average",
        "finance_source": "ACARA National Report on Schooling",
        "temporal_warning": "School profile and finance values describe the institution in their reporting year, not the resources available when the parliamentarian attended. Reviewed successor mappings describe the successor institution."
      }
    },
    {
      "type": "Feature",
      "geometry": {
        "type": "Point",
        "coordinates": [
          115.813,
          -31.8757
        ]
      },
      "properties": {
        "institution_id": "acara-48119",
        "acara_id": "48119",
        "school_name": "Balcatta Senior High School",
        "school_sector": "Government",
        "government_non_government": "Government",
        "school_type": "Sec",
        "campus_type": "Sec",
        "year_range": "7-12",
        "state": "WA",
        "suburb": "Balcatta",
        "postcode": "6021",
        "remoteness_category": "Major Cities",
        "longitude": 115.813,
        "latitude": -31.8757,
        "profile_year": 2025,
        "total_enrolments": 1088,
        "girls_enrolments": 554,
        "boys_enrolments": 534,
        "fte_enrolments": 1088.0,
        "icsea": 1045,
        "icsea_percentile": 66,
        "sea_bottom_quarter_pct": 21.0,
        "sea_lower_middle_quarter_pct": 28.0,
        "sea_upper_middle_quarter_pct": 30.0,
        "sea_top_quarter_pct": 22.0,
        "indigenous_enrolments_pct": 3.0,
        "lbote_pct": 55.0,
        "member_count": 1,
        "members": [
          {
            "member_id": "aph-e5z",
            "name": "SIEWERT, Rachel Mary",
            "parliaments": [
              42,
              43,
              44,
              45,
              46
            ],
            "services": [
              {
                "service_id": "srv-e5z-42-a5c7f3678c8a7ab1",
                "parliament_number": 42,
                "party": "Australian Greens",
                "party_abbrev": "GRN",
                "chamber": "senate"
              },
              {
                "service_id": "srv-e5z-43-cfd10c1018dbc438",
                "parliament_number": 43,
                "party": "Australian Greens",
                "party_abbrev": "GRN",
                "chamber": "senate"
              },
              {
                "service_id": "srv-e5z-44-d6a988f6b894a5b0",
                "parliament_number": 44,
                "party": "Australian Greens",
                "party_abbrev": "GRN",
                "chamber": "senate"
              },
              {
                "service_id": "srv-e5z-45-5ac5c82973c4498d",
                "parliament_number": 45,
                "party": "Australian Greens",
                "party_abbrev": "GRN",
                "chamber": "senate"
              },
              {
                "service_id": "srv-e5z-46-7a19da2f8d7db4f7",
                "parliament_number": 46,
                "party": "Australian Greens",
                "party_abbrev": "GRN",
                "chamber": "senate"
              }
            ]
          }
        ],
        "education_assertions": [
          {
            "education_id": "edu-e5z-6f04d2d92aa4f335",
            "member_id": "aph-e5z",
            "school_name_as_recorded": "Balcatta Senior High School",
            "source_url": "https://handbookapi.aph.gov.au/api/individuals?$filter=PHID eq 'E5Z'",
            "retrieved_at": "2026-10-02T08:23:59.813516+10:00",
            "confidence": "verified",
            "attended_status": "attended_unspecified",
            "institution_resolution": "direct",
            "resolution_source_url": null
          }
        ],
        "parliaments": [
          42,
          43,
          44,
          45,
          46
        ],
        "finance_year": 2024,
        "finance_metric": "total_net_recurrent_income_per_student",
        "finance_value": 20022,
        "finance_status": "estimated_indexed",
        "finance_method": "acara_state_sector_geolocation_index",
        "finance_source": "ACARA National Report on Schooling",
        "temporal_warning": "School profile and finance values describe the institution in their reporting year, not the resources available when the parliamentarian attended. Reviewed successor mappings describe the successor institution."
      }
    },
    {
      "type": "Feature",
      "geometry": {
        "type": "Point",
        "coordinates": [
          145.077,
          -37.7979
        ]
      },
      "properties": {
        "institution_id": "acara-45351",
        "acara_id": "45351",
        "school_name": "Balwyn High School",
        "school_sector": "Government",
        "government_non_government": "Government",
        "school_type": "Sec",
        "campus_type": "Sec",
        "year_range": "7-12",
        "state": "VIC",
        "suburb": "Balwyn North",
        "postcode": "3104",
        "remoteness_category": "Major Cities",
        "longitude": 145.077,
        "latitude": -37.7979,
        "profile_year": 2025,
        "total_enrolments": 2260,
        "girls_enrolments": 979,
        "boys_enrolments": 1281,
        "fte_enrolments": 2256.1,
        "icsea": 1141,
        "icsea_percentile": 94,
        "sea_bottom_quarter_pct": 3.0,
        "sea_lower_middle_quarter_pct": 10.0,
        "sea_upper_middle_quarter_pct": 30.0,
        "sea_top_quarter_pct": 56.0,
        "indigenous_enrolments_pct": 0.0,
        "lbote_pct": 80.0,
        "member_count": 1,
        "members": [
          {
            "member_id": "aph-245392",
            "name": "GOSLING, Luke John Anthony, OAM",
            "parliaments": [
              45,
              46,
              47,
              48
            ],
            "services": [
              {
                "service_id": "srv-245392-45-134cfbb3f18b8c51",
                "parliament_number": 45,
                "party": "Australian Labor Party",
                "party_abbrev": "ALP",
                "chamber": "representatives"
              },
              {
                "service_id": "srv-245392-46-0cb10bbfae81e7c4",
                "parliament_number": 46,
                "party": "Australian Labor Party",
                "party_abbrev": "ALP",
                "chamber": "representatives"
              },
              {
                "service_id": "srv-245392-47-fddafcdefc7a28ed",
                "parliament_number": 47,
                "party": "Australian Labor Party",
                "party_abbrev": "ALP",
                "chamber": "representatives"
              },
              {
                "service_id": "srv-245392-48-b0c4981cc3d73b4b",
                "parliament_number": 48,
                "party": "Australian Labor Party",
                "party_abbrev": "ALP",
                "chamber": "representatives"
              }
            ]
          }
        ],
        "education_assertions": [
          {
            "education_id": "edu-245392-9d400b4d9105d281",
            "member_id": "aph-245392",
            "school_name_as_recorded": "Balwyn High School",
            "source_url": "https://handbookapi.aph.gov.au/api/individuals?$filter=PHID eq '245392'",
            "retrieved_at": "2026-10-02T08:23:59.813516+10:00",
            "confidence": "verified",
            "attended_status": "attended_unspecified",
            "institution_resolution": "direct",
            "resolution_source_url": null
          }
        ],
        "parliaments": [
          45,
          46,
          47,
          48
        ],
        "finance_year": 2024,
        "finance_metric": "total_net_recurrent_income_per_student",
        "finance_value": 17608,
        "finance_status": "estimated_indexed",
        "finance_method": "acara_state_sector_geolocation_index",
        "finance_source": "ACARA National Report on Schooling",
        "temporal_warning": "School profile and finance values describe the institution in their reporting year, not the resources available when the parliamentarian attended. Reviewed successor mappings describe the successor institution."
      }
    },
    {
      "type": "Feature",
      "geometry": {
        "type": "Point",
        "coordinates": [
          152.954,
          -26.8628
        ]
      },
      "properties": {
        "institution_id": "acara-47494",
        "acara_id": "47494",
        "school_name": "Beerwah State High School",
        "school_sector": "Government",
        "government_non_government": "Government",
        "school_type": "Sec",
        "campus_type": "Sec",
        "year_range": "7-12",
        "state": "QLD",
        "suburb": "Beerwah",
        "postcode": "4519",
        "remoteness_category": "Inner Regional",
        "longitude": 152.954,
        "latitude": -26.8628,
        "profile_year": 2025,
        "total_enrolments": 855,
        "girls_enrolments": 421,
        "boys_enrolments": 434,
        "fte_enrolments": 851.8,
        "icsea": 970,
        "icsea_percentile": 33,
        "sea_bottom_quarter_pct": 41.0,
        "sea_lower_middle_quarter_pct": 38.0,
        "sea_upper_middle_quarter_pct": 17.0,
        "sea_top_quarter_pct": 5.0,
        "indigenous_enrolments_pct": 10.0,
        "lbote_pct": 4.0,
        "member_count": 1,
        "members": [
          {
            "member_id": "aph-61378",
            "name": "EVANS, the Hon. Trevor Mark",
            "parliaments": [
              45,
              46
            ],
            "services": [
              {
                "service_id": "srv-61378-45-c8d95ce648fcfc06",
                "parliament_number": 45,
                "party": "Liberal Party of Australia",
                "party_abbrev": "LP",
                "chamber": "representatives"
              },
              {
                "service_id": "srv-61378-46-8cedf78115f65bcb",
                "parliament_number": 46,
                "party": "Liberal Party of Australia",
                "party_abbrev": "LP",
                "chamber": "representatives"
              }
            ]
          }
        ],
        "education_assertions": [
          {
            "education_id": "edu-61378-df5534d1a5f573ca",
            "member_id": "aph-61378",
            "school_name_as_recorded": "Beerwah State High School",
            "source_url": "https://handbookapi.aph.gov.au/api/individuals?$filter=PHID eq '61378'",
            "retrieved_at": "2026-10-02T08:23:59.813516+10:00",
            "confidence": "verified",
            "attended_status": "attended_unspecified",
            "institution_resolution": "direct",
            "resolution_source_url": null
          }
        ],
        "parliaments": [
          45,
          46
        ],
        "finance_year": 2024,
        "finance_metric": "total_net_recurrent_income_per_student",
        "finance_value": 19691,
        "finance_status": "estimated_indexed",
        "finance_method": "acara_state_sector_geolocation_index",
        "finance_source": "ACARA National Report on Schooling",
        "temporal_warning": "School profile and finance values describe the institution in their reporting year, not the resources available when the parliamentarian attended. Reviewed successor mappings describe the successor institution."
      }
    },
    {
      "type": "Feature",
      "geometry": {
        "type": "Point",
        "coordinates": [
          144.28,
          -36.7551
        ]
      },
      "properties": {
        "institution_id": "acara-40576",
        "acara_id": "40576",
        "school_name": "Bendigo Senior Secondary College",
        "school_sector": "Government",
        "government_non_government": "Government",
        "school_type": "Sec",
        "campus_type": "Sec",
        "year_range": "10-12",
        "state": "VIC",
        "suburb": "Bendigo",
        "postcode": "3552",
        "remoteness_category": "Inner Regional",
        "longitude": 144.28,
        "latitude": -36.7551,
        "profile_year": 2025,
        "total_enrolments": 1918,
        "girls_enrolments": 950,
        "boys_enrolments": 968,
        "fte_enrolments": 1761.5,
        "icsea": 1003,
        "icsea_percentile": 48,
        "sea_bottom_quarter_pct": 35.0,
        "sea_lower_middle_quarter_pct": 30.0,
        "sea_upper_middle_quarter_pct": 21.0,
        "sea_top_quarter_pct": 15.0,
        "indigenous_enrolments_pct": 4.0,
        "lbote_pct": 12.0,
        "member_count": 1,
        "members": [
          {
            "member_id": "aph-299962",
            "name": "DOYLE, Mary",
            "parliaments": [
              48
            ],
            "services": [
              {
                "service_id": "srv-299962-48-3777f6b06483ec96",
                "parliament_number": 48,
                "party": "Australian Labor Party",
                "party_abbrev": "ALP",
                "chamber": "representatives"
              }
            ]
          }
        ],
        "education_assertions": [
          {
            "education_id": "edu-299962-2e32afd05d1e4c6c",
            "member_id": "aph-299962",
            "school_name_as_recorded": "Bendigo Senior Secondary College",
            "source_url": "https://handbookapi.aph.gov.au/api/individuals?$filter=PHID eq '299962'",
            "retrieved_at": "2026-10-02T08:23:59.813516+10:00",
            "confidence": "verified",
            "attended_status": "attended_unspecified",
            "institution_resolution": "direct",
            "resolution_source_url": null
          }
        ],
        "parliaments": [
          48
        ],
        "finance_year": 2024,
        "finance_metric": "total_net_recurrent_income_per_student",
        "finance_value": 20360,
        "finance_status": "benchmark_average",
        "finance_method": "peer_group_average",
        "finance_source": "ACARA National Report on Schooling",
        "temporal_warning": "School profile and finance values describe the institution in their reporting year, not the resources available when the parliamentarian attended. Reviewed successor mappings describe the successor institution."
      }
    },
    {
      "type": "Feature",
      "geometry": {
        "type": "Point",
        "coordinates": [
          145.043,
          -37.842
        ]
      },
      "properties": {
        "institution_id": "acara-46221",
        "acara_id": "46221",
        "school_name": "Bialik College",
        "school_sector": "Independent",
        "government_non_government": "Non-government",
        "school_type": "Pri/Sec",
        "campus_type": "Pri/Sec",
        "year_range": "Prep-12",
        "state": "VIC",
        "suburb": "Hawthorn",
        "postcode": "3122",
        "remoteness_category": "Major Cities",
        "longitude": 145.043,
        "latitude": -37.842,
        "profile_year": 2025,
        "total_enrolments": 987,
        "girls_enrolments": 488,
        "boys_enrolments": 499,
        "fte_enrolments": 987.0,
        "icsea": 1164,
        "icsea_percentile": 97,
        "sea_bottom_quarter_pct": 1.0,
        "sea_lower_middle_quarter_pct": 7.0,
        "sea_upper_middle_quarter_pct": 24.0,
        "sea_top_quarter_pct": 68.0,
        "indigenous_enrolments_pct": 0.0,
        "lbote_pct": 28.0,
        "member_count": 1,
        "members": [
          {
            "member_id": "aph-fkl",
            "name": "FRYDENBERG, the Hon. Joshua (Josh) Anthony",
            "parliaments": [
              43,
              44,
              45,
              46
            ],
            "services": [
              {
                "service_id": "srv-fkl-43-ae29df552c4abaec",
                "parliament_number": 43,
                "party": "Liberal Party of Australia",
                "party_abbrev": "LP",
                "chamber": "representatives"
              },
              {
                "service_id": "srv-fkl-44-41307dd3c6aa9549",
                "parliament_number": 44,
                "party": "Liberal Party of Australia",
                "party_abbrev": "LP",
                "chamber": "representatives"
              },
              {
                "service_id": "srv-fkl-45-8fdb62d239980b9c",
                "parliament_number": 45,
                "party": "Liberal Party of Australia",
                "party_abbrev": "LP",
                "chamber": "representatives"
              },
              {
                "service_id": "srv-fkl-46-d2806f1992f8aa7a",
                "parliament_number": 46,
                "party": "Liberal Party of Australia",
                "party_abbrev": "LP",
                "chamber": "representatives"
              }
            ]
          }
        ],
        "education_assertions": [
          {
            "education_id": "edu-fkl-5628ea67e5cfd4b2",
            "member_id": "aph-fkl",
            "school_name_as_recorded": "Bialik College",
            "source_url": "https://handbookapi.aph.gov.au/api/individuals?$filter=PHID eq 'FKL'",
            "retrieved_at": "2026-10-02T08:23:59.813516+10:00",
            "confidence": "verified",
            "attended_status": "attended_unspecified",
            "institution_resolution": "direct",
            "resolution_source_url": null
          }
        ],
        "parliaments": [
          43,
          44,
          45,
          46
        ],
        "finance_year": 2024,
        "finance_metric": "total_net_recurrent_income_per_student",
        "finance_value": 26342,
        "finance_status": "estimated_indexed",
        "finance_method": "acara_state_sector_geolocation_index",
        "finance_source": "ACARA National Report on Schooling",
        "temporal_warning": "School profile and finance values describe the institution in their reporting year, not the resources available when the parliamentarian attended. Reviewed successor mappings describe the successor institution."
      }
    },
    {
      "type": "Feature",
      "geometry": {
        "type": "Point",
        "coordinates": [
          145.15,
          -37.8104
        ]
      },
      "properties": {
        "institution_id": "acara-45357",
        "acara_id": "45357",
        "school_name": "Blackburn High School",
        "school_sector": "Government",
        "government_non_government": "Government",
        "school_type": "Sec",
        "campus_type": "Sec",
        "year_range": "7-12",
        "state": "VIC",
        "suburb": "Blackburn",
        "postcode": "3130",
        "remoteness_category": "Major Cities",
        "longitude": 145.15,
        "latitude": -37.8104,
        "profile_year": 2025,
        "total_enrolments": 1289,
        "girls_enrolments": 561,
        "boys_enrolments": 728,
        "fte_enrolments": 1288.2,
        "icsea": 1094,
        "icsea_percentile": 83,
        "sea_bottom_quarter_pct": 10.0,
        "sea_lower_middle_quarter_pct": 19.0,
        "sea_upper_middle_quarter_pct": 33.0,
        "sea_top_quarter_pct": 38.0,
        "indigenous_enrolments_pct": 1.0,
        "lbote_pct": 40.0,
        "member_count": 2,
        "members": [
          {
            "member_id": "aph-hym",
            "name": "IRONS, the Hon. Stephen (Steve) James",
            "parliaments": [
              42,
              43,
              44,
              45,
              46
            ],
            "services": [
              {
                "service_id": "srv-hym-42-06dcd46acb2ddb4e",
                "parliament_number": 42,
                "party": "Liberal Party of Australia",
                "party_abbrev": "LP",
                "chamber": "representatives"
              },
              {
                "service_id": "srv-hym-43-160a4c44c5cca2e5",
                "parliament_number": 43,
                "party": "Liberal Party of Australia",
                "party_abbrev": "LP",
                "chamber": "representatives"
              },
              {
                "service_id": "srv-hym-44-09dbfd51f3fb4549",
                "parliament_number": 44,
                "party": "Liberal Party of Australia",
                "party_abbrev": "LP",
                "chamber": "representatives"
              },
              {
                "service_id": "srv-hym-45-384db0ed6ef2f814",
                "parliament_number": 45,
                "party": "Liberal Party of Australia",
                "party_abbrev": "LP",
                "chamber": "representatives"
              },
              {
                "service_id": "srv-hym-46-9128dcd79606ffbc",
                "parliament_number": 46,
                "party": "Liberal Party of Australia",
                "party_abbrev": "LP",
                "chamber": "representatives"
              }
            ]
          },
          {
            "member_id": "aph-281688",
            "name": "WEBSTER, Dr Anne Elizabeth",
            "parliaments": [
              46,
              47,
              48
            ],
            "services": [
              {
                "service_id": "srv-281688-46-b738554de40fa3fd",
                "parliament_number": 46,
                "party": "The Nationals",
                "party_abbrev": "NP",
                "chamber": "representatives"
              },
              {
                "service_id": "srv-281688-47-481f3238962354f0",
                "parliament_number": 47,
                "party": "The Nationals",
                "party_abbrev": "NP",
                "chamber": "representatives"
              },
              {
                "service_id": "srv-281688-48-16ac61a4d4845210",
                "parliament_number": 48,
                "party": "The Nationals",
                "party_abbrev": "NP",
                "chamber": "representatives"
              }
            ]
          }
        ],
        "education_assertions": [
          {
            "education_id": "edu-281688-d1c8969ad93ff131",
            "member_id": "aph-281688",
            "school_name_as_recorded": "Blackburn High School",
            "source_url": "https://handbookapi.aph.gov.au/api/individuals?$filter=PHID eq '281688'",
            "retrieved_at": "2026-10-02T08:23:59.813516+10:00",
            "confidence": "verified",
            "attended_status": "attended_unspecified",
            "institution_resolution": "direct",
            "resolution_source_url": null
          },
          {
            "education_id": "edu-hym-d1c8969ad93ff131",
            "member_id": "aph-hym",
            "school_name_as_recorded": "Blackburn High School",
            "source_url": "https://handbookapi.aph.gov.au/api/individuals?$filter=PHID eq 'HYM'",
            "retrieved_at": "2026-10-02T08:23:59.813516+10:00",
            "confidence": "verified",
            "attended_status": "attended_unspecified",
            "institution_resolution": "direct",
            "resolution_source_url": null
          }
        ],
        "parliaments": [
          42,
          43,
          44,
          45,
          46,
          47,
          48
        ],
        "finance_year": 2024,
        "finance_metric": "total_net_recurrent_income_per_student",
        "finance_value": 19414,
        "finance_status": "estimated_indexed",
        "finance_method": "acara_state_sector_geolocation_index",
        "finance_source": "ACARA National Report on Schooling",
        "temporal_warning": "School profile and finance values describe the institution in their reporting year, not the resources available when the parliamentarian attended. Reviewed successor mappings describe the successor institution."
      }
    },
    {
      "type": "Feature",
      "geometry": {
        "type": "Point",
        "coordinates": [
          138.595,
          -34.8949
        ]
      },
      "properties": {
        "institution_id": "acara-49693",
        "acara_id": "49693",
        "school_name": "Blackfriars Priory School",
        "school_sector": "Catholic",
        "government_non_government": "Non-government",
        "school_type": "Pri/Sec",
        "campus_type": "Pri/Sec",
        "year_range": "R-12",
        "state": "SA",
        "suburb": "Prospect",
        "postcode": "5082",
        "remoteness_category": "Major Cities",
        "longitude": 138.595,
        "latitude": -34.8949,
        "profile_year": 2025,
        "total_enrolments": 786,
        "girls_enrolments": 0,
        "boys_enrolments": 786,
        "fte_enrolments": 786.0,
        "icsea": 1037,
        "icsea_percentile": 63,
        "sea_bottom_quarter_pct": 24.0,
        "sea_lower_middle_quarter_pct": 24.0,
        "sea_upper_middle_quarter_pct": 28.0,
        "sea_top_quarter_pct": 24.0,
        "indigenous_enrolments_pct": 1.0,
        "lbote_pct": 53.0,
        "member_count": 1,
        "members": [
          {
            "member_id": "aph-i0n",
            "name": "FARRELL, the Hon. Donald (Don) Edward",
            "parliaments": [
              43,
              44,
              45,
              46,
              47,
              48
            ],
            "services": [
              {
                "service_id": "srv-i0n-43-e29e0b4a1c4bf1aa",
                "parliament_number": 43,
                "party": "Australian Labor Party",
                "party_abbrev": "ALP",
                "chamber": "senate"
              },
              {
                "service_id": "srv-i0n-44-54401abe4cc70a19",
                "parliament_number": 44,
                "party": "Australian Labor Party",
                "party_abbrev": "ALP",
                "chamber": "senate"
              },
              {
                "service_id": "srv-i0n-45-aaebd6974cf9f9dc",
                "parliament_number": 45,
                "party": "Australian Labor Party",
                "party_abbrev": "ALP",
                "chamber": "senate"
              },
              {
                "service_id": "srv-i0n-46-b8abaac14a0ee608",
                "parliament_number": 46,
                "party": "Australian Labor Party",
                "party_abbrev": "ALP",
                "chamber": "senate"
              },
              {
                "service_id": "srv-i0n-47-5e775ae36d6da5aa",
                "parliament_number": 47,
                "party": "Australian Labor Party",
                "party_abbrev": "ALP",
                "chamber": "senate"
              },
              {
                "service_id": "srv-i0n-48-9b5b7ed0bdb8f9f8",
                "parliament_number": 48,
                "party": "Australian Labor Party",
                "party_abbrev": "ALP",
                "chamber": "senate"
              }
            ]
          }
        ],
        "education_assertions": [
          {
            "education_id": "edu-i0n-109a526106eacf0d",
            "member_id": "aph-i0n",
            "school_name_as_recorded": "Blackfriars Priory School",
            "source_url": "https://handbookapi.aph.gov.au/api/individuals?$filter=PHID eq 'I0N'",
            "retrieved_at": "2026-10-02T08:23:59.813516+10:00",
            "confidence": "verified",
            "attended_status": "attended_unspecified",
            "institution_resolution": "direct",
            "resolution_source_url": null
          }
        ],
        "parliaments": [
          43,
          44,
          45,
          46,
          47,
          48
        ],
        "finance_year": 2024,
        "finance_metric": "total_net_recurrent_income_per_student",
        "finance_value": 21608,
        "finance_status": "benchmark_average",
        "finance_method": "peer_group_average_high_dispersion_fallback",
        "finance_source": "ACARA National Report on Schooling",
        "temporal_warning": "School profile and finance values describe the institution in their reporting year, not the resources available when the parliamentarian attended. Reviewed successor mappings describe the successor institution."
      }
    },
    {
      "type": "Feature",
      "geometry": {
        "type": "Point",
        "coordinates": [
          148.234196797576,
          -19.9991
        ]
      },
      "properties": {
        "institution_id": "acara-47458",
        "acara_id": "47458",
        "school_name": "Bowen State High School",
        "school_sector": "Government",
        "government_non_government": "Government",
        "school_type": "Sec",
        "campus_type": "Sec",
        "year_range": "7-12",
        "state": "QLD",
        "suburb": "Bowen",
        "postcode": "4805",
        "remoteness_category": "Outer Regional",
        "longitude": 148.234196797576,
        "latitude": -19.9991,
        "profile_year": 2025,
        "total_enrolments": 679,
        "girls_enrolments": 328,
        "boys_enrolments": 351,
        "fte_enrolments": 678.2,
        "icsea": 919,
        "icsea_percentile": 15,
        "sea_bottom_quarter_pct": 51.0,
        "sea_lower_middle_quarter_pct": 32.0,
        "sea_upper_middle_quarter_pct": 13.0,
        "sea_top_quarter_pct": 4.0,
        "indigenous_enrolments_pct": 23.0,
        "lbote_pct": 10.0,
        "member_count": 1,
        "members": [
          {
            "member_id": "aph-286535",
            "name": "WILLCOX, Andrew",
            "parliaments": [
              47,
              48
            ],
            "services": [
              {
                "service_id": "srv-286535-47-c80be340e03e37a5",
                "parliament_number": 47,
                "party": "The Nationals",
                "party_abbrev": "NP",
                "chamber": "representatives"
              },
              {
                "service_id": "srv-286535-48-04d488a3322643f4",
                "parliament_number": 48,
                "party": "The Nationals",
                "party_abbrev": "NP",
                "chamber": "representatives"
              }
            ]
          }
        ],
        "education_assertions": [
          {
            "education_id": "edu-286535-76064d6185d100e1",
            "member_id": "aph-286535",
            "school_name_as_recorded": "Bowen State High School",
            "source_url": "https://handbookapi.aph.gov.au/api/individuals?$filter=PHID eq '286535'",
            "retrieved_at": "2026-10-02T08:23:59.813516+10:00",
            "confidence": "verified",
            "attended_status": "attended_unspecified",
            "institution_resolution": "direct",
            "resolution_source_url": null
          }
        ],
        "parliaments": [
          47,
          48
        ],
        "finance_year": 2024,
        "finance_metric": "total_net_recurrent_income_per_student",
        "finance_value": 20843,
        "finance_status": "estimated_indexed",
        "finance_method": "acara_state_sector_geolocation_index",
        "finance_source": "ACARA National Report on Schooling",
        "temporal_warning": "School profile and finance values describe the institution in their reporting year, not the resources available when the parliamentarian attended. Reviewed successor mappings describe the successor institution."
      }
    },
    {
      "type": "Feature",
      "geometry": {
        "type": "Point",
        "coordinates": [
          153.02,
          -27.4591
        ]
      },
      "properties": {
        "institution_id": "acara-48034",
        "acara_id": "48034",
        "school_name": "Brisbane Girls Grammar School",
        "school_sector": "Independent",
        "government_non_government": "Non-government",
        "school_type": "Sec",
        "campus_type": "Sec",
        "year_range": "7-12",
        "state": "QLD",
        "suburb": "Brisbane",
        "postcode": "4000",
        "remoteness_category": "Major Cities",
        "longitude": 153.02,
        "latitude": -27.4591,
        "profile_year": 2025,
        "total_enrolments": 1558,
        "girls_enrolments": 1558,
        "boys_enrolments": 0,
        "fte_enrolments": 1558.0,
        "icsea": 1211,
        "icsea_percentile": 99,
        "sea_bottom_quarter_pct": 0.0,
        "sea_lower_middle_quarter_pct": 4.0,
        "sea_upper_middle_quarter_pct": 15.0,
        "sea_top_quarter_pct": 81.0,
        "indigenous_enrolments_pct": 0.0,
        "lbote_pct": 37.0,
        "member_count": 1,
        "members": [
          {
            "member_id": "aph-247512",
            "name": "KITCHING, Kimberley Jane Elizabeth",
            "parliaments": [
              46
            ],
            "services": [
              {
                "service_id": "srv-247512-46-76ad8abb8f94a0b9",
                "parliament_number": 46,
                "party": "Australian Labor Party",
                "party_abbrev": "ALP",
                "chamber": "senate"
              }
            ]
          }
        ],
        "education_assertions": [
          {
            "education_id": "edu-247512-1773d716ffb45079",
            "member_id": "aph-247512",
            "school_name_as_recorded": "Brisbane Girls Grammar School",
            "source_url": "https://handbookapi.aph.gov.au/api/individuals?$filter=PHID eq '247512'",
            "retrieved_at": "2026-10-02T08:23:59.813516+10:00",
            "confidence": "verified",
            "attended_status": "attended_unspecified",
            "institution_resolution": "direct",
            "resolution_source_url": null
          }
        ],
        "parliaments": [
          46
        ],
        "finance_year": 2024,
        "finance_metric": "total_net_recurrent_income_per_student",
        "finance_value": 29967,
        "finance_status": "estimated_indexed",
        "finance_method": "acara_state_sector_geolocation_index",
        "finance_source": "ACARA National Report on Schooling",
        "temporal_warning": "School profile and finance values describe the institution in their reporting year, not the resources available when the parliamentarian attended. Reviewed successor mappings describe the successor institution."
      }
    },
    {
      "type": "Feature",
      "geometry": {
        "type": "Point",
        "coordinates": [
          153.017,
          -27.4599
        ]
      },
      "properties": {
        "institution_id": "acara-48033",
        "acara_id": "48033",
        "school_name": "Brisbane Grammar School",
        "school_sector": "Independent",
        "government_non_government": "Non-government",
        "school_type": "Pri/Sec",
        "campus_type": "Pri/Sec",
        "year_range": "5-12",
        "state": "QLD",
        "suburb": "Brisbane",
        "postcode": "4000",
        "remoteness_category": "Major Cities",
        "longitude": 153.017,
        "latitude": -27.4599,
        "profile_year": 2025,
        "total_enrolments": 1996,
        "girls_enrolments": 0,
        "boys_enrolments": 1996,
        "fte_enrolments": 1996.0,
        "icsea": 1210,
        "icsea_percentile": 99,
        "sea_bottom_quarter_pct": 0.0,
        "sea_lower_middle_quarter_pct": 2.0,
        "sea_upper_middle_quarter_pct": 15.0,
        "sea_top_quarter_pct": 83.0,
        "indigenous_enrolments_pct": 1.0,
        "lbote_pct": 34.0,
        "member_count": 1,
        "members": [
          {
            "member_id": "aph-266524",
            "name": "ROBERTS, Malcolm Ieuan",
            "parliaments": [
              45,
              46,
              47,
              48
            ],
            "services": [
              {
                "service_id": "srv-266524-45-b8959913b3cc2069",
                "parliament_number": 45,
                "party": "Pauline Hanson's One Nation",
                "party_abbrev": "PHON",
                "chamber": "senate"
              },
              {
                "service_id": "srv-266524-46-fba178c610d29312",
                "parliament_number": 46,
                "party": "Pauline Hanson's One Nation",
                "party_abbrev": "PHON",
                "chamber": "senate"
              },
              {
                "service_id": "srv-266524-47-48c5db079874358a",
                "parliament_number": 47,
                "party": "Pauline Hanson's One Nation",
                "party_abbrev": "PHON",
                "chamber": "senate"
              },
              {
                "service_id": "srv-266524-48-fbcc6a0884fa7abf",
                "parliament_number": 48,
                "party": "Pauline Hanson's One Nation",
                "party_abbrev": "PHON",
                "chamber": "senate"
              }
            ]
          }
        ],
        "education_assertions": [
          {
            "education_id": "edu-266524-42c9a7c4f73ab386",
            "member_id": "aph-266524",
            "school_name_as_recorded": "Brisbane Grammar School",
            "source_url": "https://handbookapi.aph.gov.au/api/individuals?$filter=PHID eq '266524'",
            "retrieved_at": "2026-10-02T08:23:59.813516+10:00",
            "confidence": "verified",
            "attended_status": "attended_unspecified",
            "institution_resolution": "direct",
            "resolution_source_url": null
          }
        ],
        "parliaments": [
          45,
          46,
          47,
          48
        ],
        "finance_year": 2024,
        "finance_metric": "total_net_recurrent_income_per_student",
        "finance_value": 35874,
        "finance_status": "estimated_indexed",
        "finance_method": "acara_state_sector_geolocation_index",
        "finance_source": "ACARA National Report on Schooling",
        "temporal_warning": "School profile and finance values describe the institution in their reporting year, not the resources available when the parliamentarian attended. Reviewed successor mappings describe the successor institution."
      }
    },
    {
      "type": "Feature",
      "geometry": {
        "type": "Point",
        "coordinates": [
          153.019,
          -27.4794
        ]
      },
      "properties": {
        "institution_id": "acara-47408",
        "acara_id": "47408",
        "school_name": "Brisbane State High School",
        "school_sector": "Government",
        "government_non_government": "Government",
        "school_type": "Sec",
        "campus_type": "Sec",
        "year_range": "7-12",
        "state": "QLD",
        "suburb": "South Brisbane",
        "postcode": "4101",
        "remoteness_category": "Major Cities",
        "longitude": 153.019,
        "latitude": -27.4794,
        "profile_year": 2025,
        "total_enrolments": 3594,
        "girls_enrolments": 1735,
        "boys_enrolments": 1859,
        "fte_enrolments": 3585.2,
        "icsea": 1145,
        "icsea_percentile": 94,
        "sea_bottom_quarter_pct": 3.0,
        "sea_lower_middle_quarter_pct": 11.0,
        "sea_upper_middle_quarter_pct": 29.0,
        "sea_top_quarter_pct": 57.0,
        "indigenous_enrolments_pct": 1.0,
        "lbote_pct": 59.0,
        "member_count": 2,
        "members": [
          {
            "member_id": "aph-300121",
            "name": "CHANDLER-MATHER, Max",
            "parliaments": [
              47
            ],
            "services": [
              {
                "service_id": "srv-300121-47-213d70e335abe62c",
                "parliament_number": 47,
                "party": "Australian Greens",
                "party_abbrev": "GRN",
                "chamber": "representatives"
              }
            ]
          },
          {
            "member_id": "aph-245759",
            "name": "WATT, the Hon. Murray Patrick",
            "parliaments": [
              45,
              46,
              47,
              48
            ],
            "services": [
              {
                "service_id": "srv-245759-45-909e019e3675db65",
                "parliament_number": 45,
                "party": "Australian Labor Party",
                "party_abbrev": "ALP",
                "chamber": "senate"
              },
              {
                "service_id": "srv-245759-46-db4095f28678ea4d",
                "parliament_number": 46,
                "party": "Australian Labor Party",
                "party_abbrev": "ALP",
                "chamber": "senate"
              },
              {
                "service_id": "srv-245759-47-d715afb8c1eec80e",
                "parliament_number": 47,
                "party": "Australian Labor Party",
                "party_abbrev": "ALP",
                "chamber": "senate"
              },
              {
                "service_id": "srv-245759-48-8a6ec7858e63311d",
                "parliament_number": 48,
                "party": "Australian Labor Party",
                "party_abbrev": "ALP",
                "chamber": "senate"
              }
            ]
          }
        ],
        "education_assertions": [
          {
            "education_id": "edu-245759-65673379ec09138f",
            "member_id": "aph-245759",
            "school_name_as_recorded": "Brisbane State High School",
            "source_url": "https://handbookapi.aph.gov.au/api/individuals?$filter=PHID eq '245759'",
            "retrieved_at": "2026-10-02T08:23:59.813516+10:00",
            "confidence": "verified",
            "attended_status": "attended_unspecified",
            "institution_resolution": "direct",
            "resolution_source_url": null
          },
          {
            "education_id": "edu-300121-65673379ec09138f",
            "member_id": "aph-300121",
            "school_name_as_recorded": "Brisbane State High School",
            "source_url": "https://handbookapi.aph.gov.au/api/individuals?$filter=PHID eq '300121'",
            "retrieved_at": "2026-10-02T08:23:59.813516+10:00",
            "confidence": "verified",
            "attended_status": "attended_unspecified",
            "institution_resolution": "direct",
            "resolution_source_url": null
          }
        ],
        "parliaments": [
          45,
          46,
          47,
          48
        ],
        "finance_year": 2024,
        "finance_metric": "total_net_recurrent_income_per_student",
        "finance_value": 15093,
        "finance_status": "estimated_indexed",
        "finance_method": "acara_state_sector_geolocation_index",
        "finance_source": "ACARA National Report on Schooling",
        "temporal_warning": "School profile and finance values describe the institution in their reporting year, not the resources available when the parliamentarian attended. Reviewed successor mappings describe the successor institution."
      }
    },
    {
      "type": "Feature",
      "geometry": {
        "type": "Point",
        "coordinates": [
          115.639,
          -33.4055
        ]
      },
      "properties": {
        "institution_id": "acara-49034",
        "acara_id": "49034",
        "school_name": "Bunbury Cathedral Grammar School",
        "school_sector": "Independent",
        "government_non_government": "Non-government",
        "school_type": "Pri/Sec",
        "campus_type": "Pri/Sec",
        "year_range": "PP-12",
        "state": "WA",
        "suburb": "Gelorup",
        "postcode": "6230",
        "remoteness_category": "Inner Regional",
        "longitude": 115.639,
        "latitude": -33.4055,
        "profile_year": 2025,
        "total_enrolments": 663,
        "girls_enrolments": 328,
        "boys_enrolments": 335,
        "fte_enrolments": 663.0,
        "icsea": 1100,
        "icsea_percentile": 84,
        "sea_bottom_quarter_pct": 8.0,
        "sea_lower_middle_quarter_pct": 19.0,
        "sea_upper_middle_quarter_pct": 31.0,
        "sea_top_quarter_pct": 42.0,
        "indigenous_enrolments_pct": 4.0,
        "lbote_pct": 22.0,
        "member_count": 1,
        "members": [
          {
            "member_id": "aph-291406",
            "name": "SMALL, Benjamin (Ben) John",
            "parliaments": [
              48
            ],
            "services": [
              {
                "service_id": "srv-291406-48-c52a56abb2a95806",
                "parliament_number": 48,
                "party": "Liberal Party of Australia",
                "party_abbrev": "LP",
                "chamber": "representatives"
              }
            ]
          }
        ],
        "education_assertions": [
          {
            "education_id": "edu-291406-99f00189e499faba",
            "member_id": "aph-291406",
            "school_name_as_recorded": "Bunbury Cathedral Grammar School",
            "source_url": "https://handbookapi.aph.gov.au/api/individuals?$filter=PHID eq '291406'",
            "retrieved_at": "2026-10-02T08:23:59.813516+10:00",
            "confidence": "verified",
            "attended_status": "attended_unspecified",
            "institution_resolution": "direct",
            "resolution_source_url": null
          }
        ],
        "parliaments": [
          48
        ],
        "finance_year": 2024,
        "finance_metric": "total_net_recurrent_income_per_student",
        "finance_value": 30676,
        "finance_status": "benchmark_average",
        "finance_method": "peer_group_average_high_dispersion_fallback",
        "finance_source": "ACARA National Report on Schooling",
        "temporal_warning": "School profile and finance values describe the institution in their reporting year, not the resources available when the parliamentarian attended. Reviewed successor mappings describe the successor institution."
      }
    },
    {
      "type": "Feature",
      "geometry": {
        "type": "Point",
        "coordinates": [
          152.35,
          -24.877
        ]
      },
      "properties": {
        "institution_id": "acara-47409",
        "acara_id": "47409",
        "school_name": "Bundaberg State High School",
        "school_sector": "Government",
        "government_non_government": "Government",
        "school_type": "Sec",
        "campus_type": "Sec",
        "year_range": "7-12",
        "state": "QLD",
        "suburb": "Bundaberg South",
        "postcode": "4670",
        "remoteness_category": "Inner Regional",
        "longitude": 152.35,
        "latitude": -24.877,
        "profile_year": 2025,
        "total_enrolments": 1593,
        "girls_enrolments": 797,
        "boys_enrolments": 796,
        "fte_enrolments": 1593.0,
        "icsea": 944,
        "icsea_percentile": 23,
        "sea_bottom_quarter_pct": 51.0,
        "sea_lower_middle_quarter_pct": 31.0,
        "sea_upper_middle_quarter_pct": 13.0,
        "sea_top_quarter_pct": 5.0,
        "indigenous_enrolments_pct": 14.0,
        "lbote_pct": 8.0,
        "member_count": 1,
        "members": [
          {
            "member_id": "aph-315478",
            "name": "BATT, David",
            "parliaments": [
              48
            ],
            "services": [
              {
                "service_id": "srv-315478-48-b4e9627bb499ab76",
                "parliament_number": 48,
                "party": "The Nationals",
                "party_abbrev": "NP",
                "chamber": "representatives"
              }
            ]
          }
        ],
        "education_assertions": [
          {
            "education_id": "edu-315478-c320144f54d765ef",
            "member_id": "aph-315478",
            "school_name_as_recorded": "Bundaberg State High School",
            "source_url": "https://handbookapi.aph.gov.au/api/individuals?$filter=PHID eq '315478'",
            "retrieved_at": "2026-10-02T08:23:59.813516+10:00",
            "confidence": "verified",
            "attended_status": "attended_unspecified",
            "institution_resolution": "direct",
            "resolution_source_url": null
          }
        ],
        "parliaments": [
          48
        ],
        "finance_year": 2024,
        "finance_metric": "total_net_recurrent_income_per_student",
        "finance_value": 20983,
        "finance_status": "benchmark_average",
        "finance_method": "peer_group_average",
        "finance_source": "ACARA National Report on Schooling",
        "temporal_warning": "School profile and finance values describe the institution in their reporting year, not the resources available when the parliamentarian attended. Reviewed successor mappings describe the successor institution."
      }
    },
    {
      "type": "Feature",
      "geometry": {
        "type": "Point",
        "coordinates": [
          145.768,
          -16.9164
        ]
      },
      "properties": {
        "institution_id": "acara-47410",
        "acara_id": "47410",
        "school_name": "Cairns State High School",
        "school_sector": "Government",
        "government_non_government": "Government",
        "school_type": "Sec",
        "campus_type": "Sec",
        "year_range": "7-12",
        "state": "QLD",
        "suburb": "Cairns North",
        "postcode": "4870",
        "remoteness_category": "Outer Regional",
        "longitude": 145.768,
        "latitude": -16.9164,
        "profile_year": 2025,
        "total_enrolments": 1636,
        "girls_enrolments": 846,
        "boys_enrolments": 790,
        "fte_enrolments": 1632.3,
        "icsea": 1019,
        "icsea_percentile": 56,
        "sea_bottom_quarter_pct": 19.0,
        "sea_lower_middle_quarter_pct": 30.0,
        "sea_upper_middle_quarter_pct": 31.0,
        "sea_top_quarter_pct": 21.0,
        "indigenous_enrolments_pct": 14.0,
        "lbote_pct": 42.0,
        "member_count": 1,
        "members": [
          {
            "member_id": "aph-248006",
            "name": "BUTLER, Terri Megan",
            "parliaments": [
              45,
              46
            ],
            "services": [
              {
                "service_id": "srv-248006-45-cc69ad5b2b529c6d",
                "parliament_number": 45,
                "party": "Australian Labor Party",
                "party_abbrev": "ALP",
                "chamber": "representatives"
              },
              {
                "service_id": "srv-248006-46-c0951b65904b273e",
                "parliament_number": 46,
                "party": "Australian Labor Party",
                "party_abbrev": "ALP",
                "chamber": "representatives"
              }
            ]
          }
        ],
        "education_assertions": [
          {
            "education_id": "edu-248006-6cadbcce89e742ee",
            "member_id": "aph-248006",
            "school_name_as_recorded": "Cairns State High School",
            "source_url": "https://handbookapi.aph.gov.au/api/individuals?$filter=PHID eq '248006'",
            "retrieved_at": "2026-10-02T08:23:59.813516+10:00",
            "confidence": "verified",
            "attended_status": "attended_unspecified",
            "institution_resolution": "direct",
            "resolution_source_url": null
          }
        ],
        "parliaments": [
          45,
          46
        ],
        "finance_year": 2024,
        "finance_metric": "total_net_recurrent_income_per_student",
        "finance_value": 18990,
        "finance_status": "estimated_indexed",
        "finance_method": "acara_state_sector_geolocation_index",
        "finance_source": "ACARA National Report on Schooling",
        "temporal_warning": "School profile and finance values describe the institution in their reporting year, not the resources available when the parliamentarian attended. Reviewed successor mappings describe the successor institution."
      }
    },
    {
      "type": "Feature",
      "geometry": {
        "type": "Point",
        "coordinates": [
          149.147,
          -35.2781
        ]
      },
      "properties": {
        "institution_id": "acara-49912",
        "acara_id": "49912",
        "school_name": "Campbell High School",
        "school_sector": "Government",
        "government_non_government": "Government",
        "school_type": "Sec",
        "campus_type": "Sec",
        "year_range": "7-10",
        "state": "ACT",
        "suburb": "Campbell",
        "postcode": "2612",
        "remoteness_category": "Major Cities",
        "longitude": 149.147,
        "latitude": -35.2781,
        "profile_year": 2025,
        "total_enrolments": 420,
        "girls_enrolments": 186,
        "boys_enrolments": 234,
        "fte_enrolments": 419.6,
        "icsea": 1120,
        "icsea_percentile": 89,
        "sea_bottom_quarter_pct": 8.0,
        "sea_lower_middle_quarter_pct": 14.0,
        "sea_upper_middle_quarter_pct": 24.0,
        "sea_top_quarter_pct": 54.0,
        "indigenous_enrolments_pct": 5.0,
        "lbote_pct": 22.0,
        "member_count": 1,
        "members": [
          {
            "member_id": "aph-00amn",
            "name": "LEY, the Hon. Sussan Penelope",
            "parliaments": [
              42,
              43,
              44,
              45,
              46,
              47,
              48
            ],
            "services": [
              {
                "service_id": "srv-00amn-42-ec04627e997a1fac",
                "parliament_number": 42,
                "party": "Liberal Party of Australia",
                "party_abbrev": "LP",
                "chamber": "representatives"
              },
              {
                "service_id": "srv-00amn-43-6d832a2c850aac76",
                "parliament_number": 43,
                "party": "Liberal Party of Australia",
                "party_abbrev": "LP",
                "chamber": "representatives"
              },
              {
                "service_id": "srv-00amn-44-c6c61ab865b5b03d",
                "parliament_number": 44,
                "party": "Liberal Party of Australia",
                "party_abbrev": "LP",
                "chamber": "representatives"
              },
              {
                "service_id": "srv-00amn-45-7176f210a22de0d0",
                "parliament_number": 45,
                "party": "Liberal Party of Australia",
                "party_abbrev": "LP",
                "chamber": "representatives"
              },
              {
                "service_id": "srv-00amn-46-bd2ba891deeb96c7",
                "parliament_number": 46,
                "party": "Liberal Party of Australia",
                "party_abbrev": "LP",
                "chamber": "representatives"
              },
              {
                "service_id": "srv-00amn-47-903a89973b0b863a",
                "parliament_number": 47,
                "party": "Liberal Party of Australia",
                "party_abbrev": "LP",
                "chamber": "representatives"
              },
              {
                "service_id": "srv-00amn-48-e8e9342b07c8cdec",
                "parliament_number": 48,
                "party": "Liberal Party of Australia",
                "party_abbrev": "LP",
                "chamber": "representatives"
              }
            ]
          }
        ],
        "education_assertions": [
          {
            "education_id": "edu-00amn-dc4ee49f4bb9b81f",
            "member_id": "aph-00amn",
            "school_name_as_recorded": "Campbell High School",
            "source_url": "https://handbookapi.aph.gov.au/api/individuals?$filter=PHID eq '00AMN'",
            "retrieved_at": "2026-10-02T08:23:59.813516+10:00",
            "confidence": "verified",
            "attended_status": "attended_unspecified",
            "institution_resolution": "direct",
            "resolution_source_url": null
          }
        ],
        "parliaments": [
          42,
          43,
          44,
          45,
          46,
          47,
          48
        ],
        "finance_year": 2024,
        "finance_metric": "total_net_recurrent_income_per_student",
        "finance_value": 20335,
        "finance_status": "benchmark_average",
        "finance_method": "peer_group_average",
        "finance_source": "ACARA National Report on Schooling",
        "temporal_warning": "School profile and finance values describe the institution in their reporting year, not the resources available when the parliamentarian attended. Reviewed successor mappings describe the successor institution."
      }
    },
    {
      "type": "Feature",
      "geometry": {
        "type": "Point",
        "coordinates": [
          149.128,
          -35.3298
        ]
      },
      "properties": {
        "institution_id": "acara-49990",
        "acara_id": "49990",
        "school_name": "Canberra Grammar School",
        "school_sector": "Independent",
        "government_non_government": "Non-government",
        "school_type": "Sec",
        "campus_type": "Sec",
        "year_range": "K-12",
        "state": "ACT",
        "suburb": "Red Hill",
        "postcode": "2603",
        "remoteness_category": "Major Cities",
        "longitude": 149.128,
        "latitude": -35.3298,
        "profile_year": 2025,
        "total_enrolments": 2116,
        "girls_enrolments": 904,
        "boys_enrolments": 1212,
        "fte_enrolments": 2116.0,
        "icsea": 1187,
        "icsea_percentile": 99,
        "sea_bottom_quarter_pct": 1.0,
        "sea_lower_middle_quarter_pct": 5.0,
        "sea_upper_middle_quarter_pct": 18.0,
        "sea_top_quarter_pct": 77.0,
        "indigenous_enrolments_pct": 1.0,
        "lbote_pct": 19.0,
        "member_count": 1,
        "members": [
          {
            "member_id": "aph-300120",
            "name": "PIKE, Henry Jon",
            "parliaments": [
              47,
              48
            ],
            "services": [
              {
                "service_id": "srv-300120-47-e564e703f83b89bf",
                "parliament_number": 47,
                "party": "Liberal Party of Australia",
                "party_abbrev": "LP",
                "chamber": "representatives"
              },
              {
                "service_id": "srv-300120-48-b4f43f9ac5518d22",
                "parliament_number": 48,
                "party": "Liberal Party of Australia",
                "party_abbrev": "LP",
                "chamber": "representatives"
              }
            ]
          }
        ],
        "education_assertions": [
          {
            "education_id": "edu-300120-fa40096ce38e96a6",
            "member_id": "aph-300120",
            "school_name_as_recorded": "Canberra Grammar School",
            "source_url": "https://handbookapi.aph.gov.au/api/individuals?$filter=PHID eq '300120'",
            "retrieved_at": "2026-10-02T08:23:59.813516+10:00",
            "confidence": "verified",
            "attended_status": "attended_unspecified",
            "institution_resolution": "direct",
            "resolution_source_url": null
          }
        ],
        "parliaments": [
          47,
          48
        ],
        "finance_year": 2024,
        "finance_metric": "total_net_recurrent_income_per_student",
        "finance_value": 25176,
        "finance_status": "estimated_indexed",
        "finance_method": "acara_state_sector_geolocation_index",
        "finance_source": "ACARA National Report on Schooling",
        "temporal_warning": "School profile and finance values describe the institution in their reporting year, not the resources available when the parliamentarian attended. Reviewed successor mappings describe the successor institution."
      }
    },
    {
      "type": "Feature",
      "geometry": {
        "type": "Point",
        "coordinates": [
          150.952,
          -33.8846
        ]
      },
      "properties": {
        "institution_id": "acara-41583",
        "acara_id": "41583",
        "school_name": "Canley Vale High School",
        "school_sector": "Government",
        "government_non_government": "Government",
        "school_type": "Sec",
        "campus_type": "Sec",
        "year_range": "7-12",
        "state": "NSW",
        "suburb": "Canley Vale",
        "postcode": "2166",
        "remoteness_category": "Major Cities",
        "longitude": 150.952,
        "latitude": -33.8846,
        "profile_year": 2025,
        "total_enrolments": 1651,
        "girls_enrolments": 815,
        "boys_enrolments": 836,
        "fte_enrolments": 1651.0,
        "icsea": 954,
        "icsea_percentile": 26,
        "sea_bottom_quarter_pct": 55.0,
        "sea_lower_middle_quarter_pct": 27.0,
        "sea_upper_middle_quarter_pct": 14.0,
        "sea_top_quarter_pct": 5.0,
        "indigenous_enrolments_pct": 0.0,
        "lbote_pct": 96.0,
        "member_count": 1,
        "members": [
          {
            "member_id": "aph-hwl",
            "name": "CLARE, the Hon. Jason Dean",
            "parliaments": [
              42,
              43,
              44,
              45,
              46,
              47,
              48
            ],
            "services": [
              {
                "service_id": "srv-hwl-42-eba5ab5d73a791f7",
                "parliament_number": 42,
                "party": "Australian Labor Party",
                "party_abbrev": "ALP",
                "chamber": "representatives"
              },
              {
                "service_id": "srv-hwl-43-509f546d72a9bd7b",
                "parliament_number": 43,
                "party": "Australian Labor Party",
                "party_abbrev": "ALP",
                "chamber": "representatives"
              },
              {
                "service_id": "srv-hwl-44-c55692f5441fd560",
                "parliament_number": 44,
                "party": "Australian Labor Party",
                "party_abbrev": "ALP",
                "chamber": "representatives"
              },
              {
                "service_id": "srv-hwl-45-24e903b20ddafd91",
                "parliament_number": 45,
                "party": "Australian Labor Party",
                "party_abbrev": "ALP",
                "chamber": "representatives"
              },
              {
                "service_id": "srv-hwl-46-d2b6448f6dd3e5de",
                "parliament_number": 46,
                "party": "Australian Labor Party",
                "party_abbrev": "ALP",
                "chamber": "representatives"
              },
              {
                "service_id": "srv-hwl-47-8d46e1f437505aa3",
                "parliament_number": 47,
                "party": "Australian Labor Party",
                "party_abbrev": "ALP",
                "chamber": "representatives"
              },
              {
                "service_id": "srv-hwl-48-93b668709afc5e55",
                "parliament_number": 48,
                "party": "Australian Labor Party",
                "party_abbrev": "ALP",
                "chamber": "representatives"
              }
            ]
          }
        ],
        "education_assertions": [
          {
            "education_id": "edu-hwl-8b19468f659dd4e4",
            "member_id": "aph-hwl",
            "school_name_as_recorded": "Canley Vale High School",
            "source_url": "https://handbookapi.aph.gov.au/api/individuals?$filter=PHID eq 'HWL'",
            "retrieved_at": "2026-10-02T08:23:59.813516+10:00",
            "confidence": "verified",
            "attended_status": "attended_unspecified",
            "institution_resolution": "direct",
            "resolution_source_url": null
          }
        ],
        "parliaments": [
          42,
          43,
          44,
          45,
          46,
          47,
          48
        ],
        "finance_year": 2024,
        "finance_metric": "total_net_recurrent_income_per_student",
        "finance_value": 17674,
        "finance_status": "estimated_indexed",
        "finance_method": "acara_state_sector_geolocation_index",
        "finance_source": "ACARA National Report on Schooling",
        "temporal_warning": "School profile and finance values describe the institution in their reporting year, not the resources available when the parliamentarian attended. Reviewed successor mappings describe the successor institution."
      }
    },
    {
      "type": "Feature",
      "geometry": {
        "type": "Point",
        "coordinates": [
          153.086,
          -27.4609
        ]
      },
      "properties": {
        "institution_id": "acara-48089",
        "acara_id": "48089",
        "school_name": "Cannon Hill Anglican College",
        "school_sector": "Independent",
        "government_non_government": "Non-government",
        "school_type": "Pri/Sec",
        "campus_type": "Pri/Sec",
        "year_range": "Prep-12",
        "state": "QLD",
        "suburb": "Cannon Hill",
        "postcode": "4170",
        "remoteness_category": "Major Cities",
        "longitude": 153.086,
        "latitude": -27.4609,
        "profile_year": 2025,
        "total_enrolments": 1355,
        "girls_enrolments": 674,
        "boys_enrolments": 681,
        "fte_enrolments": 1355.0,
        "icsea": 1174,
        "icsea_percentile": 98,
        "sea_bottom_quarter_pct": 1.0,
        "sea_lower_middle_quarter_pct": 6.0,
        "sea_upper_middle_quarter_pct": 24.0,
        "sea_top_quarter_pct": 69.0,
        "indigenous_enrolments_pct": 0.0,
        "lbote_pct": 19.0,
        "member_count": 1,
        "members": [
          {
            "member_id": "aph-312323",
            "name": "COFFEY, Renee",
            "parliaments": [
              48
            ],
            "services": [
              {
                "service_id": "srv-312323-48-f54eab20e36411e7",
                "parliament_number": 48,
                "party": "Australian Labor Party",
                "party_abbrev": "ALP",
                "chamber": "representatives"
              }
            ]
          }
        ],
        "education_assertions": [
          {
            "education_id": "edu-312323-d8d320fc9a28abb1",
            "member_id": "aph-312323",
            "school_name_as_recorded": "Cannon Hill Anglican College",
            "source_url": "https://handbookapi.aph.gov.au/api/individuals?$filter=PHID eq '312323'",
            "retrieved_at": "2026-10-02T08:23:59.813516+10:00",
            "confidence": "verified",
            "attended_status": "attended_unspecified",
            "institution_resolution": "direct",
            "resolution_source_url": null
          }
        ],
        "parliaments": [
          48
        ],
        "finance_year": 2024,
        "finance_metric": "total_net_recurrent_income_per_student",
        "finance_value": 27771,
        "finance_status": "benchmark_average",
        "finance_method": "peer_group_average",
        "finance_source": "ACARA National Report on Schooling",
        "temporal_warning": "School profile and finance values describe the institution in their reporting year, not the resources available when the parliamentarian attended. Reviewed successor mappings describe the successor institution."
      }
    },
    {
      "type": "Feature",
      "geometry": {
        "type": "Point",
        "coordinates": [
          138.498,
          -35.1455
        ]
      },
      "properties": {
        "institution_id": "acara-49688",
        "acara_id": "49688",
        "school_name": "Cardijn College - Marian Campus",
        "school_sector": "Catholic",
        "government_non_government": "Non-government",
        "school_type": "Sec",
        "campus_type": "Sec",
        "year_range": "R-12",
        "state": "SA",
        "suburb": "Noarlunga Downs",
        "postcode": "5168",
        "remoteness_category": "Major Cities",
        "longitude": 138.498,
        "latitude": -35.1455,
        "profile_year": 2025,
        "total_enrolments": 2247,
        "girls_enrolments": 1042,
        "boys_enrolments": 1205,
        "fte_enrolments": 2246.4,
        "icsea": 1019,
        "icsea_percentile": 55,
        "sea_bottom_quarter_pct": 25.0,
        "sea_lower_middle_quarter_pct": 38.0,
        "sea_upper_middle_quarter_pct": 27.0,
        "sea_top_quarter_pct": 10.0,
        "indigenous_enrolments_pct": 2.0,
        "lbote_pct": 3.0,
        "member_count": 1,
        "members": [
          {
            "member_id": "aph-265980",
            "name": "SHARKIE, Rebekha Carina Che",
            "parliaments": [
              45,
              46,
              47,
              48
            ],
            "services": [
              {
                "service_id": "srv-265980-45-ed7c396fe01f3685",
                "parliament_number": 45,
                "party": "Nick Xenophon Team",
                "party_abbrev": "Nick Xenophon Team",
                "chamber": "representatives"
              },
              {
                "service_id": "srv-265980-46-b961e05005ae5d22",
                "parliament_number": 46,
                "party": "Centre Alliance",
                "party_abbrev": "CA",
                "chamber": "representatives"
              },
              {
                "service_id": "srv-265980-47-fc7aabd97d01d0b5",
                "parliament_number": 47,
                "party": "Centre Alliance",
                "party_abbrev": "CA",
                "chamber": "representatives"
              },
              {
                "service_id": "srv-265980-48-08dd29d42185f2a4",
                "parliament_number": 48,
                "party": "Centre Alliance",
                "party_abbrev": "CA",
                "chamber": "representatives"
              }
            ]
          }
        ],
        "education_assertions": [
          {
            "education_id": "edu-265980-f2e0739b466ed091",
            "member_id": "aph-265980",
            "school_name_as_recorded": "Cardijn College",
            "source_url": "https://handbookapi.aph.gov.au/api/individuals?$filter=PHID eq '265980'",
            "retrieved_at": "2026-10-02T08:23:59.813516+10:00",
            "confidence": "verified",
            "attended_status": "attended_unspecified",
            "institution_resolution": "direct",
            "resolution_source_url": null
          }
        ],
        "parliaments": [
          45,
          46,
          47,
          48
        ],
        "finance_year": 2024,
        "finance_metric": "total_net_recurrent_income_per_student",
        "finance_value": 21608,
        "finance_status": "benchmark_average",
        "finance_method": "peer_group_average_high_dispersion_fallback",
        "finance_source": "ACARA National Report on Schooling",
        "temporal_warning": "School profile and finance values describe the institution in their reporting year, not the resources available when the parliamentarian attended. Reviewed successor mappings describe the successor institution."
      }
    },
    {
      "type": "Feature",
      "geometry": {
        "type": "Point",
        "coordinates": [
          137.749,
          -32.4843
        ]
      },
      "properties": {
        "institution_id": "acara-49780",
        "acara_id": "49780",
        "school_name": "Caritas College",
        "school_sector": "Catholic",
        "government_non_government": "Non-government",
        "school_type": "Pri/Sec",
        "campus_type": "Pri/Sec",
        "year_range": "R-12",
        "state": "SA",
        "suburb": "Port Augusta West",
        "postcode": "5700",
        "remoteness_category": "Outer Regional",
        "longitude": 137.749,
        "latitude": -32.4843,
        "profile_year": 2025,
        "total_enrolments": 541,
        "girls_enrolments": 291,
        "boys_enrolments": 250,
        "fte_enrolments": 540.1,
        "icsea": 995,
        "icsea_percentile": 45,
        "sea_bottom_quarter_pct": 26.0,
        "sea_lower_middle_quarter_pct": 35.0,
        "sea_upper_middle_quarter_pct": 25.0,
        "sea_top_quarter_pct": 14.0,
        "indigenous_enrolments_pct": 16.0,
        "lbote_pct": 11.0,
        "member_count": 1,
        "members": [
          {
            "member_id": "aph-218019",
            "name": "HOGAN, the Hon. Kevin John",
            "parliaments": [
              44,
              45,
              46,
              47,
              48
            ],
            "services": [
              {
                "service_id": "srv-218019-44-68260c222dcb4d77",
                "parliament_number": 44,
                "party": "The Nationals",
                "party_abbrev": "NP",
                "chamber": "representatives"
              },
              {
                "service_id": "srv-218019-45-b5229b0eb25888c1",
                "parliament_number": 45,
                "party": "The Nationals",
                "party_abbrev": "NP",
                "chamber": "representatives"
              },
              {
                "service_id": "srv-218019-46-b66f5e42ba51ed63",
                "parliament_number": 46,
                "party": "The Nationals",
                "party_abbrev": "NP",
                "chamber": "representatives"
              },
              {
                "service_id": "srv-218019-47-ef1d503d6a2a27c8",
                "parliament_number": 47,
                "party": "The Nationals",
                "party_abbrev": "NP",
                "chamber": "representatives"
              },
              {
                "service_id": "srv-218019-48-49770e8b58bd1ed6",
                "parliament_number": 48,
                "party": "The Nationals",
                "party_abbrev": "NP",
                "chamber": "representatives"
              }
            ]
          }
        ],
        "education_assertions": [
          {
            "education_id": "edu-218019-e89f60bfeb4d4fa3",
            "member_id": "aph-218019",
            "school_name_as_recorded": "Caritas College",
            "source_url": "https://handbookapi.aph.gov.au/api/individuals?$filter=PHID eq '218019'",
            "retrieved_at": "2026-10-02T08:23:59.813516+10:00",
            "confidence": "verified",
            "attended_status": "attended_unspecified",
            "institution_resolution": "direct",
            "resolution_source_url": null
          }
        ],
        "parliaments": [
          44,
          45,
          46,
          47,
          48
        ],
        "finance_year": 2024,
        "finance_metric": "total_net_recurrent_income_per_student",
        "finance_value": 24759,
        "finance_status": "benchmark_average",
        "finance_method": "peer_group_average_high_dispersion_fallback",
        "finance_source": "ACARA National Report on Schooling",
        "temporal_warning": "School profile and finance values describe the institution in their reporting year, not the resources available when the parliamentarian attended. Reviewed successor mappings describe the successor institution."
      }
    },
    {
      "type": "Feature",
      "geometry": {
        "type": "Point",
        "coordinates": [
          152.94,
          -27.5385
        ]
      },
      "properties": {
        "institution_id": "acara-47217",
        "acara_id": "47217",
        "school_name": "Centenary State High School",
        "school_sector": "Government",
        "government_non_government": "Government",
        "school_type": "Sec",
        "campus_type": "Sec",
        "year_range": "7-12",
        "state": "QLD",
        "suburb": "Jindalee",
        "postcode": "4074",
        "remoteness_category": "Major Cities",
        "longitude": 152.94,
        "latitude": -27.5385,
        "profile_year": 2025,
        "total_enrolments": 1719,
        "girls_enrolments": 829,
        "boys_enrolments": 890,
        "fte_enrolments": 1719.0,
        "icsea": 1049,
        "icsea_percentile": 68,
        "sea_bottom_quarter_pct": 18.0,
        "sea_lower_middle_quarter_pct": 29.0,
        "sea_upper_middle_quarter_pct": 31.0,
        "sea_top_quarter_pct": 22.0,
        "indigenous_enrolments_pct": 3.0,
        "lbote_pct": 38.0,
        "member_count": 1,
        "members": [
          {
            "member_id": "aph-277110",
            "name": "MULHOLLAND, Corinne",
            "parliaments": [
              48
            ],
            "services": [
              {
                "service_id": "srv-277110-48-8a6ec7858e63311d",
                "parliament_number": 48,
                "party": "Australian Labor Party",
                "party_abbrev": "ALP",
                "chamber": "senate"
              }
            ]
          }
        ],
        "education_assertions": [
          {
            "education_id": "edu-277110-ad75bd51cc808995",
            "member_id": "aph-277110",
            "school_name_as_recorded": "Centenary State High School",
            "source_url": "https://handbookapi.aph.gov.au/api/individuals?$filter=PHID eq '277110'",
            "retrieved_at": "2026-10-02T08:23:59.813516+10:00",
            "confidence": "verified",
            "attended_status": "attended_unspecified",
            "institution_resolution": "direct",
            "resolution_source_url": null
          }
        ],
        "parliaments": [
          48
        ],
        "finance_year": 2024,
        "finance_metric": "total_net_recurrent_income_per_student",
        "finance_value": 19749,
        "finance_status": "benchmark_average",
        "finance_method": "peer_group_average",
        "finance_source": "ACARA National Report on Schooling",
        "temporal_warning": "School profile and finance values describe the institution in their reporting year, not the resources available when the parliamentarian attended. Reviewed successor mappings describe the successor institution."
      }
    },
    {
      "type": "Feature",
      "geometry": {
        "type": "Point",
        "coordinates": [
          151.399,
          -33.4257
        ]
      },
      "properties": {
        "institution_id": "acara-43945",
        "acara_id": "43945",
        "school_name": "Central Coast Grammar School",
        "school_sector": "Independent",
        "government_non_government": "Non-government",
        "school_type": "Pri/Sec",
        "campus_type": "Pri/Sec",
        "year_range": "K-12",
        "state": "NSW",
        "suburb": "Erina Heights",
        "postcode": "2260",
        "remoteness_category": "Major Cities",
        "longitude": 151.399,
        "latitude": -33.4257,
        "profile_year": 2025,
        "total_enrolments": 1561,
        "girls_enrolments": 759,
        "boys_enrolments": 802,
        "fte_enrolments": 1561.0,
        "icsea": 1155,
        "icsea_percentile": 96,
        "sea_bottom_quarter_pct": 2.0,
        "sea_lower_middle_quarter_pct": 10.0,
        "sea_upper_middle_quarter_pct": 26.0,
        "sea_top_quarter_pct": 62.0,
        "indigenous_enrolments_pct": 2.0,
        "lbote_pct": 16.0,
        "member_count": 1,
        "members": [
          {
            "member_id": "aph-300126",
            "name": "REID, Gordon James",
            "parliaments": [
              47,
              48
            ],
            "services": [
              {
                "service_id": "srv-300126-47-afcd1da91996cf06",
                "parliament_number": 47,
                "party": "Australian Labor Party",
                "party_abbrev": "ALP",
                "chamber": "representatives"
              },
              {
                "service_id": "srv-300126-48-b753d34bd472e4fe",
                "parliament_number": 48,
                "party": "Australian Labor Party",
                "party_abbrev": "ALP",
                "chamber": "representatives"
              }
            ]
          }
        ],
        "education_assertions": [
          {
            "education_id": "edu-300126-08cced3feb909903",
            "member_id": "aph-300126",
            "school_name_as_recorded": "Central Coast Grammar School",
            "source_url": "https://handbookapi.aph.gov.au/api/individuals?$filter=PHID eq '300126'",
            "retrieved_at": "2026-10-02T08:23:59.813516+10:00",
            "confidence": "verified",
            "attended_status": "attended_unspecified",
            "institution_resolution": "direct",
            "resolution_source_url": null
          }
        ],
        "parliaments": [
          47,
          48
        ],
        "finance_year": 2024,
        "finance_metric": "total_net_recurrent_income_per_student",
        "finance_value": 22629,
        "finance_status": "estimated_indexed",
        "finance_method": "acara_state_sector_geolocation_index",
        "finance_source": "ACARA National Report on Schooling",
        "temporal_warning": "School profile and finance values describe the institution in their reporting year, not the resources available when the parliamentarian attended. Reviewed successor mappings describe the successor institution."
      }
    },
    {
      "type": "Feature",
      "geometry": {
        "type": "Point",
        "coordinates": [
          151.073,
          -33.7565
        ]
      },
      "properties": {
        "institution_id": "acara-41324",
        "acara_id": "41324",
        "school_name": "Cheltenham Girls High School",
        "school_sector": "Government",
        "government_non_government": "Government",
        "school_type": "Sec",
        "campus_type": "Sec",
        "year_range": "7-12",
        "state": "NSW",
        "suburb": "Beecroft",
        "postcode": "2119",
        "remoteness_category": "Major Cities",
        "longitude": 151.073,
        "latitude": -33.7565,
        "profile_year": 2025,
        "total_enrolments": 1436,
        "girls_enrolments": 1436,
        "boys_enrolments": 0,
        "fte_enrolments": 1432.4,
        "icsea": 1142,
        "icsea_percentile": 94,
        "sea_bottom_quarter_pct": 2.0,
        "sea_lower_middle_quarter_pct": 10.0,
        "sea_upper_middle_quarter_pct": 31.0,
        "sea_top_quarter_pct": 57.0,
        "indigenous_enrolments_pct": 0.0,
        "lbote_pct": 79.0,
        "member_count": 1,
        "members": [
          {
            "member_id": "aph-iwk",
            "name": "WHITE, Linda",
            "parliaments": [
              47
            ],
            "services": [
              {
                "service_id": "srv-iwk-47-ae8df88b5fd9f84e",
                "parliament_number": 47,
                "party": "Australian Labor Party",
                "party_abbrev": "ALP",
                "chamber": "senate"
              }
            ]
          }
        ],
        "education_assertions": [
          {
            "education_id": "edu-iwk-916465508ecf6d54",
            "member_id": "aph-iwk",
            "school_name_as_recorded": "Cheltenham Girls High School",
            "source_url": "https://handbookapi.aph.gov.au/api/individuals?$filter=PHID eq 'IWK'",
            "retrieved_at": "2026-10-02T08:23:59.813516+10:00",
            "confidence": "verified",
            "attended_status": "attended_unspecified",
            "institution_resolution": "direct",
            "resolution_source_url": null
          }
        ],
        "parliaments": [
          47
        ],
        "finance_year": 2024,
        "finance_metric": "total_net_recurrent_income_per_student",
        "finance_value": 16656,
        "finance_status": "estimated_indexed",
        "finance_method": "acara_state_sector_geolocation_index",
        "finance_source": "ACARA National Report on Schooling",
        "temporal_warning": "School profile and finance values describe the institution in their reporting year, not the resources available when the parliamentarian attended. Reviewed successor mappings describe the successor institution."
      }
    },
    {
      "type": "Feature",
      "geometry": {
        "type": "Point",
        "coordinates": [
          150.62,
          -26.7489
        ]
      },
      "properties": {
        "institution_id": "acara-47472",
        "acara_id": "47472",
        "school_name": "Chinchilla State High School",
        "school_sector": "Government",
        "government_non_government": "Government",
        "school_type": "Sec",
        "campus_type": "Sec",
        "year_range": "7-12",
        "state": "QLD",
        "suburb": "Chinchilla",
        "postcode": "4413",
        "remoteness_category": "Outer Regional",
        "longitude": 150.62,
        "latitude": -26.7489,
        "profile_year": 2025,
        "total_enrolments": 572,
        "girls_enrolments": 264,
        "boys_enrolments": 308,
        "fte_enrolments": 572.0,
        "icsea": 941,
        "icsea_percentile": 22,
        "sea_bottom_quarter_pct": 48.0,
        "sea_lower_middle_quarter_pct": 31.0,
        "sea_upper_middle_quarter_pct": 16.0,
        "sea_top_quarter_pct": 4.0,
        "indigenous_enrolments_pct": 16.0,
        "lbote_pct": 3.0,
        "member_count": 1,
        "members": [
          {
            "member_id": "aph-265585",
            "name": "LITTLEPROUD, the Hon. David Kelly",
            "parliaments": [
              45,
              46,
              47,
              48
            ],
            "services": [
              {
                "service_id": "srv-265585-45-ab3cd88a80692b75",
                "parliament_number": 45,
                "party": "The Nationals",
                "party_abbrev": "NP",
                "chamber": "representatives"
              },
              {
                "service_id": "srv-265585-46-6d520fae816943b1",
                "parliament_number": 46,
                "party": "The Nationals",
                "party_abbrev": "NP",
                "chamber": "representatives"
              },
              {
                "service_id": "srv-265585-47-f930f73a0154d911",
                "parliament_number": 47,
                "party": "The Nationals",
                "party_abbrev": "NP",
                "chamber": "representatives"
              },
              {
                "service_id": "srv-265585-48-e39e276e3cc1c921",
                "parliament_number": 48,
                "party": "The Nationals",
                "party_abbrev": "NP",
                "chamber": "representatives"
              }
            ]
          }
        ],
        "education_assertions": [
          {
            "education_id": "edu-265585-1811b417a3ef059a",
            "member_id": "aph-265585",
            "school_name_as_recorded": "Chinchilla State High School",
            "source_url": "https://handbookapi.aph.gov.au/api/individuals?$filter=PHID eq '265585'",
            "retrieved_at": "2026-10-02T08:23:59.813516+10:00",
            "confidence": "verified",
            "attended_status": "attended_unspecified",
            "institution_resolution": "direct",
            "resolution_source_url": null
          }
        ],
        "parliaments": [
          45,
          46,
          47,
          48
        ],
        "finance_year": 2024,
        "finance_metric": "total_net_recurrent_income_per_student",
        "finance_value": 22859,
        "finance_status": "estimated_indexed",
        "finance_method": "acara_state_sector_geolocation_index",
        "finance_source": "ACARA National Report on Schooling",
        "temporal_warning": "School profile and finance values describe the institution in their reporting year, not the resources available when the parliamentarian attended. Reviewed successor mappings describe the successor institution."
      }
    },
    {
      "type": "Feature",
      "geometry": {
        "type": "Point",
        "coordinates": [
          147.389,
          -42.8779
        ]
      },
      "properties": {
        "institution_id": "acara-40129",
        "acara_id": "40129",
        "school_name": "Clarence High School",
        "school_sector": "Government",
        "government_non_government": "Government",
        "school_type": "Sec",
        "campus_type": "Sec",
        "year_range": "7-12",
        "state": "TAS",
        "suburb": "Bellerive",
        "postcode": "7018",
        "remoteness_category": "Inner Regional",
        "longitude": 147.389,
        "latitude": -42.8779,
        "profile_year": 2025,
        "total_enrolments": 626,
        "girls_enrolments": 316,
        "boys_enrolments": 310,
        "fte_enrolments": 623.2,
        "icsea": 1021,
        "icsea_percentile": 56,
        "sea_bottom_quarter_pct": 25.0,
        "sea_lower_middle_quarter_pct": 30.0,
        "sea_upper_middle_quarter_pct": 26.0,
        "sea_top_quarter_pct": 19.0,
        "indigenous_enrolments_pct": 7.0,
        "lbote_pct": 7.0,
        "member_count": 1,
        "members": [
          {
            "member_id": "aph-00aol",
            "name": "COLBECK, the Hon. Richard Mansell",
            "parliaments": [
              42,
              43,
              44,
              46,
              47,
              48
            ],
            "services": [
              {
                "service_id": "srv-00aol-42-e6ae0c1f476ad59d",
                "parliament_number": 42,
                "party": "Liberal Party of Australia",
                "party_abbrev": "LP",
                "chamber": "senate"
              },
              {
                "service_id": "srv-00aol-43-d305a102fc63470f",
                "parliament_number": 43,
                "party": "Liberal Party of Australia",
                "party_abbrev": "LP",
                "chamber": "senate"
              },
              {
                "service_id": "srv-00aol-44-0e5fa684227e621e",
                "parliament_number": 44,
                "party": "Liberal Party of Australia",
                "party_abbrev": "LP",
                "chamber": "senate"
              },
              {
                "service_id": "srv-00aol-46-056e1e5f8bfd74c2",
                "parliament_number": 46,
                "party": "Liberal Party of Australia",
                "party_abbrev": "LP",
                "chamber": "senate"
              },
              {
                "service_id": "srv-00aol-47-3769ea16ddf2406b",
                "parliament_number": 47,
                "party": "Liberal Party of Australia",
                "party_abbrev": "LP",
                "chamber": "senate"
              },
              {
                "service_id": "srv-00aol-48-2bf21d49824a86c4",
                "parliament_number": 48,
                "party": "Liberal Party of Australia",
                "party_abbrev": "LP",
                "chamber": "senate"
              }
            ]
          }
        ],
        "education_assertions": [
          {
            "education_id": "edu-00aol-60c07285c22a4193",
            "member_id": "aph-00aol",
            "school_name_as_recorded": "Clarence High School",
            "source_url": "https://handbookapi.aph.gov.au/api/individuals?$filter=PHID eq '00AOL'",
            "retrieved_at": "2026-10-02T08:23:59.813516+10:00",
            "confidence": "verified",
            "attended_status": "attended_unspecified",
            "institution_resolution": "direct",
            "resolution_source_url": null
          }
        ],
        "parliaments": [
          42,
          43,
          44,
          46,
          47,
          48
        ],
        "finance_year": 2024,
        "finance_metric": "total_net_recurrent_income_per_student",
        "finance_value": 22022,
        "finance_status": "benchmark_average",
        "finance_method": "peer_group_average",
        "finance_source": "ACARA National Report on Schooling",
        "temporal_warning": "School profile and finance values describe the institution in their reporting year, not the resources available when the parliamentarian attended. Reviewed successor mappings describe the successor institution."
      }
    },
    {
      "type": "Feature",
      "geometry": {
        "type": "Point",
        "coordinates": [
          153.052,
          -27.42
        ]
      },
      "properties": {
        "institution_id": "acara-48012",
        "acara_id": "48012",
        "school_name": "Clayfield College",
        "school_sector": "Independent",
        "government_non_government": "Non-government",
        "school_type": "Pri/Sec",
        "campus_type": "Pri/Sec",
        "year_range": "Prep-12",
        "state": "QLD",
        "suburb": "Clayfield",
        "postcode": "4011",
        "remoteness_category": "Major Cities",
        "longitude": 153.052,
        "latitude": -27.42,
        "profile_year": 2025,
        "total_enrolments": 604,
        "girls_enrolments": 411,
        "boys_enrolments": 193,
        "fte_enrolments": 604.0,
        "icsea": 1135,
        "icsea_percentile": 92,
        "sea_bottom_quarter_pct": 4.0,
        "sea_lower_middle_quarter_pct": 10.0,
        "sea_upper_middle_quarter_pct": 25.0,
        "sea_top_quarter_pct": 61.0,
        "indigenous_enrolments_pct": 6.0,
        "lbote_pct": 34.0,
        "member_count": 1,
        "members": [
          {
            "member_id": "aph-300127",
            "name": "WATSON-BROWN, Elizabeth",
            "parliaments": [
              47,
              48
            ],
            "services": [
              {
                "service_id": "srv-300127-47-f45848f72ee0796d",
                "parliament_number": 47,
                "party": "Australian Greens",
                "party_abbrev": "GRN",
                "chamber": "representatives"
              },
              {
                "service_id": "srv-300127-48-dfbc433c4cdfc1dc",
                "parliament_number": 48,
                "party": "Australian Greens",
                "party_abbrev": "GRN",
                "chamber": "representatives"
              }
            ]
          }
        ],
        "education_assertions": [
          {
            "education_id": "edu-300127-aa7444ab14218932",
            "member_id": "aph-300127",
            "school_name_as_recorded": "Clayfield College",
            "source_url": "https://handbookapi.aph.gov.au/api/individuals?$filter=PHID eq '300127'",
            "retrieved_at": "2026-10-02T08:23:59.813516+10:00",
            "confidence": "verified",
            "attended_status": "attended_unspecified",
            "institution_resolution": "direct",
            "resolution_source_url": null
          }
        ],
        "parliaments": [
          47,
          48
        ],
        "finance_year": 2024,
        "finance_metric": "total_net_recurrent_income_per_student",
        "finance_value": 27926,
        "finance_status": "estimated_indexed",
        "finance_method": "acara_state_sector_geolocation_index",
        "finance_source": "ACARA National Report on Schooling",
        "temporal_warning": "School profile and finance values describe the institution in their reporting year, not the resources available when the parliamentarian attended. Reviewed successor mappings describe the successor institution."
      }
    },
    {
      "type": "Feature",
      "geometry": {
        "type": "Point",
        "coordinates": [
          115.765,
          -32.4157
        ]
      },
      "properties": {
        "institution_id": "acara-48255",
        "acara_id": "48255",
        "school_name": "Comet Bay College",
        "school_sector": "Government",
        "government_non_government": "Government",
        "school_type": "Sec",
        "campus_type": "Sec",
        "year_range": "7-12",
        "state": "WA",
        "suburb": "Secret Harbour",
        "postcode": "6173",
        "remoteness_category": "Major Cities",
        "longitude": 115.765,
        "latitude": -32.4157,
        "profile_year": 2025,
        "total_enrolments": 1879,
        "girls_enrolments": 873,
        "boys_enrolments": 1006,
        "fte_enrolments": 1879.0,
        "icsea": 1004,
        "icsea_percentile": 49,
        "sea_bottom_quarter_pct": 31.0,
        "sea_lower_middle_quarter_pct": 35.0,
        "sea_upper_middle_quarter_pct": 24.0,
        "sea_top_quarter_pct": 10.0,
        "indigenous_enrolments_pct": 6.0,
        "lbote_pct": 4.0,
        "member_count": 1,
        "members": [
          {
            "member_id": "aph-316555",
            "name": "WHITEAKER, Ellie",
            "parliaments": [
              48
            ],
            "services": [
              {
                "service_id": "srv-316555-48-0f413a30c40b77b0",
                "parliament_number": 48,
                "party": "Australian Labor Party",
                "party_abbrev": "ALP",
                "chamber": "senate"
              }
            ]
          }
        ],
        "education_assertions": [
          {
            "education_id": "edu-316555-47109aa894ef7217",
            "member_id": "aph-316555",
            "school_name_as_recorded": "Comet Bay College",
            "source_url": "https://handbookapi.aph.gov.au/api/individuals?$filter=PHID eq '316555'",
            "retrieved_at": "2026-10-02T08:23:59.813516+10:00",
            "confidence": "verified",
            "attended_status": "attended_unspecified",
            "institution_resolution": "direct",
            "resolution_source_url": null
          }
        ],
        "parliaments": [
          48
        ],
        "finance_year": 2024,
        "finance_metric": "total_net_recurrent_income_per_student",
        "finance_value": 20531,
        "finance_status": "benchmark_average",
        "finance_method": "peer_group_average",
        "finance_source": "ACARA National Report on Schooling",
        "temporal_warning": "School profile and finance values describe the institution in their reporting year, not the resources available when the parliamentarian attended. Reviewed successor mappings describe the successor institution."
      }
    },
    {
      "type": "Feature",
      "geometry": {
        "type": "Point",
        "coordinates": [
          149.28376,
          -31.282773
        ]
      },
      "properties": {
        "institution_id": "acara-43109",
        "acara_id": "43109",
        "school_name": "Coonabarabran High School",
        "school_sector": "Government",
        "government_non_government": "Government",
        "school_type": "Sec",
        "campus_type": "Sec",
        "year_range": "7-12",
        "state": "NSW",
        "suburb": "Coonabarabran",
        "postcode": "2357",
        "remoteness_category": "Outer Regional",
        "longitude": 149.28376,
        "latitude": -31.282773,
        "profile_year": 2025,
        "total_enrolments": 298,
        "girls_enrolments": 150,
        "boys_enrolments": 148,
        "fte_enrolments": 298.0,
        "icsea": 898,
        "icsea_percentile": 10,
        "sea_bottom_quarter_pct": 54.0,
        "sea_lower_middle_quarter_pct": 26.0,
        "sea_upper_middle_quarter_pct": 14.0,
        "sea_top_quarter_pct": 5.0,
        "indigenous_enrolments_pct": 31.0,
        "lbote_pct": 6.0,
        "member_count": 1,
        "members": [
          {
            "member_id": "aph-300124",
            "name": "TINK, Kylea",
            "parliaments": [
              47
            ],
            "services": [
              {
                "service_id": "srv-300124-47-cccfad4d4cc813a0",
                "parliament_number": 47,
                "party": "Independent",
                "party_abbrev": "IND",
                "chamber": "representatives"
              }
            ]
          }
        ],
        "education_assertions": [
          {
            "education_id": "edu-300124-5eeb975cf79ceee5",
            "member_id": "aph-300124",
            "school_name_as_recorded": "Coonabarabran High School",
            "source_url": "https://handbookapi.aph.gov.au/api/individuals?$filter=PHID eq '300124'",
            "retrieved_at": "2026-10-02T08:23:59.813516+10:00",
            "confidence": "verified",
            "attended_status": "attended_unspecified",
            "institution_resolution": "direct",
            "resolution_source_url": null
          }
        ],
        "parliaments": [
          47
        ],
        "finance_year": 2024,
        "finance_metric": "total_net_recurrent_income_per_student",
        "finance_value": 30293,
        "finance_status": "estimated_indexed",
        "finance_method": "acara_state_sector_geolocation_index",
        "finance_source": "ACARA National Report on Schooling",
        "temporal_warning": "School profile and finance values describe the institution in their reporting year, not the resources available when the parliamentarian attended. Reviewed successor mappings describe the successor institution."
      }
    },
    {
      "type": "Feature",
      "geometry": {
        "type": "Point",
        "coordinates": [
          115.842,
          -32.0566
        ]
      },
      "properties": {
        "institution_id": "acara-48978",
        "acara_id": "48978",
        "school_name": "Corpus Christi College",
        "school_sector": "Catholic",
        "government_non_government": "Non-government",
        "school_type": "Pri/Sec",
        "campus_type": "Pri/Sec",
        "year_range": "PP-12",
        "state": "WA",
        "suburb": "Bateman",
        "postcode": "6150",
        "remoteness_category": "Major Cities",
        "longitude": 115.842,
        "latitude": -32.0566,
        "profile_year": 2025,
        "total_enrolments": 1789,
        "girls_enrolments": 949,
        "boys_enrolments": 840,
        "fte_enrolments": 1789.0,
        "icsea": 1116,
        "icsea_percentile": 88,
        "sea_bottom_quarter_pct": 6.0,
        "sea_lower_middle_quarter_pct": 17.0,
        "sea_upper_middle_quarter_pct": 31.0,
        "sea_top_quarter_pct": 46.0,
        "indigenous_enrolments_pct": 1.0,
        "lbote_pct": 28.0,
        "member_count": 1,
        "members": [
          {
            "member_id": "aph-248353",
            "name": "McBRIDE, the Hon. Emma Margaret",
            "parliaments": [
              45,
              46,
              47,
              48
            ],
            "services": [
              {
                "service_id": "srv-248353-45-3c1adb744a64e4c5",
                "parliament_number": 45,
                "party": "Australian Labor Party",
                "party_abbrev": "ALP",
                "chamber": "representatives"
              },
              {
                "service_id": "srv-248353-46-9a764798835a2740",
                "parliament_number": 46,
                "party": "Australian Labor Party",
                "party_abbrev": "ALP",
                "chamber": "representatives"
              },
              {
                "service_id": "srv-248353-47-620982f88c5a84ec",
                "parliament_number": 47,
                "party": "Australian Labor Party",
                "party_abbrev": "ALP",
                "chamber": "representatives"
              },
              {
                "service_id": "srv-248353-48-c0ea7a4539021e3a",
                "parliament_number": 48,
                "party": "Australian Labor Party",
                "party_abbrev": "ALP",
                "chamber": "representatives"
              }
            ]
          }
        ],
        "education_assertions": [
          {
            "education_id": "edu-248353-d56cd65cb492a25d",
            "member_id": "aph-248353",
            "school_name_as_recorded": "Corpus Christi College",
            "source_url": "https://handbookapi.aph.gov.au/api/individuals?$filter=PHID eq '248353'",
            "retrieved_at": "2026-10-02T08:23:59.813516+10:00",
            "confidence": "verified",
            "attended_status": "attended_unspecified",
            "institution_resolution": "direct",
            "resolution_source_url": null
          }
        ],
        "parliaments": [
          45,
          46,
          47,
          48
        ],
        "finance_year": 2024,
        "finance_metric": "total_net_recurrent_income_per_student",
        "finance_value": 22244,
        "finance_status": "benchmark_average",
        "finance_method": "peer_group_average",
        "finance_source": "ACARA National Report on Schooling",
        "temporal_warning": "School profile and finance values describe the institution in their reporting year, not the resources available when the parliamentarian attended. Reviewed successor mappings describe the successor institution."
      }
    },
    {
      "type": "Feature",
      "geometry": {
        "type": "Point",
        "coordinates": [
          117.877,
          -32.3268
        ]
      },
      "properties": {
        "institution_id": "acara-48170",
        "acara_id": "48170",
        "school_name": "Corrigin District High School",
        "school_sector": "Government",
        "government_non_government": "Government",
        "school_type": "Pri/Sec",
        "campus_type": "Pri/Sec",
        "year_range": "K-12",
        "state": "WA",
        "suburb": "Corrigin",
        "postcode": "6375",
        "remoteness_category": "Remote",
        "longitude": 117.877,
        "latitude": -32.3268,
        "profile_year": 2025,
        "total_enrolments": 125,
        "girls_enrolments": 75,
        "boys_enrolments": 50,
        "fte_enrolments": 121.8,
        "icsea": 955,
        "icsea_percentile": 27,
        "sea_bottom_quarter_pct": 37.0,
        "sea_lower_middle_quarter_pct": 34.0,
        "sea_upper_middle_quarter_pct": 23.0,
        "sea_top_quarter_pct": 6.0,
        "indigenous_enrolments_pct": 11.0,
        "lbote_pct": 5.0,
        "member_count": 1,
        "members": [
          {
            "member_id": "aph-m3a",
            "name": "WYATT, the Hon. Kenneth (Ken) George, AM",
            "parliaments": [
              43,
              44,
              45,
              46
            ],
            "services": [
              {
                "service_id": "srv-m3a-43-380e2a69036dc780",
                "parliament_number": 43,
                "party": "Liberal Party of Australia",
                "party_abbrev": "LP",
                "chamber": "representatives"
              },
              {
                "service_id": "srv-m3a-44-55fd7f0b019cdb1d",
                "parliament_number": 44,
                "party": "Liberal Party of Australia",
                "party_abbrev": "LP",
                "chamber": "representatives"
              },
              {
                "service_id": "srv-m3a-45-a479ab64de0986fa",
                "parliament_number": 45,
                "party": "Liberal Party of Australia",
                "party_abbrev": "LP",
                "chamber": "representatives"
              },
              {
                "service_id": "srv-m3a-46-e5839981d95718b6",
                "parliament_number": 46,
                "party": "Liberal Party of Australia",
                "party_abbrev": "LP",
                "chamber": "representatives"
              }
            ]
          }
        ],
        "education_assertions": [
          {
            "education_id": "edu-m3a-b5d93d7c629cfe5c",
            "member_id": "aph-m3a",
            "school_name_as_recorded": "Corrigin District High School",
            "source_url": "https://handbookapi.aph.gov.au/api/individuals?$filter=PHID eq 'M3A'",
            "retrieved_at": "2026-10-02T08:23:59.813516+10:00",
            "confidence": "verified",
            "attended_status": "attended_unspecified",
            "institution_resolution": "direct",
            "resolution_source_url": null
          }
        ],
        "parliaments": [
          43,
          44,
          45,
          46
        ],
        "finance_year": 2024,
        "finance_metric": "total_net_recurrent_income_per_student",
        "finance_value": 26733,
        "finance_status": "benchmark_average",
        "finance_method": "peer_group_average_high_dispersion_fallback",
        "finance_source": "ACARA National Report on Schooling",
        "temporal_warning": "School profile and finance values describe the institution in their reporting year, not the resources available when the parliamentarian attended. Reviewed successor mappings describe the successor institution."
      }
    },
    {
      "type": "Feature",
      "geometry": {
        "type": "Point",
        "coordinates": [
          147.283,
          -42.8365
        ]
      },
      "properties": {
        "institution_id": "acara-40054",
        "acara_id": "40054",
        "school_name": "Cosgrove High School",
        "school_sector": "Government",
        "government_non_government": "Government",
        "school_type": "Sec",
        "campus_type": "Sec",
        "year_range": "7-12",
        "state": "TAS",
        "suburb": "Glenorchy",
        "postcode": "7010",
        "remoteness_category": "Inner Regional",
        "longitude": 147.283,
        "latitude": -42.8365,
        "profile_year": 2025,
        "total_enrolments": 313,
        "girls_enrolments": 136,
        "boys_enrolments": 177,
        "fte_enrolments": 313.0,
        "icsea": 867,
        "icsea_percentile": 6,
        "sea_bottom_quarter_pct": 73.0,
        "sea_lower_middle_quarter_pct": 22.0,
        "sea_upper_middle_quarter_pct": 5.0,
        "sea_top_quarter_pct": 1.0,
        "indigenous_enrolments_pct": 24.0,
        "lbote_pct": 7.0,
        "member_count": 1,
        "members": [
          {
            "member_id": "aph-hwm",
            "name": "COLLINS, the Hon. Julie Maree",
            "parliaments": [
              42,
              43,
              44,
              45,
              46,
              47,
              48
            ],
            "services": [
              {
                "service_id": "srv-hwm-42-a2a574e50d8c8452",
                "parliament_number": 42,
                "party": "Australian Labor Party",
                "party_abbrev": "ALP",
                "chamber": "representatives"
              },
              {
                "service_id": "srv-hwm-43-7c927b55b9b38fff",
                "parliament_number": 43,
                "party": "Australian Labor Party",
                "party_abbrev": "ALP",
                "chamber": "representatives"
              },
              {
                "service_id": "srv-hwm-44-2a6faa0c885b9ce4",
                "parliament_number": 44,
                "party": "Australian Labor Party",
                "party_abbrev": "ALP",
                "chamber": "representatives"
              },
              {
                "service_id": "srv-hwm-45-68fee1bda209a2a7",
                "parliament_number": 45,
                "party": "Australian Labor Party",
                "party_abbrev": "ALP",
                "chamber": "representatives"
              },
              {
                "service_id": "srv-hwm-46-3e1a05d82d9d5a0b",
                "parliament_number": 46,
                "party": "Australian Labor Party",
                "party_abbrev": "ALP",
                "chamber": "representatives"
              },
              {
                "service_id": "srv-hwm-47-b3d4e68bb89ef9bf",
                "parliament_number": 47,
                "party": "Australian Labor Party",
                "party_abbrev": "ALP",
                "chamber": "representatives"
              },
              {
                "service_id": "srv-hwm-48-1f725ace81baa86f",
                "parliament_number": 48,
                "party": "Australian Labor Party",
                "party_abbrev": "ALP",
                "chamber": "representatives"
              }
            ]
          }
        ],
        "education_assertions": [
          {
            "education_id": "edu-hwm-d92fae912bf993e1",
            "member_id": "aph-hwm",
            "school_name_as_recorded": "Cosgrove High School",
            "source_url": "https://handbookapi.aph.gov.au/api/individuals?$filter=PHID eq 'HWM'",
            "retrieved_at": "2026-10-02T08:23:59.813516+10:00",
            "confidence": "verified",
            "attended_status": "attended_unspecified",
            "institution_resolution": "direct",
            "resolution_source_url": null
          }
        ],
        "parliaments": [
          42,
          43,
          44,
          45,
          46,
          47,
          48
        ],
        "finance_year": 2024,
        "finance_metric": "total_net_recurrent_income_per_student",
        "finance_value": 27485,
        "finance_status": "estimated_indexed",
        "finance_method": "acara_state_sector_geolocation_index",
        "finance_source": "ACARA National Report on Schooling",
        "temporal_warning": "School profile and finance values describe the institution in their reporting year, not the resources available when the parliamentarian attended. Reviewed successor mappings describe the successor institution."
      }
    },
    {
      "type": "Feature",
      "geometry": {
        "type": "Point",
        "coordinates": [
          151.252,
          -33.8717
        ]
      },
      "properties": {
        "institution_id": "acara-43969",
        "acara_id": "43969",
        "school_name": "Cranbrook School",
        "school_sector": "Independent",
        "government_non_government": "Non-government",
        "school_type": "Sec",
        "campus_type": "Sec",
        "year_range": "K-12",
        "state": "NSW",
        "suburb": "Bellevue Hill",
        "postcode": "2023",
        "remoteness_category": "Major Cities",
        "longitude": 151.252,
        "latitude": -33.8717,
        "profile_year": 2025,
        "total_enrolments": 1693,
        "girls_enrolments": 0,
        "boys_enrolments": 1693,
        "fte_enrolments": 1693.0,
        "icsea": 1181,
        "icsea_percentile": 99,
        "sea_bottom_quarter_pct": 0.0,
        "sea_lower_middle_quarter_pct": 5.0,
        "sea_upper_middle_quarter_pct": 21.0,
        "sea_top_quarter_pct": 73.0,
        "indigenous_enrolments_pct": 0.0,
        "lbote_pct": 27.0,
        "member_count": 1,
        "members": [
          {
            "member_id": "aph-109556",
            "name": "LEESER, Julian Martin",
            "parliaments": [
              45,
              46,
              47,
              48
            ],
            "services": [
              {
                "service_id": "srv-109556-45-cc42f8ff32fc6c86",
                "parliament_number": 45,
                "party": "Liberal Party of Australia",
                "party_abbrev": "LP",
                "chamber": "representatives"
              },
              {
                "service_id": "srv-109556-46-3784f447ebb2cdfd",
                "parliament_number": 46,
                "party": "Liberal Party of Australia",
                "party_abbrev": "LP",
                "chamber": "representatives"
              },
              {
                "service_id": "srv-109556-47-4d98a9cbacbe4df5",
                "parliament_number": 47,
                "party": "Liberal Party of Australia",
                "party_abbrev": "LP",
                "chamber": "representatives"
              },
              {
                "service_id": "srv-109556-48-457ead6e71ff4f06",
                "parliament_number": 48,
                "party": "Liberal Party of Australia",
                "party_abbrev": "LP",
                "chamber": "representatives"
              }
            ]
          }
        ],
        "education_assertions": [
          {
            "education_id": "edu-109556-66ac7b18d40f6d28",
            "member_id": "aph-109556",
            "school_name_as_recorded": "Cranbrook School",
            "source_url": "https://handbookapi.aph.gov.au/api/individuals?$filter=PHID eq '109556'",
            "retrieved_at": "2026-10-02T08:23:59.813516+10:00",
            "confidence": "verified",
            "attended_status": "attended_unspecified",
            "institution_resolution": "direct",
            "resolution_source_url": null
          }
        ],
        "parliaments": [
          45,
          46,
          47,
          48
        ],
        "finance_year": 2024,
        "finance_metric": "total_net_recurrent_income_per_student",
        "finance_value": 31663,
        "finance_status": "estimated_indexed",
        "finance_method": "acara_state_sector_geolocation_index",
        "finance_source": "ACARA National Report on Schooling",
        "temporal_warning": "School profile and finance values describe the institution in their reporting year, not the resources available when the parliamentarian attended. Reviewed successor mappings describe the successor institution."
      }
    },
    {
      "type": "Feature",
      "geometry": {
        "type": "Point",
        "coordinates": [
          151.037,
          -33.7852
        ]
      },
      "properties": {
        "institution_id": "acara-41849",
        "acara_id": "41849",
        "school_name": "Cumberland High School",
        "school_sector": "Government",
        "government_non_government": "Government",
        "school_type": "Sec",
        "campus_type": "Sec",
        "year_range": "7-12",
        "state": "NSW",
        "suburb": "Carlingford",
        "postcode": "2118",
        "remoteness_category": "Major Cities",
        "longitude": 151.037,
        "latitude": -33.7852,
        "profile_year": 2025,
        "total_enrolments": 1173,
        "girls_enrolments": 491,
        "boys_enrolments": 682,
        "fte_enrolments": 1171.9,
        "icsea": 1060,
        "icsea_percentile": 72,
        "sea_bottom_quarter_pct": 16.0,
        "sea_lower_middle_quarter_pct": 24.0,
        "sea_upper_middle_quarter_pct": 32.0,
        "sea_top_quarter_pct": 27.0,
        "indigenous_enrolments_pct": 2.0,
        "lbote_pct": 79.0,
        "member_count": 1,
        "members": [
          {
            "member_id": "aph-hwo",
            "name": "HAWKE, the Hon. Alexander (Alex) George",
            "parliaments": [
              42,
              43,
              44,
              45,
              46,
              47,
              48
            ],
            "services": [
              {
                "service_id": "srv-hwo-42-dbc8c2524caa18ae",
                "parliament_number": 42,
                "party": "Liberal Party of Australia",
                "party_abbrev": "LP",
                "chamber": "representatives"
              },
              {
                "service_id": "srv-hwo-43-ce163489a46020b3",
                "parliament_number": 43,
                "party": "Liberal Party of Australia",
                "party_abbrev": "LP",
                "chamber": "representatives"
              },
              {
                "service_id": "srv-hwo-44-0e5524b50aa40dab",
                "parliament_number": 44,
                "party": "Liberal Party of Australia",
                "party_abbrev": "LP",
                "chamber": "representatives"
              },
              {
                "service_id": "srv-hwo-45-585c2df12a29e138",
                "parliament_number": 45,
                "party": "Liberal Party of Australia",
                "party_abbrev": "LP",
                "chamber": "representatives"
              },
              {
                "service_id": "srv-hwo-46-4aa53c07f2670ca9",
                "parliament_number": 46,
                "party": "Liberal Party of Australia",
                "party_abbrev": "LP",
                "chamber": "representatives"
              },
              {
                "service_id": "srv-hwo-47-d36a8900d7868124",
                "parliament_number": 47,
                "party": "Liberal Party of Australia",
                "party_abbrev": "LP",
                "chamber": "representatives"
              },
              {
                "service_id": "srv-hwo-48-bffccf73ec440a9d",
                "parliament_number": 48,
                "party": "Liberal Party of Australia",
                "party_abbrev": "LP",
                "chamber": "representatives"
              }
            ]
          }
        ],
        "education_assertions": [
          {
            "education_id": "edu-hwo-8e0d9f804dccb1cc",
            "member_id": "aph-hwo",
            "school_name_as_recorded": "Cumberland High School",
            "source_url": "https://handbookapi.aph.gov.au/api/individuals?$filter=PHID eq 'HWO'",
            "retrieved_at": "2026-10-02T08:23:59.813516+10:00",
            "confidence": "verified",
            "attended_status": "attended_unspecified",
            "institution_resolution": "direct",
            "resolution_source_url": null
          }
        ],
        "parliaments": [
          42,
          43,
          44,
          45,
          46,
          47,
          48
        ],
        "finance_year": 2024,
        "finance_metric": "total_net_recurrent_income_per_student",
        "finance_value": 17938,
        "finance_status": "estimated_indexed",
        "finance_method": "acara_state_sector_geolocation_index",
        "finance_source": "ACARA National Report on Schooling",
        "temporal_warning": "School profile and finance values describe the institution in their reporting year, not the resources available when the parliamentarian attended. Reviewed successor mappings describe the successor institution."
      }
    },
    {
      "type": "Feature",
      "geometry": {
        "type": "Point",
        "coordinates": [
          152.981,
          -27.2296
        ]
      },
      "properties": {
        "institution_id": "acara-47521",
        "acara_id": "47521",
        "school_name": "Dakabin State High School",
        "school_sector": "Government",
        "government_non_government": "Government",
        "school_type": "Sec",
        "campus_type": "Sec",
        "year_range": "7-12",
        "state": "QLD",
        "suburb": "Dakabin",
        "postcode": "4503",
        "remoteness_category": "Major Cities",
        "longitude": 152.981,
        "latitude": -27.2296,
        "profile_year": 2025,
        "total_enrolments": 980,
        "girls_enrolments": 458,
        "boys_enrolments": 522,
        "fte_enrolments": 979.4,
        "icsea": 940,
        "icsea_percentile": 21,
        "sea_bottom_quarter_pct": 56.0,
        "sea_lower_middle_quarter_pct": 31.0,
        "sea_upper_middle_quarter_pct": 11.0,
        "sea_top_quarter_pct": 2.0,
        "indigenous_enrolments_pct": 12.0,
        "lbote_pct": 13.0,
        "member_count": 1,
        "members": [
          {
            "member_id": "aph-201906",
            "name": "YOUNG, Terry James",
            "parliaments": [
              46,
              47,
              48
            ],
            "services": [
              {
                "service_id": "srv-201906-46-fd9155585c83e862",
                "parliament_number": 46,
                "party": "Liberal Party of Australia",
                "party_abbrev": "LP",
                "chamber": "representatives"
              },
              {
                "service_id": "srv-201906-47-1012246ab0bf3dbf",
                "parliament_number": 47,
                "party": "Liberal Party of Australia",
                "party_abbrev": "LP",
                "chamber": "representatives"
              },
              {
                "service_id": "srv-201906-48-9d203a7ab5d28a78",
                "parliament_number": 48,
                "party": "Liberal Party of Australia",
                "party_abbrev": "LP",
                "chamber": "representatives"
              }
            ]
          }
        ],
        "education_assertions": [
          {
            "education_id": "edu-201906-3021f95a0b9c84f2",
            "member_id": "aph-201906",
            "school_name_as_recorded": "Dakabin State High School",
            "source_url": "https://handbookapi.aph.gov.au/api/individuals?$filter=PHID eq '201906'",
            "retrieved_at": "2026-10-02T08:23:59.813516+10:00",
            "confidence": "verified",
            "attended_status": "attended_unspecified",
            "institution_resolution": "direct",
            "resolution_source_url": null
          }
        ],
        "parliaments": [
          46,
          47,
          48
        ],
        "finance_year": 2024,
        "finance_metric": "total_net_recurrent_income_per_student",
        "finance_value": 19087,
        "finance_status": "estimated_indexed",
        "finance_method": "acara_state_sector_geolocation_index",
        "finance_source": "ACARA National Report on Schooling",
        "temporal_warning": "School profile and finance values describe the institution in their reporting year, not the resources available when the parliamentarian attended. Reviewed successor mappings describe the successor institution."
      }
    },
    {
      "type": "Feature",
      "geometry": {
        "type": "Point",
        "coordinates": [
          130.83398,
          -12.43893
        ]
      },
      "properties": {
        "institution_id": "acara-40337",
        "acara_id": "40337",
        "school_name": "Darwin High School",
        "school_sector": "Government",
        "government_non_government": "Government",
        "school_type": "Secondary",
        "campus_type": "School Single Entity",
        "year_range": "U, 10-12",
        "state": "NT",
        "suburb": "The Gardens",
        "postcode": "0820",
        "remoteness_category": "Outer Regional",
        "longitude": 130.83398,
        "latitude": -12.43893,
        "profile_year": 2025,
        "total_enrolments": 1286,
        "girls_enrolments": 659,
        "boys_enrolments": 627,
        "fte_enrolments": 1281.7,
        "icsea": 1050,
        "icsea_percentile": 68,
        "sea_bottom_quarter_pct": 16.0,
        "sea_lower_middle_quarter_pct": 24.0,
        "sea_upper_middle_quarter_pct": 32.0,
        "sea_top_quarter_pct": 28.0,
        "indigenous_enrolments_pct": 6.0,
        "lbote_pct": 51.0,
        "member_count": 1,
        "members": [
          {
            "member_id": "aph-204953",
            "name": "GALLACHER, Alexander (Alex) McEachian",
            "parliaments": [
              44,
              45,
              46
            ],
            "services": [
              {
                "service_id": "srv-204953-44-54401abe4cc70a19",
                "parliament_number": 44,
                "party": "Australian Labor Party",
                "party_abbrev": "ALP",
                "chamber": "senate"
              },
              {
                "service_id": "srv-204953-45-aaebd6974cf9f9dc",
                "parliament_number": 45,
                "party": "Australian Labor Party",
                "party_abbrev": "ALP",
                "chamber": "senate"
              },
              {
                "service_id": "srv-204953-46-b8abaac14a0ee608",
                "parliament_number": 46,
                "party": "Australian Labor Party",
                "party_abbrev": "ALP",
                "chamber": "senate"
              }
            ]
          }
        ],
        "education_assertions": [
          {
            "education_id": "edu-204953-6e7d769b43301a9e",
            "member_id": "aph-204953",
            "school_name_as_recorded": "Darwin High School",
            "source_url": "https://handbookapi.aph.gov.au/api/individuals?$filter=PHID eq '204953'",
            "retrieved_at": "2026-10-02T08:23:59.813516+10:00",
            "confidence": "verified",
            "attended_status": "attended_unspecified",
            "institution_resolution": "direct",
            "resolution_source_url": null
          }
        ],
        "parliaments": [
          44,
          45,
          46
        ],
        "finance_year": 2024,
        "finance_metric": "total_net_recurrent_income_per_student",
        "finance_value": 30246,
        "finance_status": "benchmark_average",
        "finance_method": "peer_group_average_high_dispersion_fallback",
        "finance_source": "ACARA National Report on Schooling",
        "temporal_warning": "School profile and finance values describe the institution in their reporting year, not the resources available when the parliamentarian attended. Reviewed successor mappings describe the successor institution."
      }
    },
    {
      "type": "Feature",
      "geometry": {
        "type": "Point",
        "coordinates": [
          145.032,
          -37.8577
        ]
      },
      "properties": {
        "institution_id": "acara-45771",
        "acara_id": "45771",
        "school_name": "De La Salle College",
        "school_sector": "Catholic",
        "government_non_government": "Non-government",
        "school_type": "Pri/Sec",
        "campus_type": "Pri/Sec",
        "year_range": "6-12",
        "state": "VIC",
        "suburb": "Malvern",
        "postcode": "3144",
        "remoteness_category": "Major Cities",
        "longitude": 145.032,
        "latitude": -37.8577,
        "profile_year": 2025,
        "total_enrolments": 890,
        "girls_enrolments": 0,
        "boys_enrolments": 890,
        "fte_enrolments": 890.0,
        "icsea": 1131,
        "icsea_percentile": 91,
        "sea_bottom_quarter_pct": 3.0,
        "sea_lower_middle_quarter_pct": 14.0,
        "sea_upper_middle_quarter_pct": 30.0,
        "sea_top_quarter_pct": 53.0,
        "indigenous_enrolments_pct": 0.0,
        "lbote_pct": 9.0,
        "member_count": 1,
        "members": [
          {
            "member_id": "aph-ecv",
            "name": "HAYES, Christopher (Chris) Patrick",
            "parliaments": [
              42,
              43,
              44,
              45,
              46
            ],
            "services": [
              {
                "service_id": "srv-ecv-42-9833aa2e1cd19b83",
                "parliament_number": 42,
                "party": "Australian Labor Party",
                "party_abbrev": "ALP",
                "chamber": "representatives"
              },
              {
                "service_id": "srv-ecv-43-4dc3b31972e8f52e",
                "parliament_number": 43,
                "party": "Australian Labor Party",
                "party_abbrev": "ALP",
                "chamber": "representatives"
              },
              {
                "service_id": "srv-ecv-44-6bf4cc81410705d7",
                "parliament_number": 44,
                "party": "Australian Labor Party",
                "party_abbrev": "ALP",
                "chamber": "representatives"
              },
              {
                "service_id": "srv-ecv-45-c0ed114e02b2e442",
                "parliament_number": 45,
                "party": "Australian Labor Party",
                "party_abbrev": "ALP",
                "chamber": "representatives"
              },
              {
                "service_id": "srv-ecv-46-1b58a7c0ab2f8edb",
                "parliament_number": 46,
                "party": "Australian Labor Party",
                "party_abbrev": "ALP",
                "chamber": "representatives"
              }
            ]
          }
        ],
        "education_assertions": [
          {
            "education_id": "edu-ecv-fbfb9ce8ff88363b",
            "member_id": "aph-ecv",
            "school_name_as_recorded": "De La Salle College",
            "source_url": "https://handbookapi.aph.gov.au/api/individuals?$filter=PHID eq 'ECV'",
            "retrieved_at": "2026-10-02T08:23:59.813516+10:00",
            "confidence": "verified",
            "attended_status": "attended_unspecified",
            "institution_resolution": "direct",
            "resolution_source_url": null
          }
        ],
        "parliaments": [
          42,
          43,
          44,
          45,
          46
        ],
        "finance_year": 2024,
        "finance_metric": "total_net_recurrent_income_per_student",
        "finance_value": 22527,
        "finance_status": "estimated_indexed",
        "finance_method": "acara_state_sector_geolocation_index",
        "finance_source": "ACARA National Report on Schooling",
        "temporal_warning": "School profile and finance values describe the institution in their reporting year, not the resources available when the parliamentarian attended. Reviewed successor mappings describe the successor institution."
      }
    },
    {
      "type": "Feature",
      "geometry": {
        "type": "Point",
        "coordinates": [
          146.66,
          -41.5297
        ]
      },
      "properties": {
        "institution_id": "acara-40061",
        "acara_id": "40061",
        "school_name": "Deloraine High School",
        "school_sector": "Government",
        "government_non_government": "Government",
        "school_type": "Sec",
        "campus_type": "Sec",
        "year_range": "7-12",
        "state": "TAS",
        "suburb": "Deloraine",
        "postcode": "7304",
        "remoteness_category": "Outer Regional",
        "longitude": 146.66,
        "latitude": -41.5297,
        "profile_year": 2025,
        "total_enrolments": 235,
        "girls_enrolments": 115,
        "boys_enrolments": 120,
        "fte_enrolments": 231.4,
        "icsea": 932,
        "icsea_percentile": 19,
        "sea_bottom_quarter_pct": 50.0,
        "sea_lower_middle_quarter_pct": 30.0,
        "sea_upper_middle_quarter_pct": 13.0,
        "sea_top_quarter_pct": 7.0,
        "indigenous_enrolments_pct": 19.0,
        "lbote_pct": 2.0,
        "member_count": 1,
        "members": [
          {
            "member_id": "aph-e5x",
            "name": "POLLEY, Helen Beatrice",
            "parliaments": [
              42,
              43,
              44,
              45,
              46,
              47,
              48
            ],
            "services": [
              {
                "service_id": "srv-e5x-42-05e24ef8a5f46c96",
                "parliament_number": 42,
                "party": "Australian Labor Party",
                "party_abbrev": "ALP",
                "chamber": "senate"
              },
              {
                "service_id": "srv-e5x-43-a9714b55100e2f5d",
                "parliament_number": 43,
                "party": "Australian Labor Party",
                "party_abbrev": "ALP",
                "chamber": "senate"
              },
              {
                "service_id": "srv-e5x-44-b43c23c8e08caae4",
                "parliament_number": 44,
                "party": "Australian Labor Party",
                "party_abbrev": "ALP",
                "chamber": "senate"
              },
              {
                "service_id": "srv-e5x-45-ce0fdb9380d518a9",
                "parliament_number": 45,
                "party": "Australian Labor Party",
                "party_abbrev": "ALP",
                "chamber": "senate"
              },
              {
                "service_id": "srv-e5x-46-a76b34aa832233bf",
                "parliament_number": 46,
                "party": "Australian Labor Party",
                "party_abbrev": "ALP",
                "chamber": "senate"
              },
              {
                "service_id": "srv-e5x-47-187a05e658c170d9",
                "parliament_number": 47,
                "party": "Australian Labor Party",
                "party_abbrev": "ALP",
                "chamber": "senate"
              },
              {
                "service_id": "srv-e5x-48-8ef7ac9c93a504bd",
                "parliament_number": 48,
                "party": "Australian Labor Party",
                "party_abbrev": "ALP",
                "chamber": "senate"
              }
            ]
          }
        ],
        "education_assertions": [
          {
            "education_id": "edu-e5x-5ad5fba46f05d49d",
            "member_id": "aph-e5x",
            "school_name_as_recorded": "Deloraine High School",
            "source_url": "https://handbookapi.aph.gov.au/api/individuals?$filter=PHID eq 'E5X'",
            "retrieved_at": "2026-10-02T08:23:59.813516+10:00",
            "confidence": "verified",
            "attended_status": "attended_unspecified",
            "institution_resolution": "direct",
            "resolution_source_url": null
          }
        ],
        "parliaments": [
          42,
          43,
          44,
          45,
          46,
          47,
          48
        ],
        "finance_year": 2024,
        "finance_metric": "total_net_recurrent_income_per_student",
        "finance_value": 24214,
        "finance_status": "estimated_indexed",
        "finance_method": "acara_state_sector_geolocation_index",
        "finance_source": "ACARA National Report on Schooling",
        "temporal_warning": "School profile and finance values describe the institution in their reporting year, not the resources available when the parliamentarian attended. Reviewed successor mappings describe the successor institution."
      }
    },
    {
      "type": "Feature",
      "geometry": {
        "type": "Point",
        "coordinates": [
          146.349,
          -41.178
        ]
      },
      "properties": {
        "institution_id": "acara-40098",
        "acara_id": "40098",
        "school_name": "Devonport High School",
        "school_sector": "Government",
        "government_non_government": "Government",
        "school_type": "Sec",
        "campus_type": "Sec",
        "year_range": "7-12",
        "state": "TAS",
        "suburb": "Devonport",
        "postcode": "7310",
        "remoteness_category": "Outer Regional",
        "longitude": 146.349,
        "latitude": -41.178,
        "profile_year": 2025,
        "total_enrolments": 342,
        "girls_enrolments": 156,
        "boys_enrolments": 186,
        "fte_enrolments": 337.8,
        "icsea": 939,
        "icsea_percentile": 21,
        "sea_bottom_quarter_pct": 54.0,
        "sea_lower_middle_quarter_pct": 30.0,
        "sea_upper_middle_quarter_pct": 10.0,
        "sea_top_quarter_pct": 6.0,
        "indigenous_enrolments_pct": 12.0,
        "lbote_pct": 7.0,
        "member_count": 1,
        "members": [
          {
            "member_id": "aph-250026",
            "name": "LAMBIE, Jacquiline (Jacqui) Louise",
            "parliaments": [
              45,
              46,
              47,
              48
            ],
            "services": [
              {
                "service_id": "srv-250026-45-28153bf9495dd172",
                "parliament_number": 45,
                "party": "Jacqui Lambie Network",
                "party_abbrev": "JLN",
                "chamber": "senate"
              },
              {
                "service_id": "srv-250026-46-6322056e924e92ea",
                "parliament_number": 46,
                "party": "Jacqui Lambie Network",
                "party_abbrev": "JLN",
                "chamber": "senate"
              },
              {
                "service_id": "srv-250026-47-d224a70fb2760913",
                "parliament_number": 47,
                "party": "Jacqui Lambie Network",
                "party_abbrev": "JLN",
                "chamber": "senate"
              },
              {
                "service_id": "srv-250026-48-a4d401936eb5ec4c",
                "parliament_number": 48,
                "party": "Jacqui Lambie Network",
                "party_abbrev": "JLN",
                "chamber": "senate"
              }
            ]
          }
        ],
        "education_assertions": [
          {
            "education_id": "edu-250026-1570a8499cbabd2a",
            "member_id": "aph-250026",
            "school_name_as_recorded": "Devonport High School",
            "source_url": "https://handbookapi.aph.gov.au/api/individuals?$filter=PHID eq '250026'",
            "retrieved_at": "2026-10-02T08:23:59.813516+10:00",
            "confidence": "verified",
            "attended_status": "attended_unspecified",
            "institution_resolution": "direct",
            "resolution_source_url": null
          }
        ],
        "parliaments": [
          45,
          46,
          47,
          48
        ],
        "finance_year": 2024,
        "finance_metric": "total_net_recurrent_income_per_student",
        "finance_value": 21318,
        "finance_status": "estimated_indexed",
        "finance_method": "acara_state_sector_geolocation_index",
        "finance_source": "ACARA National Report on Schooling",
        "temporal_warning": "School profile and finance values describe the institution in their reporting year, not the resources available when the parliamentarian attended. Reviewed successor mappings describe the successor institution."
      }
    },
    {
      "type": "Feature",
      "geometry": {
        "type": "Point",
        "coordinates": [
          149.154,
          -35.2485
        ]
      },
      "properties": {
        "institution_id": "acara-49915",
        "acara_id": "49915",
        "school_name": "Dickson College",
        "school_sector": "Government",
        "government_non_government": "Government",
        "school_type": "Sec",
        "campus_type": "Sec",
        "year_range": "7-12",
        "state": "ACT",
        "suburb": "Dickson",
        "postcode": "2602",
        "remoteness_category": "Major Cities",
        "longitude": 149.154,
        "latitude": -35.2485,
        "profile_year": 2025,
        "total_enrolments": 899,
        "girls_enrolments": 435,
        "boys_enrolments": 464,
        "fte_enrolments": 899.0,
        "icsea": 1101,
        "icsea_percentile": 84,
        "sea_bottom_quarter_pct": 11.0,
        "sea_lower_middle_quarter_pct": 15.0,
        "sea_upper_middle_quarter_pct": 29.0,
        "sea_top_quarter_pct": 46.0,
        "indigenous_enrolments_pct": 2.0,
        "lbote_pct": 39.0,
        "member_count": 1,
        "members": [
          {
            "member_id": "aph-00amn",
            "name": "LEY, the Hon. Sussan Penelope",
            "parliaments": [
              42,
              43,
              44,
              45,
              46,
              47,
              48
            ],
            "services": [
              {
                "service_id": "srv-00amn-42-ec04627e997a1fac",
                "parliament_number": 42,
                "party": "Liberal Party of Australia",
                "party_abbrev": "LP",
                "chamber": "representatives"
              },
              {
                "service_id": "srv-00amn-43-6d832a2c850aac76",
                "parliament_number": 43,
                "party": "Liberal Party of Australia",
                "party_abbrev": "LP",
                "chamber": "representatives"
              },
              {
                "service_id": "srv-00amn-44-c6c61ab865b5b03d",
                "parliament_number": 44,
                "party": "Liberal Party of Australia",
                "party_abbrev": "LP",
                "chamber": "representatives"
              },
              {
                "service_id": "srv-00amn-45-7176f210a22de0d0",
                "parliament_number": 45,
                "party": "Liberal Party of Australia",
                "party_abbrev": "LP",
                "chamber": "representatives"
              },
              {
                "service_id": "srv-00amn-46-bd2ba891deeb96c7",
                "parliament_number": 46,
                "party": "Liberal Party of Australia",
                "party_abbrev": "LP",
                "chamber": "representatives"
              },
              {
                "service_id": "srv-00amn-47-903a89973b0b863a",
                "parliament_number": 47,
                "party": "Liberal Party of Australia",
                "party_abbrev": "LP",
                "chamber": "representatives"
              },
              {
                "service_id": "srv-00amn-48-e8e9342b07c8cdec",
                "parliament_number": 48,
                "party": "Liberal Party of Australia",
                "party_abbrev": "LP",
                "chamber": "representatives"
              }
            ]
          }
        ],
        "education_assertions": [
          {
            "education_id": "edu-00amn-87fd87758c62457f",
            "member_id": "aph-00amn",
            "school_name_as_recorded": "Dickson College",
            "source_url": "https://handbookapi.aph.gov.au/api/individuals?$filter=PHID eq '00AMN'",
            "retrieved_at": "2026-10-02T08:23:59.813516+10:00",
            "confidence": "verified",
            "attended_status": "attended_unspecified",
            "institution_resolution": "direct",
            "resolution_source_url": null
          }
        ],
        "parliaments": [
          42,
          43,
          44,
          45,
          46,
          47,
          48
        ],
        "finance_year": 2024,
        "finance_metric": "total_net_recurrent_income_per_student",
        "finance_value": 23947,
        "finance_status": "estimated_indexed",
        "finance_method": "acara_state_sector_geolocation_index",
        "finance_source": "ACARA National Report on Schooling",
        "temporal_warning": "School profile and finance values describe the institution in their reporting year, not the resources available when the parliamentarian attended. Reviewed successor mappings describe the successor institution."
      }
    },
    {
      "type": "Feature",
      "geometry": {
        "type": "Point",
        "coordinates": [
          146.333,
          -41.1676
        ]
      },
      "properties": {
        "institution_id": "acara-50255",
        "acara_id": "50255",
        "school_name": "Don College",
        "school_sector": "Government",
        "government_non_government": "Government",
        "school_type": "Sec",
        "campus_type": "Sec",
        "year_range": "11-12",
        "state": "TAS",
        "suburb": "Devonport",
        "postcode": "7310",
        "remoteness_category": "Outer Regional",
        "longitude": 146.333,
        "latitude": -41.1676,
        "profile_year": 2025,
        "total_enrolments": 672,
        "girls_enrolments": 366,
        "boys_enrolments": 306,
        "fte_enrolments": 644.3,
        "icsea": 959,
        "icsea_percentile": 28,
        "sea_bottom_quarter_pct": 45.0,
        "sea_lower_middle_quarter_pct": 31.0,
        "sea_upper_middle_quarter_pct": 16.0,
        "sea_top_quarter_pct": 8.0,
        "indigenous_enrolments_pct": 14.0,
        "lbote_pct": 3.0,
        "member_count": 3,
        "members": [
          {
            "member_id": "aph-00aol",
            "name": "COLBECK, the Hon. Richard Mansell",
            "parliaments": [
              42,
              43,
              44,
              46,
              47,
              48
            ],
            "services": [
              {
                "service_id": "srv-00aol-42-e6ae0c1f476ad59d",
                "parliament_number": 42,
                "party": "Liberal Party of Australia",
                "party_abbrev": "LP",
                "chamber": "senate"
              },
              {
                "service_id": "srv-00aol-43-d305a102fc63470f",
                "parliament_number": 43,
                "party": "Liberal Party of Australia",
                "party_abbrev": "LP",
                "chamber": "senate"
              },
              {
                "service_id": "srv-00aol-44-0e5fa684227e621e",
                "parliament_number": 44,
                "party": "Liberal Party of Australia",
                "party_abbrev": "LP",
                "chamber": "senate"
              },
              {
                "service_id": "srv-00aol-46-056e1e5f8bfd74c2",
                "parliament_number": 46,
                "party": "Liberal Party of Australia",
                "party_abbrev": "LP",
                "chamber": "senate"
              },
              {
                "service_id": "srv-00aol-47-3769ea16ddf2406b",
                "parliament_number": 47,
                "party": "Liberal Party of Australia",
                "party_abbrev": "LP",
                "chamber": "senate"
              },
              {
                "service_id": "srv-00aol-48-2bf21d49824a86c4",
                "parliament_number": 48,
                "party": "Liberal Party of Australia",
                "party_abbrev": "LP",
                "chamber": "senate"
              }
            ]
          },
          {
            "member_id": "aph-250026",
            "name": "LAMBIE, Jacquiline (Jacqui) Louise",
            "parliaments": [
              45,
              46,
              47,
              48
            ],
            "services": [
              {
                "service_id": "srv-250026-45-28153bf9495dd172",
                "parliament_number": 45,
                "party": "Jacqui Lambie Network",
                "party_abbrev": "JLN",
                "chamber": "senate"
              },
              {
                "service_id": "srv-250026-46-6322056e924e92ea",
                "parliament_number": 46,
                "party": "Jacqui Lambie Network",
                "party_abbrev": "JLN",
                "chamber": "senate"
              },
              {
                "service_id": "srv-250026-47-d224a70fb2760913",
                "parliament_number": 47,
                "party": "Jacqui Lambie Network",
                "party_abbrev": "JLN",
                "chamber": "senate"
              },
              {
                "service_id": "srv-250026-48-a4d401936eb5ec4c",
                "parliament_number": 48,
                "party": "Jacqui Lambie Network",
                "party_abbrev": "JLN",
                "chamber": "senate"
              }
            ]
          },
          {
            "member_id": "aph-300639",
            "name": "TYRRELL, Tammy Marie",
            "parliaments": [
              47,
              48
            ],
            "services": [
              {
                "service_id": "srv-300639-47-d224a70fb2760913",
                "parliament_number": 47,
                "party": "Jacqui Lambie Network",
                "party_abbrev": "Jacqui Lambie Network",
                "chamber": "senate"
              },
              {
                "service_id": "srv-300639-48-87f740e0934f78c0",
                "parliament_number": 48,
                "party": "Independent",
                "party_abbrev": "IND",
                "chamber": "senate"
              }
            ]
          }
        ],
        "education_assertions": [
          {
            "education_id": "edu-00aol-37d04f4d79c0903d",
            "member_id": "aph-00aol",
            "school_name_as_recorded": "Don College",
            "source_url": "https://handbookapi.aph.gov.au/api/individuals?$filter=PHID eq '00AOL'",
            "retrieved_at": "2026-10-02T08:23:59.813516+10:00",
            "confidence": "verified",
            "attended_status": "attended_unspecified",
            "institution_resolution": "direct",
            "resolution_source_url": null
          },
          {
            "education_id": "edu-250026-37d04f4d79c0903d",
            "member_id": "aph-250026",
            "school_name_as_recorded": "Don College",
            "source_url": "https://handbookapi.aph.gov.au/api/individuals?$filter=PHID eq '250026'",
            "retrieved_at": "2026-10-02T08:23:59.813516+10:00",
            "confidence": "verified",
            "attended_status": "attended_unspecified",
            "institution_resolution": "direct",
            "resolution_source_url": null
          },
          {
            "education_id": "edu-300639-37d04f4d79c0903d",
            "member_id": "aph-300639",
            "school_name_as_recorded": "Don College",
            "source_url": "https://handbookapi.aph.gov.au/api/individuals?$filter=PHID eq '300639'",
            "retrieved_at": "2026-10-02T08:23:59.813516+10:00",
            "confidence": "verified",
            "attended_status": "attended_unspecified",
            "institution_resolution": "direct",
            "resolution_source_url": null
          }
        ],
        "parliaments": [
          42,
          43,
          44,
          45,
          46,
          47,
          48
        ],
        "finance_year": 2024,
        "finance_metric": "total_net_recurrent_income_per_student",
        "finance_value": 21347,
        "finance_status": "estimated_indexed",
        "finance_method": "acara_state_sector_geolocation_index",
        "finance_source": "ACARA National Report on Schooling",
        "temporal_warning": "School profile and finance values describe the institution in their reporting year, not the resources available when the parliamentarian attended. Reviewed successor mappings describe the successor institution."
      }
    },
    {
      "type": "Feature",
      "geometry": {
        "type": "Point",
        "coordinates": [
          151.958,
          -27.5353
        ]
      },
      "properties": {
        "institution_id": "acara-47895",
        "acara_id": "47895",
        "school_name": "Downlands College",
        "school_sector": "Catholic",
        "government_non_government": "Non-government",
        "school_type": "Pri/Sec",
        "campus_type": "Sec",
        "year_range": "Prep-12",
        "state": "QLD",
        "suburb": "Toowoomba",
        "postcode": "4350",
        "remoteness_category": "Inner Regional",
        "longitude": 151.958,
        "latitude": -27.5353,
        "profile_year": 2025,
        "total_enrolments": 1187,
        "girls_enrolments": 574,
        "boys_enrolments": 613,
        "fte_enrolments": 1187.0,
        "icsea": 1060,
        "icsea_percentile": 72,
        "sea_bottom_quarter_pct": 11.0,
        "sea_lower_middle_quarter_pct": 29.0,
        "sea_upper_middle_quarter_pct": 34.0,
        "sea_top_quarter_pct": 27.0,
        "indigenous_enrolments_pct": 7.0,
        "lbote_pct": 7.0,
        "member_count": 2,
        "members": [
          {
            "member_id": "aph-125865",
            "name": "McVEIGH, the Hon. Dr John Joseph",
            "parliaments": [
              45,
              46
            ],
            "services": [
              {
                "service_id": "srv-125865-45-e1844b00c59d06f1",
                "parliament_number": 45,
                "party": "Liberal Party of Australia",
                "party_abbrev": "LP",
                "chamber": "representatives"
              },
              {
                "service_id": "srv-125865-46-0b93d6790857efe4",
                "parliament_number": 46,
                "party": "Liberal Party of Australia",
                "party_abbrev": "LP",
                "chamber": "representatives"
              }
            ]
          },
          {
            "member_id": "aph-283596",
            "name": "RENNICK, Gerard Brock",
            "parliaments": [
              46,
              47
            ],
            "services": [
              {
                "service_id": "srv-283596-46-9e5ee25010828359",
                "parliament_number": 46,
                "party": "Liberal Party of Australia",
                "party_abbrev": "LP",
                "chamber": "senate"
              },
              {
                "service_id": "srv-283596-47-b47db3b0e95c71e4",
                "parliament_number": 47,
                "party": "Liberal Party of Australia",
                "party_abbrev": "LP",
                "chamber": "senate"
              }
            ]
          }
        ],
        "education_assertions": [
          {
            "education_id": "edu-125865-cafb711118262fde",
            "member_id": "aph-125865",
            "school_name_as_recorded": "Downlands College",
            "source_url": "https://handbookapi.aph.gov.au/api/individuals?$filter=PHID eq '125865'",
            "retrieved_at": "2026-10-02T08:23:59.813516+10:00",
            "confidence": "verified",
            "attended_status": "attended_unspecified",
            "institution_resolution": "direct",
            "resolution_source_url": null
          },
          {
            "education_id": "edu-283596-cafb711118262fde",
            "member_id": "aph-283596",
            "school_name_as_recorded": "Downlands College",
            "source_url": "https://handbookapi.aph.gov.au/api/individuals?$filter=PHID eq '283596'",
            "retrieved_at": "2026-10-02T08:23:59.813516+10:00",
            "confidence": "verified",
            "attended_status": "attended_unspecified",
            "institution_resolution": "direct",
            "resolution_source_url": null
          }
        ],
        "parliaments": [
          45,
          46,
          47
        ],
        "finance_year": 2024,
        "finance_metric": "total_net_recurrent_income_per_student",
        "finance_value": 22733,
        "finance_status": "benchmark_average",
        "finance_method": "peer_group_average_high_dispersion_fallback",
        "finance_source": "ACARA National Report on Schooling",
        "temporal_warning": "School profile and finance values describe the institution in their reporting year, not the resources available when the parliamentarian attended. Reviewed successor mappings describe the successor institution."
      }
    },
    {
      "type": "Feature",
      "geometry": {
        "type": "Point",
        "coordinates": [
          116.22,
          -31.8752
        ]
      },
      "properties": {
        "institution_id": "acara-48127",
        "acara_id": "48127",
        "school_name": "Eastern Hills Senior High School",
        "school_sector": "Government",
        "government_non_government": "Government",
        "school_type": "Sec",
        "campus_type": "Sec",
        "year_range": "7-12",
        "state": "WA",
        "suburb": "Mount Helena",
        "postcode": "6082",
        "remoteness_category": "Major Cities",
        "longitude": 116.22,
        "latitude": -31.8752,
        "profile_year": 2025,
        "total_enrolments": 789,
        "girls_enrolments": 366,
        "boys_enrolments": 423,
        "fte_enrolments": 789.0,
        "icsea": 998,
        "icsea_percentile": 46,
        "sea_bottom_quarter_pct": 35.0,
        "sea_lower_middle_quarter_pct": 33.0,
        "sea_upper_middle_quarter_pct": 22.0,
        "sea_top_quarter_pct": 9.0,
        "indigenous_enrolments_pct": 4.0,
        "lbote_pct": 6.0,
        "member_count": 1,
        "members": [
          {
            "member_id": "aph-i0t",
            "name": "PRATT, Louise Clare",
            "parliaments": [
              43,
              44,
              45,
              46,
              47
            ],
            "services": [
              {
                "service_id": "srv-i0t-43-0889c5486015afc9",
                "parliament_number": 43,
                "party": "Australian Labor Party",
                "party_abbrev": "ALP",
                "chamber": "senate"
              },
              {
                "service_id": "srv-i0t-44-01b9a77a33b6a974",
                "parliament_number": 44,
                "party": "Australian Labor Party",
                "party_abbrev": "ALP",
                "chamber": "senate"
              },
              {
                "service_id": "srv-i0t-45-5884db98268c8500",
                "parliament_number": 45,
                "party": "Australian Labor Party",
                "party_abbrev": "ALP",
                "chamber": "senate"
              },
              {
                "service_id": "srv-i0t-46-d19b52cb6326a717",
                "parliament_number": 46,
                "party": "Australian Labor Party",
                "party_abbrev": "ALP",
                "chamber": "senate"
              },
              {
                "service_id": "srv-i0t-47-a918f73acd4a4e61",
                "parliament_number": 47,
                "party": "Australian Labor Party",
                "party_abbrev": "ALP",
                "chamber": "senate"
              }
            ]
          }
        ],
        "education_assertions": [
          {
            "education_id": "edu-i0t-74636fb6e07d1082",
            "member_id": "aph-i0t",
            "school_name_as_recorded": "Eastern Hills Senior High School",
            "source_url": "https://handbookapi.aph.gov.au/api/individuals?$filter=PHID eq 'I0T'",
            "retrieved_at": "2026-10-02T08:23:59.813516+10:00",
            "confidence": "verified",
            "attended_status": "attended_unspecified",
            "institution_resolution": "direct",
            "resolution_source_url": null
          }
        ],
        "parliaments": [
          43,
          44,
          45,
          46,
          47
        ],
        "finance_year": 2024,
        "finance_metric": "total_net_recurrent_income_per_student",
        "finance_value": 18659,
        "finance_status": "estimated_indexed",
        "finance_method": "acara_state_sector_geolocation_index",
        "finance_source": "ACARA National Report on Schooling",
        "temporal_warning": "School profile and finance values describe the institution in their reporting year, not the resources available when the parliamentarian attended. Reviewed successor mappings describe the successor institution."
      }
    },
    {
      "type": "Feature",
      "geometry": {
        "type": "Point",
        "coordinates": [
          149.907,
          -37.0553
        ]
      },
      "properties": {
        "institution_id": "acara-42927",
        "acara_id": "42927",
        "school_name": "Eden Marine High School",
        "school_sector": "Government",
        "government_non_government": "Government",
        "school_type": "Sec",
        "campus_type": "Sec",
        "year_range": "7-12",
        "state": "NSW",
        "suburb": "Eden",
        "postcode": "2551",
        "remoteness_category": "Outer Regional",
        "longitude": 149.907,
        "latitude": -37.0553,
        "profile_year": 2025,
        "total_enrolments": 536,
        "girls_enrolments": 243,
        "boys_enrolments": 293,
        "fte_enrolments": 536.0,
        "icsea": 956,
        "icsea_percentile": 27,
        "sea_bottom_quarter_pct": 44.0,
        "sea_lower_middle_quarter_pct": 32.0,
        "sea_upper_middle_quarter_pct": 17.0,
        "sea_top_quarter_pct": 7.0,
        "indigenous_enrolments_pct": 13.0,
        "lbote_pct": 5.0,
        "member_count": 1,
        "members": [
          {
            "member_id": "aph-281988",
            "name": "McBAIN, the Hon. Kristy Louise",
            "parliaments": [
              47,
              48
            ],
            "services": [
              {
                "service_id": "srv-281988-47-4c44f0eb419ac3a5",
                "parliament_number": 47,
                "party": "Australian Labor Party",
                "party_abbrev": "ALP",
                "chamber": "representatives"
              },
              {
                "service_id": "srv-281988-48-f50cad8049199bb6",
                "parliament_number": 48,
                "party": "Australian Labor Party",
                "party_abbrev": "ALP",
                "chamber": "representatives"
              }
            ]
          }
        ],
        "education_assertions": [
          {
            "education_id": "edu-281988-1142b07c21828a3d",
            "member_id": "aph-281988",
            "school_name_as_recorded": "Eden Marine High School",
            "source_url": "https://handbookapi.aph.gov.au/api/individuals?$filter=PHID eq '281988'",
            "retrieved_at": "2026-10-02T08:23:59.813516+10:00",
            "confidence": "verified",
            "attended_status": "attended_unspecified",
            "institution_resolution": "direct",
            "resolution_source_url": null
          }
        ],
        "parliaments": [
          47,
          48
        ],
        "finance_year": 2024,
        "finance_metric": "total_net_recurrent_income_per_student",
        "finance_value": 23607,
        "finance_status": "estimated_indexed",
        "finance_method": "acara_state_sector_geolocation_index",
        "finance_source": "ACARA National Report on Schooling",
        "temporal_warning": "School profile and finance values describe the institution in their reporting year, not the resources available when the parliamentarian attended. Reviewed successor mappings describe the successor institution."
      }
    },
    {
      "type": "Feature",
      "geometry": {
        "type": "Point",
        "coordinates": [
          150.793,
          -33.8323
        ]
      },
      "properties": {
        "institution_id": "acara-43216",
        "acara_id": "43216",
        "school_name": "Emmaus Catholic College",
        "school_sector": "Catholic",
        "government_non_government": "Non-government",
        "school_type": "Sec",
        "campus_type": "Sec",
        "year_range": "7-12",
        "state": "NSW",
        "suburb": "Kemps Creek",
        "postcode": "2178",
        "remoteness_category": "Major Cities",
        "longitude": 150.793,
        "latitude": -33.8323,
        "profile_year": 2025,
        "total_enrolments": 674,
        "girls_enrolments": 359,
        "boys_enrolments": 315,
        "fte_enrolments": 674.0,
        "icsea": 996,
        "icsea_percentile": 45,
        "sea_bottom_quarter_pct": 34.0,
        "sea_lower_middle_quarter_pct": 33.0,
        "sea_upper_middle_quarter_pct": 24.0,
        "sea_top_quarter_pct": 9.0,
        "indigenous_enrolments_pct": 4.0,
        "lbote_pct": 53.0,
        "member_count": 1,
        "members": [
          {
            "member_id": "aph-00amr",
            "name": "KING, the Hon. Catherine Fiona",
            "parliaments": [
              42,
              43,
              44,
              45,
              46,
              47,
              48
            ],
            "services": [
              {
                "service_id": "srv-00amr-42-432762e60cdca6c2",
                "parliament_number": 42,
                "party": "Australian Labor Party",
                "party_abbrev": "ALP",
                "chamber": "representatives"
              },
              {
                "service_id": "srv-00amr-43-70dd59ee74723a31",
                "parliament_number": 43,
                "party": "Australian Labor Party",
                "party_abbrev": "ALP",
                "chamber": "representatives"
              },
              {
                "service_id": "srv-00amr-44-f028b4228fdd14b7",
                "parliament_number": 44,
                "party": "Australian Labor Party",
                "party_abbrev": "ALP",
                "chamber": "representatives"
              },
              {
                "service_id": "srv-00amr-45-d71539a381d44f49",
                "parliament_number": 45,
                "party": "Australian Labor Party",
                "party_abbrev": "ALP",
                "chamber": "representatives"
              },
              {
                "service_id": "srv-00amr-46-39aaf6d6fc5fc7dd",
                "parliament_number": 46,
                "party": "Australian Labor Party",
                "party_abbrev": "ALP",
                "chamber": "representatives"
              },
              {
                "service_id": "srv-00amr-47-77a952a688c8b2eb",
                "parliament_number": 47,
                "party": "Australian Labor Party",
                "party_abbrev": "ALP",
                "chamber": "representatives"
              },
              {
                "service_id": "srv-00amr-48-3cebff7a7f45ccf9",
                "parliament_number": 48,
                "party": "Australian Labor Party",
                "party_abbrev": "ALP",
                "chamber": "representatives"
              }
            ]
          }
        ],
        "education_assertions": [
          {
            "education_id": "edu-00amr-3a0128eebb304edc",
            "member_id": "aph-00amr",
            "school_name_as_recorded": "Emmaus Catholic College",
            "source_url": "https://handbookapi.aph.gov.au/api/individuals?$filter=PHID eq '00AMR'",
            "retrieved_at": "2026-10-02T08:23:59.813516+10:00",
            "confidence": "verified",
            "attended_status": "attended_unspecified",
            "institution_resolution": "direct",
            "resolution_source_url": null
          }
        ],
        "parliaments": [
          42,
          43,
          44,
          45,
          46,
          47,
          48
        ],
        "finance_year": 2024,
        "finance_metric": "total_net_recurrent_income_per_student",
        "finance_value": 21184,
        "finance_status": "benchmark_average",
        "finance_method": "peer_group_average",
        "finance_source": "ACARA National Report on Schooling",
        "temporal_warning": "School profile and finance values describe the institution in their reporting year, not the resources available when the parliamentarian attended. Reviewed successor mappings describe the successor institution."
      }
    },
    {
      "type": "Feature",
      "geometry": {
        "type": "Point",
        "coordinates": [
          152.998,
          -27.4076
        ]
      },
      "properties": {
        "institution_id": "acara-47454",
        "acara_id": "47454",
        "school_name": "Everton Park State High School",
        "school_sector": "Government",
        "government_non_government": "Government",
        "school_type": "Sec",
        "campus_type": "Sec",
        "year_range": "7-12",
        "state": "QLD",
        "suburb": "Everton Park",
        "postcode": "4053",
        "remoteness_category": "Major Cities",
        "longitude": 152.998,
        "latitude": -27.4076,
        "profile_year": 2025,
        "total_enrolments": 482,
        "girls_enrolments": 215,
        "boys_enrolments": 267,
        "fte_enrolments": 481.6,
        "icsea": 1001,
        "icsea_percentile": 47,
        "sea_bottom_quarter_pct": 32.0,
        "sea_lower_middle_quarter_pct": 30.0,
        "sea_upper_middle_quarter_pct": 23.0,
        "sea_top_quarter_pct": 15.0,
        "indigenous_enrolments_pct": 9.0,
        "lbote_pct": 24.0,
        "member_count": 1,
        "members": [
          {
            "member_id": "aph-e09",
            "name": "OWENS, Julie Ann",
            "parliaments": [
              42,
              43,
              44,
              45,
              46
            ],
            "services": [
              {
                "service_id": "srv-e09-42-4d70234d59c3f6f4",
                "parliament_number": 42,
                "party": "Australian Labor Party",
                "party_abbrev": "ALP",
                "chamber": "representatives"
              },
              {
                "service_id": "srv-e09-43-8ed18dc44b8b956c",
                "parliament_number": 43,
                "party": "Australian Labor Party",
                "party_abbrev": "ALP",
                "chamber": "representatives"
              },
              {
                "service_id": "srv-e09-44-a90f2f16b150aa38",
                "parliament_number": 44,
                "party": "Australian Labor Party",
                "party_abbrev": "ALP",
                "chamber": "representatives"
              },
              {
                "service_id": "srv-e09-45-0f872638d58fbbf6",
                "parliament_number": 45,
                "party": "Australian Labor Party",
                "party_abbrev": "ALP",
                "chamber": "representatives"
              },
              {
                "service_id": "srv-e09-46-0770bd7ac43eefcf",
                "parliament_number": 46,
                "party": "Australian Labor Party",
                "party_abbrev": "ALP",
                "chamber": "representatives"
              }
            ]
          }
        ],
        "education_assertions": [
          {
            "education_id": "edu-e09-f7553c62f045c3ed",
            "member_id": "aph-e09",
            "school_name_as_recorded": "Everton Park State High School",
            "source_url": "https://handbookapi.aph.gov.au/api/individuals?$filter=PHID eq 'E09'",
            "retrieved_at": "2026-10-02T08:23:59.813516+10:00",
            "confidence": "verified",
            "attended_status": "attended_unspecified",
            "institution_resolution": "direct",
            "resolution_source_url": null
          }
        ],
        "parliaments": [
          42,
          43,
          44,
          45,
          46
        ],
        "finance_year": 2024,
        "finance_metric": "total_net_recurrent_income_per_student",
        "finance_value": 23590,
        "finance_status": "estimated_indexed",
        "finance_method": "acara_state_sector_geolocation_index",
        "finance_source": "ACARA National Report on Schooling",
        "temporal_warning": "School profile and finance values describe the institution in their reporting year, not the resources available when the parliamentarian attended. Reviewed successor mappings describe the successor institution."
      }
    },
    {
      "type": "Feature",
      "geometry": {
        "type": "Point",
        "coordinates": [
          150.98,
          -31.1385
        ]
      },
      "properties": {
        "institution_id": "acara-42515",
        "acara_id": "42515",
        "school_name": "Farrer Memorial Agricultural High School",
        "school_sector": "Government",
        "government_non_government": "Government",
        "school_type": "Sec",
        "campus_type": "Sec",
        "year_range": "7-12",
        "state": "NSW",
        "suburb": "Calala",
        "postcode": "2340",
        "remoteness_category": "Inner Regional",
        "longitude": 150.98,
        "latitude": -31.1385,
        "profile_year": 2025,
        "total_enrolments": 606,
        "girls_enrolments": 0,
        "boys_enrolments": 606,
        "fte_enrolments": 606.0,
        "icsea": 1025,
        "icsea_percentile": 58,
        "sea_bottom_quarter_pct": 17.0,
        "sea_lower_middle_quarter_pct": 33.0,
        "sea_upper_middle_quarter_pct": 31.0,
        "sea_top_quarter_pct": 19.0,
        "indigenous_enrolments_pct": 13.0,
        "lbote_pct": 2.0,
        "member_count": 1,
        "members": [
          {
            "member_id": "aph-hwn",
            "name": "COULTON, the Hon. Mark Maclean",
            "parliaments": [
              42,
              43,
              44,
              45,
              46,
              47
            ],
            "services": [
              {
                "service_id": "srv-hwn-42-b1921b3cf826c492",
                "parliament_number": 42,
                "party": "The Nationals",
                "party_abbrev": "NP",
                "chamber": "representatives"
              },
              {
                "service_id": "srv-hwn-43-efa7500cb5690669",
                "parliament_number": 43,
                "party": "The Nationals",
                "party_abbrev": "NP",
                "chamber": "representatives"
              },
              {
                "service_id": "srv-hwn-44-7ba083bc5e84f13c",
                "parliament_number": 44,
                "party": "The Nationals",
                "party_abbrev": "NP",
                "chamber": "representatives"
              },
              {
                "service_id": "srv-hwn-45-b8d67be7a49478d4",
                "parliament_number": 45,
                "party": "The Nationals",
                "party_abbrev": "NP",
                "chamber": "representatives"
              },
              {
                "service_id": "srv-hwn-46-5a609f10a158c2c7",
                "parliament_number": 46,
                "party": "The Nationals",
                "party_abbrev": "NP",
                "chamber": "representatives"
              },
              {
                "service_id": "srv-hwn-47-45047157c7c7695c",
                "parliament_number": 47,
                "party": "The Nationals",
                "party_abbrev": "NP",
                "chamber": "representatives"
              }
            ]
          }
        ],
        "education_assertions": [
          {
            "education_id": "edu-hwn-476fdab64841cc4a",
            "member_id": "aph-hwn",
            "school_name_as_recorded": "Farrer Memorial Agricultural High School",
            "source_url": "https://handbookapi.aph.gov.au/api/individuals?$filter=PHID eq 'HWN'",
            "retrieved_at": "2026-10-02T08:23:59.813516+10:00",
            "confidence": "verified",
            "attended_status": "attended_unspecified",
            "institution_resolution": "direct",
            "resolution_source_url": null
          }
        ],
        "parliaments": [
          42,
          43,
          44,
          45,
          46,
          47
        ],
        "finance_year": 2024,
        "finance_metric": "total_net_recurrent_income_per_student",
        "finance_value": 28308,
        "finance_status": "estimated_indexed",
        "finance_method": "acara_state_sector_geolocation_index",
        "finance_source": "ACARA National Report on Schooling",
        "temporal_warning": "School profile and finance values describe the institution in their reporting year, not the resources available when the parliamentarian attended. Reviewed successor mappings describe the successor institution."
      }
    },
    {
      "type": "Feature",
      "geometry": {
        "type": "Point",
        "coordinates": [
          144.399,
          -38.0669
        ]
      },
      "properties": {
        "institution_id": "acara-50402",
        "acara_id": "50402",
        "school_name": "Geelong Grammar School - Corio Campus",
        "school_sector": "Independent",
        "government_non_government": "Non-government",
        "school_type": "Pri/Sec",
        "campus_type": "Pri/Sec",
        "year_range": "Prep-12",
        "state": "VIC",
        "suburb": "Corio",
        "postcode": "3214",
        "remoteness_category": "Major Cities",
        "longitude": 144.399,
        "latitude": -38.0669,
        "profile_year": 2025,
        "total_enrolments": 1422,
        "girls_enrolments": 614,
        "boys_enrolments": 808,
        "fte_enrolments": 1422.0,
        "icsea": 1149,
        "icsea_percentile": 95,
        "sea_bottom_quarter_pct": 2.0,
        "sea_lower_middle_quarter_pct": 8.0,
        "sea_upper_middle_quarter_pct": 28.0,
        "sea_top_quarter_pct": 62.0,
        "indigenous_enrolments_pct": 1.0,
        "lbote_pct": 36.0,
        "member_count": 1,
        "members": [
          {
            "member_id": "aph-hwq",
            "name": "MARLES, the Hon. Richard Donald",
            "parliaments": [
              42,
              43,
              44,
              45,
              46,
              47,
              48
            ],
            "services": [
              {
                "service_id": "srv-hwq-42-e498fd7ee9cb0263",
                "parliament_number": 42,
                "party": "Australian Labor Party",
                "party_abbrev": "ALP",
                "chamber": "representatives"
              },
              {
                "service_id": "srv-hwq-43-32a525314f4bd3ab",
                "parliament_number": 43,
                "party": "Australian Labor Party",
                "party_abbrev": "ALP",
                "chamber": "representatives"
              },
              {
                "service_id": "srv-hwq-44-22f08f0ec5b975e8",
                "parliament_number": 44,
                "party": "Australian Labor Party",
                "party_abbrev": "ALP",
                "chamber": "representatives"
              },
              {
                "service_id": "srv-hwq-45-893d1eb1992b48a3",
                "parliament_number": 45,
                "party": "Australian Labor Party",
                "party_abbrev": "ALP",
                "chamber": "representatives"
              },
              {
                "service_id": "srv-hwq-46-da2f0132a7608d80",
                "parliament_number": 46,
                "party": "Australian Labor Party",
                "party_abbrev": "ALP",
                "chamber": "representatives"
              },
              {
                "service_id": "srv-hwq-47-a0a4b377b71159e5",
                "parliament_number": 47,
                "party": "Australian Labor Party",
                "party_abbrev": "ALP",
                "chamber": "representatives"
              },
              {
                "service_id": "srv-hwq-48-11e782178a038df2",
                "parliament_number": 48,
                "party": "Australian Labor Party",
                "party_abbrev": "ALP",
                "chamber": "representatives"
              }
            ]
          }
        ],
        "education_assertions": [
          {
            "education_id": "edu-hwq-527d7a9130bf9736",
            "member_id": "aph-hwq",
            "school_name_as_recorded": "Geelong Grammar School",
            "source_url": "https://handbookapi.aph.gov.au/api/individuals?$filter=PHID eq 'HWQ'",
            "retrieved_at": "2026-10-02T08:23:59.813516+10:00",
            "confidence": "verified",
            "attended_status": "attended_unspecified",
            "institution_resolution": "direct",
            "resolution_source_url": null
          }
        ],
        "parliaments": [
          42,
          43,
          44,
          45,
          46,
          47,
          48
        ],
        "finance_year": 2024,
        "finance_metric": "total_net_recurrent_income_per_student",
        "finance_value": 30432,
        "finance_status": "estimated_indexed",
        "finance_method": "acara_state_sector_geolocation_index",
        "finance_source": "ACARA National Report on Schooling",
        "temporal_warning": "School profile and finance values describe the institution in their reporting year, not the resources available when the parliamentarian attended. Reviewed successor mappings describe the successor institution."
      }
    },
    {
      "type": "Feature",
      "geometry": {
        "type": "Point",
        "coordinates": [
          151.742,
          -29.7443
        ]
      },
      "properties": {
        "institution_id": "acara-42516",
        "acara_id": "42516",
        "school_name": "Glen Innes High School",
        "school_sector": "Government",
        "government_non_government": "Government",
        "school_type": "Sec",
        "campus_type": "Sec",
        "year_range": "7-12",
        "state": "NSW",
        "suburb": "Glen Innes",
        "postcode": "2370",
        "remoteness_category": "Inner Regional",
        "longitude": 151.742,
        "latitude": -29.7443,
        "profile_year": 2025,
        "total_enrolments": 434,
        "girls_enrolments": 215,
        "boys_enrolments": 219,
        "fte_enrolments": 433.6,
        "icsea": 926,
        "icsea_percentile": 17,
        "sea_bottom_quarter_pct": 51.0,
        "sea_lower_middle_quarter_pct": 28.0,
        "sea_upper_middle_quarter_pct": 14.0,
        "sea_top_quarter_pct": 7.0,
        "indigenous_enrolments_pct": 22.0,
        "lbote_pct": 4.0,
        "member_count": 1,
        "members": [
          {
            "member_id": "aph-16913",
            "name": "AYRES, the Hon. Timothy (Tim)",
            "parliaments": [
              46,
              47,
              48
            ],
            "services": [
              {
                "service_id": "srv-16913-46-1c1470492dd2564e",
                "parliament_number": 46,
                "party": "Australian Labor Party",
                "party_abbrev": "ALP",
                "chamber": "senate"
              },
              {
                "service_id": "srv-16913-47-53e7b0c906810e2f",
                "parliament_number": 47,
                "party": "Australian Labor Party",
                "party_abbrev": "ALP",
                "chamber": "senate"
              },
              {
                "service_id": "srv-16913-48-c5a1a778bed2742f",
                "parliament_number": 48,
                "party": "Australian Labor Party",
                "party_abbrev": "ALP",
                "chamber": "senate"
              }
            ]
          }
        ],
        "education_assertions": [
          {
            "education_id": "edu-16913-d8536ae98921454c",
            "member_id": "aph-16913",
            "school_name_as_recorded": "Glen Innes High School",
            "source_url": "https://handbookapi.aph.gov.au/api/individuals?$filter=PHID eq '16913'",
            "retrieved_at": "2026-10-02T08:23:59.813516+10:00",
            "confidence": "verified",
            "attended_status": "attended_unspecified",
            "institution_resolution": "direct",
            "resolution_source_url": null
          }
        ],
        "parliaments": [
          46,
          47,
          48
        ],
        "finance_year": 2024,
        "finance_metric": "total_net_recurrent_income_per_student",
        "finance_value": 25396,
        "finance_status": "estimated_indexed",
        "finance_method": "acara_state_sector_geolocation_index",
        "finance_source": "ACARA National Report on Schooling",
        "temporal_warning": "School profile and finance values describe the institution in their reporting year, not the resources available when the parliamentarian attended. Reviewed successor mappings describe the successor institution."
      }
    },
    {
      "type": "Feature",
      "geometry": {
        "type": "Point",
        "coordinates": [
          151.341,
          -33.4172
        ]
      },
      "properties": {
        "institution_id": "acara-42090",
        "acara_id": "42090",
        "school_name": "Gosford High School",
        "school_sector": "Government",
        "government_non_government": "Government",
        "school_type": "Sec",
        "campus_type": "Sec",
        "year_range": "7-12",
        "state": "NSW",
        "suburb": "Gosford",
        "postcode": "2250",
        "remoteness_category": "Major Cities",
        "longitude": 151.341,
        "latitude": -33.4172,
        "profile_year": 2025,
        "total_enrolments": 1067,
        "girls_enrolments": 464,
        "boys_enrolments": 603,
        "fte_enrolments": 1058.1,
        "icsea": 1157,
        "icsea_percentile": 96,
        "sea_bottom_quarter_pct": 2.0,
        "sea_lower_middle_quarter_pct": 11.0,
        "sea_upper_middle_quarter_pct": 27.0,
        "sea_top_quarter_pct": 60.0,
        "indigenous_enrolments_pct": 1.0,
        "lbote_pct": 63.0,
        "member_count": 2,
        "members": [
          {
            "member_id": "aph-249127",
            "name": "CONROY, the Hon. Patrick (Pat) Martin",
            "parliaments": [
              44,
              45,
              46,
              47,
              48
            ],
            "services": [
              {
                "service_id": "srv-249127-44-5c775a70061b773c",
                "parliament_number": 44,
                "party": "Australian Labor Party",
                "party_abbrev": "ALP",
                "chamber": "representatives"
              },
              {
                "service_id": "srv-249127-45-1c80d73f026777a9",
                "parliament_number": 45,
                "party": "Australian Labor Party",
                "party_abbrev": "ALP",
                "chamber": "representatives"
              },
              {
                "service_id": "srv-249127-46-8bb07e2b8147f6d4",
                "parliament_number": 46,
                "party": "Australian Labor Party",
                "party_abbrev": "ALP",
                "chamber": "representatives"
              },
              {
                "service_id": "srv-249127-47-d7262cb1086981c3",
                "parliament_number": 47,
                "party": "Australian Labor Party",
                "party_abbrev": "ALP",
                "chamber": "representatives"
              },
              {
                "service_id": "srv-249127-48-3be6975d8b3295db",
                "parliament_number": 48,
                "party": "Australian Labor Party",
                "party_abbrev": "ALP",
                "chamber": "representatives"
              }
            ]
          },
          {
            "member_id": "aph-317026",
            "name": "WHITTEN, Tyron",
            "parliaments": [
              48
            ],
            "services": [
              {
                "service_id": "srv-317026-48-524127aaf1f3c9c7",
                "parliament_number": 48,
                "party": "Pauline Hanson's One Nation",
                "party_abbrev": "PHON",
                "chamber": "senate"
              }
            ]
          }
        ],
        "education_assertions": [
          {
            "education_id": "edu-249127-093cff2b37e44619",
            "member_id": "aph-249127",
            "school_name_as_recorded": "Gosford High School",
            "source_url": "https://handbookapi.aph.gov.au/api/individuals?$filter=PHID eq '249127'",
            "retrieved_at": "2026-10-02T08:23:59.813516+10:00",
            "confidence": "verified",
            "attended_status": "attended_unspecified",
            "institution_resolution": "direct",
            "resolution_source_url": null
          },
          {
            "education_id": "edu-317026-093cff2b37e44619",
            "member_id": "aph-317026",
            "school_name_as_recorded": "Gosford High School",
            "source_url": "https://handbookapi.aph.gov.au/api/individuals?$filter=PHID eq '317026'",
            "retrieved_at": "2026-10-02T08:23:59.813516+10:00",
            "confidence": "verified",
            "attended_status": "attended_unspecified",
            "institution_resolution": "direct",
            "resolution_source_url": null
          }
        ],
        "parliaments": [
          44,
          45,
          46,
          47,
          48
        ],
        "finance_year": 2024,
        "finance_metric": "total_net_recurrent_income_per_student",
        "finance_value": 16833,
        "finance_status": "estimated_indexed",
        "finance_method": "acara_state_sector_geolocation_index",
        "finance_source": "ACARA National Report on Schooling",
        "temporal_warning": "School profile and finance values describe the institution in their reporting year, not the resources available when the parliamentarian attended. Reviewed successor mappings describe the successor institution."
      }
    },
    {
      "type": "Feature",
      "geometry": {
        "type": "Point",
        "coordinates": [
          115.981,
          -31.8949
        ]
      },
      "properties": {
        "institution_id": "acara-49021",
        "acara_id": "49021",
        "school_name": "Guildford Grammar School",
        "school_sector": "Independent",
        "government_non_government": "Non-government",
        "school_type": "Pri/Sec",
        "campus_type": "Pri/Sec",
        "year_range": "PP-12",
        "state": "WA",
        "suburb": "Guildford",
        "postcode": "6055",
        "remoteness_category": "Major Cities",
        "longitude": 115.981,
        "latitude": -31.8949,
        "profile_year": 2025,
        "total_enrolments": 1225,
        "girls_enrolments": 504,
        "boys_enrolments": 721,
        "fte_enrolments": 1225.0,
        "icsea": 1100,
        "icsea_percentile": 84,
        "sea_bottom_quarter_pct": 6.0,
        "sea_lower_middle_quarter_pct": 19.0,
        "sea_upper_middle_quarter_pct": 30.0,
        "sea_top_quarter_pct": 45.0,
        "indigenous_enrolments_pct": 7.0,
        "lbote_pct": 11.0,
        "member_count": 1,
        "members": [
          {
            "member_id": "aph-198084",
            "name": "WILSON, Richard (Rick) James",
            "parliaments": [
              44,
              45,
              46,
              47,
              48
            ],
            "services": [
              {
                "service_id": "srv-198084-44-0e712599bd7c9d87",
                "parliament_number": 44,
                "party": "Liberal Party of Australia",
                "party_abbrev": "LP",
                "chamber": "representatives"
              },
              {
                "service_id": "srv-198084-45-71d5adc53bb1766e",
                "parliament_number": 45,
                "party": "Liberal Party of Australia",
                "party_abbrev": "LP",
                "chamber": "representatives"
              },
              {
                "service_id": "srv-198084-46-1df918b9983bc136",
                "parliament_number": 46,
                "party": "Liberal Party of Australia",
                "party_abbrev": "LP",
                "chamber": "representatives"
              },
              {
                "service_id": "srv-198084-47-143bf66d7c5874e0",
                "parliament_number": 47,
                "party": "Liberal Party of Australia",
                "party_abbrev": "LP",
                "chamber": "representatives"
              },
              {
                "service_id": "srv-198084-48-ef80edc9fda4591a",
                "parliament_number": 48,
                "party": "Liberal Party of Australia",
                "party_abbrev": "LP",
                "chamber": "representatives"
              }
            ]
          }
        ],
        "education_assertions": [
          {
            "education_id": "edu-198084-877bc6f4849902ca",
            "member_id": "aph-198084",
            "school_name_as_recorded": "Guildford Grammar School",
            "source_url": "https://handbookapi.aph.gov.au/api/individuals?$filter=PHID eq '198084'",
            "retrieved_at": "2026-10-02T08:23:59.813516+10:00",
            "confidence": "verified",
            "attended_status": "attended_unspecified",
            "institution_resolution": "direct",
            "resolution_source_url": null
          }
        ],
        "parliaments": [
          44,
          45,
          46,
          47,
          48
        ],
        "finance_year": 2024,
        "finance_metric": "total_net_recurrent_income_per_student",
        "finance_value": 40401,
        "finance_status": "estimated_indexed",
        "finance_method": "acara_state_sector_geolocation_index",
        "finance_source": "ACARA National Report on Schooling",
        "temporal_warning": "School profile and finance values describe the institution in their reporting year, not the resources available when the parliamentarian attended. Reviewed successor mappings describe the successor institution."
      }
    },
    {
      "type": "Feature",
      "geometry": {
        "type": "Point",
        "coordinates": [
          145.146,
          -37.996
        ]
      },
      "properties": {
        "institution_id": "acara-46189",
        "acara_id": "46189",
        "school_name": "Haileybury College - Keysborough Boys",
        "school_sector": "Independent",
        "government_non_government": "Non-government",
        "school_type": "Pri/Sec",
        "campus_type": "Pri/Sec",
        "year_range": "Prep-12",
        "state": "VIC",
        "suburb": "Keysborough",
        "postcode": "3173",
        "remoteness_category": "Major Cities",
        "longitude": 145.146,
        "latitude": -37.996,
        "profile_year": 2025,
        "total_enrolments": 4880,
        "girls_enrolments": 2300,
        "boys_enrolments": 2580,
        "fte_enrolments": 4871.8,
        "icsea": 1191,
        "icsea_percentile": 99,
        "sea_bottom_quarter_pct": 1.0,
        "sea_lower_middle_quarter_pct": 6.0,
        "sea_upper_middle_quarter_pct": 19.0,
        "sea_top_quarter_pct": 73.0,
        "indigenous_enrolments_pct": 0.0,
        "lbote_pct": 49.0,
        "member_count": 1,
        "members": [
          {
            "member_id": "aph-m2y",
            "name": "TUDGE, the Hon. Alan Edward",
            "parliaments": [
              43,
              44,
              45,
              46,
              47
            ],
            "services": [
              {
                "service_id": "srv-m2y-43-6a8e9127c21b4c6e",
                "parliament_number": 43,
                "party": "Liberal Party of Australia",
                "party_abbrev": "LP",
                "chamber": "representatives"
              },
              {
                "service_id": "srv-m2y-44-692e6fd661191800",
                "parliament_number": 44,
                "party": "Liberal Party of Australia",
                "party_abbrev": "LP",
                "chamber": "representatives"
              },
              {
                "service_id": "srv-m2y-45-d48da6dc4d5bcc87",
                "parliament_number": 45,
                "party": "Liberal Party of Australia",
                "party_abbrev": "LP",
                "chamber": "representatives"
              },
              {
                "service_id": "srv-m2y-46-d7f4d90e71f3f1e1",
                "parliament_number": 46,
                "party": "Liberal Party of Australia",
                "party_abbrev": "LP",
                "chamber": "representatives"
              },
              {
                "service_id": "srv-m2y-47-27c7bf8edc11bae7",
                "parliament_number": 47,
                "party": "Liberal Party of Australia",
                "party_abbrev": "LP",
                "chamber": "representatives"
              }
            ]
          }
        ],
        "education_assertions": [
          {
            "education_id": "edu-m2y-cf6577bf96921969",
            "member_id": "aph-m2y",
            "school_name_as_recorded": "Haileybury College",
            "source_url": "https://handbookapi.aph.gov.au/api/individuals?$filter=PHID eq 'M2Y'",
            "retrieved_at": "2026-10-02T08:23:59.813516+10:00",
            "confidence": "verified",
            "attended_status": "attended_unspecified",
            "institution_resolution": "direct",
            "resolution_source_url": null
          }
        ],
        "parliaments": [
          43,
          44,
          45,
          46,
          47
        ],
        "finance_year": 2024,
        "finance_metric": "total_net_recurrent_income_per_student",
        "finance_value": 26946,
        "finance_status": "benchmark_average",
        "finance_method": "peer_group_average",
        "finance_source": "ACARA National Report on Schooling",
        "temporal_warning": "School profile and finance values describe the institution in their reporting year, not the resources available when the parliamentarian attended. Reviewed successor mappings describe the successor institution."
      }
    },
    {
      "type": "Feature",
      "geometry": {
        "type": "Point",
        "coordinates": [
          115.926,
          -31.8902
        ]
      },
      "properties": {
        "institution_id": "acara-48131",
        "acara_id": "48131",
        "school_name": "Hampton Senior High School",
        "school_sector": "Government",
        "government_non_government": "Government",
        "school_type": "Sec",
        "campus_type": "Sec",
        "year_range": "7-12",
        "state": "WA",
        "suburb": "Morley",
        "postcode": "6062",
        "remoteness_category": "Major Cities",
        "longitude": 115.926,
        "latitude": -31.8902,
        "profile_year": 2025,
        "total_enrolments": 1092,
        "girls_enrolments": 539,
        "boys_enrolments": 553,
        "fte_enrolments": 1092.0,
        "icsea": 983,
        "icsea_percentile": 39,
        "sea_bottom_quarter_pct": 39.0,
        "sea_lower_middle_quarter_pct": 33.0,
        "sea_upper_middle_quarter_pct": 20.0,
        "sea_top_quarter_pct": 7.0,
        "indigenous_enrolments_pct": 5.0,
        "lbote_pct": 41.0,
        "member_count": 1,
        "members": [
          {
            "member_id": "aph-m3a",
            "name": "WYATT, the Hon. Kenneth (Ken) George, AM",
            "parliaments": [
              43,
              44,
              45,
              46
            ],
            "services": [
              {
                "service_id": "srv-m3a-43-380e2a69036dc780",
                "parliament_number": 43,
                "party": "Liberal Party of Australia",
                "party_abbrev": "LP",
                "chamber": "representatives"
              },
              {
                "service_id": "srv-m3a-44-55fd7f0b019cdb1d",
                "parliament_number": 44,
                "party": "Liberal Party of Australia",
                "party_abbrev": "LP",
                "chamber": "representatives"
              },
              {
                "service_id": "srv-m3a-45-a479ab64de0986fa",
                "parliament_number": 45,
                "party": "Liberal Party of Australia",
                "party_abbrev": "LP",
                "chamber": "representatives"
              },
              {
                "service_id": "srv-m3a-46-e5839981d95718b6",
                "parliament_number": 46,
                "party": "Liberal Party of Australia",
                "party_abbrev": "LP",
                "chamber": "representatives"
              }
            ]
          }
        ],
        "education_assertions": [
          {
            "education_id": "edu-m3a-c9f8bf9d79ee8f8f",
            "member_id": "aph-m3a",
            "school_name_as_recorded": "Hampton Senior High School",
            "source_url": "https://handbookapi.aph.gov.au/api/individuals?$filter=PHID eq 'M3A'",
            "retrieved_at": "2026-10-02T08:23:59.813516+10:00",
            "confidence": "verified",
            "attended_status": "attended_unspecified",
            "institution_resolution": "direct",
            "resolution_source_url": null
          }
        ],
        "parliaments": [
          43,
          44,
          45,
          46
        ],
        "finance_year": 2024,
        "finance_metric": "total_net_recurrent_income_per_student",
        "finance_value": 19004,
        "finance_status": "estimated_indexed",
        "finance_method": "acara_state_sector_geolocation_index",
        "finance_source": "ACARA National Report on Schooling",
        "temporal_warning": "School profile and finance values describe the institution in their reporting year, not the resources available when the parliamentarian attended. Reviewed successor mappings describe the successor institution."
      }
    },
    {
      "type": "Feature",
      "geometry": {
        "type": "Point",
        "coordinates": [
          138.501,
          -34.9229
        ]
      },
      "properties": {
        "institution_id": "acara-49487",
        "acara_id": "49487",
        "school_name": "Henley High School",
        "school_sector": "Government",
        "government_non_government": "Government",
        "school_type": "Sec",
        "campus_type": "Sec",
        "year_range": "U, 7-12",
        "state": "SA",
        "suburb": "Henley Beach",
        "postcode": "5022",
        "remoteness_category": "Major Cities",
        "longitude": 138.501,
        "latitude": -34.9229,
        "profile_year": 2025,
        "total_enrolments": 1381,
        "girls_enrolments": 650,
        "boys_enrolments": 731,
        "fte_enrolments": 1375.7,
        "icsea": 1045,
        "icsea_percentile": 66,
        "sea_bottom_quarter_pct": 18.0,
        "sea_lower_middle_quarter_pct": 30.0,
        "sea_upper_middle_quarter_pct": 31.0,
        "sea_top_quarter_pct": 21.0,
        "indigenous_enrolments_pct": 4.0,
        "lbote_pct": 26.0,
        "member_count": 1,
        "members": [
          {
            "member_id": "aph-316101",
            "name": "CLUTTERHAM, Claire Louise",
            "parliaments": [
              48
            ],
            "services": [
              {
                "service_id": "srv-316101-48-729861cd8af8e5e6",
                "parliament_number": 48,
                "party": "Australian Labor Party",
                "party_abbrev": "ALP",
                "chamber": "representatives"
              }
            ]
          }
        ],
        "education_assertions": [
          {
            "education_id": "edu-316101-a988d27d80d6c9c4",
            "member_id": "aph-316101",
            "school_name_as_recorded": "Henley High School",
            "source_url": "https://handbookapi.aph.gov.au/api/individuals?$filter=PHID eq '316101'",
            "retrieved_at": "2026-10-02T08:23:59.813516+10:00",
            "confidence": "verified",
            "attended_status": "attended_unspecified",
            "institution_resolution": "direct",
            "resolution_source_url": null
          }
        ],
        "parliaments": [
          48
        ],
        "finance_year": 2024,
        "finance_metric": "total_net_recurrent_income_per_student",
        "finance_value": 19944,
        "finance_status": "benchmark_average",
        "finance_method": "peer_group_average",
        "finance_source": "ACARA National Report on Schooling",
        "temporal_warning": "School profile and finance values describe the institution in their reporting year, not the resources available when the parliamentarian attended. Reviewed successor mappings describe the successor institution."
      }
    },
    {
      "type": "Feature",
      "geometry": {
        "type": "Point",
        "coordinates": [
          147.300368798093,
          -42.8551525815878
        ]
      },
      "properties": {
        "institution_id": "acara-53087",
        "acara_id": "53087",
        "school_name": "Hobart City High School",
        "school_sector": "Government",
        "government_non_government": "Government",
        "school_type": "Sec",
        "campus_type": "Sec",
        "year_range": "7-12",
        "state": "TAS",
        "suburb": "New Town",
        "postcode": "7008",
        "remoteness_category": "Inner Regional",
        "longitude": 147.300368798093,
        "latitude": -42.8551525815878,
        "profile_year": 2025,
        "total_enrolments": 844,
        "girls_enrolments": 408,
        "boys_enrolments": 436,
        "fte_enrolments": 840.5,
        "icsea": 987,
        "icsea_percentile": 41,
        "sea_bottom_quarter_pct": 36.0,
        "sea_lower_middle_quarter_pct": 27.0,
        "sea_upper_middle_quarter_pct": 22.0,
        "sea_top_quarter_pct": 15.0,
        "indigenous_enrolments_pct": 10.0,
        "lbote_pct": 17.0,
        "member_count": 1,
        "members": [
          {
            "member_id": "aph-hzb",
            "name": "BILYK, Catryna Louise",
            "parliaments": [
              43,
              44,
              45,
              46,
              47
            ],
            "services": [
              {
                "service_id": "srv-hzb-43-a9714b55100e2f5d",
                "parliament_number": 43,
                "party": "Australian Labor Party",
                "party_abbrev": "ALP",
                "chamber": "senate"
              },
              {
                "service_id": "srv-hzb-44-b43c23c8e08caae4",
                "parliament_number": 44,
                "party": "Australian Labor Party",
                "party_abbrev": "ALP",
                "chamber": "senate"
              },
              {
                "service_id": "srv-hzb-45-ce0fdb9380d518a9",
                "parliament_number": 45,
                "party": "Australian Labor Party",
                "party_abbrev": "ALP",
                "chamber": "senate"
              },
              {
                "service_id": "srv-hzb-46-a76b34aa832233bf",
                "parliament_number": 46,
                "party": "Australian Labor Party",
                "party_abbrev": "ALP",
                "chamber": "senate"
              },
              {
                "service_id": "srv-hzb-47-187a05e658c170d9",
                "parliament_number": 47,
                "party": "Australian Labor Party",
                "party_abbrev": "ALP",
                "chamber": "senate"
              }
            ]
          }
        ],
        "education_assertions": [
          {
            "education_id": "edu-hzb-de200d94a489bf91",
            "member_id": "aph-hzb",
            "school_name_as_recorded": "Ogilvie High School",
            "source_url": "https://handbookapi.aph.gov.au/api/individuals?$filter=PHID eq 'HZB'",
            "retrieved_at": "2026-10-02T08:23:59.813516+10:00",
            "confidence": "verified",
            "attended_status": "attended_unspecified",
            "institution_resolution": "successor",
            "resolution_source_url": "https://www.decyp.tas.gov.au/institution/hobart-city-high-school/"
          }
        ],
        "parliaments": [
          43,
          44,
          45,
          46,
          47
        ],
        "finance_year": 2024,
        "finance_metric": "total_net_recurrent_income_per_student",
        "finance_value": 22022,
        "finance_status": "benchmark_average",
        "finance_method": "peer_group_average",
        "finance_source": "ACARA National Report on Schooling",
        "temporal_warning": "School profile and finance values describe the institution in their reporting year, not the resources available when the parliamentarian attended. Reviewed successor mappings describe the successor institution."
      }
    },
    {
      "type": "Feature",
      "geometry": {
        "type": "Point",
        "coordinates": [
          150.894,
          -33.9704
        ]
      },
      "properties": {
        "institution_id": "acara-41554",
        "acara_id": "41554",
        "school_name": "Hurlstone Agricultural High School",
        "school_sector": "Government",
        "government_non_government": "Government",
        "school_type": "Sec",
        "campus_type": "Sec",
        "year_range": "7-12",
        "state": "NSW",
        "suburb": "Glenfield",
        "postcode": "2167",
        "remoteness_category": "Major Cities",
        "longitude": 150.894,
        "latitude": -33.9704,
        "profile_year": 2025,
        "total_enrolments": 934,
        "girls_enrolments": 379,
        "boys_enrolments": 555,
        "fte_enrolments": 933.6,
        "icsea": 1147,
        "icsea_percentile": 95,
        "sea_bottom_quarter_pct": 5.0,
        "sea_lower_middle_quarter_pct": 13.0,
        "sea_upper_middle_quarter_pct": 26.0,
        "sea_top_quarter_pct": 56.0,
        "indigenous_enrolments_pct": 1.0,
        "lbote_pct": 90.0,
        "member_count": 2,
        "members": [
          {
            "member_id": "aph-298618",
            "name": "SOON, Zhi",
            "parliaments": [
              48
            ],
            "services": [
              {
                "service_id": "srv-298618-48-884a33a11a077b03",
                "parliament_number": 48,
                "party": "Australian Labor Party",
                "party_abbrev": "ALP",
                "chamber": "representatives"
              }
            ]
          },
          {
            "member_id": "aph-237920",
            "name": "STOKER, the Hon. Amanda Jane",
            "parliaments": [
              46
            ],
            "services": [
              {
                "service_id": "srv-237920-46-9e5ee25010828359",
                "parliament_number": 46,
                "party": "Liberal Party of Australia",
                "party_abbrev": "LP",
                "chamber": "senate"
              }
            ]
          }
        ],
        "education_assertions": [
          {
            "education_id": "edu-237920-941aaf081d117861",
            "member_id": "aph-237920",
            "school_name_as_recorded": "Hurlstone Agricultural High School",
            "source_url": "https://handbookapi.aph.gov.au/api/individuals?$filter=PHID eq '237920'",
            "retrieved_at": "2026-10-02T08:23:59.813516+10:00",
            "confidence": "verified",
            "attended_status": "attended_unspecified",
            "institution_resolution": "direct",
            "resolution_source_url": null
          },
          {
            "education_id": "edu-298618-941aaf081d117861",
            "member_id": "aph-298618",
            "school_name_as_recorded": "Hurlstone Agricultural High School",
            "source_url": "https://handbookapi.aph.gov.au/api/individuals?$filter=PHID eq '298618'",
            "retrieved_at": "2026-10-02T08:23:59.813516+10:00",
            "confidence": "verified",
            "attended_status": "attended_unspecified",
            "institution_resolution": "direct",
            "resolution_source_url": null
          }
        ],
        "parliaments": [
          46,
          48
        ],
        "finance_year": 2024,
        "finance_metric": "total_net_recurrent_income_per_student",
        "finance_value": 18966,
        "finance_status": "estimated_indexed",
        "finance_method": "acara_state_sector_geolocation_index",
        "finance_source": "ACARA National Report on Schooling",
        "temporal_warning": "School profile and finance values describe the institution in their reporting year, not the resources available when the parliamentarian attended. Reviewed successor mappings describe the successor institution."
      }
    },
    {
      "type": "Feature",
      "geometry": {
        "type": "Point",
        "coordinates": [
          115.768,
          -32.0085
        ]
      },
      "properties": {
        "institution_id": "acara-48924",
        "acara_id": "48924",
        "school_name": "Iona Presentation College",
        "school_sector": "Catholic",
        "government_non_government": "Non-government",
        "school_type": "Sec",
        "campus_type": "Sec",
        "year_range": "PP-12",
        "state": "WA",
        "suburb": "Mosman Park",
        "postcode": "6012",
        "remoteness_category": "Major Cities",
        "longitude": 115.768,
        "latitude": -32.0085,
        "profile_year": 2025,
        "total_enrolments": 1265,
        "girls_enrolments": 1257,
        "boys_enrolments": 8,
        "fte_enrolments": 1265.0,
        "icsea": 1141,
        "icsea_percentile": 94,
        "sea_bottom_quarter_pct": 3.0,
        "sea_lower_middle_quarter_pct": 12.0,
        "sea_upper_middle_quarter_pct": 29.0,
        "sea_top_quarter_pct": 56.0,
        "indigenous_enrolments_pct": 1.0,
        "lbote_pct": 11.0,
        "member_count": 1,
        "members": [
          {
            "member_id": "aph-i0m",
            "name": "CASH, the Hon. Michaelia Clare",
            "parliaments": [
              43,
              44,
              45,
              46,
              47,
              48
            ],
            "services": [
              {
                "service_id": "srv-i0m-43-a64575862268c11f",
                "parliament_number": 43,
                "party": "Liberal Party of Australia",
                "party_abbrev": "LP",
                "chamber": "senate"
              },
              {
                "service_id": "srv-i0m-44-9465fa0d85def696",
                "parliament_number": 44,
                "party": "Liberal Party of Australia",
                "party_abbrev": "LP",
                "chamber": "senate"
              },
              {
                "service_id": "srv-i0m-45-b35179b2e9c620f3",
                "parliament_number": 45,
                "party": "Liberal Party of Australia",
                "party_abbrev": "LP",
                "chamber": "senate"
              },
              {
                "service_id": "srv-i0m-46-e7ce51d59c68d4fb",
                "parliament_number": 46,
                "party": "Liberal Party of Australia",
                "party_abbrev": "LP",
                "chamber": "senate"
              },
              {
                "service_id": "srv-i0m-47-55d4ecc072476205",
                "parliament_number": 47,
                "party": "Liberal Party of Australia",
                "party_abbrev": "LP",
                "chamber": "senate"
              },
              {
                "service_id": "srv-i0m-48-e27faf8d90d5332c",
                "parliament_number": 48,
                "party": "Liberal Party of Australia",
                "party_abbrev": "LP",
                "chamber": "senate"
              }
            ]
          }
        ],
        "education_assertions": [
          {
            "education_id": "edu-i0m-96f806adb33a43c9",
            "member_id": "aph-i0m",
            "school_name_as_recorded": "Iona Presentation College",
            "source_url": "https://handbookapi.aph.gov.au/api/individuals?$filter=PHID eq 'I0M'",
            "retrieved_at": "2026-10-02T08:23:59.813516+10:00",
            "confidence": "verified",
            "attended_status": "attended_unspecified",
            "institution_resolution": "direct",
            "resolution_source_url": null
          }
        ],
        "parliaments": [
          43,
          44,
          45,
          46,
          47,
          48
        ],
        "finance_year": 2024,
        "finance_metric": "total_net_recurrent_income_per_student",
        "finance_value": 23896,
        "finance_status": "estimated_indexed",
        "finance_method": "acara_state_sector_geolocation_index",
        "finance_source": "ACARA National Report on Schooling",
        "temporal_warning": "School profile and finance values describe the institution in their reporting year, not the resources available when the parliamentarian attended. Reviewed successor mappings describe the successor institution."
      }
    },
    {
      "type": "Feature",
      "geometry": {
        "type": "Point",
        "coordinates": [
          152.752,
          -27.6129
        ]
      },
      "properties": {
        "institution_id": "acara-48036",
        "acara_id": "48036",
        "school_name": "Ipswich Grammar School",
        "school_sector": "Independent",
        "government_non_government": "Non-government",
        "school_type": "Pri/Sec",
        "campus_type": "Pri/Sec",
        "year_range": "Prep-12",
        "state": "QLD",
        "suburb": "Ipswich",
        "postcode": "4305",
        "remoteness_category": "Major Cities",
        "longitude": 152.752,
        "latitude": -27.6129,
        "profile_year": 2025,
        "total_enrolments": 1336,
        "girls_enrolments": 0,
        "boys_enrolments": 1336,
        "fte_enrolments": 1336.0,
        "icsea": 1114,
        "icsea_percentile": 88,
        "sea_bottom_quarter_pct": 5.0,
        "sea_lower_middle_quarter_pct": 19.0,
        "sea_upper_middle_quarter_pct": 29.0,
        "sea_top_quarter_pct": 47.0,
        "indigenous_enrolments_pct": 5.0,
        "lbote_pct": 32.0,
        "member_count": 2,
        "members": [
          {
            "member_id": "aph-291387",
            "name": "HAMILTON, Garth Russell",
            "parliaments": [
              47,
              48
            ],
            "services": [
              {
                "service_id": "srv-291387-47-2dc067bcdad59cc5",
                "parliament_number": 47,
                "party": "Liberal Party of Australia",
                "party_abbrev": "LP",
                "chamber": "representatives"
              },
              {
                "service_id": "srv-291387-48-4752a780cdbc5279",
                "parliament_number": 48,
                "party": "Liberal Party of Australia",
                "party_abbrev": "LP",
                "chamber": "representatives"
              }
            ]
          },
          {
            "member_id": "aph-282997",
            "name": "SCARR, Paul Martin",
            "parliaments": [
              46,
              47,
              48
            ],
            "services": [
              {
                "service_id": "srv-282997-46-9e5ee25010828359",
                "parliament_number": 46,
                "party": "Liberal Party of Australia",
                "party_abbrev": "LP",
                "chamber": "senate"
              },
              {
                "service_id": "srv-282997-47-b47db3b0e95c71e4",
                "parliament_number": 47,
                "party": "Liberal Party of Australia",
                "party_abbrev": "LP",
                "chamber": "senate"
              },
              {
                "service_id": "srv-282997-48-0f3e1cdf0ed63ed4",
                "parliament_number": 48,
                "party": "Liberal Party of Australia",
                "party_abbrev": "LP",
                "chamber": "senate"
              }
            ]
          }
        ],
        "education_assertions": [
          {
            "education_id": "edu-282997-09f3ba4ae9b39d73",
            "member_id": "aph-282997",
            "school_name_as_recorded": "Ipswich Grammar School",
            "source_url": "https://handbookapi.aph.gov.au/api/individuals?$filter=PHID eq '282997'",
            "retrieved_at": "2026-10-02T08:23:59.813516+10:00",
            "confidence": "verified",
            "attended_status": "attended_unspecified",
            "institution_resolution": "direct",
            "resolution_source_url": null
          },
          {
            "education_id": "edu-291387-09f3ba4ae9b39d73",
            "member_id": "aph-291387",
            "school_name_as_recorded": "Ipswich Grammar School",
            "source_url": "https://handbookapi.aph.gov.au/api/individuals?$filter=PHID eq '291387'",
            "retrieved_at": "2026-10-02T08:23:59.813516+10:00",
            "confidence": "verified",
            "attended_status": "attended_unspecified",
            "institution_resolution": "direct",
            "resolution_source_url": null
          }
        ],
        "parliaments": [
          46,
          47,
          48
        ],
        "finance_year": 2024,
        "finance_metric": "total_net_recurrent_income_per_student",
        "finance_value": 22485,
        "finance_status": "estimated_indexed",
        "finance_method": "acara_state_sector_geolocation_index",
        "finance_source": "ACARA National Report on Schooling",
        "temporal_warning": "School profile and finance values describe the institution in their reporting year, not the resources available when the parliamentarian attended. Reviewed successor mappings describe the successor institution."
      }
    },
    {
      "type": "Feature",
      "geometry": {
        "type": "Point",
        "coordinates": [
          151.043,
          -33.7806
        ]
      },
      "properties": {
        "institution_id": "acara-41811",
        "acara_id": "41811",
        "school_name": "James Ruse Agricultural High School",
        "school_sector": "Government",
        "government_non_government": "Government",
        "school_type": "Sec",
        "campus_type": "Sec",
        "year_range": "7-12",
        "state": "NSW",
        "suburb": "Carlingford",
        "postcode": "2118",
        "remoteness_category": "Major Cities",
        "longitude": 151.043,
        "latitude": -33.7806,
        "profile_year": 2025,
        "total_enrolments": 857,
        "girls_enrolments": 367,
        "boys_enrolments": 490,
        "fte_enrolments": 856.9,
        "icsea": 1222,
        "icsea_percentile": 99,
        "sea_bottom_quarter_pct": 1.0,
        "sea_lower_middle_quarter_pct": 3.0,
        "sea_upper_middle_quarter_pct": 16.0,
        "sea_top_quarter_pct": 80.0,
        "indigenous_enrolments_pct": 0.0,
        "lbote_pct": 97.0,
        "member_count": 1,
        "members": [
          {
            "member_id": "aph-bu8",
            "name": "LEIGH, the Hon. Dr Andrew Keith",
            "parliaments": [
              43,
              44,
              45,
              46,
              47,
              48
            ],
            "services": [
              {
                "service_id": "srv-bu8-43-43deeb3edf6a2d37",
                "parliament_number": 43,
                "party": "Australian Labor Party",
                "party_abbrev": "ALP",
                "chamber": "representatives"
              },
              {
                "service_id": "srv-bu8-44-35b197551ffdc3fa",
                "parliament_number": 44,
                "party": "Australian Labor Party",
                "party_abbrev": "ALP",
                "chamber": "representatives"
              },
              {
                "service_id": "srv-bu8-45-b3ae4c0871781778",
                "parliament_number": 45,
                "party": "Australian Labor Party",
                "party_abbrev": "ALP",
                "chamber": "representatives"
              },
              {
                "service_id": "srv-bu8-46-b38f09cc54ac47a3",
                "parliament_number": 46,
                "party": "Australian Labor Party",
                "party_abbrev": "ALP",
                "chamber": "representatives"
              },
              {
                "service_id": "srv-bu8-47-7260d35eca4e3391",
                "parliament_number": 47,
                "party": "Australian Labor Party",
                "party_abbrev": "ALP",
                "chamber": "representatives"
              },
              {
                "service_id": "srv-bu8-48-e986ade90a39b68a",
                "parliament_number": 48,
                "party": "Australian Labor Party",
                "party_abbrev": "ALP",
                "chamber": "representatives"
              }
            ]
          }
        ],
        "education_assertions": [
          {
            "education_id": "edu-bu8-2c6ece10884be06f",
            "member_id": "aph-bu8",
            "school_name_as_recorded": "James Ruse Agricultural High School",
            "source_url": "https://handbookapi.aph.gov.au/api/individuals?$filter=PHID eq 'BU8'",
            "retrieved_at": "2026-10-02T08:23:59.813516+10:00",
            "confidence": "verified",
            "attended_status": "attended_unspecified",
            "institution_resolution": "direct",
            "resolution_source_url": null
          }
        ],
        "parliaments": [
          43,
          44,
          45,
          46,
          47,
          48
        ],
        "finance_year": 2024,
        "finance_metric": "total_net_recurrent_income_per_student",
        "finance_value": 19647,
        "finance_status": "estimated_indexed",
        "finance_method": "acara_state_sector_geolocation_index",
        "finance_source": "ACARA National Report on Schooling",
        "temporal_warning": "School profile and finance values describe the institution in their reporting year, not the resources available when the parliamentarian attended. Reviewed successor mappings describe the successor institution."
      }
    },
    {
      "type": "Feature",
      "geometry": {
        "type": "Point",
        "coordinates": [
          115.785,
          -31.9618
        ]
      },
      "properties": {
        "institution_id": "acara-48967",
        "acara_id": "48967",
        "school_name": "John XXIII College",
        "school_sector": "Catholic",
        "government_non_government": "Non-government",
        "school_type": "Pri/Sec",
        "campus_type": "Pri/Sec",
        "year_range": "PP-12",
        "state": "WA",
        "suburb": "Mount Claremont",
        "postcode": "6010",
        "remoteness_category": "Major Cities",
        "longitude": 115.785,
        "latitude": -31.9618,
        "profile_year": 2025,
        "total_enrolments": 1492,
        "girls_enrolments": 729,
        "boys_enrolments": 763,
        "fte_enrolments": 1491.8,
        "icsea": 1186,
        "icsea_percentile": 99,
        "sea_bottom_quarter_pct": 1.0,
        "sea_lower_middle_quarter_pct": 5.0,
        "sea_upper_middle_quarter_pct": 20.0,
        "sea_top_quarter_pct": 74.0,
        "indigenous_enrolments_pct": 0.0,
        "lbote_pct": 18.0,
        "member_count": 2,
        "members": [
          {
            "member_id": "aph-300006",
            "name": "CHANEY, Kate",
            "parliaments": [
              47,
              48
            ],
            "services": [
              {
                "service_id": "srv-300006-47-9fe078befaa21a84",
                "parliament_number": 47,
                "party": "Independent",
                "party_abbrev": "IND",
                "chamber": "representatives"
              },
              {
                "service_id": "srv-300006-48-a6cf47ff2826c9e2",
                "parliament_number": 48,
                "party": "Independent",
                "party_abbrev": "IND",
                "chamber": "representatives"
              }
            ]
          },
          {
            "member_id": "aph-80072",
            "name": "HAMMOND, Celia Monica",
            "parliaments": [
              46
            ],
            "services": [
              {
                "service_id": "srv-80072-46-868666878211eaad",
                "parliament_number": 46,
                "party": "Liberal Party of Australia",
                "party_abbrev": "LP",
                "chamber": "representatives"
              }
            ]
          }
        ],
        "education_assertions": [
          {
            "education_id": "edu-300006-57701469efc3274b",
            "member_id": "aph-300006",
            "school_name_as_recorded": "John XXIII College",
            "source_url": "https://handbookapi.aph.gov.au/api/individuals?$filter=PHID eq '300006'",
            "retrieved_at": "2026-10-02T08:23:59.813516+10:00",
            "confidence": "verified",
            "attended_status": "attended_unspecified",
            "institution_resolution": "direct",
            "resolution_source_url": null
          },
          {
            "education_id": "edu-80072-3ab63b66783d2d4e",
            "member_id": "aph-80072",
            "school_name_as_recorded": "John XXIII College, Claremont, WA",
            "source_url": "https://handbookapi.aph.gov.au/api/individuals?$filter=PHID eq '80072'",
            "retrieved_at": "2026-10-02T08:23:59.813516+10:00",
            "confidence": "provisional",
            "attended_status": "attended_unspecified",
            "institution_resolution": "direct",
            "resolution_source_url": null
          }
        ],
        "parliaments": [
          46,
          47,
          48
        ],
        "finance_year": 2024,
        "finance_metric": "total_net_recurrent_income_per_student",
        "finance_value": 25171,
        "finance_status": "estimated_indexed",
        "finance_method": "acara_state_sector_geolocation_index",
        "finance_source": "ACARA National Report on Schooling",
        "temporal_warning": "School profile and finance values describe the institution in their reporting year, not the resources available when the parliamentarian attended. Reviewed successor mappings describe the successor institution."
      }
    },
    {
      "type": "Feature",
      "geometry": {
        "type": "Point",
        "coordinates": [
          138.91,
          -34.3329
        ]
      },
      "properties": {
        "institution_id": "acara-49463",
        "acara_id": "49463",
        "school_name": "Kapunda High School",
        "school_sector": "Government",
        "government_non_government": "Government",
        "school_type": "Sec",
        "campus_type": "Sec",
        "year_range": "7-12",
        "state": "SA",
        "suburb": "Kapunda",
        "postcode": "5373",
        "remoteness_category": "Inner Regional",
        "longitude": 138.91,
        "latitude": -34.3329,
        "profile_year": 2025,
        "total_enrolments": 594,
        "girls_enrolments": 273,
        "boys_enrolments": 321,
        "fte_enrolments": 593.4,
        "icsea": 972,
        "icsea_percentile": 34,
        "sea_bottom_quarter_pct": 45.0,
        "sea_lower_middle_quarter_pct": 35.0,
        "sea_upper_middle_quarter_pct": 15.0,
        "sea_top_quarter_pct": 5.0,
        "indigenous_enrolments_pct": 5.0,
        "lbote_pct": 3.0,
        "member_count": 1,
        "members": [
          {
            "member_id": "aph-hw9",
            "name": "CHAMPION, Nicholas (Nick) David",
            "parliaments": [
              42,
              43,
              44,
              45,
              46
            ],
            "services": [
              {
                "service_id": "srv-hw9-42-b327d97ae0233051",
                "parliament_number": 42,
                "party": "Australian Labor Party",
                "party_abbrev": "ALP",
                "chamber": "representatives"
              },
              {
                "service_id": "srv-hw9-43-02a64d6e2bc4a1b4",
                "parliament_number": 43,
                "party": "Australian Labor Party",
                "party_abbrev": "ALP",
                "chamber": "representatives"
              },
              {
                "service_id": "srv-hw9-44-f7852ea8a04e3ac2",
                "parliament_number": 44,
                "party": "Australian Labor Party",
                "party_abbrev": "ALP",
                "chamber": "representatives"
              },
              {
                "service_id": "srv-hw9-45-379f1753e3c1ff00",
                "parliament_number": 45,
                "party": "Australian Labor Party",
                "party_abbrev": "ALP",
                "chamber": "representatives"
              },
              {
                "service_id": "srv-hw9-46-3dc6030e102a5a79",
                "parliament_number": 46,
                "party": "Australian Labor Party",
                "party_abbrev": "ALP",
                "chamber": "representatives"
              }
            ]
          }
        ],
        "education_assertions": [
          {
            "education_id": "edu-hw9-e29bfbfc7ba1bc6c",
            "member_id": "aph-hw9",
            "school_name_as_recorded": "Kapunda High School",
            "source_url": "https://handbookapi.aph.gov.au/api/individuals?$filter=PHID eq 'HW9'",
            "retrieved_at": "2026-10-02T08:23:59.813516+10:00",
            "confidence": "verified",
            "attended_status": "attended_unspecified",
            "institution_resolution": "direct",
            "resolution_source_url": null
          }
        ],
        "parliaments": [
          42,
          43,
          44,
          45,
          46
        ],
        "finance_year": 2024,
        "finance_metric": "total_net_recurrent_income_per_student",
        "finance_value": 21191,
        "finance_status": "benchmark_average",
        "finance_method": "peer_group_average_high_dispersion_fallback",
        "finance_source": "ACARA National Report on Schooling",
        "temporal_warning": "School profile and finance values describe the institution in their reporting year, not the resources available when the parliamentarian attended. Reviewed successor mappings describe the successor institution."
      }
    },
    {
      "type": "Feature",
      "geometry": {
        "type": "Point",
        "coordinates": [
          117.568,
          -33.6826
        ]
      },
      "properties": {
        "institution_id": "acara-48136",
        "acara_id": "48136",
        "school_name": "Katanning Senior High School",
        "school_sector": "Government",
        "government_non_government": "Government",
        "school_type": "Sec",
        "campus_type": "Sec",
        "year_range": "7-12",
        "state": "WA",
        "suburb": "Katanning",
        "postcode": "6317",
        "remoteness_category": "Outer Regional",
        "longitude": 117.568,
        "latitude": -33.6826,
        "profile_year": 2025,
        "total_enrolments": 355,
        "girls_enrolments": 166,
        "boys_enrolments": 189,
        "fte_enrolments": 355.0,
        "icsea": 886,
        "icsea_percentile": 8,
        "sea_bottom_quarter_pct": 62.0,
        "sea_lower_middle_quarter_pct": 24.0,
        "sea_upper_middle_quarter_pct": 10.0,
        "sea_top_quarter_pct": 4.0,
        "indigenous_enrolments_pct": 26.0,
        "lbote_pct": 20.0,
        "member_count": 1,
        "members": [
          {
            "member_id": "aph-198084",
            "name": "WILSON, Richard (Rick) James",
            "parliaments": [
              44,
              45,
              46,
              47,
              48
            ],
            "services": [
              {
                "service_id": "srv-198084-44-0e712599bd7c9d87",
                "parliament_number": 44,
                "party": "Liberal Party of Australia",
                "party_abbrev": "LP",
                "chamber": "representatives"
              },
              {
                "service_id": "srv-198084-45-71d5adc53bb1766e",
                "parliament_number": 45,
                "party": "Liberal Party of Australia",
                "party_abbrev": "LP",
                "chamber": "representatives"
              },
              {
                "service_id": "srv-198084-46-1df918b9983bc136",
                "parliament_number": 46,
                "party": "Liberal Party of Australia",
                "party_abbrev": "LP",
                "chamber": "representatives"
              },
              {
                "service_id": "srv-198084-47-143bf66d7c5874e0",
                "parliament_number": 47,
                "party": "Liberal Party of Australia",
                "party_abbrev": "LP",
                "chamber": "representatives"
              },
              {
                "service_id": "srv-198084-48-ef80edc9fda4591a",
                "parliament_number": 48,
                "party": "Liberal Party of Australia",
                "party_abbrev": "LP",
                "chamber": "representatives"
              }
            ]
          }
        ],
        "education_assertions": [
          {
            "education_id": "edu-198084-c2c79b62f27f5562",
            "member_id": "aph-198084",
            "school_name_as_recorded": "Katanning Senior High School",
            "source_url": "https://handbookapi.aph.gov.au/api/individuals?$filter=PHID eq '198084'",
            "retrieved_at": "2026-10-02T08:23:59.813516+10:00",
            "confidence": "verified",
            "attended_status": "attended_unspecified",
            "institution_resolution": "direct",
            "resolution_source_url": null
          }
        ],
        "parliaments": [
          44,
          45,
          46,
          47,
          48
        ],
        "finance_year": 2024,
        "finance_metric": "total_net_recurrent_income_per_student",
        "finance_value": 29235,
        "finance_status": "estimated_indexed",
        "finance_method": "acara_state_sector_geolocation_index",
        "finance_source": "ACARA National Report on Schooling",
        "temporal_warning": "School profile and finance values describe the institution in their reporting year, not the resources available when the parliamentarian attended. Reviewed successor mappings describe the successor institution."
      }
    },
    {
      "type": "Feature",
      "geometry": {
        "type": "Point",
        "coordinates": [
          152.377,
          -24.8762
        ]
      },
      "properties": {
        "institution_id": "acara-47480",
        "acara_id": "47480",
        "school_name": "Kepnock State High School",
        "school_sector": "Government",
        "government_non_government": "Government",
        "school_type": "Sec",
        "campus_type": "Sec",
        "year_range": "7-12",
        "state": "QLD",
        "suburb": "Kepnock",
        "postcode": "4670",
        "remoteness_category": "Inner Regional",
        "longitude": 152.377,
        "latitude": -24.8762,
        "profile_year": 2025,
        "total_enrolments": 1074,
        "girls_enrolments": 520,
        "boys_enrolments": 554,
        "fte_enrolments": 1074.0,
        "icsea": 927,
        "icsea_percentile": 17,
        "sea_bottom_quarter_pct": 58.0,
        "sea_lower_middle_quarter_pct": 28.0,
        "sea_upper_middle_quarter_pct": 11.0,
        "sea_top_quarter_pct": 3.0,
        "indigenous_enrolments_pct": 15.0,
        "lbote_pct": 4.0,
        "member_count": 2,
        "members": [
          {
            "member_id": "aph-148150",
            "name": "PITT, the Hon. Keith John",
            "parliaments": [
              44,
              45,
              46,
              47
            ],
            "services": [
              {
                "service_id": "srv-148150-44-98f130ee83c1db90",
                "parliament_number": 44,
                "party": "The Nationals",
                "party_abbrev": "NP",
                "chamber": "representatives"
              },
              {
                "service_id": "srv-148150-45-67dae96cced3756e",
                "parliament_number": 45,
                "party": "The Nationals",
                "party_abbrev": "NP",
                "chamber": "representatives"
              },
              {
                "service_id": "srv-148150-46-97bdf60d808f5a29",
                "parliament_number": 46,
                "party": "The Nationals",
                "party_abbrev": "NP",
                "chamber": "representatives"
              },
              {
                "service_id": "srv-148150-47-8200da85f66660eb",
                "parliament_number": 47,
                "party": "The Nationals",
                "party_abbrev": "NP",
                "chamber": "representatives"
              }
            ]
          },
          {
            "member_id": "aph-hwt",
            "name": "ROBERT, the Hon. Stuart Rowland",
            "parliaments": [
              42,
              43,
              44,
              45,
              46,
              47
            ],
            "services": [
              {
                "service_id": "srv-hwt-42-387bb905b3081e08",
                "parliament_number": 42,
                "party": "Liberal Party of Australia",
                "party_abbrev": "LP",
                "chamber": "representatives"
              },
              {
                "service_id": "srv-hwt-43-6ee2c9caa5263994",
                "parliament_number": 43,
                "party": "Liberal Party of Australia",
                "party_abbrev": "LP",
                "chamber": "representatives"
              },
              {
                "service_id": "srv-hwt-44-b00a175fe699d29e",
                "parliament_number": 44,
                "party": "Liberal Party of Australia",
                "party_abbrev": "LP",
                "chamber": "representatives"
              },
              {
                "service_id": "srv-hwt-45-d4b2b3528e09a474",
                "parliament_number": 45,
                "party": "Liberal Party of Australia",
                "party_abbrev": "LP",
                "chamber": "representatives"
              },
              {
                "service_id": "srv-hwt-46-0aecd9eaabe7323f",
                "parliament_number": 46,
                "party": "Liberal Party of Australia",
                "party_abbrev": "LP",
                "chamber": "representatives"
              },
              {
                "service_id": "srv-hwt-47-57a888119b29d843",
                "parliament_number": 47,
                "party": "Liberal Party of Australia",
                "party_abbrev": "LP",
                "chamber": "representatives"
              }
            ]
          }
        ],
        "education_assertions": [
          {
            "education_id": "edu-148150-45fb13db21fe9723",
            "member_id": "aph-148150",
            "school_name_as_recorded": "Kepnock State High School",
            "source_url": "https://handbookapi.aph.gov.au/api/individuals?$filter=PHID eq '148150'",
            "retrieved_at": "2026-10-02T08:23:59.813516+10:00",
            "confidence": "verified",
            "attended_status": "attended_unspecified",
            "institution_resolution": "direct",
            "resolution_source_url": null
          },
          {
            "education_id": "edu-hwt-45fb13db21fe9723",
            "member_id": "aph-hwt",
            "school_name_as_recorded": "Kepnock State High School",
            "source_url": "https://handbookapi.aph.gov.au/api/individuals?$filter=PHID eq 'HWT'",
            "retrieved_at": "2026-10-02T08:23:59.813516+10:00",
            "confidence": "verified",
            "attended_status": "attended_unspecified",
            "institution_resolution": "direct",
            "resolution_source_url": null
          }
        ],
        "parliaments": [
          42,
          43,
          44,
          45,
          46,
          47
        ],
        "finance_year": 2024,
        "finance_metric": "total_net_recurrent_income_per_student",
        "finance_value": 20261,
        "finance_status": "estimated_indexed",
        "finance_method": "acara_state_sector_geolocation_index",
        "finance_source": "ACARA National Report on Schooling",
        "temporal_warning": "School profile and finance values describe the institution in their reporting year, not the resources available when the parliamentarian attended. Reviewed successor mappings describe the successor institution."
      }
    },
    {
      "type": "Feature",
      "geometry": {
        "type": "Point",
        "coordinates": [
          151.174,
          -33.7566
        ]
      },
      "properties": {
        "institution_id": "acara-41343",
        "acara_id": "41343",
        "school_name": "Killara High School",
        "school_sector": "Government",
        "government_non_government": "Government",
        "school_type": "Sec",
        "campus_type": "Sec",
        "year_range": "7-12",
        "state": "NSW",
        "suburb": "Killara",
        "postcode": "2071",
        "remoteness_category": "Major Cities",
        "longitude": 151.174,
        "latitude": -33.7566,
        "profile_year": 2025,
        "total_enrolments": 1803,
        "girls_enrolments": 751,
        "boys_enrolments": 1052,
        "fte_enrolments": 1800.4,
        "icsea": 1147,
        "icsea_percentile": 95,
        "sea_bottom_quarter_pct": 2.0,
        "sea_lower_middle_quarter_pct": 9.0,
        "sea_upper_middle_quarter_pct": 29.0,
        "sea_top_quarter_pct": 60.0,
        "indigenous_enrolments_pct": 0.0,
        "lbote_pct": 65.0,
        "member_count": 1,
        "members": [
          {
            "member_id": "aph-26417",
            "name": "BOELE, Nicolette",
            "parliaments": [
              48
            ],
            "services": [
              {
                "service_id": "srv-26417-48-9454ab4086763821",
                "parliament_number": 48,
                "party": "Independent",
                "party_abbrev": "IND",
                "chamber": "representatives"
              }
            ]
          }
        ],
        "education_assertions": [
          {
            "education_id": "edu-26417-484a38700e24f256",
            "member_id": "aph-26417",
            "school_name_as_recorded": "Killara High School",
            "source_url": "https://handbookapi.aph.gov.au/api/individuals?$filter=PHID eq '26417'",
            "retrieved_at": "2026-10-02T08:23:59.813516+10:00",
            "confidence": "verified",
            "attended_status": "attended_unspecified",
            "institution_resolution": "direct",
            "resolution_source_url": null
          }
        ],
        "parliaments": [
          48
        ],
        "finance_year": 2024,
        "finance_metric": "total_net_recurrent_income_per_student",
        "finance_value": 19553,
        "finance_status": "benchmark_average",
        "finance_method": "peer_group_average",
        "finance_source": "ACARA National Report on Schooling",
        "temporal_warning": "School profile and finance values describe the institution in their reporting year, not the resources available when the parliamentarian attended. Reviewed successor mappings describe the successor institution."
      }
    },
    {
      "type": "Feature",
      "geometry": {
        "type": "Point",
        "coordinates": [
          136.419,
          -33.1356
        ]
      },
      "properties": {
        "institution_id": "acara-49423",
        "acara_id": "49423",
        "school_name": "Kimba Area School",
        "school_sector": "Government",
        "government_non_government": "Government",
        "school_type": "Pri/Sec",
        "campus_type": "Pri/Sec",
        "year_range": "R-12",
        "state": "SA",
        "suburb": "Kimba",
        "postcode": "5641",
        "remoteness_category": "Remote",
        "longitude": 136.419,
        "latitude": -33.1356,
        "profile_year": 2025,
        "total_enrolments": 187,
        "girls_enrolments": 81,
        "boys_enrolments": 106,
        "fte_enrolments": 185.0,
        "icsea": 992,
        "icsea_percentile": 43,
        "sea_bottom_quarter_pct": 29.0,
        "sea_lower_middle_quarter_pct": 36.0,
        "sea_upper_middle_quarter_pct": 25.0,
        "sea_top_quarter_pct": 9.0,
        "indigenous_enrolments_pct": 3.0,
        "lbote_pct": 2.0,
        "member_count": 1,
        "members": [
          {
            "member_id": "aph-hws",
            "name": "RAMSEY, Rowan Eric",
            "parliaments": [
              42,
              43,
              44,
              45,
              46,
              47
            ],
            "services": [
              {
                "service_id": "srv-hws-42-87893c277045b47d",
                "parliament_number": 42,
                "party": "Liberal Party of Australia",
                "party_abbrev": "LP",
                "chamber": "representatives"
              },
              {
                "service_id": "srv-hws-43-88342c5bffa23730",
                "parliament_number": 43,
                "party": "Liberal Party of Australia",
                "party_abbrev": "LP",
                "chamber": "representatives"
              },
              {
                "service_id": "srv-hws-44-e1687cea11765363",
                "parliament_number": 44,
                "party": "Liberal Party of Australia",
                "party_abbrev": "LP",
                "chamber": "representatives"
              },
              {
                "service_id": "srv-hws-45-e54e7c8a25900892",
                "parliament_number": 45,
                "party": "Liberal Party of Australia",
                "party_abbrev": "LP",
                "chamber": "representatives"
              },
              {
                "service_id": "srv-hws-46-adddd50f3262bdde",
                "parliament_number": 46,
                "party": "Liberal Party of Australia",
                "party_abbrev": "LP",
                "chamber": "representatives"
              },
              {
                "service_id": "srv-hws-47-9ea2cdf266072ecb",
                "parliament_number": 47,
                "party": "Liberal Party of Australia",
                "party_abbrev": "LP",
                "chamber": "representatives"
              }
            ]
          }
        ],
        "education_assertions": [
          {
            "education_id": "edu-hws-62f2312b42b60650",
            "member_id": "aph-hws",
            "school_name_as_recorded": "Kimba Area School",
            "source_url": "https://handbookapi.aph.gov.au/api/individuals?$filter=PHID eq 'HWS'",
            "retrieved_at": "2026-10-02T08:23:59.813516+10:00",
            "confidence": "verified",
            "attended_status": "attended_unspecified",
            "institution_resolution": "direct",
            "resolution_source_url": null
          }
        ],
        "parliaments": [
          42,
          43,
          44,
          45,
          46,
          47
        ],
        "finance_year": 2024,
        "finance_metric": "total_net_recurrent_income_per_student",
        "finance_value": 25969,
        "finance_status": "benchmark_average",
        "finance_method": "peer_group_average_high_dispersion_fallback",
        "finance_source": "ACARA National Report on Schooling",
        "temporal_warning": "School profile and finance values describe the institution in their reporting year, not the resources available when the parliamentarian attended. Reviewed successor mappings describe the successor institution."
      }
    },
    {
      "type": "Feature",
      "geometry": {
        "type": "Point",
        "coordinates": [
          153.57,
          -28.2666
        ]
      },
      "properties": {
        "institution_id": "acara-42406",
        "acara_id": "42406",
        "school_name": "Kingscliff High School",
        "school_sector": "Government",
        "government_non_government": "Government",
        "school_type": "Sec",
        "campus_type": "Sec",
        "year_range": "7-12",
        "state": "NSW",
        "suburb": "Kingscliff",
        "postcode": "2487",
        "remoteness_category": "Major Cities",
        "longitude": 153.57,
        "latitude": -28.2666,
        "profile_year": 2025,
        "total_enrolments": 910,
        "girls_enrolments": 422,
        "boys_enrolments": 488,
        "fte_enrolments": 902.6,
        "icsea": 991,
        "icsea_percentile": 43,
        "sea_bottom_quarter_pct": 31.0,
        "sea_lower_middle_quarter_pct": 34.0,
        "sea_upper_middle_quarter_pct": 23.0,
        "sea_top_quarter_pct": 12.0,
        "indigenous_enrolments_pct": 12.0,
        "lbote_pct": 9.0,
        "member_count": 1,
        "members": [
          {
            "member_id": "aph-121628",
            "name": "McALLISTER, the Hon. Jennifer (Jenny) Ryll",
            "parliaments": [
              45,
              46,
              47,
              48
            ],
            "services": [
              {
                "service_id": "srv-121628-45-7ea19b720a7fc839",
                "parliament_number": 45,
                "party": "Australian Labor Party",
                "party_abbrev": "ALP",
                "chamber": "senate"
              },
              {
                "service_id": "srv-121628-46-1c1470492dd2564e",
                "parliament_number": 46,
                "party": "Australian Labor Party",
                "party_abbrev": "ALP",
                "chamber": "senate"
              },
              {
                "service_id": "srv-121628-47-53e7b0c906810e2f",
                "parliament_number": 47,
                "party": "Australian Labor Party",
                "party_abbrev": "ALP",
                "chamber": "senate"
              },
              {
                "service_id": "srv-121628-48-c5a1a778bed2742f",
                "parliament_number": 48,
                "party": "Australian Labor Party",
                "party_abbrev": "ALP",
                "chamber": "senate"
              }
            ]
          }
        ],
        "education_assertions": [
          {
            "education_id": "edu-121628-0b1f790d6c34dea7",
            "member_id": "aph-121628",
            "school_name_as_recorded": "Kingscliff High School",
            "source_url": "https://handbookapi.aph.gov.au/api/individuals?$filter=PHID eq '121628'",
            "retrieved_at": "2026-10-02T08:23:59.813516+10:00",
            "confidence": "verified",
            "attended_status": "attended_unspecified",
            "institution_resolution": "direct",
            "resolution_source_url": null
          }
        ],
        "parliaments": [
          45,
          46,
          47,
          48
        ],
        "finance_year": 2024,
        "finance_metric": "total_net_recurrent_income_per_student",
        "finance_value": 19553,
        "finance_status": "benchmark_average",
        "finance_method": "peer_group_average",
        "finance_source": "ACARA National Report on Schooling",
        "temporal_warning": "School profile and finance values describe the institution in their reporting year, not the resources available when the parliamentarian attended. Reviewed successor mappings describe the successor institution."
      }
    },
    {
      "type": "Feature",
      "geometry": {
        "type": "Point",
        "coordinates": [
          147.308,
          -42.9737
        ]
      },
      "properties": {
        "institution_id": "acara-40076",
        "acara_id": "40076",
        "school_name": "Kingston High School",
        "school_sector": "Government",
        "government_non_government": "Government",
        "school_type": "Sec",
        "campus_type": "Sec",
        "year_range": "7-12",
        "state": "TAS",
        "suburb": "Kingston",
        "postcode": "7050",
        "remoteness_category": "Inner Regional",
        "longitude": 147.308,
        "latitude": -42.9737,
        "profile_year": 2025,
        "total_enrolments": 577,
        "girls_enrolments": 275,
        "boys_enrolments": 302,
        "fte_enrolments": 562.4,
        "icsea": 1000,
        "icsea_percentile": 47,
        "sea_bottom_quarter_pct": 28.0,
        "sea_lower_middle_quarter_pct": 31.0,
        "sea_upper_middle_quarter_pct": 24.0,
        "sea_top_quarter_pct": 16.0,
        "indigenous_enrolments_pct": 12.0,
        "lbote_pct": 6.0,
        "member_count": 1,
        "members": [
          {
            "member_id": "aph-jkm",
            "name": "McKIM, Nicholas (Nick) James",
            "parliaments": [
              45,
              46,
              47,
              48
            ],
            "services": [
              {
                "service_id": "srv-jkm-45-c4055ebdb2b5dd6b",
                "parliament_number": 45,
                "party": "Australian Greens",
                "party_abbrev": "GRN",
                "chamber": "senate"
              },
              {
                "service_id": "srv-jkm-46-a162cc0d3d8a193b",
                "parliament_number": 46,
                "party": "Australian Greens",
                "party_abbrev": "GRN",
                "chamber": "senate"
              },
              {
                "service_id": "srv-jkm-47-d4c851599e34b01b",
                "parliament_number": 47,
                "party": "Australian Greens",
                "party_abbrev": "GRN",
                "chamber": "senate"
              },
              {
                "service_id": "srv-jkm-48-78386c059d147f69",
                "parliament_number": 48,
                "party": "Australian Greens",
                "party_abbrev": "GRN",
                "chamber": "senate"
              }
            ]
          }
        ],
        "education_assertions": [
          {
            "education_id": "edu-jkm-5615658d42cd1182",
            "member_id": "aph-jkm",
            "school_name_as_recorded": "Kingston High School",
            "source_url": "https://handbookapi.aph.gov.au/api/individuals?$filter=PHID eq 'JKM'",
            "retrieved_at": "2026-10-02T08:23:59.813516+10:00",
            "confidence": "verified",
            "attended_status": "attended_unspecified",
            "institution_resolution": "direct",
            "resolution_source_url": null
          }
        ],
        "parliaments": [
          45,
          46,
          47,
          48
        ],
        "finance_year": 2024,
        "finance_metric": "total_net_recurrent_income_per_student",
        "finance_value": 20388,
        "finance_status": "estimated_indexed",
        "finance_method": "acara_state_sector_geolocation_index",
        "finance_source": "ACARA National Report on Schooling",
        "temporal_warning": "School profile and finance values describe the institution in their reporting year, not the resources available when the parliamentarian attended. Reviewed successor mappings describe the successor institution."
      }
    },
    {
      "type": "Feature",
      "geometry": {
        "type": "Point",
        "coordinates": [
          151.119,
          -33.7231
        ]
      },
      "properties": {
        "institution_id": "acara-40367",
        "acara_id": "40367",
        "school_name": "Knox Grammar School",
        "school_sector": "Independent",
        "government_non_government": "Non-government",
        "school_type": "Pri/Sec",
        "campus_type": "Sec",
        "year_range": "K-12",
        "state": "NSW",
        "suburb": "Wahroonga",
        "postcode": "2076",
        "remoteness_category": "Major Cities",
        "longitude": 151.119,
        "latitude": -33.7231,
        "profile_year": 2025,
        "total_enrolments": 3345,
        "girls_enrolments": 73,
        "boys_enrolments": 3272,
        "fte_enrolments": 3344.2,
        "icsea": 1187,
        "icsea_percentile": 99,
        "sea_bottom_quarter_pct": 1.0,
        "sea_lower_middle_quarter_pct": 4.0,
        "sea_upper_middle_quarter_pct": 18.0,
        "sea_top_quarter_pct": 77.0,
        "indigenous_enrolments_pct": 1.0,
        "lbote_pct": 53.0,
        "member_count": 1,
        "members": [
          {
            "member_id": "aph-i8m",
            "name": "CHARLTON, the Hon. Dr Andrew Henry George",
            "parliaments": [
              47,
              48
            ],
            "services": [
              {
                "service_id": "srv-i8m-47-6f93579416dc017c",
                "parliament_number": 47,
                "party": "Australian Labor Party",
                "party_abbrev": "ALP",
                "chamber": "representatives"
              },
              {
                "service_id": "srv-i8m-48-a039079752d38c42",
                "parliament_number": 48,
                "party": "Australian Labor Party",
                "party_abbrev": "ALP",
                "chamber": "representatives"
              }
            ]
          }
        ],
        "education_assertions": [
          {
            "education_id": "edu-i8m-ecd49ccf402aa9c8",
            "member_id": "aph-i8m",
            "school_name_as_recorded": "Knox Grammar School",
            "source_url": "https://handbookapi.aph.gov.au/api/individuals?$filter=PHID eq 'I8M'",
            "retrieved_at": "2026-10-02T08:23:59.813516+10:00",
            "confidence": "verified",
            "attended_status": "attended_unspecified",
            "institution_resolution": "direct",
            "resolution_source_url": null
          }
        ],
        "parliaments": [
          47,
          48
        ],
        "finance_year": 2024,
        "finance_metric": "total_net_recurrent_income_per_student",
        "finance_value": 31248,
        "finance_status": "estimated_indexed",
        "finance_method": "acara_state_sector_geolocation_index",
        "finance_source": "ACARA National Report on Schooling",
        "temporal_warning": "School profile and finance values describe the institution in their reporting year, not the resources available when the parliamentarian attended. Reviewed successor mappings describe the successor institution."
      }
    },
    {
      "type": "Feature",
      "geometry": {
        "type": "Point",
        "coordinates": [
          147.382,
          -35.1429
        ]
      },
      "properties": {
        "institution_id": "acara-42712",
        "acara_id": "42712",
        "school_name": "Kooringal High School",
        "school_sector": "Government",
        "government_non_government": "Government",
        "school_type": "Sec",
        "campus_type": "Sec",
        "year_range": "7-12",
        "state": "NSW",
        "suburb": "Kooringal",
        "postcode": "2650",
        "remoteness_category": "Inner Regional",
        "longitude": 147.382,
        "latitude": -35.1429,
        "profile_year": 2025,
        "total_enrolments": 839,
        "girls_enrolments": 434,
        "boys_enrolments": 405,
        "fte_enrolments": 839.0,
        "icsea": 959,
        "icsea_percentile": 28,
        "sea_bottom_quarter_pct": 43.0,
        "sea_lower_middle_quarter_pct": 30.0,
        "sea_upper_middle_quarter_pct": 18.0,
        "sea_top_quarter_pct": 10.0,
        "indigenous_enrolments_pct": 14.0,
        "lbote_pct": 15.0,
        "member_count": 1,
        "members": [
          {
            "member_id": "aph-133646",
            "name": "MURPHY, Peta Jan",
            "parliaments": [
              46,
              47
            ],
            "services": [
              {
                "service_id": "srv-133646-46-5c3f110697d1b4d0",
                "parliament_number": 46,
                "party": "Australian Labor Party",
                "party_abbrev": "ALP",
                "chamber": "representatives"
              },
              {
                "service_id": "srv-133646-47-65861d7f46b38fe6",
                "parliament_number": 47,
                "party": "Australian Labor Party",
                "party_abbrev": "ALP",
                "chamber": "representatives"
              }
            ]
          }
        ],
        "education_assertions": [
          {
            "education_id": "edu-133646-43babcf87982fed2",
            "member_id": "aph-133646",
            "school_name_as_recorded": "Kooringal High School, Wagga Wagga",
            "source_url": "https://handbookapi.aph.gov.au/api/individuals?$filter=PHID eq '133646'",
            "retrieved_at": "2026-10-02T08:23:59.813516+10:00",
            "confidence": "provisional",
            "attended_status": "attended_unspecified",
            "institution_resolution": "direct",
            "resolution_source_url": null
          }
        ],
        "parliaments": [
          46,
          47
        ],
        "finance_year": 2024,
        "finance_metric": "total_net_recurrent_income_per_student",
        "finance_value": 21130,
        "finance_status": "estimated_indexed",
        "finance_method": "acara_state_sector_geolocation_index",
        "finance_source": "ACARA National Report on Schooling",
        "temporal_warning": "School profile and finance values describe the institution in their reporting year, not the resources available when the parliamentarian attended. Reviewed successor mappings describe the successor institution."
      }
    },
    {
      "type": "Feature",
      "geometry": {
        "type": "Point",
        "coordinates": [
          151.486,
          -32.8101
        ]
      },
      "properties": {
        "institution_id": "acara-42095",
        "acara_id": "42095",
        "school_name": "Kurri Kurri High School",
        "school_sector": "Government",
        "government_non_government": "Government",
        "school_type": "Sec",
        "campus_type": "Sec",
        "year_range": "7-12",
        "state": "NSW",
        "suburb": "Kurri Kurri",
        "postcode": "2327",
        "remoteness_category": "Major Cities",
        "longitude": 151.486,
        "latitude": -32.8101,
        "profile_year": 2025,
        "total_enrolments": 917,
        "girls_enrolments": 442,
        "boys_enrolments": 475,
        "fte_enrolments": 915.4,
        "icsea": 894,
        "icsea_percentile": 9,
        "sea_bottom_quarter_pct": 64.0,
        "sea_lower_middle_quarter_pct": 26.0,
        "sea_upper_middle_quarter_pct": 8.0,
        "sea_top_quarter_pct": 2.0,
        "indigenous_enrolments_pct": 28.0,
        "lbote_pct": 4.0,
        "member_count": 2,
        "members": [
          {
            "member_id": "aph-266524",
            "name": "ROBERTS, Malcolm Ieuan",
            "parliaments": [
              45,
              46,
              47,
              48
            ],
            "services": [
              {
                "service_id": "srv-266524-45-b8959913b3cc2069",
                "parliament_number": 45,
                "party": "Pauline Hanson's One Nation",
                "party_abbrev": "PHON",
                "chamber": "senate"
              },
              {
                "service_id": "srv-266524-46-fba178c610d29312",
                "parliament_number": 46,
                "party": "Pauline Hanson's One Nation",
                "party_abbrev": "PHON",
                "chamber": "senate"
              },
              {
                "service_id": "srv-266524-47-48c5db079874358a",
                "parliament_number": 47,
                "party": "Pauline Hanson's One Nation",
                "party_abbrev": "PHON",
                "chamber": "senate"
              },
              {
                "service_id": "srv-266524-48-fbcc6a0884fa7abf",
                "parliament_number": 48,
                "party": "Pauline Hanson's One Nation",
                "party_abbrev": "PHON",
                "chamber": "senate"
              }
            ]
          },
          {
            "member_id": "aph-264170",
            "name": "SWANSON, Meryl Jane",
            "parliaments": [
              45,
              46,
              47,
              48
            ],
            "services": [
              {
                "service_id": "srv-264170-45-9863e784e3a6b20b",
                "parliament_number": 45,
                "party": "Australian Labor Party",
                "party_abbrev": "ALP",
                "chamber": "representatives"
              },
              {
                "service_id": "srv-264170-46-6bb5d1bf2b92d6af",
                "parliament_number": 46,
                "party": "Australian Labor Party",
                "party_abbrev": "ALP",
                "chamber": "representatives"
              },
              {
                "service_id": "srv-264170-47-79e39dfce802be72",
                "parliament_number": 47,
                "party": "Australian Labor Party",
                "party_abbrev": "ALP",
                "chamber": "representatives"
              },
              {
                "service_id": "srv-264170-48-21f7d6f79b0f2c8e",
                "parliament_number": 48,
                "party": "Australian Labor Party",
                "party_abbrev": "ALP",
                "chamber": "representatives"
              }
            ]
          }
        ],
        "education_assertions": [
          {
            "education_id": "edu-264170-50918c4d980a9176",
            "member_id": "aph-264170",
            "school_name_as_recorded": "Kurri Kurri High School",
            "source_url": "https://handbookapi.aph.gov.au/api/individuals?$filter=PHID eq '264170'",
            "retrieved_at": "2026-10-02T08:23:59.813516+10:00",
            "confidence": "verified",
            "attended_status": "attended_unspecified",
            "institution_resolution": "direct",
            "resolution_source_url": null
          },
          {
            "education_id": "edu-266524-50918c4d980a9176",
            "member_id": "aph-266524",
            "school_name_as_recorded": "Kurri Kurri High School",
            "source_url": "https://handbookapi.aph.gov.au/api/individuals?$filter=PHID eq '266524'",
            "retrieved_at": "2026-10-02T08:23:59.813516+10:00",
            "confidence": "verified",
            "attended_status": "attended_unspecified",
            "institution_resolution": "direct",
            "resolution_source_url": null
          }
        ],
        "parliaments": [
          45,
          46,
          47,
          48
        ],
        "finance_year": 2024,
        "finance_metric": "total_net_recurrent_income_per_student",
        "finance_value": 23370,
        "finance_status": "estimated_indexed",
        "finance_method": "acara_state_sector_geolocation_index",
        "finance_source": "ACARA National Report on Schooling",
        "temporal_warning": "School profile and finance values describe the institution in their reporting year, not the resources available when the parliamentarian attended. Reviewed successor mappings describe the successor institution."
      }
    },
    {
      "type": "Feature",
      "geometry": {
        "type": "Point",
        "coordinates": [
          149.068,
          -35.4138
        ]
      },
      "properties": {
        "institution_id": "acara-49945",
        "acara_id": "49945",
        "school_name": "Lake Tuggeranong College",
        "school_sector": "Government",
        "government_non_government": "Government",
        "school_type": "Sec",
        "campus_type": "Sec",
        "year_range": "11-12",
        "state": "ACT",
        "suburb": "Greenway",
        "postcode": "2900",
        "remoteness_category": "Major Cities",
        "longitude": 149.068,
        "latitude": -35.4138,
        "profile_year": 2025,
        "total_enrolments": 620,
        "girls_enrolments": 285,
        "boys_enrolments": 335,
        "fte_enrolments": 617.7,
        "icsea": 1023,
        "icsea_percentile": 57,
        "sea_bottom_quarter_pct": 26.0,
        "sea_lower_middle_quarter_pct": 30.0,
        "sea_upper_middle_quarter_pct": 26.0,
        "sea_top_quarter_pct": 18.0,
        "indigenous_enrolments_pct": 6.0,
        "lbote_pct": 19.0,
        "member_count": 1,
        "members": [
          {
            "member_id": "aph-144732",
            "name": "PAYNE, Alicia Emma",
            "parliaments": [
              46,
              47,
              48
            ],
            "services": [
              {
                "service_id": "srv-144732-46-892789709da11b69",
                "parliament_number": 46,
                "party": "Australian Labor Party",
                "party_abbrev": "ALP",
                "chamber": "representatives"
              },
              {
                "service_id": "srv-144732-47-76bc357fe4f3bc77",
                "parliament_number": 47,
                "party": "Australian Labor Party",
                "party_abbrev": "ALP",
                "chamber": "representatives"
              },
              {
                "service_id": "srv-144732-48-eec91c6b02af2914",
                "parliament_number": 48,
                "party": "Australian Labor Party",
                "party_abbrev": "ALP",
                "chamber": "representatives"
              }
            ]
          }
        ],
        "education_assertions": [
          {
            "education_id": "edu-144732-230aad8590ee169a",
            "member_id": "aph-144732",
            "school_name_as_recorded": "Lake Tuggeranong College",
            "source_url": "https://handbookapi.aph.gov.au/api/individuals?$filter=PHID eq '144732'",
            "retrieved_at": "2026-10-02T08:23:59.813516+10:00",
            "confidence": "verified",
            "attended_status": "attended_unspecified",
            "institution_resolution": "direct",
            "resolution_source_url": null
          }
        ],
        "parliaments": [
          46,
          47,
          48
        ],
        "finance_year": 2024,
        "finance_metric": "total_net_recurrent_income_per_student",
        "finance_value": 20335,
        "finance_status": "benchmark_average",
        "finance_method": "peer_group_average",
        "finance_source": "ACARA National Report on Schooling",
        "temporal_warning": "School profile and finance values describe the institution in their reporting year, not the resources available when the parliamentarian attended. Reviewed successor mappings describe the successor institution."
      }
    },
    {
      "type": "Feature",
      "geometry": {
        "type": "Point",
        "coordinates": [
          151.722,
          -32.9179
        ]
      },
      "properties": {
        "institution_id": "acara-42120",
        "acara_id": "42120",
        "school_name": "Lambton High School",
        "school_sector": "Government",
        "government_non_government": "Government",
        "school_type": "Sec",
        "campus_type": "Sec",
        "year_range": "7-12",
        "state": "NSW",
        "suburb": "Lambton",
        "postcode": "2299",
        "remoteness_category": "Major Cities",
        "longitude": 151.722,
        "latitude": -32.9179,
        "profile_year": 2025,
        "total_enrolments": 1176,
        "girls_enrolments": 561,
        "boys_enrolments": 615,
        "fte_enrolments": 1171.6,
        "icsea": 1057,
        "icsea_percentile": 71,
        "sea_bottom_quarter_pct": 18.0,
        "sea_lower_middle_quarter_pct": 23.0,
        "sea_upper_middle_quarter_pct": 28.0,
        "sea_top_quarter_pct": 31.0,
        "indigenous_enrolments_pct": 8.0,
        "lbote_pct": 21.0,
        "member_count": 1,
        "members": [
          {
            "member_id": "aph-248181",
            "name": "CLAYDON, Sharon Catherine",
            "parliaments": [
              44,
              45,
              46,
              47,
              48
            ],
            "services": [
              {
                "service_id": "srv-248181-44-dbd8167a392ce3ac",
                "parliament_number": 44,
                "party": "Australian Labor Party",
                "party_abbrev": "ALP",
                "chamber": "representatives"
              },
              {
                "service_id": "srv-248181-45-d63632c99f016623",
                "parliament_number": 45,
                "party": "Australian Labor Party",
                "party_abbrev": "ALP",
                "chamber": "representatives"
              },
              {
                "service_id": "srv-248181-46-64401f69f994f292",
                "parliament_number": 46,
                "party": "Australian Labor Party",
                "party_abbrev": "ALP",
                "chamber": "representatives"
              },
              {
                "service_id": "srv-248181-47-c1a0a43181d5682c",
                "parliament_number": 47,
                "party": "Australian Labor Party",
                "party_abbrev": "ALP",
                "chamber": "representatives"
              },
              {
                "service_id": "srv-248181-48-629672b2e37d2b39",
                "parliament_number": 48,
                "party": "Australian Labor Party",
                "party_abbrev": "ALP",
                "chamber": "representatives"
              }
            ]
          }
        ],
        "education_assertions": [
          {
            "education_id": "edu-248181-063f2c28e28a1a95",
            "member_id": "aph-248181",
            "school_name_as_recorded": "Lambton High School",
            "source_url": "https://handbookapi.aph.gov.au/api/individuals?$filter=PHID eq '248181'",
            "retrieved_at": "2026-10-02T08:23:59.813516+10:00",
            "confidence": "verified",
            "attended_status": "attended_unspecified",
            "institution_resolution": "direct",
            "resolution_source_url": null
          }
        ],
        "parliaments": [
          44,
          45,
          46,
          47,
          48
        ],
        "finance_year": 2024,
        "finance_metric": "total_net_recurrent_income_per_student",
        "finance_value": 17969,
        "finance_status": "estimated_indexed",
        "finance_method": "acara_state_sector_geolocation_index",
        "finance_source": "ACARA National Report on Schooling",
        "temporal_warning": "School profile and finance values describe the institution in their reporting year, not the resources available when the parliamentarian attended. Reviewed successor mappings describe the successor institution."
      }
    },
    {
      "type": "Feature",
      "geometry": {
        "type": "Point",
        "coordinates": [
          146.425,
          -41.2365
        ]
      },
      "properties": {
        "institution_id": "acara-40183",
        "acara_id": "40183",
        "school_name": "Latrobe High School",
        "school_sector": "Government",
        "government_non_government": "Government",
        "school_type": "Sec",
        "campus_type": "Sec",
        "year_range": "7-12",
        "state": "TAS",
        "suburb": "Latrobe",
        "postcode": "7307",
        "remoteness_category": "Outer Regional",
        "longitude": 146.425,
        "latitude": -41.2365,
        "profile_year": 2025,
        "total_enrolments": 555,
        "girls_enrolments": 248,
        "boys_enrolments": 307,
        "fte_enrolments": 549.2,
        "icsea": 956,
        "icsea_percentile": 27,
        "sea_bottom_quarter_pct": 48.0,
        "sea_lower_middle_quarter_pct": 30.0,
        "sea_upper_middle_quarter_pct": 13.0,
        "sea_top_quarter_pct": 9.0,
        "indigenous_enrolments_pct": 13.0,
        "lbote_pct": 1.0,
        "member_count": 1,
        "members": [
          {
            "member_id": "aph-316935",
            "name": "DOLEGA, Josh",
            "parliaments": [
              48
            ],
            "services": [
              {
                "service_id": "srv-316935-48-8ef7ac9c93a504bd",
                "parliament_number": 48,
                "party": "Australian Labor Party",
                "party_abbrev": "ALP",
                "chamber": "senate"
              }
            ]
          }
        ],
        "education_assertions": [
          {
            "education_id": "edu-316935-944b1898cb8afa44",
            "member_id": "aph-316935",
            "school_name_as_recorded": "Latrobe High School",
            "source_url": "https://handbookapi.aph.gov.au/api/individuals?$filter=PHID eq '316935'",
            "retrieved_at": "2026-10-02T08:23:59.813516+10:00",
            "confidence": "verified",
            "attended_status": "attended_unspecified",
            "institution_resolution": "direct",
            "resolution_source_url": null
          }
        ],
        "parliaments": [
          48
        ],
        "finance_year": 2024,
        "finance_metric": "total_net_recurrent_income_per_student",
        "finance_value": 19680,
        "finance_status": "estimated_indexed",
        "finance_method": "acara_state_sector_geolocation_index",
        "finance_source": "ACARA National Report on Schooling",
        "temporal_warning": "School profile and finance values describe the institution in their reporting year, not the resources available when the parliamentarian attended. Reviewed successor mappings describe the successor institution."
      }
    },
    {
      "type": "Feature",
      "geometry": {
        "type": "Point",
        "coordinates": [
          147.129,
          -41.4082
        ]
      },
      "properties": {
        "institution_id": "acara-40007",
        "acara_id": "40007",
        "school_name": "Launceston Church Grammar School",
        "school_sector": "Independent",
        "government_non_government": "Non-government",
        "school_type": "Sec",
        "campus_type": "Prim",
        "year_range": "Prep-12",
        "state": "TAS",
        "suburb": "Mowbray",
        "postcode": "7248",
        "remoteness_category": "Inner Regional",
        "longitude": 147.129,
        "latitude": -41.4082,
        "profile_year": 2025,
        "total_enrolments": 723,
        "girls_enrolments": 341,
        "boys_enrolments": 382,
        "fte_enrolments": 723.0,
        "icsea": 1094,
        "icsea_percentile": 82,
        "sea_bottom_quarter_pct": 8.0,
        "sea_lower_middle_quarter_pct": 20.0,
        "sea_upper_middle_quarter_pct": 32.0,
        "sea_top_quarter_pct": 41.0,
        "indigenous_enrolments_pct": 4.0,
        "lbote_pct": 10.0,
        "member_count": 1,
        "members": [
          {
            "member_id": "aph-282237",
            "name": "ARCHER, Bridget Kathleen",
            "parliaments": [
              46,
              47
            ],
            "services": [
              {
                "service_id": "srv-282237-46-c8e6ff4f04ff50ac",
                "parliament_number": 46,
                "party": "Liberal Party of Australia",
                "party_abbrev": "LP",
                "chamber": "representatives"
              },
              {
                "service_id": "srv-282237-47-e7e8b273c3ca2686",
                "parliament_number": 47,
                "party": "Liberal Party of Australia",
                "party_abbrev": "LP",
                "chamber": "representatives"
              }
            ]
          }
        ],
        "education_assertions": [
          {
            "education_id": "edu-282237-5e8fc48e3197207c",
            "member_id": "aph-282237",
            "school_name_as_recorded": "Launceston Church Grammar School",
            "source_url": "https://handbookapi.aph.gov.au/api/individuals?$filter=PHID eq '282237'",
            "retrieved_at": "2026-10-02T08:23:59.813516+10:00",
            "confidence": "verified",
            "attended_status": "attended_unspecified",
            "institution_resolution": "direct",
            "resolution_source_url": null
          }
        ],
        "parliaments": [
          46,
          47
        ],
        "finance_year": 2024,
        "finance_metric": "total_net_recurrent_income_per_student",
        "finance_value": 26275,
        "finance_status": "estimated_indexed",
        "finance_method": "acara_state_sector_geolocation_index",
        "finance_source": "ACARA National Report on Schooling",
        "temporal_warning": "School profile and finance values describe the institution in their reporting year, not the resources available when the parliamentarian attended. Reviewed successor mappings describe the successor institution."
      }
    },
    {
      "type": "Feature",
      "geometry": {
        "type": "Point",
        "coordinates": [
          145.025,
          -37.8523
        ]
      },
      "properties": {
        "institution_id": "acara-46150",
        "acara_id": "46150",
        "school_name": "Lauriston Girls' School",
        "school_sector": "Independent",
        "government_non_government": "Non-government",
        "school_type": "Pri/Sec",
        "campus_type": "Pri/Sec",
        "year_range": "Prep-12",
        "state": "VIC",
        "suburb": "Armadale",
        "postcode": "3143",
        "remoteness_category": "Major Cities",
        "longitude": 145.025,
        "latitude": -37.8523,
        "profile_year": 2025,
        "total_enrolments": 935,
        "girls_enrolments": 935,
        "boys_enrolments": 0,
        "fte_enrolments": 935.0,
        "icsea": 1199,
        "icsea_percentile": 99,
        "sea_bottom_quarter_pct": 0.0,
        "sea_lower_middle_quarter_pct": 4.0,
        "sea_upper_middle_quarter_pct": 17.0,
        "sea_top_quarter_pct": 79.0,
        "indigenous_enrolments_pct": 0.0,
        "lbote_pct": 45.0,
        "member_count": 3,
        "members": [
          {
            "member_id": "aph-266499",
            "name": "HUME, the Hon. Edwina Jane (Jane)",
            "parliaments": [
              45,
              46,
              47,
              48
            ],
            "services": [
              {
                "service_id": "srv-266499-45-262f1f24276963a2",
                "parliament_number": 45,
                "party": "Liberal Party of Australia",
                "party_abbrev": "LP",
                "chamber": "senate"
              },
              {
                "service_id": "srv-266499-46-c8744b8d430b7f89",
                "parliament_number": 46,
                "party": "Liberal Party of Australia",
                "party_abbrev": "LP",
                "chamber": "senate"
              },
              {
                "service_id": "srv-266499-47-4ad82d6008daf869",
                "parliament_number": 47,
                "party": "Liberal Party of Australia",
                "party_abbrev": "LP",
                "chamber": "senate"
              },
              {
                "service_id": "srv-266499-48-901262a2a8064ad0",
                "parliament_number": 48,
                "party": "Liberal Party of Australia",
                "party_abbrev": "LP",
                "chamber": "senate"
              }
            ]
          },
          {
            "member_id": "aph-316021",
            "name": "JORDAN-BAIRD, Alice",
            "parliaments": [
              48
            ],
            "services": [
              {
                "service_id": "srv-316021-48-c501ea61eed5ac31",
                "parliament_number": 48,
                "party": "Australian Labor Party",
                "party_abbrev": "ALP",
                "chamber": "representatives"
              }
            ]
          },
          {
            "member_id": "aph-124514",
            "name": "McKENZIE, Zoe Anne",
            "parliaments": [
              47,
              48
            ],
            "services": [
              {
                "service_id": "srv-124514-47-8f73f15309e4443e",
                "parliament_number": 47,
                "party": "Liberal Party of Australia",
                "party_abbrev": "LP",
                "chamber": "representatives"
              },
              {
                "service_id": "srv-124514-48-d86918b6eed79892",
                "parliament_number": 48,
                "party": "Liberal Party of Australia",
                "party_abbrev": "LP",
                "chamber": "representatives"
              }
            ]
          }
        ],
        "education_assertions": [
          {
            "education_id": "edu-124514-06fb67f2fb419966",
            "member_id": "aph-124514",
            "school_name_as_recorded": "Lauriston Girls School",
            "source_url": "https://handbookapi.aph.gov.au/api/individuals?$filter=PHID eq '124514'",
            "retrieved_at": "2026-10-02T08:23:59.813516+10:00",
            "confidence": "verified",
            "attended_status": "attended_unspecified",
            "institution_resolution": "direct",
            "resolution_source_url": null
          },
          {
            "education_id": "edu-266499-06fb67f2fb419966",
            "member_id": "aph-266499",
            "school_name_as_recorded": "Lauriston Girls' School",
            "source_url": "https://handbookapi.aph.gov.au/api/individuals?$filter=PHID eq '266499'",
            "retrieved_at": "2026-10-02T08:23:59.813516+10:00",
            "confidence": "verified",
            "attended_status": "attended_unspecified",
            "institution_resolution": "direct",
            "resolution_source_url": null
          },
          {
            "education_id": "edu-316021-06fb67f2fb419966",
            "member_id": "aph-316021",
            "school_name_as_recorded": "Lauriston Girls School",
            "source_url": "https://handbookapi.aph.gov.au/api/individuals?$filter=PHID eq '316021'",
            "retrieved_at": "2026-10-02T08:23:59.813516+10:00",
            "confidence": "verified",
            "attended_status": "attended_unspecified",
            "institution_resolution": "direct",
            "resolution_source_url": null
          }
        ],
        "parliaments": [
          45,
          46,
          47,
          48
        ],
        "finance_year": 2024,
        "finance_metric": "total_net_recurrent_income_per_student",
        "finance_value": 37633,
        "finance_status": "estimated_indexed",
        "finance_method": "acara_state_sector_geolocation_index",
        "finance_source": "ACARA National Report on Schooling",
        "temporal_warning": "School profile and finance values describe the institution in their reporting year, not the resources available when the parliamentarian attended. Reviewed successor mappings describe the successor institution."
      }
    },
    {
      "type": "Feature",
      "geometry": {
        "type": "Point",
        "coordinates": [
          146.406,
          -34.5468
        ]
      },
      "properties": {
        "institution_id": "acara-42695",
        "acara_id": "42695",
        "school_name": "Leeton High School",
        "school_sector": "Government",
        "government_non_government": "Government",
        "school_type": "Sec",
        "campus_type": "Sec",
        "year_range": "7-12",
        "state": "NSW",
        "suburb": "Leeton",
        "postcode": "2705",
        "remoteness_category": "Outer Regional",
        "longitude": 146.406,
        "latitude": -34.5468,
        "profile_year": 2025,
        "total_enrolments": 458,
        "girls_enrolments": 234,
        "boys_enrolments": 224,
        "fte_enrolments": 457.2,
        "icsea": 908,
        "icsea_percentile": 12,
        "sea_bottom_quarter_pct": 60.0,
        "sea_lower_middle_quarter_pct": 25.0,
        "sea_upper_middle_quarter_pct": 11.0,
        "sea_top_quarter_pct": 5.0,
        "indigenous_enrolments_pct": 22.0,
        "lbote_pct": 13.0,
        "member_count": 1,
        "members": [
          {
            "member_id": "aph-8gh",
            "name": "BURNEY, the Hon. Linda Jean",
            "parliaments": [
              45,
              46,
              47
            ],
            "services": [
              {
                "service_id": "srv-8gh-45-b4e8c0bcf44257e7",
                "parliament_number": 45,
                "party": "Australian Labor Party",
                "party_abbrev": "ALP",
                "chamber": "representatives"
              },
              {
                "service_id": "srv-8gh-46-2cd5ea7a456cafcb",
                "parliament_number": 46,
                "party": "Australian Labor Party",
                "party_abbrev": "ALP",
                "chamber": "representatives"
              },
              {
                "service_id": "srv-8gh-47-1723d191c76d36a1",
                "parliament_number": 47,
                "party": "Australian Labor Party",
                "party_abbrev": "ALP",
                "chamber": "representatives"
              }
            ]
          }
        ],
        "education_assertions": [
          {
            "education_id": "edu-8gh-99bf3b3ab410f2fa",
            "member_id": "aph-8gh",
            "school_name_as_recorded": "Leeton High School",
            "source_url": "https://handbookapi.aph.gov.au/api/individuals?$filter=PHID eq '8GH'",
            "retrieved_at": "2026-10-02T08:23:59.813516+10:00",
            "confidence": "verified",
            "attended_status": "attended_unspecified",
            "institution_resolution": "direct",
            "resolution_source_url": null
          }
        ],
        "parliaments": [
          45,
          46,
          47
        ],
        "finance_year": 2024,
        "finance_metric": "total_net_recurrent_income_per_student",
        "finance_value": 26350,
        "finance_status": "estimated_indexed",
        "finance_method": "acara_state_sector_geolocation_index",
        "finance_source": "ACARA National Report on Schooling",
        "temporal_warning": "School profile and finance values describe the institution in their reporting year, not the resources available when the parliamentarian attended. Reviewed successor mappings describe the successor institution."
      }
    },
    {
      "type": "Feature",
      "geometry": {
        "type": "Point",
        "coordinates": [
          151.216,
          -33.8471
        ]
      },
      "properties": {
        "institution_id": "acara-43657",
        "acara_id": "43657",
        "school_name": "Loreto Kirribilli",
        "school_sector": "Independent",
        "government_non_government": "Non-government",
        "school_type": "Pri/Sec",
        "campus_type": "Pri/Sec",
        "year_range": "K-12",
        "state": "NSW",
        "suburb": "Kirribilli",
        "postcode": "2061",
        "remoteness_category": "Major Cities",
        "longitude": 151.216,
        "latitude": -33.8471,
        "profile_year": 2025,
        "total_enrolments": 1176,
        "girls_enrolments": 1176,
        "boys_enrolments": 0,
        "fte_enrolments": 1176.0,
        "icsea": 1189,
        "icsea_percentile": 99,
        "sea_bottom_quarter_pct": 1.0,
        "sea_lower_middle_quarter_pct": 4.0,
        "sea_upper_middle_quarter_pct": 18.0,
        "sea_top_quarter_pct": 77.0,
        "indigenous_enrolments_pct": 0.0,
        "lbote_pct": 21.0,
        "member_count": 1,
        "members": [
          {
            "member_id": "aph-273828",
            "name": "HUGHES, Hollie Alexandra",
            "parliaments": [
              46,
              47
            ],
            "services": [
              {
                "service_id": "srv-273828-46-eaba3f2fbcfaf131",
                "parliament_number": 46,
                "party": "Liberal Party of Australia",
                "party_abbrev": "LP",
                "chamber": "senate"
              },
              {
                "service_id": "srv-273828-47-cbed119f944611c5",
                "parliament_number": 47,
                "party": "Liberal Party of Australia",
                "party_abbrev": "LP",
                "chamber": "senate"
              }
            ]
          }
        ],
        "education_assertions": [
          {
            "education_id": "edu-273828-f951bf834d14e7d6",
            "member_id": "aph-273828",
            "school_name_as_recorded": "Loreto Kirribilli",
            "source_url": "https://handbookapi.aph.gov.au/api/individuals?$filter=PHID eq '273828'",
            "retrieved_at": "2026-10-02T08:23:59.813516+10:00",
            "confidence": "verified",
            "attended_status": "attended_unspecified",
            "institution_resolution": "direct",
            "resolution_source_url": null
          }
        ],
        "parliaments": [
          46,
          47
        ],
        "finance_year": 2024,
        "finance_metric": "total_net_recurrent_income_per_student",
        "finance_value": 30928,
        "finance_status": "estimated_indexed",
        "finance_method": "acara_state_sector_geolocation_index",
        "finance_source": "ACARA National Report on Schooling",
        "temporal_warning": "School profile and finance values describe the institution in their reporting year, not the resources available when the parliamentarian attended. Reviewed successor mappings describe the successor institution."
      }
    },
    {
      "type": "Feature",
      "geometry": {
        "type": "Point",
        "coordinates": [
          145.015,
          -37.8482
        ]
      },
      "properties": {
        "institution_id": "acara-45810",
        "acara_id": "45810",
        "school_name": "Loreto Mandeville Hall",
        "school_sector": "Catholic",
        "government_non_government": "Non-government",
        "school_type": "Pri/Sec",
        "campus_type": "Pri/Sec",
        "year_range": "Prep-12",
        "state": "VIC",
        "suburb": "Toorak",
        "postcode": "3142",
        "remoteness_category": "Major Cities",
        "longitude": 145.015,
        "latitude": -37.8482,
        "profile_year": 2025,
        "total_enrolments": 1220,
        "girls_enrolments": 1220,
        "boys_enrolments": 0,
        "fte_enrolments": 1220.0,
        "icsea": 1167,
        "icsea_percentile": 97,
        "sea_bottom_quarter_pct": 1.0,
        "sea_lower_middle_quarter_pct": 7.0,
        "sea_upper_middle_quarter_pct": 24.0,
        "sea_top_quarter_pct": 68.0,
        "indigenous_enrolments_pct": 0.0,
        "lbote_pct": 11.0,
        "member_count": 1,
        "members": [
          {
            "member_id": "aph-140590",
            "name": "O'NEIL, the Hon. Clare Ellen",
            "parliaments": [
              44,
              45,
              46,
              47,
              48
            ],
            "services": [
              {
                "service_id": "srv-140590-44-3564c2b1809bd0d8",
                "parliament_number": 44,
                "party": "Australian Labor Party",
                "party_abbrev": "ALP",
                "chamber": "representatives"
              },
              {
                "service_id": "srv-140590-45-9a5124eecc309c67",
                "parliament_number": 45,
                "party": "Australian Labor Party",
                "party_abbrev": "ALP",
                "chamber": "representatives"
              },
              {
                "service_id": "srv-140590-46-bbd97f3896baf787",
                "parliament_number": 46,
                "party": "Australian Labor Party",
                "party_abbrev": "ALP",
                "chamber": "representatives"
              },
              {
                "service_id": "srv-140590-47-c00cd01c747bd0b2",
                "parliament_number": 47,
                "party": "Australian Labor Party",
                "party_abbrev": "ALP",
                "chamber": "representatives"
              },
              {
                "service_id": "srv-140590-48-b365bd8bd23de256",
                "parliament_number": 48,
                "party": "Australian Labor Party",
                "party_abbrev": "ALP",
                "chamber": "representatives"
              }
            ]
          }
        ],
        "education_assertions": [
          {
            "education_id": "edu-140590-37fe6d49d40b77c4",
            "member_id": "aph-140590",
            "school_name_as_recorded": "Loreto Mandeville Hall",
            "source_url": "https://handbookapi.aph.gov.au/api/individuals?$filter=PHID eq '140590'",
            "retrieved_at": "2026-10-02T08:23:59.813516+10:00",
            "confidence": "verified",
            "attended_status": "attended_unspecified",
            "institution_resolution": "direct",
            "resolution_source_url": null
          }
        ],
        "parliaments": [
          44,
          45,
          46,
          47,
          48
        ],
        "finance_year": 2024,
        "finance_metric": "total_net_recurrent_income_per_student",
        "finance_value": 13326,
        "finance_status": "estimated_indexed",
        "finance_method": "acara_state_sector_geolocation_index",
        "finance_source": "ACARA National Report on Schooling",
        "temporal_warning": "School profile and finance values describe the institution in their reporting year, not the resources available when the parliamentarian attended. Reviewed successor mappings describe the successor institution."
      }
    },
    {
      "type": "Feature",
      "geometry": {
        "type": "Point",
        "coordinates": [
          149.177,
          -21.1526
        ]
      },
      "properties": {
        "institution_id": "acara-47414",
        "acara_id": "47414",
        "school_name": "Mackay State High School",
        "school_sector": "Government",
        "government_non_government": "Government",
        "school_type": "Sec",
        "campus_type": "Sec",
        "year_range": "7-12",
        "state": "QLD",
        "suburb": "South Mackay",
        "postcode": "4740",
        "remoteness_category": "Inner Regional",
        "longitude": 149.177,
        "latitude": -21.1526,
        "profile_year": 2025,
        "total_enrolments": 1254,
        "girls_enrolments": 559,
        "boys_enrolments": 695,
        "fte_enrolments": 1254.0,
        "icsea": 936,
        "icsea_percentile": 20,
        "sea_bottom_quarter_pct": 50.0,
        "sea_lower_middle_quarter_pct": 32.0,
        "sea_upper_middle_quarter_pct": 14.0,
        "sea_top_quarter_pct": 4.0,
        "indigenous_enrolments_pct": 19.0,
        "lbote_pct": 23.0,
        "member_count": 1,
        "members": [
          {
            "member_id": "aph-230485",
            "name": "CHRISTENSEN, George Robert",
            "parliaments": [
              43,
              44,
              45,
              46
            ],
            "services": [
              {
                "service_id": "srv-230485-43-17ddc5e9e72a3baa",
                "parliament_number": 43,
                "party": "The Nationals",
                "party_abbrev": "NP",
                "chamber": "representatives"
              },
              {
                "service_id": "srv-230485-44-fec6ebf26c6514b0",
                "parliament_number": 44,
                "party": "The Nationals",
                "party_abbrev": "NP",
                "chamber": "representatives"
              },
              {
                "service_id": "srv-230485-45-05892a996da9d5d4",
                "parliament_number": 45,
                "party": "The Nationals",
                "party_abbrev": "NP",
                "chamber": "representatives"
              },
              {
                "service_id": "srv-230485-46-65e279417c1b04de",
                "parliament_number": 46,
                "party": "The Nationals",
                "party_abbrev": "NP",
                "chamber": "representatives"
              }
            ]
          }
        ],
        "education_assertions": [
          {
            "education_id": "edu-230485-a56ca5a3c6a27aa2",
            "member_id": "aph-230485",
            "school_name_as_recorded": "Mackay State High School",
            "source_url": "https://handbookapi.aph.gov.au/api/individuals?$filter=PHID eq '230485'",
            "retrieved_at": "2026-10-02T08:23:59.813516+10:00",
            "confidence": "verified",
            "attended_status": "attended_unspecified",
            "institution_resolution": "direct",
            "resolution_source_url": null
          }
        ],
        "parliaments": [
          43,
          44,
          45,
          46
        ],
        "finance_year": 2024,
        "finance_metric": "total_net_recurrent_income_per_student",
        "finance_value": 17698,
        "finance_status": "estimated_indexed",
        "finance_method": "acara_state_sector_geolocation_index",
        "finance_source": "ACARA National Report on Schooling",
        "temporal_warning": "School profile and finance values describe the institution in their reporting year, not the resources available when the parliamentarian attended. Reviewed successor mappings describe the successor institution."
      }
    },
    {
      "type": "Feature",
      "geometry": {
        "type": "Point",
        "coordinates": [
          148.159,
          -23.5447
        ]
      },
      "properties": {
        "institution_id": "acara-47647",
        "acara_id": "47647",
        "school_name": "Marist College",
        "school_sector": "Catholic",
        "government_non_government": "Non-government",
        "school_type": "Sec",
        "campus_type": "Sec",
        "year_range": "7-12",
        "state": "QLD",
        "suburb": "Emerald",
        "postcode": "4720",
        "remoteness_category": "Outer Regional",
        "longitude": 148.159,
        "latitude": -23.5447,
        "profile_year": 2025,
        "total_enrolments": 697,
        "girls_enrolments": 364,
        "boys_enrolments": 333,
        "fte_enrolments": 697.0,
        "icsea": 999,
        "icsea_percentile": 46,
        "sea_bottom_quarter_pct": 29.0,
        "sea_lower_middle_quarter_pct": 37.0,
        "sea_upper_middle_quarter_pct": 24.0,
        "sea_top_quarter_pct": 11.0,
        "indigenous_enrolments_pct": 5.0,
        "lbote_pct": 11.0,
        "member_count": 2,
        "members": [
          {
            "member_id": "aph-276714",
            "name": "SMITH, David Philip Benedict",
            "parliaments": [
              46,
              47,
              48
            ],
            "services": [
              {
                "service_id": "srv-276714-46-45095b2ac16a5a38",
                "parliament_number": 46,
                "party": "Australian Labor Party",
                "party_abbrev": "ALP",
                "chamber": "representatives"
              },
              {
                "service_id": "srv-276714-47-6d387d1c865183a4",
                "parliament_number": 47,
                "party": "Australian Labor Party",
                "party_abbrev": "ALP",
                "chamber": "representatives"
              },
              {
                "service_id": "srv-276714-48-a4a291c269fab609",
                "parliament_number": 48,
                "party": "Australian Labor Party",
                "party_abbrev": "ALP",
                "chamber": "representatives"
              }
            ]
          },
          {
            "member_id": "aph-182468",
            "name": "THISTLETHWAITE, the Hon. Matthew (Matt) James",
            "parliaments": [
              44,
              45,
              46,
              47,
              48
            ],
            "services": [
              {
                "service_id": "srv-182468-44-de862a5e3f8699d9",
                "parliament_number": 44,
                "party": "Australian Labor Party",
                "party_abbrev": "ALP",
                "chamber": "representatives"
              },
              {
                "service_id": "srv-182468-45-84bccdd53898f614",
                "parliament_number": 45,
                "party": "Australian Labor Party",
                "party_abbrev": "ALP",
                "chamber": "representatives"
              },
              {
                "service_id": "srv-182468-46-188f25154ceb4b21",
                "parliament_number": 46,
                "party": "Australian Labor Party",
                "party_abbrev": "ALP",
                "chamber": "representatives"
              },
              {
                "service_id": "srv-182468-47-3b9f446919b9c188",
                "parliament_number": 47,
                "party": "Australian Labor Party",
                "party_abbrev": "ALP",
                "chamber": "representatives"
              },
              {
                "service_id": "srv-182468-48-27a7f8d6f6695c3f",
                "parliament_number": 48,
                "party": "Australian Labor Party",
                "party_abbrev": "ALP",
                "chamber": "representatives"
              }
            ]
          }
        ],
        "education_assertions": [
          {
            "education_id": "edu-182468-5ad104f8cf76b2d7",
            "member_id": "aph-182468",
            "school_name_as_recorded": "Marist College",
            "source_url": "https://handbookapi.aph.gov.au/api/individuals?$filter=PHID eq '182468'",
            "retrieved_at": "2026-10-02T08:23:59.813516+10:00",
            "confidence": "verified",
            "attended_status": "attended_unspecified",
            "institution_resolution": "direct",
            "resolution_source_url": null
          },
          {
            "education_id": "edu-276714-5ad104f8cf76b2d7",
            "member_id": "aph-276714",
            "school_name_as_recorded": "Marist College",
            "source_url": "https://handbookapi.aph.gov.au/api/individuals?$filter=PHID eq '276714'",
            "retrieved_at": "2026-10-02T08:23:59.813516+10:00",
            "confidence": "verified",
            "attended_status": "attended_unspecified",
            "institution_resolution": "direct",
            "resolution_source_url": null
          }
        ],
        "parliaments": [
          44,
          45,
          46,
          47,
          48
        ],
        "finance_year": 2024,
        "finance_metric": "total_net_recurrent_income_per_student",
        "finance_value": 24516,
        "finance_status": "benchmark_average",
        "finance_method": "peer_group_average",
        "finance_source": "ACARA National Report on Schooling",
        "temporal_warning": "School profile and finance values describe the institution in their reporting year, not the resources available when the parliamentarian attended. Reviewed successor mappings describe the successor institution."
      }
    },
    {
      "type": "Feature",
      "geometry": {
        "type": "Point",
        "coordinates": [
          152.978,
          -27.4396
        ]
      },
      "properties": {
        "institution_id": "acara-47856",
        "acara_id": "47856",
        "school_name": "Marist College Ashgrove",
        "school_sector": "Catholic",
        "government_non_government": "Non-government",
        "school_type": "Pri/Sec",
        "campus_type": "Pri/Sec",
        "year_range": "5-12",
        "state": "QLD",
        "suburb": "Ashgrove",
        "postcode": "4060",
        "remoteness_category": "Major Cities",
        "longitude": 152.978,
        "latitude": -27.4396,
        "profile_year": 2025,
        "total_enrolments": 1827,
        "girls_enrolments": 0,
        "boys_enrolments": 1827,
        "fte_enrolments": 1827.0,
        "icsea": 1139,
        "icsea_percentile": 93,
        "sea_bottom_quarter_pct": 2.0,
        "sea_lower_middle_quarter_pct": 13.0,
        "sea_upper_middle_quarter_pct": 29.0,
        "sea_top_quarter_pct": 56.0,
        "indigenous_enrolments_pct": 3.0,
        "lbote_pct": 14.0,
        "member_count": 1,
        "members": [
          {
            "member_id": "aph-83t",
            "name": "RUDD, the Hon. Dr Kevin Michael, AC",
            "parliaments": [
              42,
              43,
              44
            ],
            "services": [
              {
                "service_id": "srv-83t-42-1b93563e87e5343a",
                "parliament_number": 42,
                "party": "Australian Labor Party",
                "party_abbrev": "ALP",
                "chamber": "representatives"
              },
              {
                "service_id": "srv-83t-43-772847f292675ac9",
                "parliament_number": 43,
                "party": "Australian Labor Party",
                "party_abbrev": "ALP",
                "chamber": "representatives"
              },
              {
                "service_id": "srv-83t-44-d94a057e23b02d6b",
                "parliament_number": 44,
                "party": "Australian Labor Party",
                "party_abbrev": "ALP",
                "chamber": "representatives"
              }
            ]
          }
        ],
        "education_assertions": [
          {
            "education_id": "edu-83t-1b3e28a4f96486e9",
            "member_id": "aph-83t",
            "school_name_as_recorded": "Marist Brothers College Ashgrove",
            "source_url": "https://www.naa.gov.au/explore-collection/australias-prime-ministers/kevin-rudd/before-office",
            "retrieved_at": "2026-10-02T00:00:00+10:00",
            "confidence": "verified",
            "attended_status": "attended_unspecified",
            "institution_resolution": "rename",
            "resolution_source_url": "https://www.marash.qld.edu.au/wp-content/uploads/MCA_Viriliter-Age_Issue7_11June25.pdf"
          }
        ],
        "parliaments": [
          42,
          43,
          44
        ],
        "finance_year": 2024,
        "finance_metric": "total_net_recurrent_income_per_student",
        "finance_value": 21396,
        "finance_status": "benchmark_average",
        "finance_method": "peer_group_average",
        "finance_source": "ACARA National Report on Schooling",
        "temporal_warning": "School profile and finance values describe the institution in their reporting year, not the resources available when the parliamentarian attended. Reviewed successor mappings describe the successor institution."
      }
    },
    {
      "type": "Feature",
      "geometry": {
        "type": "Point",
        "coordinates": [
          149.088,
          -35.3603
        ]
      },
      "properties": {
        "institution_id": "acara-40333",
        "acara_id": "40333",
        "school_name": "Marist College Canberra",
        "school_sector": "Independent",
        "government_non_government": "Non-government",
        "school_type": "Pri/Sec",
        "campus_type": "Pri/Sec",
        "year_range": "4-12",
        "state": "ACT",
        "suburb": "Pearce",
        "postcode": "2607",
        "remoteness_category": "Major Cities",
        "longitude": 149.088,
        "latitude": -35.3603,
        "profile_year": 2025,
        "total_enrolments": 1852,
        "girls_enrolments": 0,
        "boys_enrolments": 1852,
        "fte_enrolments": 1852.0,
        "icsea": 1142,
        "icsea_percentile": 94,
        "sea_bottom_quarter_pct": 2.0,
        "sea_lower_middle_quarter_pct": 12.0,
        "sea_upper_middle_quarter_pct": 29.0,
        "sea_top_quarter_pct": 58.0,
        "indigenous_enrolments_pct": 2.0,
        "lbote_pct": 13.0,
        "member_count": 1,
        "members": [
          {
            "member_id": "aph-132880",
            "name": "MULINO, the Hon. Dr Daniel",
            "parliaments": [
              46,
              47,
              48
            ],
            "services": [
              {
                "service_id": "srv-132880-46-b43a75dccb46426f",
                "parliament_number": 46,
                "party": "Australian Labor Party",
                "party_abbrev": "ALP",
                "chamber": "representatives"
              },
              {
                "service_id": "srv-132880-47-2afc2dc476f4652f",
                "parliament_number": 47,
                "party": "Australian Labor Party",
                "party_abbrev": "ALP",
                "chamber": "representatives"
              },
              {
                "service_id": "srv-132880-48-27d67aa8d9e9871c",
                "parliament_number": 48,
                "party": "Australian Labor Party",
                "party_abbrev": "ALP",
                "chamber": "representatives"
              }
            ]
          }
        ],
        "education_assertions": [
          {
            "education_id": "edu-132880-f96d6b3bddee1602",
            "member_id": "aph-132880",
            "school_name_as_recorded": "Marist College, Canberra",
            "source_url": "https://handbookapi.aph.gov.au/api/individuals?$filter=PHID eq '132880'",
            "retrieved_at": "2026-10-02T08:23:59.813516+10:00",
            "confidence": "verified",
            "attended_status": "attended_unspecified",
            "institution_resolution": "direct",
            "resolution_source_url": null
          }
        ],
        "parliaments": [
          46,
          47,
          48
        ],
        "finance_year": 2024,
        "finance_metric": "total_net_recurrent_income_per_student",
        "finance_value": 19515,
        "finance_status": "estimated_indexed",
        "finance_method": "acara_state_sector_geolocation_index",
        "finance_source": "ACARA National Report on Schooling",
        "temporal_warning": "School profile and finance values describe the institution in their reporting year, not the resources available when the parliamentarian attended. Reviewed successor mappings describe the successor institution."
      }
    },
    {
      "type": "Feature",
      "geometry": {
        "type": "Point",
        "coordinates": [
          145.886,
          -41.04803
        ]
      },
      "properties": {
        "institution_id": "acara-40252",
        "acara_id": "40252",
        "school_name": "Marist Regional College",
        "school_sector": "Catholic",
        "government_non_government": "Non-government",
        "school_type": "Sec",
        "campus_type": "Sec",
        "year_range": "7-12",
        "state": "TAS",
        "suburb": "Burnie",
        "postcode": "7320",
        "remoteness_category": "Outer Regional",
        "longitude": 145.886,
        "latitude": -41.04803,
        "profile_year": 2025,
        "total_enrolments": 889,
        "girls_enrolments": 454,
        "boys_enrolments": 435,
        "fte_enrolments": 887.8,
        "icsea": 1006,
        "icsea_percentile": 50,
        "sea_bottom_quarter_pct": 26.0,
        "sea_lower_middle_quarter_pct": 31.0,
        "sea_upper_middle_quarter_pct": 24.0,
        "sea_top_quarter_pct": 19.0,
        "indigenous_enrolments_pct": 14.0,
        "lbote_pct": 9.0,
        "member_count": 1,
        "members": [
          {
            "member_id": "aph-263418",
            "name": "DUNIAM, the Hon. Jonathon (Jonno) Roy",
            "parliaments": [
              45,
              46,
              47,
              48
            ],
            "services": [
              {
                "service_id": "srv-263418-45-8814455541a1d7fc",
                "parliament_number": 45,
                "party": "Liberal Party of Australia",
                "party_abbrev": "LP",
                "chamber": "senate"
              },
              {
                "service_id": "srv-263418-46-056e1e5f8bfd74c2",
                "parliament_number": 46,
                "party": "Liberal Party of Australia",
                "party_abbrev": "LP",
                "chamber": "senate"
              },
              {
                "service_id": "srv-263418-47-3769ea16ddf2406b",
                "parliament_number": 47,
                "party": "Liberal Party of Australia",
                "party_abbrev": "LP",
                "chamber": "senate"
              },
              {
                "service_id": "srv-263418-48-2bf21d49824a86c4",
                "parliament_number": 48,
                "party": "Liberal Party of Australia",
                "party_abbrev": "LP",
                "chamber": "senate"
              }
            ]
          }
        ],
        "education_assertions": [
          {
            "education_id": "edu-263418-47427ad01776d8a2",
            "member_id": "aph-263418",
            "school_name_as_recorded": "Marist Regional College",
            "source_url": "https://handbookapi.aph.gov.au/api/individuals?$filter=PHID eq '263418'",
            "retrieved_at": "2026-10-02T08:23:59.813516+10:00",
            "confidence": "verified",
            "attended_status": "attended_unspecified",
            "institution_resolution": "direct",
            "resolution_source_url": null
          }
        ],
        "parliaments": [
          45,
          46,
          47,
          48
        ],
        "finance_year": 2024,
        "finance_metric": "total_net_recurrent_income_per_student",
        "finance_value": 25730,
        "finance_status": "benchmark_average",
        "finance_method": "peer_group_average_high_dispersion_fallback",
        "finance_source": "ACARA National Report on Schooling",
        "temporal_warning": "School profile and finance values describe the institution in their reporting year, not the resources available when the parliamentarian attended. Reviewed successor mappings describe the successor institution."
      }
    },
    {
      "type": "Feature",
      "geometry": {
        "type": "Point",
        "coordinates": [
          153.076,
          -26.6547
        ]
      },
      "properties": {
        "institution_id": "acara-47482",
        "acara_id": "47482",
        "school_name": "Maroochydore State High School",
        "school_sector": "Government",
        "government_non_government": "Government",
        "school_type": "Sec",
        "campus_type": "Sec",
        "year_range": "7-12",
        "state": "QLD",
        "suburb": "Maroochydore",
        "postcode": "4558",
        "remoteness_category": "Major Cities",
        "longitude": 153.076,
        "latitude": -26.6547,
        "profile_year": 2025,
        "total_enrolments": 1205,
        "girls_enrolments": 614,
        "boys_enrolments": 591,
        "fte_enrolments": 1189.0,
        "icsea": 1011,
        "icsea_percentile": 52,
        "sea_bottom_quarter_pct": 29.0,
        "sea_lower_middle_quarter_pct": 35.0,
        "sea_upper_middle_quarter_pct": 24.0,
        "sea_top_quarter_pct": 12.0,
        "indigenous_enrolments_pct": 5.0,
        "lbote_pct": 12.0,
        "member_count": 1,
        "members": [
          {
            "member_id": "aph-249710",
            "name": "CHESTERS, Lisa Marie",
            "parliaments": [
              44,
              45,
              46,
              47,
              48
            ],
            "services": [
              {
                "service_id": "srv-249710-44-42a80835cac65f38",
                "parliament_number": 44,
                "party": "Australian Labor Party",
                "party_abbrev": "ALP",
                "chamber": "representatives"
              },
              {
                "service_id": "srv-249710-45-9dc6b4a72a223506",
                "parliament_number": 45,
                "party": "Australian Labor Party",
                "party_abbrev": "ALP",
                "chamber": "representatives"
              },
              {
                "service_id": "srv-249710-46-cb8df55b034ff13c",
                "parliament_number": 46,
                "party": "Australian Labor Party",
                "party_abbrev": "ALP",
                "chamber": "representatives"
              },
              {
                "service_id": "srv-249710-47-aae1597d36aa72a2",
                "parliament_number": 47,
                "party": "Australian Labor Party",
                "party_abbrev": "ALP",
                "chamber": "representatives"
              },
              {
                "service_id": "srv-249710-48-6b588781481c6506",
                "parliament_number": 48,
                "party": "Australian Labor Party",
                "party_abbrev": "ALP",
                "chamber": "representatives"
              }
            ]
          }
        ],
        "education_assertions": [
          {
            "education_id": "edu-249710-10e1d18f2d3e5d6d",
            "member_id": "aph-249710",
            "school_name_as_recorded": "Maroochydore State High School",
            "source_url": "https://handbookapi.aph.gov.au/api/individuals?$filter=PHID eq '249710'",
            "retrieved_at": "2026-10-02T08:23:59.813516+10:00",
            "confidence": "verified",
            "attended_status": "attended_unspecified",
            "institution_resolution": "direct",
            "resolution_source_url": null
          }
        ],
        "parliaments": [
          44,
          45,
          46,
          47,
          48
        ],
        "finance_year": 2024,
        "finance_metric": "total_net_recurrent_income_per_student",
        "finance_value": 19851,
        "finance_status": "estimated_indexed",
        "finance_method": "acara_state_sector_geolocation_index",
        "finance_source": "ACARA National Report on Schooling",
        "temporal_warning": "School profile and finance values describe the institution in their reporting year, not the resources available when the parliamentarian attended. Reviewed successor mappings describe the successor institution."
      }
    },
    {
      "type": "Feature",
      "geometry": {
        "type": "Point",
        "coordinates": [
          145.359,
          -37.9106
        ]
      },
      "properties": {
        "institution_id": "acara-45970",
        "acara_id": "45970",
        "school_name": "Mater Christi College",
        "school_sector": "Catholic",
        "government_non_government": "Non-government",
        "school_type": "Sec",
        "campus_type": "Sec",
        "year_range": "7-12",
        "state": "VIC",
        "suburb": "Belgrave",
        "postcode": "3160",
        "remoteness_category": "Major Cities",
        "longitude": 145.359,
        "latitude": -37.9106,
        "profile_year": 2025,
        "total_enrolments": 688,
        "girls_enrolments": 688,
        "boys_enrolments": 0,
        "fte_enrolments": 688.0,
        "icsea": 1093,
        "icsea_percentile": 82,
        "sea_bottom_quarter_pct": 7.0,
        "sea_lower_middle_quarter_pct": 25.0,
        "sea_upper_middle_quarter_pct": 35.0,
        "sea_top_quarter_pct": 33.0,
        "indigenous_enrolments_pct": 1.0,
        "lbote_pct": 13.0,
        "member_count": 1,
        "members": [
          {
            "member_id": "aph-316660",
            "name": "WITTY, Sarah",
            "parliaments": [
              48
            ],
            "services": [
              {
                "service_id": "srv-316660-48-2bbc16a35050d854",
                "parliament_number": 48,
                "party": "Australian Labor Party",
                "party_abbrev": "ALP",
                "chamber": "representatives"
              }
            ]
          }
        ],
        "education_assertions": [
          {
            "education_id": "edu-316660-40f3c74626f68385",
            "member_id": "aph-316660",
            "school_name_as_recorded": "Mater Christi College",
            "source_url": "https://handbookapi.aph.gov.au/api/individuals?$filter=PHID eq '316660'",
            "retrieved_at": "2026-10-02T08:23:59.813516+10:00",
            "confidence": "verified",
            "attended_status": "attended_unspecified",
            "institution_resolution": "direct",
            "resolution_source_url": null
          }
        ],
        "parliaments": [
          48
        ],
        "finance_year": 2024,
        "finance_metric": "total_net_recurrent_income_per_student",
        "finance_value": 20761,
        "finance_status": "benchmark_average",
        "finance_method": "peer_group_average",
        "finance_source": "ACARA National Report on Schooling",
        "temporal_warning": "School profile and finance values describe the institution in their reporting year, not the resources available when the parliamentarian attended. Reviewed successor mappings describe the successor institution."
      }
    },
    {
      "type": "Feature",
      "geometry": {
        "type": "Point",
        "coordinates": [
          115.777,
          -31.7639
        ]
      },
      "properties": {
        "institution_id": "acara-49000",
        "acara_id": "49000",
        "school_name": "Mater Dei College",
        "school_sector": "Catholic",
        "government_non_government": "Non-government",
        "school_type": "Sec",
        "campus_type": "Sec",
        "year_range": "7-12",
        "state": "WA",
        "suburb": "Edgewater",
        "postcode": "6027",
        "remoteness_category": "Major Cities",
        "longitude": 115.777,
        "latitude": -31.7639,
        "profile_year": 2025,
        "total_enrolments": 1047,
        "girls_enrolments": 532,
        "boys_enrolments": 515,
        "fte_enrolments": 1047.0,
        "icsea": 1056,
        "icsea_percentile": 71,
        "sea_bottom_quarter_pct": 14.0,
        "sea_lower_middle_quarter_pct": 32.0,
        "sea_upper_middle_quarter_pct": 33.0,
        "sea_top_quarter_pct": 21.0,
        "indigenous_enrolments_pct": 2.0,
        "lbote_pct": 13.0,
        "member_count": 1,
        "members": [
          {
            "member_id": "aph-248353",
            "name": "McBRIDE, the Hon. Emma Margaret",
            "parliaments": [
              45,
              46,
              47,
              48
            ],
            "services": [
              {
                "service_id": "srv-248353-45-3c1adb744a64e4c5",
                "parliament_number": 45,
                "party": "Australian Labor Party",
                "party_abbrev": "ALP",
                "chamber": "representatives"
              },
              {
                "service_id": "srv-248353-46-9a764798835a2740",
                "parliament_number": 46,
                "party": "Australian Labor Party",
                "party_abbrev": "ALP",
                "chamber": "representatives"
              },
              {
                "service_id": "srv-248353-47-620982f88c5a84ec",
                "parliament_number": 47,
                "party": "Australian Labor Party",
                "party_abbrev": "ALP",
                "chamber": "representatives"
              },
              {
                "service_id": "srv-248353-48-c0ea7a4539021e3a",
                "parliament_number": 48,
                "party": "Australian Labor Party",
                "party_abbrev": "ALP",
                "chamber": "representatives"
              }
            ]
          }
        ],
        "education_assertions": [
          {
            "education_id": "edu-248353-c3307671e175bb67",
            "member_id": "aph-248353",
            "school_name_as_recorded": "Mater Dei College",
            "source_url": "https://handbookapi.aph.gov.au/api/individuals?$filter=PHID eq '248353'",
            "retrieved_at": "2026-10-02T08:23:59.813516+10:00",
            "confidence": "verified",
            "attended_status": "attended_unspecified",
            "institution_resolution": "direct",
            "resolution_source_url": null
          }
        ],
        "parliaments": [
          45,
          46,
          47,
          48
        ],
        "finance_year": 2024,
        "finance_metric": "total_net_recurrent_income_per_student",
        "finance_value": 22244,
        "finance_status": "benchmark_average",
        "finance_method": "peer_group_average",
        "finance_source": "ACARA National Report on Schooling",
        "temporal_warning": "School profile and finance values describe the institution in their reporting year, not the resources available when the parliamentarian attended. Reviewed successor mappings describe the successor institution."
      }
    },
    {
      "type": "Feature",
      "geometry": {
        "type": "Point",
        "coordinates": [
          150.919,
          -31.0728
        ]
      },
      "properties": {
        "institution_id": "acara-43652",
        "acara_id": "43652",
        "school_name": "McCarthy Catholic College",
        "school_sector": "Catholic",
        "government_non_government": "Non-government",
        "school_type": "Sec",
        "campus_type": "Sec",
        "year_range": "7-12",
        "state": "NSW",
        "suburb": "West Tamworth",
        "postcode": "2340",
        "remoteness_category": "Inner Regional",
        "longitude": 150.919,
        "latitude": -31.0728,
        "profile_year": 2025,
        "total_enrolments": 935,
        "girls_enrolments": 529,
        "boys_enrolments": 406,
        "fte_enrolments": 935.0,
        "icsea": 991,
        "icsea_percentile": 42,
        "sea_bottom_quarter_pct": 30.0,
        "sea_lower_middle_quarter_pct": 36.0,
        "sea_upper_middle_quarter_pct": 24.0,
        "sea_top_quarter_pct": 10.0,
        "indigenous_enrolments_pct": 13.0,
        "lbote_pct": 9.0,
        "member_count": 1,
        "members": [
          {
            "member_id": "aph-c2t",
            "name": "WILKIE, Andrew Damien",
            "parliaments": [
              43,
              44,
              45,
              46,
              47,
              48
            ],
            "services": [
              {
                "service_id": "srv-c2t-43-1f17c233e985ffee",
                "parliament_number": 43,
                "party": "Independent",
                "party_abbrev": "IND",
                "chamber": "representatives"
              },
              {
                "service_id": "srv-c2t-44-740fb2375d457cae",
                "parliament_number": 44,
                "party": "Independent",
                "party_abbrev": "IND",
                "chamber": "representatives"
              },
              {
                "service_id": "srv-c2t-45-8ddd3dbf5694567c",
                "parliament_number": 45,
                "party": "Independent",
                "party_abbrev": "IND",
                "chamber": "representatives"
              },
              {
                "service_id": "srv-c2t-46-145f6ee8a3c320cb",
                "parliament_number": 46,
                "party": "Independent",
                "party_abbrev": "IND",
                "chamber": "representatives"
              },
              {
                "service_id": "srv-c2t-47-db75a36a95cee133",
                "parliament_number": 47,
                "party": "Independent",
                "party_abbrev": "IND",
                "chamber": "representatives"
              },
              {
                "service_id": "srv-c2t-48-405549bc854034d0",
                "parliament_number": 48,
                "party": "Independent",
                "party_abbrev": "IND",
                "chamber": "representatives"
              }
            ]
          }
        ],
        "education_assertions": [
          {
            "education_id": "edu-c2t-b24960cd95f3cd7d",
            "member_id": "aph-c2t",
            "school_name_as_recorded": "McCarthy Catholic College",
            "source_url": "https://handbookapi.aph.gov.au/api/individuals?$filter=PHID eq 'C2T'",
            "retrieved_at": "2026-10-02T08:23:59.813516+10:00",
            "confidence": "verified",
            "attended_status": "attended_unspecified",
            "institution_resolution": "direct",
            "resolution_source_url": null
          }
        ],
        "parliaments": [
          43,
          44,
          45,
          46,
          47,
          48
        ],
        "finance_year": 2024,
        "finance_metric": "total_net_recurrent_income_per_student",
        "finance_value": 22508,
        "finance_status": "benchmark_average",
        "finance_method": "peer_group_average",
        "finance_source": "ACARA National Report on Schooling",
        "temporal_warning": "School profile and finance values describe the institution in their reporting year, not the resources available when the parliamentarian attended. Reviewed successor mappings describe the successor institution."
      }
    },
    {
      "type": "Feature",
      "geometry": {
        "type": "Point",
        "coordinates": [
          145.049,
          -37.912
        ]
      },
      "properties": {
        "institution_id": "acara-45436",
        "acara_id": "45436",
        "school_name": "Mckinnon Secondary College",
        "school_sector": "Government",
        "government_non_government": "Government",
        "school_type": "Sec",
        "campus_type": "Sec",
        "year_range": "7-12",
        "state": "VIC",
        "suburb": "Mckinnon",
        "postcode": "3204",
        "remoteness_category": "Major Cities",
        "longitude": 145.049,
        "latitude": -37.912,
        "profile_year": 2025,
        "total_enrolments": 3052,
        "girls_enrolments": 1404,
        "boys_enrolments": 1648,
        "fte_enrolments": 3051.7,
        "icsea": 1118,
        "icsea_percentile": 89,
        "sea_bottom_quarter_pct": 4.0,
        "sea_lower_middle_quarter_pct": 14.0,
        "sea_upper_middle_quarter_pct": 36.0,
        "sea_top_quarter_pct": 46.0,
        "indigenous_enrolments_pct": 0.0,
        "lbote_pct": 60.0,
        "member_count": 1,
        "members": [
          {
            "member_id": "aph-144138",
            "name": "PATERSON, James William",
            "parliaments": [
              45,
              46,
              47,
              48
            ],
            "services": [
              {
                "service_id": "srv-144138-45-262f1f24276963a2",
                "parliament_number": 45,
                "party": "Liberal Party of Australia",
                "party_abbrev": "LP",
                "chamber": "senate"
              },
              {
                "service_id": "srv-144138-46-c8744b8d430b7f89",
                "parliament_number": 46,
                "party": "Liberal Party of Australia",
                "party_abbrev": "LP",
                "chamber": "senate"
              },
              {
                "service_id": "srv-144138-47-4ad82d6008daf869",
                "parliament_number": 47,
                "party": "Liberal Party of Australia",
                "party_abbrev": "LP",
                "chamber": "senate"
              },
              {
                "service_id": "srv-144138-48-901262a2a8064ad0",
                "parliament_number": 48,
                "party": "Liberal Party of Australia",
                "party_abbrev": "LP",
                "chamber": "senate"
              }
            ]
          }
        ],
        "education_assertions": [
          {
            "education_id": "edu-144138-cb4e44ac993223d3",
            "member_id": "aph-144138",
            "school_name_as_recorded": "McKinnon Secondary College",
            "source_url": "https://handbookapi.aph.gov.au/api/individuals?$filter=PHID eq '144138'",
            "retrieved_at": "2026-10-02T08:23:59.813516+10:00",
            "confidence": "verified",
            "attended_status": "attended_unspecified",
            "institution_resolution": "direct",
            "resolution_source_url": null
          }
        ],
        "parliaments": [
          45,
          46,
          47,
          48
        ],
        "finance_year": 2024,
        "finance_metric": "total_net_recurrent_income_per_student",
        "finance_value": 17023,
        "finance_status": "estimated_indexed",
        "finance_method": "acara_state_sector_geolocation_index",
        "finance_source": "ACARA National Report on Schooling",
        "temporal_warning": "School profile and finance values describe the institution in their reporting year, not the resources available when the parliamentarian attended. Reviewed successor mappings describe the successor institution."
      }
    },
    {
      "type": "Feature",
      "geometry": {
        "type": "Point",
        "coordinates": [
          149.089,
          -35.3635
        ]
      },
      "properties": {
        "institution_id": "acara-49924",
        "acara_id": "49924",
        "school_name": "Melrose High School",
        "school_sector": "Government",
        "government_non_government": "Government",
        "school_type": "Sec",
        "campus_type": "Sec",
        "year_range": "7-10",
        "state": "ACT",
        "suburb": "Pearce",
        "postcode": "2607",
        "remoteness_category": "Major Cities",
        "longitude": 149.089,
        "latitude": -35.3635,
        "profile_year": 2025,
        "total_enrolments": 776,
        "girls_enrolments": 376,
        "boys_enrolments": 400,
        "fte_enrolments": 776.0,
        "icsea": 1079,
        "icsea_percentile": 78,
        "sea_bottom_quarter_pct": 13.0,
        "sea_lower_middle_quarter_pct": 20.0,
        "sea_upper_middle_quarter_pct": 30.0,
        "sea_top_quarter_pct": 37.0,
        "indigenous_enrolments_pct": 4.0,
        "lbote_pct": 31.0,
        "member_count": 1,
        "members": [
          {
            "member_id": "aph-ing",
            "name": "GALLAGHER, the Hon. Katherine (Katy) Ruth",
            "parliaments": [
              45,
              46,
              47,
              48
            ],
            "services": [
              {
                "service_id": "srv-ing-45-21deb3b3b1fa6641",
                "parliament_number": 45,
                "party": "Australian Labor Party",
                "party_abbrev": "ALP",
                "chamber": "senate"
              },
              {
                "service_id": "srv-ing-46-7019d19d93b60953",
                "parliament_number": 46,
                "party": "Australian Labor Party",
                "party_abbrev": "ALP",
                "chamber": "senate"
              },
              {
                "service_id": "srv-ing-47-023878b2642f24ef",
                "parliament_number": 47,
                "party": "Australian Labor Party",
                "party_abbrev": "ALP",
                "chamber": "senate"
              },
              {
                "service_id": "srv-ing-48-d2aa83c5ffdc7eea",
                "parliament_number": 48,
                "party": "Australian Labor Party",
                "party_abbrev": "ALP",
                "chamber": "senate"
              }
            ]
          }
        ],
        "education_assertions": [
          {
            "education_id": "edu-ing-f45dc60b3fe3aa75",
            "member_id": "aph-ing",
            "school_name_as_recorded": "Melrose High School",
            "source_url": "https://handbookapi.aph.gov.au/api/individuals?$filter=PHID eq 'ING'",
            "retrieved_at": "2026-10-02T08:23:59.813516+10:00",
            "confidence": "verified",
            "attended_status": "attended_unspecified",
            "institution_resolution": "direct",
            "resolution_source_url": null
          }
        ],
        "parliaments": [
          45,
          46,
          47,
          48
        ],
        "finance_year": 2024,
        "finance_metric": "total_net_recurrent_income_per_student",
        "finance_value": 20335,
        "finance_status": "benchmark_average",
        "finance_method": "peer_group_average",
        "finance_source": "ACARA National Report on Schooling",
        "temporal_warning": "School profile and finance values describe the institution in their reporting year, not the resources available when the parliamentarian attended. Reviewed successor mappings describe the successor institution."
      }
    },
    {
      "type": "Feature",
      "geometry": {
        "type": "Point",
        "coordinates": [
          115.805,
          -32.0467
        ]
      },
      "properties": {
        "institution_id": "acara-48141",
        "acara_id": "48141",
        "school_name": "Melville Senior High School",
        "school_sector": "Government",
        "government_non_government": "Government",
        "school_type": "Sec",
        "campus_type": "Sec",
        "year_range": "7-12",
        "state": "WA",
        "suburb": "Melville",
        "postcode": "6156",
        "remoteness_category": "Major Cities",
        "longitude": 115.805,
        "latitude": -32.0467,
        "profile_year": 2025,
        "total_enrolments": 1398,
        "girls_enrolments": 662,
        "boys_enrolments": 736,
        "fte_enrolments": 1398.0,
        "icsea": 1071,
        "icsea_percentile": 76,
        "sea_bottom_quarter_pct": 14.0,
        "sea_lower_middle_quarter_pct": 23.0,
        "sea_upper_middle_quarter_pct": 30.0,
        "sea_top_quarter_pct": 32.0,
        "indigenous_enrolments_pct": 4.0,
        "lbote_pct": 40.0,
        "member_count": 1,
        "members": [
          {
            "member_id": "aph-74519",
            "name": "GORMAN, the Hon. Patrick",
            "parliaments": [
              46,
              47,
              48
            ],
            "services": [
              {
                "service_id": "srv-74519-46-90d794bf1f9b7a46",
                "parliament_number": 46,
                "party": "Australian Labor Party",
                "party_abbrev": "ALP",
                "chamber": "representatives"
              },
              {
                "service_id": "srv-74519-47-cbaa37cb11ed84d6",
                "parliament_number": 47,
                "party": "Australian Labor Party",
                "party_abbrev": "ALP",
                "chamber": "representatives"
              },
              {
                "service_id": "srv-74519-48-566ad1c3ad04a9a2",
                "parliament_number": 48,
                "party": "Australian Labor Party",
                "party_abbrev": "ALP",
                "chamber": "representatives"
              }
            ]
          }
        ],
        "education_assertions": [
          {
            "education_id": "edu-74519-175950e9515f6614",
            "member_id": "aph-74519",
            "school_name_as_recorded": "Melville Senior High School",
            "source_url": "https://handbookapi.aph.gov.au/api/individuals?$filter=PHID eq '74519'",
            "retrieved_at": "2026-10-02T08:23:59.813516+10:00",
            "confidence": "verified",
            "attended_status": "attended_unspecified",
            "institution_resolution": "direct",
            "resolution_source_url": null
          }
        ],
        "parliaments": [
          46,
          47,
          48
        ],
        "finance_year": 2024,
        "finance_metric": "total_net_recurrent_income_per_student",
        "finance_value": 18275,
        "finance_status": "estimated_indexed",
        "finance_method": "acara_state_sector_geolocation_index",
        "finance_source": "ACARA National Report on Schooling",
        "temporal_warning": "School profile and finance values describe the institution in their reporting year, not the resources available when the parliamentarian attended. Reviewed successor mappings describe the successor institution."
      }
    },
    {
      "type": "Feature",
      "geometry": {
        "type": "Point",
        "coordinates": [
          151.09,
          -33.8743
        ]
      },
      "properties": {
        "institution_id": "acara-43913",
        "acara_id": "43913",
        "school_name": "Meriden School",
        "school_sector": "Independent",
        "government_non_government": "Non-government",
        "school_type": "Pri/Sec",
        "campus_type": "Pri/Sec",
        "year_range": "K-12",
        "state": "NSW",
        "suburb": "Strathfield",
        "postcode": "2135",
        "remoteness_category": "Major Cities",
        "longitude": 151.09,
        "latitude": -33.8743,
        "profile_year": 2025,
        "total_enrolments": 1761,
        "girls_enrolments": 1761,
        "boys_enrolments": 0,
        "fte_enrolments": 1761.0,
        "icsea": 1180,
        "icsea_percentile": 99,
        "sea_bottom_quarter_pct": 1.0,
        "sea_lower_middle_quarter_pct": 6.0,
        "sea_upper_middle_quarter_pct": 22.0,
        "sea_top_quarter_pct": 71.0,
        "indigenous_enrolments_pct": 0.0,
        "lbote_pct": 80.0,
        "member_count": 1,
        "members": [
          {
            "member_id": "aph-248895",
            "name": "PENFOLD, Alison Louise",
            "parliaments": [
              48
            ],
            "services": [
              {
                "service_id": "srv-248895-48-ae29773221c86fd0",
                "parliament_number": 48,
                "party": "The Nationals",
                "party_abbrev": "NP",
                "chamber": "representatives"
              }
            ]
          }
        ],
        "education_assertions": [
          {
            "education_id": "edu-248895-6e80970a5fb24fc4",
            "member_id": "aph-248895",
            "school_name_as_recorded": "Meriden School",
            "source_url": "https://handbookapi.aph.gov.au/api/individuals?$filter=PHID eq '248895'",
            "retrieved_at": "2026-10-02T08:23:59.813516+10:00",
            "confidence": "verified",
            "attended_status": "attended_unspecified",
            "institution_resolution": "direct",
            "resolution_source_url": null
          }
        ],
        "parliaments": [
          48
        ],
        "finance_year": 2024,
        "finance_metric": "total_net_recurrent_income_per_student",
        "finance_value": 31101,
        "finance_status": "estimated_indexed",
        "finance_method": "acara_state_sector_geolocation_index",
        "finance_source": "ACARA National Report on Schooling",
        "temporal_warning": "School profile and finance values describe the institution in their reporting year, not the resources available when the parliamentarian attended. Reviewed successor mappings describe the successor institution."
      }
    },
    {
      "type": "Feature",
      "geometry": {
        "type": "Point",
        "coordinates": [
          142.145,
          -34.198
        ]
      },
      "properties": {
        "institution_id": "acara-40562",
        "acara_id": "40562",
        "school_name": "Mildura Senior College",
        "school_sector": "Government",
        "government_non_government": "Government",
        "school_type": "Sec",
        "campus_type": "Sec",
        "year_range": "Prep-12",
        "state": "VIC",
        "suburb": "Mildura",
        "postcode": "3502",
        "remoteness_category": "Outer Regional",
        "longitude": 142.145,
        "latitude": -34.198,
        "profile_year": 2025,
        "total_enrolments": 1027,
        "girls_enrolments": 531,
        "boys_enrolments": 496,
        "fte_enrolments": 1022.2,
        "icsea": 977,
        "icsea_percentile": 36,
        "sea_bottom_quarter_pct": 37.0,
        "sea_lower_middle_quarter_pct": 32.0,
        "sea_upper_middle_quarter_pct": 21.0,
        "sea_top_quarter_pct": 10.0,
        "indigenous_enrolments_pct": 9.0,
        "lbote_pct": 15.0,
        "member_count": 1,
        "members": [
          {
            "member_id": "aph-300129",
            "name": "BURNELL, Matthew (Matt) Paul",
            "parliaments": [
              47,
              48
            ],
            "services": [
              {
                "service_id": "srv-300129-47-5fa0d4af1793acfa",
                "parliament_number": 47,
                "party": "Australian Labor Party",
                "party_abbrev": "ALP",
                "chamber": "representatives"
              },
              {
                "service_id": "srv-300129-48-0185dbd6efbf40a5",
                "parliament_number": 48,
                "party": "Australian Labor Party",
                "party_abbrev": "ALP",
                "chamber": "representatives"
              }
            ]
          }
        ],
        "education_assertions": [
          {
            "education_id": "edu-300129-a041bfc0283f757e",
            "member_id": "aph-300129",
            "school_name_as_recorded": "Mildura Senior College",
            "source_url": "https://handbookapi.aph.gov.au/api/individuals?$filter=PHID eq '300129'",
            "retrieved_at": "2026-10-02T08:23:59.813516+10:00",
            "confidence": "verified",
            "attended_status": "attended_unspecified",
            "institution_resolution": "direct",
            "resolution_source_url": null
          }
        ],
        "parliaments": [
          47,
          48
        ],
        "finance_year": 2024,
        "finance_metric": "total_net_recurrent_income_per_student",
        "finance_value": 21957,
        "finance_status": "benchmark_average",
        "finance_method": "peer_group_average_high_dispersion_fallback",
        "finance_source": "ACARA National Report on Schooling",
        "temporal_warning": "School profile and finance values describe the institution in their reporting year, not the resources available when the parliamentarian attended. Reviewed successor mappings describe the successor institution."
      }
    },
    {
      "type": "Feature",
      "geometry": {
        "type": "Point",
        "coordinates": [
          150.916,
          -33.7848
        ]
      },
      "properties": {
        "institution_id": "acara-41821",
        "acara_id": "41821",
        "school_name": "Mitchell High School",
        "school_sector": "Government",
        "government_non_government": "Government",
        "school_type": "Sec",
        "campus_type": "Sec",
        "year_range": "7-12",
        "state": "NSW",
        "suburb": "Blacktown",
        "postcode": "2148",
        "remoteness_category": "Major Cities",
        "longitude": 150.916,
        "latitude": -33.7848,
        "profile_year": 2025,
        "total_enrolments": 876,
        "girls_enrolments": 414,
        "boys_enrolments": 462,
        "fte_enrolments": 875.0,
        "icsea": 978,
        "icsea_percentile": 37,
        "sea_bottom_quarter_pct": 44.0,
        "sea_lower_middle_quarter_pct": 29.0,
        "sea_upper_middle_quarter_pct": 19.0,
        "sea_top_quarter_pct": 8.0,
        "indigenous_enrolments_pct": 5.0,
        "lbote_pct": 61.0,
        "member_count": 1,
        "members": [
          {
            "member_id": "aph-91219",
            "name": "HUSIC, the Hon. Edham (Ed) Nurredin",
            "parliaments": [
              43,
              44,
              45,
              46,
              47,
              48
            ],
            "services": [
              {
                "service_id": "srv-91219-43-30df0771feb59cb1",
                "parliament_number": 43,
                "party": "Australian Labor Party",
                "party_abbrev": "ALP",
                "chamber": "representatives"
              },
              {
                "service_id": "srv-91219-44-bb8460ad03e012dc",
                "parliament_number": 44,
                "party": "Australian Labor Party",
                "party_abbrev": "ALP",
                "chamber": "representatives"
              },
              {
                "service_id": "srv-91219-45-7ca43ed99b082037",
                "parliament_number": 45,
                "party": "Australian Labor Party",
                "party_abbrev": "ALP",
                "chamber": "representatives"
              },
              {
                "service_id": "srv-91219-46-880da8e54da62f4f",
                "parliament_number": 46,
                "party": "Australian Labor Party",
                "party_abbrev": "ALP",
                "chamber": "representatives"
              },
              {
                "service_id": "srv-91219-47-76fca19abcee23f9",
                "parliament_number": 47,
                "party": "Australian Labor Party",
                "party_abbrev": "ALP",
                "chamber": "representatives"
              },
              {
                "service_id": "srv-91219-48-06071e9e07bc7af0",
                "parliament_number": 48,
                "party": "Australian Labor Party",
                "party_abbrev": "ALP",
                "chamber": "representatives"
              }
            ]
          }
        ],
        "education_assertions": [
          {
            "education_id": "edu-91219-82a5d765c30ff07f",
            "member_id": "aph-91219",
            "school_name_as_recorded": "Mitchell High School",
            "source_url": "https://handbookapi.aph.gov.au/api/individuals?$filter=PHID eq '91219'",
            "retrieved_at": "2026-10-02T08:23:59.813516+10:00",
            "confidence": "verified",
            "attended_status": "attended_unspecified",
            "institution_resolution": "direct",
            "resolution_source_url": null
          }
        ],
        "parliaments": [
          43,
          44,
          45,
          46,
          47,
          48
        ],
        "finance_year": 2024,
        "finance_metric": "total_net_recurrent_income_per_student",
        "finance_value": 18458,
        "finance_status": "estimated_indexed",
        "finance_method": "acara_state_sector_geolocation_index",
        "finance_source": "ACARA National Report on Schooling",
        "temporal_warning": "School profile and finance values describe the institution in their reporting year, not the resources available when the parliamentarian attended. Reviewed successor mappings describe the successor institution."
      }
    },
    {
      "type": "Feature",
      "geometry": {
        "type": "Point",
        "coordinates": [
          142.049,
          -37.742
        ]
      },
      "properties": {
        "institution_id": "acara-45893",
        "acara_id": "45893",
        "school_name": "Monivae College",
        "school_sector": "Catholic",
        "government_non_government": "Non-government",
        "school_type": "Sec",
        "campus_type": "Sec",
        "year_range": "7-12",
        "state": "VIC",
        "suburb": "Hamilton",
        "postcode": "3300",
        "remoteness_category": "Inner Regional",
        "longitude": 142.049,
        "latitude": -37.742,
        "profile_year": 2025,
        "total_enrolments": 583,
        "girls_enrolments": 298,
        "boys_enrolments": 285,
        "fte_enrolments": 583.0,
        "icsea": 1033,
        "icsea_percentile": 61,
        "sea_bottom_quarter_pct": 22.0,
        "sea_lower_middle_quarter_pct": 33.0,
        "sea_upper_middle_quarter_pct": 29.0,
        "sea_top_quarter_pct": 16.0,
        "indigenous_enrolments_pct": 3.0,
        "lbote_pct": 6.0,
        "member_count": 1,
        "members": [
          {
            "member_id": "aph-sr5",
            "name": "DODSON, Patrick (Pat) Lionel Djargun",
            "parliaments": [
              45,
              46,
              47
            ],
            "services": [
              {
                "service_id": "srv-sr5-45-5884db98268c8500",
                "parliament_number": 45,
                "party": "Australian Labor Party",
                "party_abbrev": "ALP",
                "chamber": "senate"
              },
              {
                "service_id": "srv-sr5-46-d19b52cb6326a717",
                "parliament_number": 46,
                "party": "Australian Labor Party",
                "party_abbrev": "ALP",
                "chamber": "senate"
              },
              {
                "service_id": "srv-sr5-47-a918f73acd4a4e61",
                "parliament_number": 47,
                "party": "Australian Labor Party",
                "party_abbrev": "ALP",
                "chamber": "senate"
              }
            ]
          }
        ],
        "education_assertions": [
          {
            "education_id": "edu-sr5-d257011bf894f92b",
            "member_id": "aph-sr5",
            "school_name_as_recorded": "Monivae College",
            "source_url": "https://handbookapi.aph.gov.au/api/individuals?$filter=PHID eq 'SR5'",
            "retrieved_at": "2026-10-02T08:23:59.813516+10:00",
            "confidence": "verified",
            "attended_status": "attended_unspecified",
            "institution_resolution": "direct",
            "resolution_source_url": null
          }
        ],
        "parliaments": [
          45,
          46,
          47
        ],
        "finance_year": 2024,
        "finance_metric": "total_net_recurrent_income_per_student",
        "finance_value": 25810,
        "finance_status": "estimated_indexed",
        "finance_method": "acara_state_sector_geolocation_index",
        "finance_source": "ACARA National Report on Schooling",
        "temporal_warning": "School profile and finance values describe the institution in their reporting year, not the resources available when the parliamentarian attended. Reviewed successor mappings describe the successor institution."
      }
    },
    {
      "type": "Feature",
      "geometry": {
        "type": "Point",
        "coordinates": [
          150.959,
          -33.9258
        ]
      },
      "properties": {
        "institution_id": "acara-41596",
        "acara_id": "41596",
        "school_name": "Moorebank High School",
        "school_sector": "Government",
        "government_non_government": "Government",
        "school_type": "Sec",
        "campus_type": "Sec",
        "year_range": "7-12",
        "state": "NSW",
        "suburb": "Moorebank",
        "postcode": "2170",
        "remoteness_category": "Major Cities",
        "longitude": 150.959,
        "latitude": -33.9258,
        "profile_year": 2025,
        "total_enrolments": 992,
        "girls_enrolments": 441,
        "boys_enrolments": 551,
        "fte_enrolments": 992.0,
        "icsea": 1022,
        "icsea_percentile": 57,
        "sea_bottom_quarter_pct": 28.0,
        "sea_lower_middle_quarter_pct": 30.0,
        "sea_upper_middle_quarter_pct": 27.0,
        "sea_top_quarter_pct": 15.0,
        "indigenous_enrolments_pct": 1.0,
        "lbote_pct": 81.0,
        "member_count": 1,
        "members": [
          {
            "member_id": "aph-13050",
            "name": "ALY, the Hon. Dr Anne",
            "parliaments": [
              45,
              46,
              47,
              48
            ],
            "services": [
              {
                "service_id": "srv-13050-45-3f8c1bf3d46b8901",
                "parliament_number": 45,
                "party": "Australian Labor Party",
                "party_abbrev": "ALP",
                "chamber": "representatives"
              },
              {
                "service_id": "srv-13050-46-a21de861beba71b6",
                "parliament_number": 46,
                "party": "Australian Labor Party",
                "party_abbrev": "ALP",
                "chamber": "representatives"
              },
              {
                "service_id": "srv-13050-47-81ccea7272c1cfa9",
                "parliament_number": 47,
                "party": "Australian Labor Party",
                "party_abbrev": "ALP",
                "chamber": "representatives"
              },
              {
                "service_id": "srv-13050-48-69022a53adf28933",
                "parliament_number": 48,
                "party": "Australian Labor Party",
                "party_abbrev": "ALP",
                "chamber": "representatives"
              }
            ]
          }
        ],
        "education_assertions": [
          {
            "education_id": "edu-13050-16130d798ba04a09",
            "member_id": "aph-13050",
            "school_name_as_recorded": "Moorebank High School",
            "source_url": "https://handbookapi.aph.gov.au/api/individuals?$filter=PHID eq '13050'",
            "retrieved_at": "2026-10-02T08:23:59.813516+10:00",
            "confidence": "verified",
            "attended_status": "attended_unspecified",
            "institution_resolution": "direct",
            "resolution_source_url": null
          }
        ],
        "parliaments": [
          45,
          46,
          47,
          48
        ],
        "finance_year": 2024,
        "finance_metric": "total_net_recurrent_income_per_student",
        "finance_value": 19553,
        "finance_status": "benchmark_average",
        "finance_method": "peer_group_average",
        "finance_source": "ACARA National Report on Schooling",
        "temporal_warning": "School profile and finance values describe the institution in their reporting year, not the resources available when the parliamentarian attended. Reviewed successor mappings describe the successor institution."
      }
    },
    {
      "type": "Feature",
      "geometry": {
        "type": "Point",
        "coordinates": [
          153.152,
          -27.4705
        ]
      },
      "properties": {
        "institution_id": "acara-48045",
        "acara_id": "48045",
        "school_name": "Moreton Bay College",
        "school_sector": "Independent",
        "government_non_government": "Non-government",
        "school_type": "Pri/Sec",
        "campus_type": "Pri/Sec",
        "year_range": "Prep-12",
        "state": "QLD",
        "suburb": "Manly West",
        "postcode": "4179",
        "remoteness_category": "Major Cities",
        "longitude": 153.152,
        "latitude": -27.4705,
        "profile_year": 2025,
        "total_enrolments": 1236,
        "girls_enrolments": 1236,
        "boys_enrolments": 0,
        "fte_enrolments": 1236.0,
        "icsea": 1139,
        "icsea_percentile": 93,
        "sea_bottom_quarter_pct": 2.0,
        "sea_lower_middle_quarter_pct": 13.0,
        "sea_upper_middle_quarter_pct": 31.0,
        "sea_top_quarter_pct": 54.0,
        "indigenous_enrolments_pct": 0.0,
        "lbote_pct": 18.0,
        "member_count": 1,
        "members": [
          {
            "member_id": "aph-264121",
            "name": "WELLS, the Hon. Anika Shay",
            "parliaments": [
              46,
              47,
              48
            ],
            "services": [
              {
                "service_id": "srv-264121-46-64ac6531aea8083f",
                "parliament_number": 46,
                "party": "Australian Labor Party",
                "party_abbrev": "ALP",
                "chamber": "representatives"
              },
              {
                "service_id": "srv-264121-47-358d88d2be232682",
                "parliament_number": 47,
                "party": "Australian Labor Party",
                "party_abbrev": "ALP",
                "chamber": "representatives"
              },
              {
                "service_id": "srv-264121-48-d3821199c1764f61",
                "parliament_number": 48,
                "party": "Australian Labor Party",
                "party_abbrev": "ALP",
                "chamber": "representatives"
              }
            ]
          }
        ],
        "education_assertions": [
          {
            "education_id": "edu-264121-b9429bf93ce4a8e9",
            "member_id": "aph-264121",
            "school_name_as_recorded": "Moreton Bay College",
            "source_url": "https://handbookapi.aph.gov.au/api/individuals?$filter=PHID eq '264121'",
            "retrieved_at": "2026-10-02T08:23:59.813516+10:00",
            "confidence": "verified",
            "attended_status": "attended_unspecified",
            "institution_resolution": "direct",
            "resolution_source_url": null
          }
        ],
        "parliaments": [
          46,
          47,
          48
        ],
        "finance_year": 2024,
        "finance_metric": "total_net_recurrent_income_per_student",
        "finance_value": 23042,
        "finance_status": "estimated_indexed",
        "finance_method": "acara_state_sector_geolocation_index",
        "finance_source": "ACARA National Report on Schooling",
        "temporal_warning": "School profile and finance values describe the institution in their reporting year, not the resources available when the parliamentarian attended. Reviewed successor mappings describe the successor institution."
      }
    },
    {
      "type": "Feature",
      "geometry": {
        "type": "Point",
        "coordinates": [
          150.975,
          -23.8071
        ]
      },
      "properties": {
        "institution_id": "acara-46619",
        "acara_id": "46619",
        "school_name": "Mount Larcom State School",
        "school_sector": "Government",
        "government_non_government": "Government",
        "school_type": "Pri/Sec",
        "campus_type": "Pri/Sec",
        "year_range": "Prep-10",
        "state": "QLD",
        "suburb": "Mount Larcom",
        "postcode": "4695",
        "remoteness_category": "Outer Regional",
        "longitude": 150.975,
        "latitude": -23.8071,
        "profile_year": 2025,
        "total_enrolments": 83,
        "girls_enrolments": 36,
        "boys_enrolments": 47,
        "fte_enrolments": 83.0,
        "icsea": 886,
        "icsea_percentile": 8,
        "sea_bottom_quarter_pct": 76.0,
        "sea_lower_middle_quarter_pct": 21.0,
        "sea_upper_middle_quarter_pct": 2.0,
        "sea_top_quarter_pct": 1.0,
        "indigenous_enrolments_pct": 16.0,
        "lbote_pct": 1.0,
        "member_count": 1,
        "members": [
          {
            "member_id": "aph-139441",
            "name": "O'DOWD, Kenneth (Ken) Desmond",
            "parliaments": [
              43,
              44,
              45,
              46
            ],
            "services": [
              {
                "service_id": "srv-139441-43-486d289c385ee925",
                "parliament_number": 43,
                "party": "The Nationals",
                "party_abbrev": "NP",
                "chamber": "representatives"
              },
              {
                "service_id": "srv-139441-44-73c42f6e5bc696cc",
                "parliament_number": 44,
                "party": "The Nationals",
                "party_abbrev": "NP",
                "chamber": "representatives"
              },
              {
                "service_id": "srv-139441-45-a2e79b67486f5ebd",
                "parliament_number": 45,
                "party": "The Nationals",
                "party_abbrev": "NP",
                "chamber": "representatives"
              },
              {
                "service_id": "srv-139441-46-8070c0e66b1143ae",
                "parliament_number": 46,
                "party": "The Nationals",
                "party_abbrev": "NP",
                "chamber": "representatives"
              }
            ]
          }
        ],
        "education_assertions": [
          {
            "education_id": "edu-139441-3b7302bebb2f9803",
            "member_id": "aph-139441",
            "school_name_as_recorded": "Mt Larcom State School",
            "source_url": "https://handbookapi.aph.gov.au/api/individuals?$filter=PHID eq '139441'",
            "retrieved_at": "2026-10-02T08:23:59.813516+10:00",
            "confidence": "verified",
            "attended_status": "attended_unspecified",
            "institution_resolution": "direct",
            "resolution_source_url": null
          }
        ],
        "parliaments": [
          43,
          44,
          45,
          46
        ],
        "finance_year": 2024,
        "finance_metric": "total_net_recurrent_income_per_student",
        "finance_value": 22629,
        "finance_status": "benchmark_average",
        "finance_method": "peer_group_average",
        "finance_source": "ACARA National Report on Schooling",
        "temporal_warning": "School profile and finance values describe the institution in their reporting year, not the resources available when the parliamentarian attended. Reviewed successor mappings describe the successor institution."
      }
    },
    {
      "type": "Feature",
      "geometry": {
        "type": "Point",
        "coordinates": [
          145.358,
          -37.7508
        ]
      },
      "properties": {
        "institution_id": "acara-45706",
        "acara_id": "45706",
        "school_name": "Mount Lilydale Mercy College",
        "school_sector": "Catholic",
        "government_non_government": "Non-government",
        "school_type": "Sec",
        "campus_type": "Sec",
        "year_range": "7-12",
        "state": "VIC",
        "suburb": "Lilydale",
        "postcode": "3140",
        "remoteness_category": "Major Cities",
        "longitude": 145.358,
        "latitude": -37.7508,
        "profile_year": 2025,
        "total_enrolments": 1550,
        "girls_enrolments": 787,
        "boys_enrolments": 763,
        "fte_enrolments": 1550.0,
        "icsea": 1045,
        "icsea_percentile": 66,
        "sea_bottom_quarter_pct": 17.0,
        "sea_lower_middle_quarter_pct": 34.0,
        "sea_upper_middle_quarter_pct": 32.0,
        "sea_top_quarter_pct": 16.0,
        "indigenous_enrolments_pct": 2.0,
        "lbote_pct": 3.0,
        "member_count": 1,
        "members": [
          {
            "member_id": "aph-300147",
            "name": "VIOLI, Aaron",
            "parliaments": [
              47,
              48
            ],
            "services": [
              {
                "service_id": "srv-300147-47-adf5a7bff0b2afc4",
                "parliament_number": 47,
                "party": "Liberal Party of Australia",
                "party_abbrev": "LP",
                "chamber": "representatives"
              },
              {
                "service_id": "srv-300147-48-8179feaae4affd74",
                "parliament_number": 48,
                "party": "Liberal Party of Australia",
                "party_abbrev": "LP",
                "chamber": "representatives"
              }
            ]
          }
        ],
        "education_assertions": [
          {
            "education_id": "edu-300147-c1bf8eab9cf9fadd",
            "member_id": "aph-300147",
            "school_name_as_recorded": "Mount Lilydale Mercy College",
            "source_url": "https://handbookapi.aph.gov.au/api/individuals?$filter=PHID eq '300147'",
            "retrieved_at": "2026-10-02T08:23:59.813516+10:00",
            "confidence": "verified",
            "attended_status": "attended_unspecified",
            "institution_resolution": "direct",
            "resolution_source_url": null
          }
        ],
        "parliaments": [
          47,
          48
        ],
        "finance_year": 2024,
        "finance_metric": "total_net_recurrent_income_per_student",
        "finance_value": 20727,
        "finance_status": "estimated_indexed",
        "finance_method": "acara_state_sector_geolocation_index",
        "finance_source": "ACARA National Report on Schooling",
        "temporal_warning": "School profile and finance values describe the institution in their reporting year, not the resources available when the parliamentarian attended. Reviewed successor mappings describe the successor institution."
      }
    },
    {
      "type": "Feature",
      "geometry": {
        "type": "Point",
        "coordinates": [
          145.118,
          -37.8472
        ]
      },
      "properties": {
        "institution_id": "acara-46208",
        "acara_id": "46208",
        "school_name": "Mount Scopus Memorial College",
        "school_sector": "Independent",
        "government_non_government": "Non-government",
        "school_type": "Pri/Sec",
        "campus_type": "Pri/Sec",
        "year_range": "Prep-12",
        "state": "VIC",
        "suburb": "Burwood",
        "postcode": "3125",
        "remoteness_category": "Major Cities",
        "longitude": 145.118,
        "latitude": -37.8472,
        "profile_year": 2025,
        "total_enrolments": 1170,
        "girls_enrolments": 549,
        "boys_enrolments": 621,
        "fte_enrolments": 1170.0,
        "icsea": 1159,
        "icsea_percentile": 96,
        "sea_bottom_quarter_pct": 1.0,
        "sea_lower_middle_quarter_pct": 5.0,
        "sea_upper_middle_quarter_pct": 28.0,
        "sea_top_quarter_pct": 67.0,
        "indigenous_enrolments_pct": 0.0,
        "lbote_pct": 21.0,
        "member_count": 2,
        "members": [
          {
            "member_id": "aph-278522",
            "name": "BURNS, Joshua (Josh) Solomon",
            "parliaments": [
              46,
              47,
              48
            ],
            "services": [
              {
                "service_id": "srv-278522-46-e7a33438631bb794",
                "parliament_number": 46,
                "party": "Australian Labor Party",
                "party_abbrev": "ALP",
                "chamber": "representatives"
              },
              {
                "service_id": "srv-278522-47-e4ed284857449cf2",
                "parliament_number": 47,
                "party": "Australian Labor Party",
                "party_abbrev": "ALP",
                "chamber": "representatives"
              },
              {
                "service_id": "srv-278522-48-4f42a15b412664e9",
                "parliament_number": 48,
                "party": "Australian Labor Party",
                "party_abbrev": "ALP",
                "chamber": "representatives"
              }
            ]
          },
          {
            "member_id": "aph-fkl",
            "name": "FRYDENBERG, the Hon. Joshua (Josh) Anthony",
            "parliaments": [
              43,
              44,
              45,
              46
            ],
            "services": [
              {
                "service_id": "srv-fkl-43-ae29df552c4abaec",
                "parliament_number": 43,
                "party": "Liberal Party of Australia",
                "party_abbrev": "LP",
                "chamber": "representatives"
              },
              {
                "service_id": "srv-fkl-44-41307dd3c6aa9549",
                "parliament_number": 44,
                "party": "Liberal Party of Australia",
                "party_abbrev": "LP",
                "chamber": "representatives"
              },
              {
                "service_id": "srv-fkl-45-8fdb62d239980b9c",
                "parliament_number": 45,
                "party": "Liberal Party of Australia",
                "party_abbrev": "LP",
                "chamber": "representatives"
              },
              {
                "service_id": "srv-fkl-46-d2806f1992f8aa7a",
                "parliament_number": 46,
                "party": "Liberal Party of Australia",
                "party_abbrev": "LP",
                "chamber": "representatives"
              }
            ]
          }
        ],
        "education_assertions": [
          {
            "education_id": "edu-278522-8aff7af82c2e91ac",
            "member_id": "aph-278522",
            "school_name_as_recorded": "Mt Scopus Memorial College",
            "source_url": "https://handbookapi.aph.gov.au/api/individuals?$filter=PHID eq '278522'",
            "retrieved_at": "2026-10-02T08:23:59.813516+10:00",
            "confidence": "verified",
            "attended_status": "attended_unspecified",
            "institution_resolution": "direct",
            "resolution_source_url": null
          },
          {
            "education_id": "edu-fkl-8aff7af82c2e91ac",
            "member_id": "aph-fkl",
            "school_name_as_recorded": "Mt Scopus Memorial College",
            "source_url": "https://handbookapi.aph.gov.au/api/individuals?$filter=PHID eq 'FKL'",
            "retrieved_at": "2026-10-02T08:23:59.813516+10:00",
            "confidence": "verified",
            "attended_status": "attended_unspecified",
            "institution_resolution": "direct",
            "resolution_source_url": null
          }
        ],
        "parliaments": [
          43,
          44,
          45,
          46,
          47,
          48
        ],
        "finance_year": 2024,
        "finance_metric": "total_net_recurrent_income_per_student",
        "finance_value": 30176,
        "finance_status": "estimated_indexed",
        "finance_method": "acara_state_sector_geolocation_index",
        "finance_source": "ACARA National Report on Schooling",
        "temporal_warning": "School profile and finance values describe the institution in their reporting year, not the resources available when the parliamentarian attended. Reviewed successor mappings describe the successor institution."
      }
    },
    {
      "type": "Feature",
      "geometry": {
        "type": "Point",
        "coordinates": [
          152.962,
          -26.6232
        ]
      },
      "properties": {
        "institution_id": "acara-47429",
        "acara_id": "47429",
        "school_name": "Nambour State College",
        "school_sector": "Government",
        "government_non_government": "Government",
        "school_type": "Pri/Sec",
        "campus_type": "Pri/Sec",
        "year_range": "Prep-12",
        "state": "QLD",
        "suburb": "Nambour",
        "postcode": "4560",
        "remoteness_category": "Major Cities",
        "longitude": 152.962,
        "latitude": -26.6232,
        "profile_year": 2025,
        "total_enrolments": 1469,
        "girls_enrolments": 730,
        "boys_enrolments": 739,
        "fte_enrolments": 1465.0,
        "icsea": 977,
        "icsea_percentile": 36,
        "sea_bottom_quarter_pct": 39.0,
        "sea_lower_middle_quarter_pct": 36.0,
        "sea_upper_middle_quarter_pct": 19.0,
        "sea_top_quarter_pct": 6.0,
        "indigenous_enrolments_pct": 10.0,
        "lbote_pct": 8.0,
        "member_count": 3,
        "members": [
          {
            "member_id": "aph-dzw",
            "name": "ELLIOT, the Hon. Maria Justine (Justine)",
            "parliaments": [
              42,
              43,
              44,
              45,
              46,
              47,
              48
            ],
            "services": [
              {
                "service_id": "srv-dzw-42-c3ce3fdc16ba51cb",
                "parliament_number": 42,
                "party": "Australian Labor Party",
                "party_abbrev": "ALP",
                "chamber": "representatives"
              },
              {
                "service_id": "srv-dzw-43-1c26f75a17da3fda",
                "parliament_number": 43,
                "party": "Australian Labor Party",
                "party_abbrev": "ALP",
                "chamber": "representatives"
              },
              {
                "service_id": "srv-dzw-44-725d2b58cf1741d7",
                "parliament_number": 44,
                "party": "Australian Labor Party",
                "party_abbrev": "ALP",
                "chamber": "representatives"
              },
              {
                "service_id": "srv-dzw-45-fbbc9ddb624fe4d6",
                "parliament_number": 45,
                "party": "Australian Labor Party",
                "party_abbrev": "ALP",
                "chamber": "representatives"
              },
              {
                "service_id": "srv-dzw-46-37c0c9396512d098",
                "parliament_number": 46,
                "party": "Australian Labor Party",
                "party_abbrev": "ALP",
                "chamber": "representatives"
              },
              {
                "service_id": "srv-dzw-47-9e46807802b08614",
                "parliament_number": 47,
                "party": "Australian Labor Party",
                "party_abbrev": "ALP",
                "chamber": "representatives"
              },
              {
                "service_id": "srv-dzw-48-e909f0bf37e4e920",
                "parliament_number": 48,
                "party": "Australian Labor Party",
                "party_abbrev": "ALP",
                "chamber": "representatives"
              }
            ]
          },
          {
            "member_id": "aph-217241",
            "name": "McGRATH, the Hon. James",
            "parliaments": [
              45,
              46,
              47,
              48
            ],
            "services": [
              {
                "service_id": "srv-217241-45-61d6087e18b3b4ae",
                "parliament_number": 45,
                "party": "Liberal Party of Australia",
                "party_abbrev": "LP",
                "chamber": "senate"
              },
              {
                "service_id": "srv-217241-46-9e5ee25010828359",
                "parliament_number": 46,
                "party": "Liberal Party of Australia",
                "party_abbrev": "LP",
                "chamber": "senate"
              },
              {
                "service_id": "srv-217241-47-b47db3b0e95c71e4",
                "parliament_number": 47,
                "party": "Liberal Party of Australia",
                "party_abbrev": "LP",
                "chamber": "senate"
              },
              {
                "service_id": "srv-217241-48-0f3e1cdf0ed63ed4",
                "parliament_number": 48,
                "party": "Liberal Party of Australia",
                "party_abbrev": "LP",
                "chamber": "senate"
              }
            ]
          },
          {
            "member_id": "aph-83t",
            "name": "RUDD, the Hon. Dr Kevin Michael, AC",
            "parliaments": [
              42,
              43,
              44
            ],
            "services": [
              {
                "service_id": "srv-83t-42-1b93563e87e5343a",
                "parliament_number": 42,
                "party": "Australian Labor Party",
                "party_abbrev": "ALP",
                "chamber": "representatives"
              },
              {
                "service_id": "srv-83t-43-772847f292675ac9",
                "parliament_number": 43,
                "party": "Australian Labor Party",
                "party_abbrev": "ALP",
                "chamber": "representatives"
              },
              {
                "service_id": "srv-83t-44-d94a057e23b02d6b",
                "parliament_number": 44,
                "party": "Australian Labor Party",
                "party_abbrev": "ALP",
                "chamber": "representatives"
              }
            ]
          }
        ],
        "education_assertions": [
          {
            "education_id": "edu-217241-851c0011f66e825c",
            "member_id": "aph-217241",
            "school_name_as_recorded": "Nambour State High School",
            "source_url": "https://handbookapi.aph.gov.au/api/individuals?$filter=PHID eq '217241'",
            "retrieved_at": "2026-10-02T08:23:59.813516+10:00",
            "confidence": "verified",
            "attended_status": "attended_unspecified",
            "institution_resolution": "successor",
            "resolution_source_url": "https://namboursc.eq.edu.au/supportandresources/formsanddocuments/annualreports/annual-report-2016.pdf"
          },
          {
            "education_id": "edu-83t-851c0011f66e825c",
            "member_id": "aph-83t",
            "school_name_as_recorded": "Nambour State High School",
            "source_url": "https://www.naa.gov.au/explore-collection/australias-prime-ministers/kevin-rudd/before-office",
            "retrieved_at": "2026-10-02T00:00:00+10:00",
            "confidence": "verified",
            "attended_status": "attended_unspecified",
            "institution_resolution": "successor",
            "resolution_source_url": "https://namboursc.eq.edu.au/supportandresources/formsanddocuments/annualreports/annual-report-2016.pdf"
          },
          {
            "education_id": "edu-dzw-ac0b51d89dd8b2e4",
            "member_id": "aph-dzw",
            "school_name_as_recorded": "Nambour High School",
            "source_url": "https://handbookapi.aph.gov.au/api/individuals?$filter=PHID eq 'DZW'",
            "retrieved_at": "2026-10-02T08:23:59.813516+10:00",
            "confidence": "verified",
            "attended_status": "attended_unspecified",
            "institution_resolution": "successor",
            "resolution_source_url": "https://namboursc.eq.edu.au/supportandresources/formsanddocuments/annualreports/annual-report-2016.pdf"
          }
        ],
        "parliaments": [
          42,
          43,
          44,
          45,
          46,
          47,
          48
        ],
        "finance_year": 2024,
        "finance_metric": "total_net_recurrent_income_per_student",
        "finance_value": 20784,
        "finance_status": "estimated_indexed",
        "finance_method": "acara_state_sector_geolocation_index",
        "finance_source": "ACARA National Report on Schooling",
        "temporal_warning": "School profile and finance values describe the institution in their reporting year, not the resources available when the parliamentarian attended. Reviewed successor mappings describe the successor institution."
      }
    },
    {
      "type": "Feature",
      "geometry": {
        "type": "Point",
        "coordinates": [
          149.147,
          -35.336
        ]
      },
      "properties": {
        "institution_id": "acara-40322",
        "acara_id": "40322",
        "school_name": "Narrabundah College",
        "school_sector": "Government",
        "government_non_government": "Government",
        "school_type": "Sec",
        "campus_type": "Sec",
        "year_range": "11-12",
        "state": "ACT",
        "suburb": "Narrabundah",
        "postcode": "2604",
        "remoteness_category": "Major Cities",
        "longitude": 149.147,
        "latitude": -35.336,
        "profile_year": 2025,
        "total_enrolments": 977,
        "girls_enrolments": 478,
        "boys_enrolments": 499,
        "fte_enrolments": 976.8,
        "icsea": 1131,
        "icsea_percentile": 91,
        "sea_bottom_quarter_pct": 5.0,
        "sea_lower_middle_quarter_pct": 11.0,
        "sea_upper_middle_quarter_pct": 29.0,
        "sea_top_quarter_pct": 56.0,
        "indigenous_enrolments_pct": 1.0,
        "lbote_pct": 65.0,
        "member_count": 1,
        "members": [
          {
            "member_id": "aph-316547",
            "name": "REBELLO, Leon",
            "parliaments": [
              48
            ],
            "services": [
              {
                "service_id": "srv-316547-48-41479002f1181fa9",
                "parliament_number": 48,
                "party": "Liberal Party of Australia",
                "party_abbrev": "LP",
                "chamber": "representatives"
              }
            ]
          }
        ],
        "education_assertions": [
          {
            "education_id": "edu-316547-55840e023747462b",
            "member_id": "aph-316547",
            "school_name_as_recorded": "Narrabundah College",
            "source_url": "https://handbookapi.aph.gov.au/api/individuals?$filter=PHID eq '316547'",
            "retrieved_at": "2026-10-02T08:23:59.813516+10:00",
            "confidence": "verified",
            "attended_status": "attended_unspecified",
            "institution_resolution": "direct",
            "resolution_source_url": null
          }
        ],
        "parliaments": [
          48
        ],
        "finance_year": 2024,
        "finance_metric": "total_net_recurrent_income_per_student",
        "finance_value": 20335,
        "finance_status": "benchmark_average",
        "finance_method": "peer_group_average",
        "finance_source": "ACARA National Report on Schooling",
        "temporal_warning": "School profile and finance values describe the institution in their reporting year, not the resources available when the parliamentarian attended. Reviewed successor mappings describe the successor institution."
      }
    },
    {
      "type": "Feature",
      "geometry": {
        "type": "Point",
        "coordinates": [
          151.78,
          -32.9299
        ]
      },
      "properties": {
        "institution_id": "acara-43855",
        "acara_id": "43855",
        "school_name": "Newcastle Grammar School",
        "school_sector": "Independent",
        "government_non_government": "Non-government",
        "school_type": "Pri/Sec",
        "campus_type": "Pri/Sec",
        "year_range": "K-12",
        "state": "NSW",
        "suburb": "The Hill",
        "postcode": "2300",
        "remoteness_category": "Major Cities",
        "longitude": 151.78,
        "latitude": -32.9299,
        "profile_year": 2025,
        "total_enrolments": 1049,
        "girls_enrolments": 538,
        "boys_enrolments": 511,
        "fte_enrolments": 1048.3,
        "icsea": 1181,
        "icsea_percentile": 99,
        "sea_bottom_quarter_pct": 1.0,
        "sea_lower_middle_quarter_pct": 7.0,
        "sea_upper_middle_quarter_pct": 19.0,
        "sea_top_quarter_pct": 73.0,
        "indigenous_enrolments_pct": 1.0,
        "lbote_pct": 23.0,
        "member_count": 1,
        "members": [
          {
            "member_id": "aph-261393",
            "name": "GEE, the Hon. Andrew Robert",
            "parliaments": [
              45,
              46,
              47,
              48
            ],
            "services": [
              {
                "service_id": "srv-261393-45-1d7fbb6e57c4b9c0",
                "parliament_number": 45,
                "party": "The Nationals",
                "party_abbrev": "NP",
                "chamber": "representatives"
              },
              {
                "service_id": "srv-261393-46-540335eb84e7c195",
                "parliament_number": 46,
                "party": "The Nationals",
                "party_abbrev": "NP",
                "chamber": "representatives"
              },
              {
                "service_id": "srv-261393-47-ebcfbf890ec44d08",
                "parliament_number": 47,
                "party": "The Nationals",
                "party_abbrev": "NP",
                "chamber": "representatives"
              },
              {
                "service_id": "srv-261393-48-0232fb6ec9f2dd73",
                "parliament_number": 48,
                "party": "Independent",
                "party_abbrev": "IND",
                "chamber": "representatives"
              }
            ]
          }
        ],
        "education_assertions": [
          {
            "education_id": "edu-261393-b20300029777feb9",
            "member_id": "aph-261393",
            "school_name_as_recorded": "Newcastle Grammar School",
            "source_url": "https://handbookapi.aph.gov.au/api/individuals?$filter=PHID eq '261393'",
            "retrieved_at": "2026-10-02T08:23:59.813516+10:00",
            "confidence": "verified",
            "attended_status": "attended_unspecified",
            "institution_resolution": "direct",
            "resolution_source_url": null
          }
        ],
        "parliaments": [
          45,
          46,
          47,
          48
        ],
        "finance_year": 2024,
        "finance_metric": "total_net_recurrent_income_per_student",
        "finance_value": 30204,
        "finance_status": "estimated_indexed",
        "finance_method": "acara_state_sector_geolocation_index",
        "finance_source": "ACARA National Report on Schooling",
        "temporal_warning": "School profile and finance values describe the institution in their reporting year, not the resources available when the parliamentarian attended. Reviewed successor mappings describe the successor institution."
      }
    },
    {
      "type": "Feature",
      "geometry": {
        "type": "Point",
        "coordinates": [
          151.163,
          -33.8977
        ]
      },
      "properties": {
        "institution_id": "acara-43877",
        "acara_id": "43877",
        "school_name": "Newington College",
        "school_sector": "Independent",
        "government_non_government": "Non-government",
        "school_type": "Sec",
        "campus_type": "Sec",
        "year_range": "K-12",
        "state": "NSW",
        "suburb": "Stanmore",
        "postcode": "2048",
        "remoteness_category": "Major Cities",
        "longitude": 151.163,
        "latitude": -33.8977,
        "profile_year": 2025,
        "total_enrolments": 2072,
        "girls_enrolments": 0,
        "boys_enrolments": 2072,
        "fte_enrolments": 2072.0,
        "icsea": 1182,
        "icsea_percentile": 99,
        "sea_bottom_quarter_pct": 1.0,
        "sea_lower_middle_quarter_pct": 6.0,
        "sea_upper_middle_quarter_pct": 19.0,
        "sea_top_quarter_pct": 74.0,
        "indigenous_enrolments_pct": 1.0,
        "lbote_pct": 22.0,
        "member_count": 1,
        "members": [
          {
            "member_id": "aph-203092",
            "name": "ZIMMERMAN, Trent Moir",
            "parliaments": [
              45,
              46
            ],
            "services": [
              {
                "service_id": "srv-203092-45-7355a19a778e1a4b",
                "parliament_number": 45,
                "party": "Liberal Party of Australia",
                "party_abbrev": "LP",
                "chamber": "representatives"
              },
              {
                "service_id": "srv-203092-46-2bc38711ae651f9e",
                "parliament_number": 46,
                "party": "Liberal Party of Australia",
                "party_abbrev": "LP",
                "chamber": "representatives"
              }
            ]
          }
        ],
        "education_assertions": [
          {
            "education_id": "edu-203092-9e3c431ad5af3c26",
            "member_id": "aph-203092",
            "school_name_as_recorded": "Newington College",
            "source_url": "https://handbookapi.aph.gov.au/api/individuals?$filter=PHID eq '203092'",
            "retrieved_at": "2026-10-02T08:23:59.813516+10:00",
            "confidence": "verified",
            "attended_status": "attended_unspecified",
            "institution_resolution": "direct",
            "resolution_source_url": null
          }
        ],
        "parliaments": [
          45,
          46
        ],
        "finance_year": 2024,
        "finance_metric": "total_net_recurrent_income_per_student",
        "finance_value": 29843,
        "finance_status": "estimated_indexed",
        "finance_method": "acara_state_sector_geolocation_index",
        "finance_source": "ACARA National Report on Schooling",
        "temporal_warning": "School profile and finance values describe the institution in their reporting year, not the resources available when the parliamentarian attended. Reviewed successor mappings describe the successor institution."
      }
    },
    {
      "type": "Feature",
      "geometry": {
        "type": "Point",
        "coordinates": [
          147.161,
          -41.4331
        ]
      },
      "properties": {
        "institution_id": "acara-50400",
        "acara_id": "50400",
        "school_name": "Newstead College",
        "school_sector": "Government",
        "government_non_government": "Government",
        "school_type": "Sec",
        "campus_type": "Sec",
        "year_range": "11-12",
        "state": "TAS",
        "suburb": "Newstead",
        "postcode": "7250",
        "remoteness_category": "Inner Regional",
        "longitude": 147.161,
        "latitude": -41.4331,
        "profile_year": 2025,
        "total_enrolments": 422,
        "girls_enrolments": 248,
        "boys_enrolments": 174,
        "fte_enrolments": 392.2,
        "icsea": 947,
        "icsea_percentile": 24,
        "sea_bottom_quarter_pct": 54.0,
        "sea_lower_middle_quarter_pct": 26.0,
        "sea_upper_middle_quarter_pct": 13.0,
        "sea_top_quarter_pct": 7.0,
        "indigenous_enrolments_pct": 9.0,
        "lbote_pct": 6.0,
        "member_count": 1,
        "members": [
          {
            "member_id": "aph-314526",
            "name": "TEESDALE, Jess",
            "parliaments": [
              48
            ],
            "services": [
              {
                "service_id": "srv-314526-48-1f94bc3baf296334",
                "parliament_number": 48,
                "party": "Australian Labor Party",
                "party_abbrev": "ALP",
                "chamber": "representatives"
              }
            ]
          }
        ],
        "education_assertions": [
          {
            "education_id": "edu-314526-327bc8729678e262",
            "member_id": "aph-314526",
            "school_name_as_recorded": "Newstead College",
            "source_url": "https://handbookapi.aph.gov.au/api/individuals?$filter=PHID eq '314526'",
            "retrieved_at": "2026-10-02T08:23:59.813516+10:00",
            "confidence": "verified",
            "attended_status": "attended_unspecified",
            "institution_resolution": "direct",
            "resolution_source_url": null
          }
        ],
        "parliaments": [
          48
        ],
        "finance_year": 2024,
        "finance_metric": "total_net_recurrent_income_per_student",
        "finance_value": 22022,
        "finance_status": "benchmark_average",
        "finance_method": "peer_group_average",
        "finance_source": "ACARA National Report on Schooling",
        "temporal_warning": "School profile and finance values describe the institution in their reporting year, not the resources available when the parliamentarian attended. Reviewed successor mappings describe the successor institution."
      }
    },
    {
      "type": "Feature",
      "geometry": {
        "type": "Point",
        "coordinates": [
          116.668,
          -31.6477
        ]
      },
      "properties": {
        "institution_id": "acara-48147",
        "acara_id": "48147",
        "school_name": "Northam Senior High School",
        "school_sector": "Government",
        "government_non_government": "Government",
        "school_type": "Sec",
        "campus_type": "Sec",
        "year_range": "7-12",
        "state": "WA",
        "suburb": "Northam",
        "postcode": "6401",
        "remoteness_category": "Inner Regional",
        "longitude": 116.668,
        "latitude": -31.6477,
        "profile_year": 2025,
        "total_enrolments": 669,
        "girls_enrolments": 316,
        "boys_enrolments": 353,
        "fte_enrolments": 668.4,
        "icsea": 898,
        "icsea_percentile": 10,
        "sea_bottom_quarter_pct": 64.0,
        "sea_lower_middle_quarter_pct": 24.0,
        "sea_upper_middle_quarter_pct": 9.0,
        "sea_top_quarter_pct": 3.0,
        "indigenous_enrolments_pct": 23.0,
        "lbote_pct": 9.0,
        "member_count": 1,
        "members": [
          {
            "member_id": "aph-299150",
            "name": "LAWRENCE, Tania",
            "parliaments": [
              47,
              48
            ],
            "services": [
              {
                "service_id": "srv-299150-47-52f41980f31ec099",
                "parliament_number": 47,
                "party": "Australian Labor Party",
                "party_abbrev": "ALP",
                "chamber": "representatives"
              },
              {
                "service_id": "srv-299150-48-d83aedadb420b9f3",
                "parliament_number": 48,
                "party": "Australian Labor Party",
                "party_abbrev": "ALP",
                "chamber": "representatives"
              }
            ]
          }
        ],
        "education_assertions": [
          {
            "education_id": "edu-299150-5f44a8cce42ab381",
            "member_id": "aph-299150",
            "school_name_as_recorded": "Northam Senior High School",
            "source_url": "https://handbookapi.aph.gov.au/api/individuals?$filter=PHID eq '299150'",
            "retrieved_at": "2026-10-02T08:23:59.813516+10:00",
            "confidence": "verified",
            "attended_status": "attended_unspecified",
            "institution_resolution": "direct",
            "resolution_source_url": null
          }
        ],
        "parliaments": [
          47,
          48
        ],
        "finance_year": 2024,
        "finance_metric": "total_net_recurrent_income_per_student",
        "finance_value": 23704,
        "finance_status": "estimated_indexed",
        "finance_method": "acara_state_sector_geolocation_index",
        "finance_source": "ACARA National Report on Schooling",
        "temporal_warning": "School profile and finance values describe the institution in their reporting year, not the resources available when the parliamentarian attended. Reviewed successor mappings describe the successor institution."
      }
    },
    {
      "type": "Feature",
      "geometry": {
        "type": "Point",
        "coordinates": [
          150.61025,
          -34.87139
        ]
      },
      "properties": {
        "institution_id": "acara-42911",
        "acara_id": "42911",
        "school_name": "Nowra High School",
        "school_sector": "Government",
        "government_non_government": "Government",
        "school_type": "Sec",
        "campus_type": "Sec",
        "year_range": "7-12",
        "state": "NSW",
        "suburb": "Nowra",
        "postcode": "2541",
        "remoteness_category": "Inner Regional",
        "longitude": 150.61025,
        "latitude": -34.87139,
        "profile_year": 2025,
        "total_enrolments": 777,
        "girls_enrolments": 416,
        "boys_enrolments": 361,
        "fte_enrolments": 777.0,
        "icsea": 944,
        "icsea_percentile": 22,
        "sea_bottom_quarter_pct": 46.0,
        "sea_lower_middle_quarter_pct": 30.0,
        "sea_upper_middle_quarter_pct": 17.0,
        "sea_top_quarter_pct": 7.0,
        "indigenous_enrolments_pct": 21.0,
        "lbote_pct": 8.0,
        "member_count": 1,
        "members": [
          {
            "member_id": "aph-147140",
            "name": "PHILLIPS, Fiona Evon",
            "parliaments": [
              46,
              47,
              48
            ],
            "services": [
              {
                "service_id": "srv-147140-46-25217b7584be474f",
                "parliament_number": 46,
                "party": "Australian Labor Party",
                "party_abbrev": "ALP",
                "chamber": "representatives"
              },
              {
                "service_id": "srv-147140-47-f2dcacb1e8f423a5",
                "parliament_number": 47,
                "party": "Australian Labor Party",
                "party_abbrev": "ALP",
                "chamber": "representatives"
              },
              {
                "service_id": "srv-147140-48-03d8833da09c27e8",
                "parliament_number": 48,
                "party": "Australian Labor Party",
                "party_abbrev": "ALP",
                "chamber": "representatives"
              }
            ]
          }
        ],
        "education_assertions": [
          {
            "education_id": "edu-147140-a98b0ac11f5e6ea1",
            "member_id": "aph-147140",
            "school_name_as_recorded": "Nowra High School",
            "source_url": "https://handbookapi.aph.gov.au/api/individuals?$filter=PHID eq '147140'",
            "retrieved_at": "2026-10-02T08:23:59.813516+10:00",
            "confidence": "verified",
            "attended_status": "attended_unspecified",
            "institution_resolution": "direct",
            "resolution_source_url": null
          }
        ],
        "parliaments": [
          46,
          47,
          48
        ],
        "finance_year": 2024,
        "finance_metric": "total_net_recurrent_income_per_student",
        "finance_value": 20348,
        "finance_status": "estimated_indexed",
        "finance_method": "acara_state_sector_geolocation_index",
        "finance_source": "ACARA National Report on Schooling",
        "temporal_warning": "School profile and finance values describe the institution in their reporting year, not the resources available when the parliamentarian attended. Reviewed successor mappings describe the successor institution."
      }
    },
    {
      "type": "Feature",
      "geometry": {
        "type": "Point",
        "coordinates": [
          148.466353,
          -37.704106
        ]
      },
      "properties": {
        "institution_id": "acara-45446",
        "acara_id": "45446",
        "school_name": "Orbost Secondary College",
        "school_sector": "Government",
        "government_non_government": "Government",
        "school_type": "Secondary",
        "campus_type": "School Head Campus",
        "year_range": null,
        "state": "VIC",
        "suburb": "Orbost",
        "postcode": "3888",
        "remoteness_category": null,
        "longitude": 148.466353,
        "latitude": -37.704106,
        "profile_year": null,
        "total_enrolments": null,
        "girls_enrolments": null,
        "boys_enrolments": null,
        "fte_enrolments": null,
        "icsea": null,
        "icsea_percentile": null,
        "sea_bottom_quarter_pct": null,
        "sea_lower_middle_quarter_pct": null,
        "sea_upper_middle_quarter_pct": null,
        "sea_top_quarter_pct": null,
        "indigenous_enrolments_pct": null,
        "lbote_pct": null,
        "member_count": 1,
        "members": [
          {
            "member_id": "aph-i0u",
            "name": "HANSON-YOUNG, Sarah Coral",
            "parliaments": [
              43,
              44,
              45,
              46,
              47,
              48
            ],
            "services": [
              {
                "service_id": "srv-i0u-43-15d3225f19cc8479",
                "parliament_number": 43,
                "party": "Australian Greens",
                "party_abbrev": "GRN",
                "chamber": "senate"
              },
              {
                "service_id": "srv-i0u-44-30a00150d965ec96",
                "parliament_number": 44,
                "party": "Australian Greens",
                "party_abbrev": "GRN",
                "chamber": "senate"
              },
              {
                "service_id": "srv-i0u-45-44f307f9f1003118",
                "parliament_number": 45,
                "party": "Australian Greens",
                "party_abbrev": "GRN",
                "chamber": "senate"
              },
              {
                "service_id": "srv-i0u-46-02e9d206f662f5cb",
                "parliament_number": 46,
                "party": "Australian Greens",
                "party_abbrev": "GRN",
                "chamber": "senate"
              },
              {
                "service_id": "srv-i0u-47-970993a3cc375b03",
                "parliament_number": 47,
                "party": "Australian Greens",
                "party_abbrev": "GRN",
                "chamber": "senate"
              },
              {
                "service_id": "srv-i0u-48-d33b35abbb5ce901",
                "parliament_number": 48,
                "party": "Australian Greens",
                "party_abbrev": "GRN",
                "chamber": "senate"
              }
            ]
          }
        ],
        "education_assertions": [
          {
            "education_id": "edu-i0u-fcfc809a5d0d673c",
            "member_id": "aph-i0u",
            "school_name_as_recorded": "Orbost Secondary College",
            "source_url": "https://handbookapi.aph.gov.au/api/individuals?$filter=PHID eq 'I0U'",
            "retrieved_at": "2026-10-02T08:23:59.813516+10:00",
            "confidence": "verified",
            "attended_status": "attended_unspecified",
            "institution_resolution": "direct",
            "resolution_source_url": null
          }
        ],
        "parliaments": [
          43,
          44,
          45,
          46,
          47,
          48
        ],
        "finance_year": 2024,
        "finance_metric": "total_net_recurrent_income_per_student",
        "finance_value": 21957,
        "finance_status": "benchmark_average",
        "finance_method": "peer_group_average_high_dispersion_fallback",
        "finance_source": "ACARA National Report on Schooling",
        "temporal_warning": "School profile and finance values describe the institution in their reporting year, not the resources available when the parliamentarian attended. Reviewed successor mappings describe the successor institution."
      }
    },
    {
      "type": "Feature",
      "geometry": {
        "type": "Point",
        "coordinates": [
          145.067,
          -37.6902
        ]
      },
      "properties": {
        "institution_id": "acara-45629",
        "acara_id": "45629",
        "school_name": "Parade College",
        "school_sector": "Catholic",
        "government_non_government": "Non-government",
        "school_type": "Sec",
        "campus_type": "Sec",
        "year_range": "7-12",
        "state": "VIC",
        "suburb": "Bundoora",
        "postcode": "3083",
        "remoteness_category": "Major Cities",
        "longitude": 145.067,
        "latitude": -37.6902,
        "profile_year": 2025,
        "total_enrolments": 1968,
        "girls_enrolments": 9,
        "boys_enrolments": 1959,
        "fte_enrolments": 1968.0,
        "icsea": 1077,
        "icsea_percentile": 78,
        "sea_bottom_quarter_pct": 10.0,
        "sea_lower_middle_quarter_pct": 27.0,
        "sea_upper_middle_quarter_pct": 36.0,
        "sea_top_quarter_pct": 28.0,
        "indigenous_enrolments_pct": 1.0,
        "lbote_pct": 17.0,
        "member_count": 1,
        "members": [
          {
            "member_id": "aph-53369",
            "name": "DI NATALE, Richard",
            "parliaments": [
              44,
              45,
              46
            ],
            "services": [
              {
                "service_id": "srv-53369-44-9566b862c8c3e443",
                "parliament_number": 44,
                "party": "Australian Greens",
                "party_abbrev": "GRN",
                "chamber": "senate"
              },
              {
                "service_id": "srv-53369-45-33dcffe4bef9dff4",
                "parliament_number": 45,
                "party": "Australian Greens",
                "party_abbrev": "GRN",
                "chamber": "senate"
              },
              {
                "service_id": "srv-53369-46-035b446d7439d05e",
                "parliament_number": 46,
                "party": "Australian Greens",
                "party_abbrev": "GRN",
                "chamber": "senate"
              }
            ]
          }
        ],
        "education_assertions": [
          {
            "education_id": "edu-53369-059cb00401cb4089",
            "member_id": "aph-53369",
            "school_name_as_recorded": "Parade College",
            "source_url": "https://handbookapi.aph.gov.au/api/individuals?$filter=PHID eq '53369'",
            "retrieved_at": "2026-10-02T08:23:59.813516+10:00",
            "confidence": "verified",
            "attended_status": "attended_unspecified",
            "institution_resolution": "direct",
            "resolution_source_url": null
          }
        ],
        "parliaments": [
          44,
          45,
          46
        ],
        "finance_year": 2024,
        "finance_metric": "total_net_recurrent_income_per_student",
        "finance_value": 17582,
        "finance_status": "estimated_indexed",
        "finance_method": "acara_state_sector_geolocation_index",
        "finance_source": "ACARA National Report on Schooling",
        "temporal_warning": "School profile and finance values describe the institution in their reporting year, not the resources available when the parliamentarian attended. Reviewed successor mappings describe the successor institution."
      }
    },
    {
      "type": "Feature",
      "geometry": {
        "type": "Point",
        "coordinates": [
          145.091,
          -38.1982
        ]
      },
      "properties": {
        "institution_id": "acara-46219",
        "acara_id": "46219",
        "school_name": "Peninsula Grammar",
        "school_sector": "Independent",
        "government_non_government": "Non-government",
        "school_type": "Pri/Sec",
        "campus_type": "Pri/Sec",
        "year_range": "Prep-12",
        "state": "VIC",
        "suburb": "Mount Eliza",
        "postcode": "3930",
        "remoteness_category": "Major Cities",
        "longitude": 145.091,
        "latitude": -38.1982,
        "profile_year": 2025,
        "total_enrolments": 1270,
        "girls_enrolments": 555,
        "boys_enrolments": 715,
        "fte_enrolments": 1270.0,
        "icsea": 1125,
        "icsea_percentile": 90,
        "sea_bottom_quarter_pct": 4.0,
        "sea_lower_middle_quarter_pct": 16.0,
        "sea_upper_middle_quarter_pct": 33.0,
        "sea_top_quarter_pct": 48.0,
        "indigenous_enrolments_pct": 1.0,
        "lbote_pct": 8.0,
        "member_count": 1,
        "members": [
          {
            "member_id": "aph-00amv",
            "name": "HUNT, the Hon. Gregory (Greg) Andrew",
            "parliaments": [
              42,
              43,
              44,
              45,
              46
            ],
            "services": [
              {
                "service_id": "srv-00amv-42-d03cd3e191bed230",
                "parliament_number": 42,
                "party": "Liberal Party of Australia",
                "party_abbrev": "LP",
                "chamber": "representatives"
              },
              {
                "service_id": "srv-00amv-43-fea346ac96e9cc48",
                "parliament_number": 43,
                "party": "Liberal Party of Australia",
                "party_abbrev": "LP",
                "chamber": "representatives"
              },
              {
                "service_id": "srv-00amv-44-fc1a3d9d50f5f4cd",
                "parliament_number": 44,
                "party": "Liberal Party of Australia",
                "party_abbrev": "LP",
                "chamber": "representatives"
              },
              {
                "service_id": "srv-00amv-45-e66d2078e2e25bb3",
                "parliament_number": 45,
                "party": "Liberal Party of Australia",
                "party_abbrev": "LP",
                "chamber": "representatives"
              },
              {
                "service_id": "srv-00amv-46-418347fbdb5ba44b",
                "parliament_number": 46,
                "party": "Liberal Party of Australia",
                "party_abbrev": "LP",
                "chamber": "representatives"
              }
            ]
          }
        ],
        "education_assertions": [
          {
            "education_id": "edu-00amv-4f36537fdf0e05bb",
            "member_id": "aph-00amv",
            "school_name_as_recorded": "Peninsula Grammar",
            "source_url": "https://handbookapi.aph.gov.au/api/individuals?$filter=PHID eq '00AMV'",
            "retrieved_at": "2026-10-02T08:23:59.813516+10:00",
            "confidence": "verified",
            "attended_status": "attended_unspecified",
            "institution_resolution": "direct",
            "resolution_source_url": null
          }
        ],
        "parliaments": [
          42,
          43,
          44,
          45,
          46
        ],
        "finance_year": 2024,
        "finance_metric": "total_net_recurrent_income_per_student",
        "finance_value": 30004,
        "finance_status": "estimated_indexed",
        "finance_method": "acara_state_sector_geolocation_index",
        "finance_source": "ACARA National Report on Schooling",
        "temporal_warning": "School profile and finance values describe the institution in their reporting year, not the resources available when the parliamentarian attended. Reviewed successor mappings describe the successor institution."
      }
    },
    {
      "type": "Feature",
      "geometry": {
        "type": "Point",
        "coordinates": [
          150.706,
          -33.7566
        ]
      },
      "properties": {
        "institution_id": "acara-41806",
        "acara_id": "41806",
        "school_name": "Penrith High School",
        "school_sector": "Government",
        "government_non_government": "Government",
        "school_type": "Sec",
        "campus_type": "Sec",
        "year_range": "7-12",
        "state": "NSW",
        "suburb": "Penrith",
        "postcode": "2750",
        "remoteness_category": "Major Cities",
        "longitude": 150.706,
        "latitude": -33.7566,
        "profile_year": 2025,
        "total_enrolments": 930,
        "girls_enrolments": 400,
        "boys_enrolments": 530,
        "fte_enrolments": 927.8,
        "icsea": 1186,
        "icsea_percentile": 99,
        "sea_bottom_quarter_pct": 1.0,
        "sea_lower_middle_quarter_pct": 5.0,
        "sea_upper_middle_quarter_pct": 22.0,
        "sea_top_quarter_pct": 71.0,
        "indigenous_enrolments_pct": 0.0,
        "lbote_pct": 94.0,
        "member_count": 1,
        "members": [
          {
            "member_id": "aph-8gh",
            "name": "BURNEY, the Hon. Linda Jean",
            "parliaments": [
              45,
              46,
              47
            ],
            "services": [
              {
                "service_id": "srv-8gh-45-b4e8c0bcf44257e7",
                "parliament_number": 45,
                "party": "Australian Labor Party",
                "party_abbrev": "ALP",
                "chamber": "representatives"
              },
              {
                "service_id": "srv-8gh-46-2cd5ea7a456cafcb",
                "parliament_number": 46,
                "party": "Australian Labor Party",
                "party_abbrev": "ALP",
                "chamber": "representatives"
              },
              {
                "service_id": "srv-8gh-47-1723d191c76d36a1",
                "parliament_number": 47,
                "party": "Australian Labor Party",
                "party_abbrev": "ALP",
                "chamber": "representatives"
              }
            ]
          }
        ],
        "education_assertions": [
          {
            "education_id": "edu-8gh-3144e42cf5fe62ef",
            "member_id": "aph-8gh",
            "school_name_as_recorded": "Penrith High School",
            "source_url": "https://handbookapi.aph.gov.au/api/individuals?$filter=PHID eq '8GH'",
            "retrieved_at": "2026-10-02T08:23:59.813516+10:00",
            "confidence": "verified",
            "attended_status": "attended_unspecified",
            "institution_resolution": "direct",
            "resolution_source_url": null
          }
        ],
        "parliaments": [
          45,
          46,
          47
        ],
        "finance_year": 2024,
        "finance_metric": "total_net_recurrent_income_per_student",
        "finance_value": 16450,
        "finance_status": "estimated_indexed",
        "finance_method": "acara_state_sector_geolocation_index",
        "finance_source": "ACARA National Report on Schooling",
        "temporal_warning": "School profile and finance values describe the institution in their reporting year, not the resources available when the parliamentarian attended. Reviewed successor mappings describe the successor institution."
      }
    },
    {
      "type": "Feature",
      "geometry": {
        "type": "Point",
        "coordinates": [
          138.618,
          -34.9231
        ]
      },
      "properties": {
        "institution_id": "acara-49811",
        "acara_id": "49811",
        "school_name": "Prince Alfred College",
        "school_sector": "Independent",
        "government_non_government": "Non-government",
        "school_type": "Pri/Sec",
        "campus_type": "Pri/Sec",
        "year_range": "R-12",
        "state": "SA",
        "suburb": "Kent Town",
        "postcode": "5067",
        "remoteness_category": "Major Cities",
        "longitude": 138.618,
        "latitude": -34.9231,
        "profile_year": 2025,
        "total_enrolments": 1127,
        "girls_enrolments": 0,
        "boys_enrolments": 1127,
        "fte_enrolments": 1127.0,
        "icsea": 1143,
        "icsea_percentile": 94,
        "sea_bottom_quarter_pct": 3.0,
        "sea_lower_middle_quarter_pct": 12.0,
        "sea_upper_middle_quarter_pct": 27.0,
        "sea_top_quarter_pct": 58.0,
        "indigenous_enrolments_pct": 1.0,
        "lbote_pct": 29.0,
        "member_count": 2,
        "members": [
          {
            "member_id": "aph-g0d",
            "name": "BERNARDI, Cory",
            "parliaments": [
              42,
              43,
              44,
              45,
              46
            ],
            "services": [
              {
                "service_id": "srv-g0d-42-4d1b7c68b6486b3e",
                "parliament_number": 42,
                "party": "Liberal Party of Australia",
                "party_abbrev": "LP",
                "chamber": "senate"
              },
              {
                "service_id": "srv-g0d-43-15d88df9f535728c",
                "parliament_number": 43,
                "party": "Liberal Party of Australia",
                "party_abbrev": "LP",
                "chamber": "senate"
              },
              {
                "service_id": "srv-g0d-44-23c468b142180b90",
                "parliament_number": 44,
                "party": "Liberal Party of Australia",
                "party_abbrev": "LP",
                "chamber": "senate"
              },
              {
                "service_id": "srv-g0d-45-232ce7b6d033437b",
                "parliament_number": 45,
                "party": "Liberal Party of Australia",
                "party_abbrev": "LP",
                "chamber": "senate"
              },
              {
                "service_id": "srv-g0d-46-f8f0c3b9e0f0b55b",
                "parliament_number": 46,
                "party": "Independent",
                "party_abbrev": "IND",
                "chamber": "senate"
              }
            ]
          },
          {
            "member_id": "aph-dyu",
            "name": "FAWCETT, the Hon. David Julian",
            "parliaments": [
              44,
              45,
              46,
              47
            ],
            "services": [
              {
                "service_id": "srv-dyu-44-23c468b142180b90",
                "parliament_number": 44,
                "party": "Liberal Party of Australia",
                "party_abbrev": "LP",
                "chamber": "senate"
              },
              {
                "service_id": "srv-dyu-45-232ce7b6d033437b",
                "parliament_number": 45,
                "party": "Liberal Party of Australia",
                "party_abbrev": "LP",
                "chamber": "senate"
              },
              {
                "service_id": "srv-dyu-46-870c8eae6478f0b3",
                "parliament_number": 46,
                "party": "Liberal Party of Australia",
                "party_abbrev": "LP",
                "chamber": "senate"
              },
              {
                "service_id": "srv-dyu-47-32306dda4fe1325f",
                "parliament_number": 47,
                "party": "Liberal Party of Australia",
                "party_abbrev": "LP",
                "chamber": "senate"
              }
            ]
          }
        ],
        "education_assertions": [
          {
            "education_id": "edu-dyu-5d205f6863a0f6ae",
            "member_id": "aph-dyu",
            "school_name_as_recorded": "Prince Alfred College",
            "source_url": "https://handbookapi.aph.gov.au/api/individuals?$filter=PHID eq 'DYU'",
            "retrieved_at": "2026-10-02T08:23:59.813516+10:00",
            "confidence": "verified",
            "attended_status": "attended_unspecified",
            "institution_resolution": "direct",
            "resolution_source_url": null
          },
          {
            "education_id": "edu-g0d-5d205f6863a0f6ae",
            "member_id": "aph-g0d",
            "school_name_as_recorded": "Prince Alfred College",
            "source_url": "https://handbookapi.aph.gov.au/api/individuals?$filter=PHID eq 'G0D'",
            "retrieved_at": "2026-10-02T08:23:59.813516+10:00",
            "confidence": "verified",
            "attended_status": "attended_unspecified",
            "institution_resolution": "direct",
            "resolution_source_url": null
          }
        ],
        "parliaments": [
          42,
          43,
          44,
          45,
          46,
          47
        ],
        "finance_year": 2024,
        "finance_metric": "total_net_recurrent_income_per_student",
        "finance_value": 33738,
        "finance_status": "estimated_indexed",
        "finance_method": "acara_state_sector_geolocation_index",
        "finance_source": "ACARA National Report on Schooling",
        "temporal_warning": "School profile and finance values describe the institution in their reporting year, not the resources available when the parliamentarian attended. Reviewed successor mappings describe the successor institution."
      }
    },
    {
      "type": "Feature",
      "geometry": {
        "type": "Point",
        "coordinates": [
          151.134,
          -33.7473
        ]
      },
      "properties": {
        "institution_id": "acara-43846",
        "acara_id": "43846",
        "school_name": "Pymble Ladies' College",
        "school_sector": "Independent",
        "government_non_government": "Non-government",
        "school_type": "Pri/Sec",
        "campus_type": "Pri/Sec",
        "year_range": "K-12",
        "state": "NSW",
        "suburb": "Pymble",
        "postcode": "2073",
        "remoteness_category": "Major Cities",
        "longitude": 151.134,
        "latitude": -33.7473,
        "profile_year": 2025,
        "total_enrolments": 2501,
        "girls_enrolments": 2501,
        "boys_enrolments": 0,
        "fte_enrolments": 2500.7,
        "icsea": 1178,
        "icsea_percentile": 98,
        "sea_bottom_quarter_pct": 1.0,
        "sea_lower_middle_quarter_pct": 5.0,
        "sea_upper_middle_quarter_pct": 21.0,
        "sea_top_quarter_pct": 73.0,
        "indigenous_enrolments_pct": 1.0,
        "lbote_pct": 59.0,
        "member_count": 1,
        "members": [
          {
            "member_id": "aph-281697",
            "name": "DAVEY, Perin McGregor",
            "parliaments": [
              46,
              47
            ],
            "services": [
              {
                "service_id": "srv-281697-46-a1668243959a4039",
                "parliament_number": 46,
                "party": "The Nationals",
                "party_abbrev": "NP",
                "chamber": "senate"
              },
              {
                "service_id": "srv-281697-47-4756bfedf62a1753",
                "parliament_number": 47,
                "party": "The Nationals",
                "party_abbrev": "NP",
                "chamber": "senate"
              }
            ]
          }
        ],
        "education_assertions": [
          {
            "education_id": "edu-281697-f9f269ffcbf07097",
            "member_id": "aph-281697",
            "school_name_as_recorded": "Pymble Ladies College",
            "source_url": "https://handbookapi.aph.gov.au/api/individuals?$filter=PHID eq '281697'",
            "retrieved_at": "2026-10-02T08:23:59.813516+10:00",
            "confidence": "verified",
            "attended_status": "attended_unspecified",
            "institution_resolution": "direct",
            "resolution_source_url": null
          }
        ],
        "parliaments": [
          46,
          47
        ],
        "finance_year": 2024,
        "finance_metric": "total_net_recurrent_income_per_student",
        "finance_value": 27496,
        "finance_status": "benchmark_average",
        "finance_method": "peer_group_average",
        "finance_source": "ACARA National Report on Schooling",
        "temporal_warning": "School profile and finance values describe the institution in their reporting year, not the resources available when the parliamentarian attended. Reviewed successor mappings describe the successor institution."
      }
    },
    {
      "type": "Feature",
      "geometry": {
        "type": "Point",
        "coordinates": [
          151.248,
          -33.8238
        ]
      },
      "properties": {
        "institution_id": "acara-43795",
        "acara_id": "43795",
        "school_name": "Queenwood",
        "school_sector": "Independent",
        "government_non_government": "Non-government",
        "school_type": "Pri/Sec",
        "campus_type": "Sec",
        "year_range": "K-12",
        "state": "NSW",
        "suburb": "Mosman",
        "postcode": "2088",
        "remoteness_category": "Major Cities",
        "longitude": 151.248,
        "latitude": -33.8238,
        "profile_year": 2025,
        "total_enrolments": 816,
        "girls_enrolments": 816,
        "boys_enrolments": 0,
        "fte_enrolments": 816.0,
        "icsea": 1172,
        "icsea_percentile": 98,
        "sea_bottom_quarter_pct": 1.0,
        "sea_lower_middle_quarter_pct": 5.0,
        "sea_upper_middle_quarter_pct": 21.0,
        "sea_top_quarter_pct": 73.0,
        "indigenous_enrolments_pct": 1.0,
        "lbote_pct": 15.0,
        "member_count": 1,
        "members": [
          {
            "member_id": "aph-175696",
            "name": "STEGGALL, Zali, OAM",
            "parliaments": [
              46,
              47,
              48
            ],
            "services": [
              {
                "service_id": "srv-175696-46-3e5feac148b9177d",
                "parliament_number": 46,
                "party": "Independent",
                "party_abbrev": "IND",
                "chamber": "representatives"
              },
              {
                "service_id": "srv-175696-47-6c8132ab3dbcbb54",
                "parliament_number": 47,
                "party": "Independent",
                "party_abbrev": "IND",
                "chamber": "representatives"
              },
              {
                "service_id": "srv-175696-48-cab5445e04597fda",
                "parliament_number": 48,
                "party": "Independent",
                "party_abbrev": "IND",
                "chamber": "representatives"
              }
            ]
          }
        ],
        "education_assertions": [
          {
            "education_id": "edu-175696-56f12a924159b044",
            "member_id": "aph-175696",
            "school_name_as_recorded": "Queenwood, Mosman",
            "source_url": "https://handbookapi.aph.gov.au/api/individuals?$filter=PHID eq '175696'",
            "retrieved_at": "2026-10-02T08:23:59.813516+10:00",
            "confidence": "provisional",
            "attended_status": "attended_unspecified",
            "institution_resolution": "direct",
            "resolution_source_url": null
          }
        ],
        "parliaments": [
          46,
          47,
          48
        ],
        "finance_year": 2024,
        "finance_metric": "total_net_recurrent_income_per_student",
        "finance_value": 33204,
        "finance_status": "estimated_indexed",
        "finance_method": "acara_state_sector_geolocation_index",
        "finance_source": "ACARA National Report on Schooling",
        "temporal_warning": "School profile and finance values describe the institution in their reporting year, not the resources available when the parliamentarian attended. Reviewed successor mappings describe the successor institution."
      }
    },
    {
      "type": "Feature",
      "geometry": {
        "type": "Point",
        "coordinates": [
          140.741,
          -34.1721
        ]
      },
      "properties": {
        "institution_id": "acara-49477",
        "acara_id": "49477",
        "school_name": "Renmark High School",
        "school_sector": "Government",
        "government_non_government": "Government",
        "school_type": "Sec",
        "campus_type": "Sec",
        "year_range": "7-12",
        "state": "SA",
        "suburb": "Renmark",
        "postcode": "5341",
        "remoteness_category": "Outer Regional",
        "longitude": 140.741,
        "latitude": -34.1721,
        "profile_year": 2025,
        "total_enrolments": 414,
        "girls_enrolments": 211,
        "boys_enrolments": 203,
        "fte_enrolments": 413.3,
        "icsea": 930,
        "icsea_percentile": 18,
        "sea_bottom_quarter_pct": 53.0,
        "sea_lower_middle_quarter_pct": 28.0,
        "sea_upper_middle_quarter_pct": 14.0,
        "sea_top_quarter_pct": 5.0,
        "indigenous_enrolments_pct": 14.0,
        "lbote_pct": 17.0,
        "member_count": 2,
        "members": [
          {
            "member_id": "aph-316101",
            "name": "CLUTTERHAM, Claire Louise",
            "parliaments": [
              48
            ],
            "services": [
              {
                "service_id": "srv-316101-48-729861cd8af8e5e6",
                "parliament_number": 48,
                "party": "Australian Labor Party",
                "party_abbrev": "ALP",
                "chamber": "representatives"
              }
            ]
          },
          {
            "member_id": "aph-243273",
            "name": "RUSTON, the Hon. Anne Sowerby",
            "parliaments": [
              44,
              45,
              46,
              47,
              48
            ],
            "services": [
              {
                "service_id": "srv-243273-44-23c468b142180b90",
                "parliament_number": 44,
                "party": "Liberal Party of Australia",
                "party_abbrev": "LP",
                "chamber": "senate"
              },
              {
                "service_id": "srv-243273-45-232ce7b6d033437b",
                "parliament_number": 45,
                "party": "Liberal Party of Australia",
                "party_abbrev": "LP",
                "chamber": "senate"
              },
              {
                "service_id": "srv-243273-46-870c8eae6478f0b3",
                "parliament_number": 46,
                "party": "Liberal Party of Australia",
                "party_abbrev": "LP",
                "chamber": "senate"
              },
              {
                "service_id": "srv-243273-47-32306dda4fe1325f",
                "parliament_number": 47,
                "party": "Liberal Party of Australia",
                "party_abbrev": "LP",
                "chamber": "senate"
              },
              {
                "service_id": "srv-243273-48-3a21c1269a3ce14f",
                "parliament_number": 48,
                "party": "Liberal Party of Australia",
                "party_abbrev": "LP",
                "chamber": "senate"
              }
            ]
          }
        ],
        "education_assertions": [
          {
            "education_id": "edu-243273-25c5a9844fb7ce07",
            "member_id": "aph-243273",
            "school_name_as_recorded": "Renmark High School",
            "source_url": "https://handbookapi.aph.gov.au/api/individuals?$filter=PHID eq '243273'",
            "retrieved_at": "2026-10-02T08:23:59.813516+10:00",
            "confidence": "verified",
            "attended_status": "attended_unspecified",
            "institution_resolution": "direct",
            "resolution_source_url": null
          },
          {
            "education_id": "edu-316101-25c5a9844fb7ce07",
            "member_id": "aph-316101",
            "school_name_as_recorded": "Renmark High School",
            "source_url": "https://handbookapi.aph.gov.au/api/individuals?$filter=PHID eq '316101'",
            "retrieved_at": "2026-10-02T08:23:59.813516+10:00",
            "confidence": "verified",
            "attended_status": "attended_unspecified",
            "institution_resolution": "direct",
            "resolution_source_url": null
          }
        ],
        "parliaments": [
          44,
          45,
          46,
          47,
          48
        ],
        "finance_year": 2024,
        "finance_metric": "total_net_recurrent_income_per_student",
        "finance_value": 22853,
        "finance_status": "benchmark_average",
        "finance_method": "peer_group_average_high_dispersion_fallback",
        "finance_source": "ACARA National Report on Schooling",
        "temporal_warning": "School profile and finance values describe the institution in their reporting year, not the resources available when the parliamentarian attended. Reviewed successor mappings describe the successor institution."
      }
    },
    {
      "type": "Feature",
      "geometry": {
        "type": "Point",
        "coordinates": [
          145.239,
          -37.8166
        ]
      },
      "properties": {
        "institution_id": "acara-45459",
        "acara_id": "45459",
        "school_name": "Ringwood Secondary College",
        "school_sector": "Government",
        "government_non_government": "Government",
        "school_type": "Sec",
        "campus_type": "Sec",
        "year_range": "7-12",
        "state": "VIC",
        "suburb": "Ringwood",
        "postcode": "3134",
        "remoteness_category": "Major Cities",
        "longitude": 145.239,
        "latitude": -37.8166,
        "profile_year": 2025,
        "total_enrolments": 1516,
        "girls_enrolments": 757,
        "boys_enrolments": 759,
        "fte_enrolments": 1516.0,
        "icsea": 1052,
        "icsea_percentile": 69,
        "sea_bottom_quarter_pct": 22.0,
        "sea_lower_middle_quarter_pct": 23.0,
        "sea_upper_middle_quarter_pct": 28.0,
        "sea_top_quarter_pct": 27.0,
        "indigenous_enrolments_pct": 1.0,
        "lbote_pct": 38.0,
        "member_count": 1,
        "members": [
          {
            "member_id": "aph-235654",
            "name": "WOLAHAN, Keith",
            "parliaments": [
              47
            ],
            "services": [
              {
                "service_id": "srv-235654-47-83e0084f7701ba39",
                "parliament_number": 47,
                "party": "Liberal Party of Australia",
                "party_abbrev": "LP",
                "chamber": "representatives"
              }
            ]
          }
        ],
        "education_assertions": [
          {
            "education_id": "edu-235654-0a80e845ba1608f0",
            "member_id": "aph-235654",
            "school_name_as_recorded": "Ringwood Secondary College",
            "source_url": "https://handbookapi.aph.gov.au/api/individuals?$filter=PHID eq '235654'",
            "retrieved_at": "2026-10-02T08:23:59.813516+10:00",
            "confidence": "verified",
            "attended_status": "attended_unspecified",
            "institution_resolution": "direct",
            "resolution_source_url": null
          }
        ],
        "parliaments": [
          47
        ],
        "finance_year": 2024,
        "finance_metric": "total_net_recurrent_income_per_student",
        "finance_value": 20766,
        "finance_status": "estimated_indexed",
        "finance_method": "acara_state_sector_geolocation_index",
        "finance_source": "ACARA National Report on Schooling",
        "temporal_warning": "School profile and finance values describe the institution in their reporting year, not the resources available when the parliamentarian attended. Reviewed successor mappings describe the successor institution."
      }
    },
    {
      "type": "Feature",
      "geometry": {
        "type": "Point",
        "coordinates": [
          150.496,
          -23.3886
        ]
      },
      "properties": {
        "institution_id": "acara-48031",
        "acara_id": "48031",
        "school_name": "Rockhampton Girls Grammar School",
        "school_sector": "Independent",
        "government_non_government": "Non-government",
        "school_type": "Pri/Sec",
        "campus_type": "Pri/Sec",
        "year_range": "Prep-12",
        "state": "QLD",
        "suburb": "Rockhampton",
        "postcode": "4700",
        "remoteness_category": "Inner Regional",
        "longitude": 150.496,
        "latitude": -23.3886,
        "profile_year": 2025,
        "total_enrolments": 405,
        "girls_enrolments": 405,
        "boys_enrolments": 0,
        "fte_enrolments": 404.8,
        "icsea": 1022,
        "icsea_percentile": 56,
        "sea_bottom_quarter_pct": 19.0,
        "sea_lower_middle_quarter_pct": 34.0,
        "sea_upper_middle_quarter_pct": 29.0,
        "sea_top_quarter_pct": 18.0,
        "indigenous_enrolments_pct": 13.0,
        "lbote_pct": 14.0,
        "member_count": 1,
        "members": [
          {
            "member_id": "aph-249764",
            "name": "LANDRY, the Hon. Michelle Leanne",
            "parliaments": [
              44,
              45,
              46,
              47,
              48
            ],
            "services": [
              {
                "service_id": "srv-249764-44-0de773ada5761da1",
                "parliament_number": 44,
                "party": "The Nationals",
                "party_abbrev": "NP",
                "chamber": "representatives"
              },
              {
                "service_id": "srv-249764-45-b24f60f6e56867ed",
                "parliament_number": 45,
                "party": "The Nationals",
                "party_abbrev": "NP",
                "chamber": "representatives"
              },
              {
                "service_id": "srv-249764-46-f5c438dd2c9ec8a7",
                "parliament_number": 46,
                "party": "The Nationals",
                "party_abbrev": "NP",
                "chamber": "representatives"
              },
              {
                "service_id": "srv-249764-47-c07ab97b4a4901e1",
                "parliament_number": 47,
                "party": "The Nationals",
                "party_abbrev": "NP",
                "chamber": "representatives"
              },
              {
                "service_id": "srv-249764-48-eae301f0691e0e93",
                "parliament_number": 48,
                "party": "The Nationals",
                "party_abbrev": "NP",
                "chamber": "representatives"
              }
            ]
          }
        ],
        "education_assertions": [
          {
            "education_id": "edu-249764-234dbd32a21cd837",
            "member_id": "aph-249764",
            "school_name_as_recorded": "Rockhampton Girls Grammar School",
            "source_url": "https://handbookapi.aph.gov.au/api/individuals?$filter=PHID eq '249764'",
            "retrieved_at": "2026-10-02T08:23:59.813516+10:00",
            "confidence": "verified",
            "attended_status": "attended_unspecified",
            "institution_resolution": "direct",
            "resolution_source_url": null
          }
        ],
        "parliaments": [
          44,
          45,
          46,
          47,
          48
        ],
        "finance_year": 2024,
        "finance_metric": "total_net_recurrent_income_per_student",
        "finance_value": 22605,
        "finance_status": "estimated_indexed",
        "finance_method": "acara_state_sector_geolocation_index",
        "finance_source": "ACARA National Report on Schooling",
        "temporal_warning": "School profile and finance values describe the institution in their reporting year, not the resources available when the parliamentarian attended. Reviewed successor mappings describe the successor institution."
      }
    },
    {
      "type": "Feature",
      "geometry": {
        "type": "Point",
        "coordinates": [
          147.365,
          -42.8693
        ]
      },
      "properties": {
        "institution_id": "acara-40445",
        "acara_id": "40445",
        "school_name": "Rosny College",
        "school_sector": "Government",
        "government_non_government": "Government",
        "school_type": "Sec",
        "campus_type": "Sec",
        "year_range": "11-12",
        "state": "TAS",
        "suburb": "Rosny Park",
        "postcode": "7018",
        "remoteness_category": "Inner Regional",
        "longitude": 147.365,
        "latitude": -42.8693,
        "profile_year": 2025,
        "total_enrolments": 968,
        "girls_enrolments": 495,
        "boys_enrolments": 473,
        "fte_enrolments": 914.6,
        "icsea": 987,
        "icsea_percentile": 41,
        "sea_bottom_quarter_pct": 35.0,
        "sea_lower_middle_quarter_pct": 31.0,
        "sea_upper_middle_quarter_pct": 20.0,
        "sea_top_quarter_pct": 14.0,
        "indigenous_enrolments_pct": 10.0,
        "lbote_pct": 4.0,
        "member_count": 3,
        "members": [
          {
            "member_id": "aph-f49",
            "name": "BROWN, the Hon. Carol Louise",
            "parliaments": [
              42,
              43,
              44,
              45,
              46,
              47,
              48
            ],
            "services": [
              {
                "service_id": "srv-f49-42-05e24ef8a5f46c96",
                "parliament_number": 42,
                "party": "Australian Labor Party",
                "party_abbrev": "ALP",
                "chamber": "senate"
              },
              {
                "service_id": "srv-f49-43-a9714b55100e2f5d",
                "parliament_number": 43,
                "party": "Australian Labor Party",
                "party_abbrev": "ALP",
                "chamber": "senate"
              },
              {
                "service_id": "srv-f49-44-b43c23c8e08caae4",
                "parliament_number": 44,
                "party": "Australian Labor Party",
                "party_abbrev": "ALP",
                "chamber": "senate"
              },
              {
                "service_id": "srv-f49-45-ce0fdb9380d518a9",
                "parliament_number": 45,
                "party": "Australian Labor Party",
                "party_abbrev": "ALP",
                "chamber": "senate"
              },
              {
                "service_id": "srv-f49-46-a76b34aa832233bf",
                "parliament_number": 46,
                "party": "Australian Labor Party",
                "party_abbrev": "ALP",
                "chamber": "senate"
              },
              {
                "service_id": "srv-f49-47-187a05e658c170d9",
                "parliament_number": 47,
                "party": "Australian Labor Party",
                "party_abbrev": "ALP",
                "chamber": "senate"
              },
              {
                "service_id": "srv-f49-48-8ef7ac9c93a504bd",
                "parliament_number": 48,
                "party": "Australian Labor Party",
                "party_abbrev": "ALP",
                "chamber": "senate"
              }
            ]
          },
          {
            "member_id": "aph-55842",
            "name": "DOWLING, Richard",
            "parliaments": [
              48
            ],
            "services": [
              {
                "service_id": "srv-55842-48-8ef7ac9c93a504bd",
                "parliament_number": 48,
                "party": "Australian Labor Party",
                "party_abbrev": "ALP",
                "chamber": "senate"
              }
            ]
          },
          {
            "member_id": "aph-224102",
            "name": "WHITE, the Hon Rebecca Peta",
            "parliaments": [
              48
            ],
            "services": [
              {
                "service_id": "srv-224102-48-73e1cbef867cfdc0",
                "parliament_number": 48,
                "party": "Australian Labor Party",
                "party_abbrev": "ALP",
                "chamber": "representatives"
              }
            ]
          }
        ],
        "education_assertions": [
          {
            "education_id": "edu-224102-2cf16f761b9398ff",
            "member_id": "aph-224102",
            "school_name_as_recorded": "Rosny College",
            "source_url": "https://handbookapi.aph.gov.au/api/individuals?$filter=PHID eq '224102'",
            "retrieved_at": "2026-10-02T08:23:59.813516+10:00",
            "confidence": "verified",
            "attended_status": "attended_unspecified",
            "institution_resolution": "direct",
            "resolution_source_url": null
          },
          {
            "education_id": "edu-55842-2cf16f761b9398ff",
            "member_id": "aph-55842",
            "school_name_as_recorded": "Rosny College",
            "source_url": "https://handbookapi.aph.gov.au/api/individuals?$filter=PHID eq '55842'",
            "retrieved_at": "2026-10-02T08:23:59.813516+10:00",
            "confidence": "verified",
            "attended_status": "attended_unspecified",
            "institution_resolution": "direct",
            "resolution_source_url": null
          },
          {
            "education_id": "edu-f49-2cf16f761b9398ff",
            "member_id": "aph-f49",
            "school_name_as_recorded": "Rosny College",
            "source_url": "https://handbookapi.aph.gov.au/api/individuals?$filter=PHID eq 'F49'",
            "retrieved_at": "2026-10-02T08:23:59.813516+10:00",
            "confidence": "verified",
            "attended_status": "attended_unspecified",
            "institution_resolution": "direct",
            "resolution_source_url": null
          }
        ],
        "parliaments": [
          42,
          43,
          44,
          45,
          46,
          47,
          48
        ],
        "finance_year": 2024,
        "finance_metric": "total_net_recurrent_income_per_student",
        "finance_value": 21376,
        "finance_status": "estimated_indexed",
        "finance_method": "acara_state_sector_geolocation_index",
        "finance_source": "ACARA National Report on Schooling",
        "temporal_warning": "School profile and finance values describe the institution in their reporting year, not the resources available when the parliamentarian attended. Reviewed successor mappings describe the successor institution."
      }
    },
    {
      "type": "Feature",
      "geometry": {
        "type": "Point",
        "coordinates": [
          151.205,
          -33.8399
        ]
      },
      "properties": {
        "institution_id": "acara-43878",
        "acara_id": "43878",
        "school_name": "SHORE - Sydney Church of England Grammar School",
        "school_sector": "Independent",
        "government_non_government": "Non-government",
        "school_type": "Sec",
        "campus_type": "Sec",
        "year_range": "K-12",
        "state": "NSW",
        "suburb": "North Sydney",
        "postcode": "2060",
        "remoteness_category": "Major Cities",
        "longitude": 151.205,
        "latitude": -33.8399,
        "profile_year": 2025,
        "total_enrolments": 1724,
        "girls_enrolments": 9,
        "boys_enrolments": 1715,
        "fte_enrolments": 1724.0,
        "icsea": 1205,
        "icsea_percentile": 99,
        "sea_bottom_quarter_pct": 0.0,
        "sea_lower_middle_quarter_pct": 3.0,
        "sea_upper_middle_quarter_pct": 15.0,
        "sea_top_quarter_pct": 82.0,
        "indigenous_enrolments_pct": 1.0,
        "lbote_pct": 7.0,
        "member_count": 1,
        "members": [
          {
            "member_id": "aph-e0h",
            "name": "LAMING, Andrew Charles",
            "parliaments": [
              42,
              43,
              44,
              45,
              46
            ],
            "services": [
              {
                "service_id": "srv-e0h-42-0644ef3a267836a0",
                "parliament_number": 42,
                "party": "Liberal Party of Australia",
                "party_abbrev": "LP",
                "chamber": "representatives"
              },
              {
                "service_id": "srv-e0h-43-af7216520bd7e026",
                "parliament_number": 43,
                "party": "Liberal Party of Australia",
                "party_abbrev": "LP",
                "chamber": "representatives"
              },
              {
                "service_id": "srv-e0h-44-e47424b09e9274ee",
                "parliament_number": 44,
                "party": "Liberal Party of Australia",
                "party_abbrev": "LP",
                "chamber": "representatives"
              },
              {
                "service_id": "srv-e0h-45-b0ff5ab088c9765f",
                "parliament_number": 45,
                "party": "Liberal Party of Australia",
                "party_abbrev": "LP",
                "chamber": "representatives"
              },
              {
                "service_id": "srv-e0h-46-aa928ff816adc2c0",
                "parliament_number": 46,
                "party": "Liberal Party of Australia",
                "party_abbrev": "LP",
                "chamber": "representatives"
              }
            ]
          }
        ],
        "education_assertions": [
          {
            "education_id": "edu-e0h-d1a4bf32115f0db9",
            "member_id": "aph-e0h",
            "school_name_as_recorded": "Church of England Grammar School",
            "source_url": "https://handbookapi.aph.gov.au/api/individuals?$filter=PHID eq 'E0H'",
            "retrieved_at": "2026-10-02T08:23:59.813516+10:00",
            "confidence": "provisional",
            "attended_status": "attended_unspecified",
            "institution_resolution": "direct",
            "resolution_source_url": null
          }
        ],
        "parliaments": [
          42,
          43,
          44,
          45,
          46
        ],
        "finance_year": 2024,
        "finance_metric": "total_net_recurrent_income_per_student",
        "finance_value": 27496,
        "finance_status": "benchmark_average",
        "finance_method": "peer_group_average",
        "finance_source": "ACARA National Report on Schooling",
        "temporal_warning": "School profile and finance values describe the institution in their reporting year, not the resources available when the parliamentarian attended. Reviewed successor mappings describe the successor institution."
      }
    },
    {
      "type": "Feature",
      "geometry": {
        "type": "Point",
        "coordinates": [
          145.053,
          -37.8615
        ]
      },
      "properties": {
        "institution_id": "acara-45654",
        "acara_id": "45654",
        "school_name": "Sacre Coeur",
        "school_sector": "Catholic",
        "government_non_government": "Non-government",
        "school_type": "Pri/Sec",
        "campus_type": "Pri/Sec",
        "year_range": "Prep-12",
        "state": "VIC",
        "suburb": "Glen Iris",
        "postcode": "3146",
        "remoteness_category": "Major Cities",
        "longitude": 145.053,
        "latitude": -37.8615,
        "profile_year": 2025,
        "total_enrolments": 659,
        "girls_enrolments": 659,
        "boys_enrolments": 0,
        "fte_enrolments": 659.0,
        "icsea": 1171,
        "icsea_percentile": 98,
        "sea_bottom_quarter_pct": 1.0,
        "sea_lower_middle_quarter_pct": 7.0,
        "sea_upper_middle_quarter_pct": 23.0,
        "sea_top_quarter_pct": 69.0,
        "indigenous_enrolments_pct": 0.0,
        "lbote_pct": 33.0,
        "member_count": 1,
        "members": [
          {
            "member_id": "aph-295588",
            "name": "GARLAND, Dr Carina Mary Lindsay",
            "parliaments": [
              47,
              48
            ],
            "services": [
              {
                "service_id": "srv-295588-47-77017e2d741abbdb",
                "parliament_number": 47,
                "party": "Australian Labor Party",
                "party_abbrev": "ALP",
                "chamber": "representatives"
              },
              {
                "service_id": "srv-295588-48-8e502dadacad65bf",
                "parliament_number": 48,
                "party": "Australian Labor Party",
                "party_abbrev": "ALP",
                "chamber": "representatives"
              }
            ]
          }
        ],
        "education_assertions": [
          {
            "education_id": "edu-295588-185c2f036eccf258",
            "member_id": "aph-295588",
            "school_name_as_recorded": "Sacre Coeur",
            "source_url": "https://handbookapi.aph.gov.au/api/individuals?$filter=PHID eq '295588'",
            "retrieved_at": "2026-10-02T08:23:59.813516+10:00",
            "confidence": "verified",
            "attended_status": "attended_unspecified",
            "institution_resolution": "direct",
            "resolution_source_url": null
          }
        ],
        "parliaments": [
          47,
          48
        ],
        "finance_year": 2024,
        "finance_metric": "total_net_recurrent_income_per_student",
        "finance_value": 25999,
        "finance_status": "estimated_indexed",
        "finance_method": "acara_state_sector_geolocation_index",
        "finance_source": "ACARA National Report on Schooling",
        "temporal_warning": "School profile and finance values describe the institution in their reporting year, not the resources available when the parliamentarian attended. Reviewed successor mappings describe the successor institution."
      }
    },
    {
      "type": "Feature",
      "geometry": {
        "type": "Point",
        "coordinates": [
          115.741,
          -32.3043
        ]
      },
      "properties": {
        "institution_id": "acara-48218",
        "acara_id": "48218",
        "school_name": "Safety Bay Senior High School",
        "school_sector": "Government",
        "government_non_government": "Government",
        "school_type": "Sec",
        "campus_type": "Sec",
        "year_range": "7-12",
        "state": "WA",
        "suburb": "Safety Bay",
        "postcode": "6169",
        "remoteness_category": "Major Cities",
        "longitude": 115.741,
        "latitude": -32.3043,
        "profile_year": 2025,
        "total_enrolments": 1148,
        "girls_enrolments": 563,
        "boys_enrolments": 585,
        "fte_enrolments": 1148.0,
        "icsea": 966,
        "icsea_percentile": 31,
        "sea_bottom_quarter_pct": 48.0,
        "sea_lower_middle_quarter_pct": 32.0,
        "sea_upper_middle_quarter_pct": 14.0,
        "sea_top_quarter_pct": 6.0,
        "indigenous_enrolments_pct": 8.0,
        "lbote_pct": 11.0,
        "member_count": 1,
        "members": [
          {
            "member_id": "aph-102376",
            "name": "KING, the Hon. Madeleine Mary Harvie",
            "parliaments": [
              45,
              46,
              47,
              48
            ],
            "services": [
              {
                "service_id": "srv-102376-45-ef512a4b9700a979",
                "parliament_number": 45,
                "party": "Australian Labor Party",
                "party_abbrev": "ALP",
                "chamber": "representatives"
              },
              {
                "service_id": "srv-102376-46-1101215c482b056f",
                "parliament_number": 46,
                "party": "Australian Labor Party",
                "party_abbrev": "ALP",
                "chamber": "representatives"
              },
              {
                "service_id": "srv-102376-47-6295fb2f8b8a48ad",
                "parliament_number": 47,
                "party": "Australian Labor Party",
                "party_abbrev": "ALP",
                "chamber": "representatives"
              },
              {
                "service_id": "srv-102376-48-303a4cb4d0d055e2",
                "parliament_number": 48,
                "party": "Australian Labor Party",
                "party_abbrev": "ALP",
                "chamber": "representatives"
              }
            ]
          }
        ],
        "education_assertions": [
          {
            "education_id": "edu-102376-e3d7660db41fea42",
            "member_id": "aph-102376",
            "school_name_as_recorded": "Safety Bay Senior High School",
            "source_url": "https://handbookapi.aph.gov.au/api/individuals?$filter=PHID eq '102376'",
            "retrieved_at": "2026-10-02T08:23:59.813516+10:00",
            "confidence": "verified",
            "attended_status": "attended_unspecified",
            "institution_resolution": "direct",
            "resolution_source_url": null
          }
        ],
        "parliaments": [
          45,
          46,
          47,
          48
        ],
        "finance_year": 2024,
        "finance_metric": "total_net_recurrent_income_per_student",
        "finance_value": 17642,
        "finance_status": "estimated_indexed",
        "finance_method": "acara_state_sector_geolocation_index",
        "finance_source": "ACARA National Report on Schooling",
        "temporal_warning": "School profile and finance values describe the institution in their reporting year, not the resources available when the parliamentarian attended. Reviewed successor mappings describe the successor institution."
      }
    },
    {
      "type": "Feature",
      "geometry": {
        "type": "Point",
        "coordinates": [
          151.095,
          -33.8776
        ]
      },
      "properties": {
        "institution_id": "acara-43673",
        "acara_id": "43673",
        "school_name": "Santa Sabina College",
        "school_sector": "Independent",
        "government_non_government": "Non-government",
        "school_type": "Pri/Sec",
        "campus_type": "Sec",
        "year_range": "K-12",
        "state": "NSW",
        "suburb": "Strathfield",
        "postcode": "2135",
        "remoteness_category": "Major Cities",
        "longitude": 151.095,
        "latitude": -33.8776,
        "profile_year": 2025,
        "total_enrolments": 1320,
        "girls_enrolments": 1202,
        "boys_enrolments": 118,
        "fte_enrolments": 1320.0,
        "icsea": 1139,
        "icsea_percentile": 93,
        "sea_bottom_quarter_pct": 3.0,
        "sea_lower_middle_quarter_pct": 11.0,
        "sea_upper_middle_quarter_pct": 29.0,
        "sea_top_quarter_pct": 57.0,
        "indigenous_enrolments_pct": 0.0,
        "lbote_pct": 42.0,
        "member_count": 1,
        "members": [
          {
            "member_id": "aph-282982",
            "name": "MARTIN, Dr. Fiona Barbouttis",
            "parliaments": [
              46
            ],
            "services": [
              {
                "service_id": "srv-282982-46-8aa10992d4bcf087",
                "parliament_number": 46,
                "party": "Liberal Party of Australia",
                "party_abbrev": "LP",
                "chamber": "representatives"
              }
            ]
          }
        ],
        "education_assertions": [
          {
            "education_id": "edu-282982-c6bb89815d87c4e7",
            "member_id": "aph-282982",
            "school_name_as_recorded": "Santa Sabina College",
            "source_url": "https://handbookapi.aph.gov.au/api/individuals?$filter=PHID eq '282982'",
            "retrieved_at": "2026-10-02T08:23:59.813516+10:00",
            "confidence": "verified",
            "attended_status": "attended_unspecified",
            "institution_resolution": "direct",
            "resolution_source_url": null
          }
        ],
        "parliaments": [
          46
        ],
        "finance_year": 2024,
        "finance_metric": "total_net_recurrent_income_per_student",
        "finance_value": 28642,
        "finance_status": "estimated_indexed",
        "finance_method": "acara_state_sector_geolocation_index",
        "finance_source": "ACARA National Report on Schooling",
        "temporal_warning": "School profile and finance values describe the institution in their reporting year, not the resources available when the parliamentarian attended. Reviewed successor mappings describe the successor institution."
      }
    },
    {
      "type": "Feature",
      "geometry": {
        "type": "Point",
        "coordinates": [
          145.236,
          -37.8886
        ]
      },
      "properties": {
        "institution_id": "acara-45463",
        "acara_id": "45463",
        "school_name": "Scoresby Secondary College",
        "school_sector": "Government",
        "government_non_government": "Government",
        "school_type": "Sec",
        "campus_type": "Sec",
        "year_range": "7-12",
        "state": "VIC",
        "suburb": "Scoresby",
        "postcode": "3179",
        "remoteness_category": "Major Cities",
        "longitude": 145.236,
        "latitude": -37.8886,
        "profile_year": 2025,
        "total_enrolments": 244,
        "girls_enrolments": 113,
        "boys_enrolments": 131,
        "fte_enrolments": 244.0,
        "icsea": 1003,
        "icsea_percentile": 48,
        "sea_bottom_quarter_pct": 38.0,
        "sea_lower_middle_quarter_pct": 28.0,
        "sea_upper_middle_quarter_pct": 23.0,
        "sea_top_quarter_pct": 11.0,
        "indigenous_enrolments_pct": 2.0,
        "lbote_pct": 23.0,
        "member_count": 1,
        "members": [
          {
            "member_id": "aph-316660",
            "name": "WITTY, Sarah",
            "parliaments": [
              48
            ],
            "services": [
              {
                "service_id": "srv-316660-48-2bbc16a35050d854",
                "parliament_number": 48,
                "party": "Australian Labor Party",
                "party_abbrev": "ALP",
                "chamber": "representatives"
              }
            ]
          }
        ],
        "education_assertions": [
          {
            "education_id": "edu-316660-92f51738222e412e",
            "member_id": "aph-316660",
            "school_name_as_recorded": "Scoresby Secondary College",
            "source_url": "https://handbookapi.aph.gov.au/api/individuals?$filter=PHID eq '316660'",
            "retrieved_at": "2026-10-02T08:23:59.813516+10:00",
            "confidence": "verified",
            "attended_status": "attended_unspecified",
            "institution_resolution": "direct",
            "resolution_source_url": null
          }
        ],
        "parliaments": [
          48
        ],
        "finance_year": 2024,
        "finance_metric": "total_net_recurrent_income_per_student",
        "finance_value": 19162,
        "finance_status": "benchmark_average",
        "finance_method": "peer_group_average",
        "finance_source": "ACARA National Report on Schooling",
        "temporal_warning": "School profile and finance values describe the institution in their reporting year, not the resources available when the parliamentarian attended. Reviewed successor mappings describe the successor institution."
      }
    },
    {
      "type": "Feature",
      "geometry": {
        "type": "Point",
        "coordinates": [
          151.009,
          -33.8795
        ]
      },
      "properties": {
        "institution_id": "acara-41576",
        "acara_id": "41576",
        "school_name": "Sefton High School",
        "school_sector": "Government",
        "government_non_government": "Government",
        "school_type": "Sec",
        "campus_type": "Sec",
        "year_range": "7-12",
        "state": "NSW",
        "suburb": "Sefton",
        "postcode": "2162",
        "remoteness_category": "Major Cities",
        "longitude": 151.009,
        "latitude": -33.8795,
        "profile_year": 2025,
        "total_enrolments": 1121,
        "girls_enrolments": 541,
        "boys_enrolments": 580,
        "fte_enrolments": 1121.0,
        "icsea": 1033,
        "icsea_percentile": 61,
        "sea_bottom_quarter_pct": 29.0,
        "sea_lower_middle_quarter_pct": 25.0,
        "sea_upper_middle_quarter_pct": 25.0,
        "sea_top_quarter_pct": 21.0,
        "indigenous_enrolments_pct": 0.0,
        "lbote_pct": 94.0,
        "member_count": 1,
        "members": [
          {
            "member_id": "aph-298121",
            "name": "SITOU, Sally",
            "parliaments": [
              47,
              48
            ],
            "services": [
              {
                "service_id": "srv-298121-47-0234355ee619eda3",
                "parliament_number": 47,
                "party": "Australian Labor Party",
                "party_abbrev": "ALP",
                "chamber": "representatives"
              },
              {
                "service_id": "srv-298121-48-eac9ac10cad14279",
                "parliament_number": 48,
                "party": "Australian Labor Party",
                "party_abbrev": "ALP",
                "chamber": "representatives"
              }
            ]
          }
        ],
        "education_assertions": [
          {
            "education_id": "edu-298121-913c87660932fe33",
            "member_id": "aph-298121",
            "school_name_as_recorded": "Sefton High School",
            "source_url": "https://handbookapi.aph.gov.au/api/individuals?$filter=PHID eq '298121'",
            "retrieved_at": "2026-10-02T08:23:59.813516+10:00",
            "confidence": "verified",
            "attended_status": "attended_unspecified",
            "institution_resolution": "direct",
            "resolution_source_url": null
          }
        ],
        "parliaments": [
          47,
          48
        ],
        "finance_year": 2024,
        "finance_metric": "total_net_recurrent_income_per_student",
        "finance_value": 15886,
        "finance_status": "estimated_indexed",
        "finance_method": "acara_state_sector_geolocation_index",
        "finance_source": "ACARA National Report on Schooling",
        "temporal_warning": "School profile and finance values describe the institution in their reporting year, not the resources available when the parliamentarian attended. Reviewed successor mappings describe the successor institution."
      }
    },
    {
      "type": "Feature",
      "geometry": {
        "type": "Point",
        "coordinates": [
          153.375,
          -28.0909
        ]
      },
      "properties": {
        "institution_id": "acara-48093",
        "acara_id": "48093",
        "school_name": "Somerset College",
        "school_sector": "Independent",
        "government_non_government": "Non-government",
        "school_type": "Pri/Sec",
        "campus_type": "Pri/Sec",
        "year_range": "Prep-12",
        "state": "QLD",
        "suburb": "Mudgeeraba",
        "postcode": "4213",
        "remoteness_category": "Major Cities",
        "longitude": 153.375,
        "latitude": -28.0909,
        "profile_year": 2025,
        "total_enrolments": 1612,
        "girls_enrolments": 838,
        "boys_enrolments": 774,
        "fte_enrolments": 1612.0,
        "icsea": 1157,
        "icsea_percentile": 96,
        "sea_bottom_quarter_pct": 2.0,
        "sea_lower_middle_quarter_pct": 9.0,
        "sea_upper_middle_quarter_pct": 26.0,
        "sea_top_quarter_pct": 63.0,
        "indigenous_enrolments_pct": 0.0,
        "lbote_pct": 34.0,
        "member_count": 1,
        "members": [
          {
            "member_id": "aph-121628",
            "name": "McALLISTER, the Hon. Jennifer (Jenny) Ryll",
            "parliaments": [
              45,
              46,
              47,
              48
            ],
            "services": [
              {
                "service_id": "srv-121628-45-7ea19b720a7fc839",
                "parliament_number": 45,
                "party": "Australian Labor Party",
                "party_abbrev": "ALP",
                "chamber": "senate"
              },
              {
                "service_id": "srv-121628-46-1c1470492dd2564e",
                "parliament_number": 46,
                "party": "Australian Labor Party",
                "party_abbrev": "ALP",
                "chamber": "senate"
              },
              {
                "service_id": "srv-121628-47-53e7b0c906810e2f",
                "parliament_number": 47,
                "party": "Australian Labor Party",
                "party_abbrev": "ALP",
                "chamber": "senate"
              },
              {
                "service_id": "srv-121628-48-c5a1a778bed2742f",
                "parliament_number": 48,
                "party": "Australian Labor Party",
                "party_abbrev": "ALP",
                "chamber": "senate"
              }
            ]
          }
        ],
        "education_assertions": [
          {
            "education_id": "edu-121628-0c20ba96ed3acaa1",
            "member_id": "aph-121628",
            "school_name_as_recorded": "Somerset College",
            "source_url": "https://handbookapi.aph.gov.au/api/individuals?$filter=PHID eq '121628'",
            "retrieved_at": "2026-10-02T08:23:59.813516+10:00",
            "confidence": "verified",
            "attended_status": "attended_unspecified",
            "institution_resolution": "direct",
            "resolution_source_url": null
          }
        ],
        "parliaments": [
          45,
          46,
          47,
          48
        ],
        "finance_year": 2024,
        "finance_metric": "total_net_recurrent_income_per_student",
        "finance_value": 27771,
        "finance_status": "benchmark_average",
        "finance_method": "peer_group_average",
        "finance_source": "ACARA National Report on Schooling",
        "temporal_warning": "School profile and finance values describe the institution in their reporting year, not the resources available when the parliamentarian attended. Reviewed successor mappings describe the successor institution."
      }
    },
    {
      "type": "Feature",
      "geometry": {
        "type": "Point",
        "coordinates": [
          150.551,
          -33.6851
        ]
      },
      "properties": {
        "institution_id": "acara-41825",
        "acara_id": "41825",
        "school_name": "Springwood High School",
        "school_sector": "Government",
        "government_non_government": "Government",
        "school_type": "Sec",
        "campus_type": "Sec",
        "year_range": "7-12",
        "state": "NSW",
        "suburb": "Springwood",
        "postcode": "2777",
        "remoteness_category": "Major Cities",
        "longitude": 150.551,
        "latitude": -33.6851,
        "profile_year": 2025,
        "total_enrolments": 566,
        "girls_enrolments": 274,
        "boys_enrolments": 292,
        "fte_enrolments": 565.2,
        "icsea": 1027,
        "icsea_percentile": 59,
        "sea_bottom_quarter_pct": 22.0,
        "sea_lower_middle_quarter_pct": 32.0,
        "sea_upper_middle_quarter_pct": 27.0,
        "sea_top_quarter_pct": 18.0,
        "indigenous_enrolments_pct": 7.0,
        "lbote_pct": 13.0,
        "member_count": 1,
        "members": [
          {
            "member_id": "aph-23497",
            "name": "BERRY, Carol",
            "parliaments": [
              48
            ],
            "services": [
              {
                "service_id": "srv-23497-48-2abd89290946411a",
                "parliament_number": 48,
                "party": "Australian Labor Party",
                "party_abbrev": "ALP",
                "chamber": "representatives"
              }
            ]
          }
        ],
        "education_assertions": [
          {
            "education_id": "edu-23497-a3a7bd068b474a23",
            "member_id": "aph-23497",
            "school_name_as_recorded": "Springwood High School",
            "source_url": "https://handbookapi.aph.gov.au/api/individuals?$filter=PHID eq '23497'",
            "retrieved_at": "2026-10-02T08:23:59.813516+10:00",
            "confidence": "verified",
            "attended_status": "attended_unspecified",
            "institution_resolution": "direct",
            "resolution_source_url": null
          }
        ],
        "parliaments": [
          48
        ],
        "finance_year": 2024,
        "finance_metric": "total_net_recurrent_income_per_student",
        "finance_value": 19553,
        "finance_status": "benchmark_average",
        "finance_method": "peer_group_average",
        "finance_source": "ACARA National Report on Schooling",
        "temporal_warning": "School profile and finance values describe the institution in their reporting year, not the resources available when the parliamentarian attended. Reviewed successor mappings describe the successor institution."
      }
    },
    {
      "type": "Feature",
      "geometry": {
        "type": "Point",
        "coordinates": [
          145.068,
          -37.9912
        ]
      },
      "properties": {
        "institution_id": "acara-45855",
        "acara_id": "45855",
        "school_name": "St Bede's College",
        "school_sector": "Catholic",
        "government_non_government": "Non-government",
        "school_type": "Sec",
        "campus_type": "Sec",
        "year_range": "7-12",
        "state": "VIC",
        "suburb": "Mentone",
        "postcode": "3194",
        "remoteness_category": "Major Cities",
        "longitude": 145.068,
        "latitude": -37.9912,
        "profile_year": 2025,
        "total_enrolments": 1882,
        "girls_enrolments": 0,
        "boys_enrolments": 1882,
        "fte_enrolments": 1882.0,
        "icsea": 1097,
        "icsea_percentile": 83,
        "sea_bottom_quarter_pct": 7.0,
        "sea_lower_middle_quarter_pct": 22.0,
        "sea_upper_middle_quarter_pct": 34.0,
        "sea_top_quarter_pct": 37.0,
        "indigenous_enrolments_pct": 0.0,
        "lbote_pct": 8.0,
        "member_count": 2,
        "members": [
          {
            "member_id": "aph-283601",
            "name": "VAN, David Allan",
            "parliaments": [
              46,
              47
            ],
            "services": [
              {
                "service_id": "srv-283601-46-c8744b8d430b7f89",
                "parliament_number": 46,
                "party": "Liberal Party of Australia",
                "party_abbrev": "LP",
                "chamber": "senate"
              },
              {
                "service_id": "srv-283601-47-4ad82d6008daf869",
                "parliament_number": 47,
                "party": "Liberal Party of Australia",
                "party_abbrev": "LP",
                "chamber": "senate"
              }
            ]
          },
          {
            "member_id": "aph-265967",
            "name": "WALLACE, Andrew Bruce",
            "parliaments": [
              45,
              46,
              47,
              48
            ],
            "services": [
              {
                "service_id": "srv-265967-45-5a562ad088a35e43",
                "parliament_number": 45,
                "party": "Liberal Party of Australia",
                "party_abbrev": "LP",
                "chamber": "representatives"
              },
              {
                "service_id": "srv-265967-46-aa28991c974dc15d",
                "parliament_number": 46,
                "party": "Liberal Party of Australia",
                "party_abbrev": "LP",
                "chamber": "representatives"
              },
              {
                "service_id": "srv-265967-47-82ee6ab3fd0f6a12",
                "parliament_number": 47,
                "party": "Liberal Party of Australia",
                "party_abbrev": "LP",
                "chamber": "representatives"
              },
              {
                "service_id": "srv-265967-48-2277d5bda9b7378e",
                "parliament_number": 48,
                "party": "Liberal Party of Australia",
                "party_abbrev": "LP",
                "chamber": "representatives"
              }
            ]
          }
        ],
        "education_assertions": [
          {
            "education_id": "edu-265967-8cad5cffa2174f58",
            "member_id": "aph-265967",
            "school_name_as_recorded": "St Bede's College",
            "source_url": "https://handbookapi.aph.gov.au/api/individuals?$filter=PHID eq '265967'",
            "retrieved_at": "2026-10-02T08:23:59.813516+10:00",
            "confidence": "verified",
            "attended_status": "attended_unspecified",
            "institution_resolution": "direct",
            "resolution_source_url": null
          },
          {
            "education_id": "edu-283601-8cad5cffa2174f58",
            "member_id": "aph-283601",
            "school_name_as_recorded": "St Bede's College",
            "source_url": "https://handbookapi.aph.gov.au/api/individuals?$filter=PHID eq '283601'",
            "retrieved_at": "2026-10-02T08:23:59.813516+10:00",
            "confidence": "verified",
            "attended_status": "attended_unspecified",
            "institution_resolution": "direct",
            "resolution_source_url": null
          }
        ],
        "parliaments": [
          45,
          46,
          47,
          48
        ],
        "finance_year": 2024,
        "finance_metric": "total_net_recurrent_income_per_student",
        "finance_value": 18575,
        "finance_status": "estimated_indexed",
        "finance_method": "acara_state_sector_geolocation_index",
        "finance_source": "ACARA National Report on Schooling",
        "temporal_warning": "School profile and finance values describe the institution in their reporting year, not the resources available when the parliamentarian attended. Reviewed successor mappings describe the successor institution."
      }
    },
    {
      "type": "Feature",
      "geometry": {
        "type": "Point",
        "coordinates": [
          144.884,
          -37.7494
        ]
      },
      "properties": {
        "institution_id": "acara-45864",
        "acara_id": "45864",
        "school_name": "St Bernard's College",
        "school_sector": "Catholic",
        "government_non_government": "Non-government",
        "school_type": "Sec",
        "campus_type": "Sec",
        "year_range": "7-12",
        "state": "VIC",
        "suburb": "Essendon",
        "postcode": "3040",
        "remoteness_category": "Major Cities",
        "longitude": 144.884,
        "latitude": -37.7494,
        "profile_year": 2025,
        "total_enrolments": 1567,
        "girls_enrolments": 0,
        "boys_enrolments": 1567,
        "fte_enrolments": 1567.0,
        "icsea": 1100,
        "icsea_percentile": 84,
        "sea_bottom_quarter_pct": 7.0,
        "sea_lower_middle_quarter_pct": 22.0,
        "sea_upper_middle_quarter_pct": 33.0,
        "sea_top_quarter_pct": 38.0,
        "indigenous_enrolments_pct": 0.0,
        "lbote_pct": 7.0,
        "member_count": 1,
        "members": [
          {
            "member_id": "aph-i0q",
            "name": "RYAN, the Hon. Scott Michael",
            "parliaments": [
              43,
              44,
              45,
              46
            ],
            "services": [
              {
                "service_id": "srv-i0q-43-0f362d161cae6782",
                "parliament_number": 43,
                "party": "Liberal Party of Australia",
                "party_abbrev": "LP",
                "chamber": "senate"
              },
              {
                "service_id": "srv-i0q-44-de871938906d3639",
                "parliament_number": 44,
                "party": "Liberal Party of Australia",
                "party_abbrev": "LP",
                "chamber": "senate"
              },
              {
                "service_id": "srv-i0q-45-262f1f24276963a2",
                "parliament_number": 45,
                "party": "Liberal Party of Australia",
                "party_abbrev": "LP",
                "chamber": "senate"
              },
              {
                "service_id": "srv-i0q-46-c8744b8d430b7f89",
                "parliament_number": 46,
                "party": "Liberal Party of Australia",
                "party_abbrev": "LP",
                "chamber": "senate"
              }
            ]
          }
        ],
        "education_assertions": [
          {
            "education_id": "edu-i0q-a273f25b8c284186",
            "member_id": "aph-i0q",
            "school_name_as_recorded": "St Bernard's College",
            "source_url": "https://handbookapi.aph.gov.au/api/individuals?$filter=PHID eq 'I0Q'",
            "retrieved_at": "2026-10-02T08:23:59.813516+10:00",
            "confidence": "verified",
            "attended_status": "attended_unspecified",
            "institution_resolution": "direct",
            "resolution_source_url": null
          }
        ],
        "parliaments": [
          43,
          44,
          45,
          46
        ],
        "finance_year": 2024,
        "finance_metric": "total_net_recurrent_income_per_student",
        "finance_value": 21998,
        "finance_status": "estimated_indexed",
        "finance_method": "acara_state_sector_geolocation_index",
        "finance_source": "ACARA National Report on Schooling",
        "temporal_warning": "School profile and finance values describe the institution in their reporting year, not the resources available when the parliamentarian attended. Reviewed successor mappings describe the successor institution."
      }
    },
    {
      "type": "Feature",
      "geometry": {
        "type": "Point",
        "coordinates": [
          150.728,
          -23.1153
        ]
      },
      "properties": {
        "institution_id": "acara-47905",
        "acara_id": "47905",
        "school_name": "St Brendan's College",
        "school_sector": "Catholic",
        "government_non_government": "Non-government",
        "school_type": "Sec",
        "campus_type": "Sec",
        "year_range": "7-12",
        "state": "QLD",
        "suburb": "Yeppoon",
        "postcode": "4703",
        "remoteness_category": "Inner Regional",
        "longitude": 150.728,
        "latitude": -23.1153,
        "profile_year": 2025,
        "total_enrolments": 1034,
        "girls_enrolments": 0,
        "boys_enrolments": 1034,
        "fte_enrolments": 1034.0,
        "icsea": 994,
        "icsea_percentile": 44,
        "sea_bottom_quarter_pct": 25.0,
        "sea_lower_middle_quarter_pct": 38.0,
        "sea_upper_middle_quarter_pct": 25.0,
        "sea_top_quarter_pct": 11.0,
        "indigenous_enrolments_pct": 15.0,
        "lbote_pct": 4.0,
        "member_count": 1,
        "members": [
          {
            "member_id": "aph-230531",
            "name": "BUCHHOLZ, the Hon. Scott Andrew",
            "parliaments": [
              43,
              44,
              45,
              46,
              47,
              48
            ],
            "services": [
              {
                "service_id": "srv-230531-43-17849487c4c16de0",
                "parliament_number": 43,
                "party": "Liberal Party of Australia",
                "party_abbrev": "LP",
                "chamber": "representatives"
              },
              {
                "service_id": "srv-230531-44-1a69ef1eac34c98b",
                "parliament_number": 44,
                "party": "Liberal Party of Australia",
                "party_abbrev": "LP",
                "chamber": "representatives"
              },
              {
                "service_id": "srv-230531-45-924a9256d66deb0a",
                "parliament_number": 45,
                "party": "Liberal Party of Australia",
                "party_abbrev": "LP",
                "chamber": "representatives"
              },
              {
                "service_id": "srv-230531-46-4a6845cea854750d",
                "parliament_number": 46,
                "party": "Liberal Party of Australia",
                "party_abbrev": "LP",
                "chamber": "representatives"
              },
              {
                "service_id": "srv-230531-47-6495e6db7aa2533e",
                "parliament_number": 47,
                "party": "Liberal Party of Australia",
                "party_abbrev": "LP",
                "chamber": "representatives"
              },
              {
                "service_id": "srv-230531-48-aab203e7c44af58c",
                "parliament_number": 48,
                "party": "Liberal Party of Australia",
                "party_abbrev": "LP",
                "chamber": "representatives"
              }
            ]
          }
        ],
        "education_assertions": [
          {
            "education_id": "edu-230531-f1f16c19d9221edb",
            "member_id": "aph-230531",
            "school_name_as_recorded": "St Brendan's College",
            "source_url": "https://handbookapi.aph.gov.au/api/individuals?$filter=PHID eq '230531'",
            "retrieved_at": "2026-10-02T08:23:59.813516+10:00",
            "confidence": "verified",
            "attended_status": "attended_unspecified",
            "institution_resolution": "direct",
            "resolution_source_url": null
          }
        ],
        "parliaments": [
          43,
          44,
          45,
          46,
          47,
          48
        ],
        "finance_year": 2024,
        "finance_metric": "total_net_recurrent_income_per_student",
        "finance_value": 22733,
        "finance_status": "benchmark_average",
        "finance_method": "peer_group_average_high_dispersion_fallback",
        "finance_source": "ACARA National Report on Schooling",
        "temporal_warning": "School profile and finance values describe the institution in their reporting year, not the resources available when the parliamentarian attended. Reviewed successor mappings describe the successor institution."
      }
    },
    {
      "type": "Feature",
      "geometry": {
        "type": "Point",
        "coordinates": [
          142.802,
          -38.0799
        ]
      },
      "properties": {
        "institution_id": "acara-45878",
        "acara_id": "45878",
        "school_name": "St Colman's School",
        "school_sector": "Catholic",
        "government_non_government": "Non-government",
        "school_type": "Prim",
        "campus_type": "Prim",
        "year_range": "Prep-6",
        "state": "VIC",
        "suburb": "Mortlake",
        "postcode": "3272",
        "remoteness_category": "Inner Regional",
        "longitude": 142.802,
        "latitude": -38.0799,
        "profile_year": 2025,
        "total_enrolments": 39,
        "girls_enrolments": 22,
        "boys_enrolments": 17,
        "fte_enrolments": 39.0,
        "icsea": 1026,
        "icsea_percentile": 58,
        "sea_bottom_quarter_pct": 26.0,
        "sea_lower_middle_quarter_pct": 26.0,
        "sea_upper_middle_quarter_pct": 40.0,
        "sea_top_quarter_pct": 8.0,
        "indigenous_enrolments_pct": 3.0,
        "lbote_pct": 14.0,
        "member_count": 1,
        "members": [
          {
            "member_id": "aph-56430",
            "name": "DRUM, the Hon. Damian Kevin",
            "parliaments": [
              45,
              46
            ],
            "services": [
              {
                "service_id": "srv-56430-45-98f0c9e2a7a18439",
                "parliament_number": 45,
                "party": "The Nationals",
                "party_abbrev": "NP",
                "chamber": "representatives"
              },
              {
                "service_id": "srv-56430-46-bcecb2240ac1c674",
                "parliament_number": 46,
                "party": "The Nationals",
                "party_abbrev": "NP",
                "chamber": "representatives"
              }
            ]
          }
        ],
        "education_assertions": [
          {
            "education_id": "edu-56430-c2181e71db56a3f8",
            "member_id": "aph-56430",
            "school_name_as_recorded": "St Colman's School",
            "source_url": "https://handbookapi.aph.gov.au/api/individuals?$filter=PHID eq '56430'",
            "retrieved_at": "2026-10-02T08:23:59.813516+10:00",
            "confidence": "verified",
            "attended_status": "attended_unspecified",
            "institution_resolution": "direct",
            "resolution_source_url": null
          }
        ],
        "parliaments": [
          45,
          46
        ],
        "finance_year": 2024,
        "finance_metric": "total_net_recurrent_income_per_student",
        "finance_value": 22058,
        "finance_status": "benchmark_average",
        "finance_method": "peer_group_average",
        "finance_source": "ACARA National Report on Schooling",
        "temporal_warning": "School profile and finance values describe the institution in their reporting year, not the resources available when the parliamentarian attended. Reviewed successor mappings describe the successor institution."
      }
    },
    {
      "type": "Feature",
      "geometry": {
        "type": "Point",
        "coordinates": [
          151.136,
          -33.9591
        ]
      },
      "properties": {
        "institution_id": "acara-41148",
        "acara_id": "41148",
        "school_name": "St George Girls High School",
        "school_sector": "Government",
        "government_non_government": "Government",
        "school_type": "Sec",
        "campus_type": "Sec",
        "year_range": "7-12",
        "state": "NSW",
        "suburb": "Kogarah",
        "postcode": "2217",
        "remoteness_category": "Major Cities",
        "longitude": 151.136,
        "latitude": -33.9591,
        "profile_year": 2025,
        "total_enrolments": 908,
        "girls_enrolments": 908,
        "boys_enrolments": 0,
        "fte_enrolments": 907.9,
        "icsea": 1148,
        "icsea_percentile": 95,
        "sea_bottom_quarter_pct": 4.0,
        "sea_lower_middle_quarter_pct": 11.0,
        "sea_upper_middle_quarter_pct": 28.0,
        "sea_top_quarter_pct": 57.0,
        "indigenous_enrolments_pct": 0.0,
        "lbote_pct": 94.0,
        "member_count": 1,
        "members": [
          {
            "member_id": "aph-300123",
            "name": "WARE, Jennifer (Jenny) Lesley",
            "parliaments": [
              47
            ],
            "services": [
              {
                "service_id": "srv-300123-47-67497bd6c2242ada",
                "parliament_number": 47,
                "party": "Liberal Party of Australia",
                "party_abbrev": "LP",
                "chamber": "representatives"
              }
            ]
          }
        ],
        "education_assertions": [
          {
            "education_id": "edu-300123-8c297525aa6b886d",
            "member_id": "aph-300123",
            "school_name_as_recorded": "St George Girls High School",
            "source_url": "https://handbookapi.aph.gov.au/api/individuals?$filter=PHID eq '300123'",
            "retrieved_at": "2026-10-02T08:23:59.813516+10:00",
            "confidence": "verified",
            "attended_status": "attended_unspecified",
            "institution_resolution": "direct",
            "resolution_source_url": null
          }
        ],
        "parliaments": [
          47
        ],
        "finance_year": 2024,
        "finance_metric": "total_net_recurrent_income_per_student",
        "finance_value": 16793,
        "finance_status": "estimated_indexed",
        "finance_method": "acara_state_sector_geolocation_index",
        "finance_source": "ACARA National Report on Schooling",
        "temporal_warning": "School profile and finance values describe the institution in their reporting year, not the resources available when the parliamentarian attended. Reviewed successor mappings describe the successor institution."
      }
    },
    {
      "type": "Feature",
      "geometry": {
        "type": "Point",
        "coordinates": [
          150.892,
          -33.8731
        ]
      },
      "properties": {
        "institution_id": "acara-41598",
        "acara_id": "41598",
        "school_name": "St Johns Park High School",
        "school_sector": "Government",
        "government_non_government": "Government",
        "school_type": "Sec",
        "campus_type": "Sec",
        "year_range": "7-12",
        "state": "NSW",
        "suburb": "St Johns Park",
        "postcode": "2176",
        "remoteness_category": "Major Cities",
        "longitude": 150.892,
        "latitude": -33.8731,
        "profile_year": 2025,
        "total_enrolments": 923,
        "girls_enrolments": 408,
        "boys_enrolments": 515,
        "fte_enrolments": 921.2,
        "icsea": 927,
        "icsea_percentile": 17,
        "sea_bottom_quarter_pct": 62.0,
        "sea_lower_middle_quarter_pct": 25.0,
        "sea_upper_middle_quarter_pct": 11.0,
        "sea_top_quarter_pct": 3.0,
        "indigenous_enrolments_pct": 2.0,
        "lbote_pct": 91.0,
        "member_count": 1,
        "members": [
          {
            "member_id": "aph-dzs",
            "name": "BOWEN, the Hon. Christopher (Chris) Eyles",
            "parliaments": [
              42,
              43,
              44,
              45,
              46,
              47,
              48
            ],
            "services": [
              {
                "service_id": "srv-dzs-42-dece21893fe73009",
                "parliament_number": 42,
                "party": "Australian Labor Party",
                "party_abbrev": "ALP",
                "chamber": "representatives"
              },
              {
                "service_id": "srv-dzs-43-43582225dd9c1508",
                "parliament_number": 43,
                "party": "Australian Labor Party",
                "party_abbrev": "ALP",
                "chamber": "representatives"
              },
              {
                "service_id": "srv-dzs-44-2dae2bed840a8910",
                "parliament_number": 44,
                "party": "Australian Labor Party",
                "party_abbrev": "ALP",
                "chamber": "representatives"
              },
              {
                "service_id": "srv-dzs-45-c7449bd7939c9512",
                "parliament_number": 45,
                "party": "Australian Labor Party",
                "party_abbrev": "ALP",
                "chamber": "representatives"
              },
              {
                "service_id": "srv-dzs-46-b9dc90dc02f8c103",
                "parliament_number": 46,
                "party": "Australian Labor Party",
                "party_abbrev": "ALP",
                "chamber": "representatives"
              },
              {
                "service_id": "srv-dzs-47-1c330e558d4dcdb5",
                "parliament_number": 47,
                "party": "Australian Labor Party",
                "party_abbrev": "ALP",
                "chamber": "representatives"
              },
              {
                "service_id": "srv-dzs-48-de6c1ffd6e570916",
                "parliament_number": 48,
                "party": "Australian Labor Party",
                "party_abbrev": "ALP",
                "chamber": "representatives"
              }
            ]
          }
        ],
        "education_assertions": [
          {
            "education_id": "edu-dzs-18a0501f5bd17148",
            "member_id": "aph-dzs",
            "school_name_as_recorded": "St John's Park High School",
            "source_url": "https://handbookapi.aph.gov.au/api/individuals?$filter=PHID eq 'DZS'",
            "retrieved_at": "2026-10-02T08:23:59.813516+10:00",
            "confidence": "verified",
            "attended_status": "attended_unspecified",
            "institution_resolution": "direct",
            "resolution_source_url": null
          }
        ],
        "parliaments": [
          42,
          43,
          44,
          45,
          46,
          47,
          48
        ],
        "finance_year": 2024,
        "finance_metric": "total_net_recurrent_income_per_student",
        "finance_value": 20657,
        "finance_status": "estimated_indexed",
        "finance_method": "acara_state_sector_geolocation_index",
        "finance_source": "ACARA National Report on Schooling",
        "temporal_warning": "School profile and finance values describe the institution in their reporting year, not the resources available when the parliamentarian attended. Reviewed successor mappings describe the successor institution."
      }
    },
    {
      "type": "Feature",
      "geometry": {
        "type": "Point",
        "coordinates": [
          147.323,
          -42.8882
        ]
      },
      "properties": {
        "institution_id": "acara-40035",
        "acara_id": "40035",
        "school_name": "St Michael's Collegiate School",
        "school_sector": "Independent",
        "government_non_government": "Non-government",
        "school_type": "Pri/Sec",
        "campus_type": "Pri/Sec",
        "year_range": "Prep-12",
        "state": "TAS",
        "suburb": "Hobart",
        "postcode": "7000",
        "remoteness_category": "Inner Regional",
        "longitude": 147.323,
        "latitude": -42.8882,
        "profile_year": 2025,
        "total_enrolments": 636,
        "girls_enrolments": 636,
        "boys_enrolments": 0,
        "fte_enrolments": 635.8,
        "icsea": 1125,
        "icsea_percentile": 90,
        "sea_bottom_quarter_pct": 3.0,
        "sea_lower_middle_quarter_pct": 15.0,
        "sea_upper_middle_quarter_pct": 28.0,
        "sea_top_quarter_pct": 54.0,
        "indigenous_enrolments_pct": 3.0,
        "lbote_pct": 6.0,
        "member_count": 1,
        "members": [
          {
            "member_id": "aph-264449",
            "name": "CHANDLER, Claire",
            "parliaments": [
              46,
              47,
              48
            ],
            "services": [
              {
                "service_id": "srv-264449-46-056e1e5f8bfd74c2",
                "parliament_number": 46,
                "party": "Liberal Party of Australia",
                "party_abbrev": "LP",
                "chamber": "senate"
              },
              {
                "service_id": "srv-264449-47-3769ea16ddf2406b",
                "parliament_number": 47,
                "party": "Liberal Party of Australia",
                "party_abbrev": "LP",
                "chamber": "senate"
              },
              {
                "service_id": "srv-264449-48-2bf21d49824a86c4",
                "parliament_number": 48,
                "party": "Liberal Party of Australia",
                "party_abbrev": "LP",
                "chamber": "senate"
              }
            ]
          }
        ],
        "education_assertions": [
          {
            "education_id": "edu-264449-e6a59fe5ef70daa4",
            "member_id": "aph-264449",
            "school_name_as_recorded": "St. Michael's Collegiate School, Hobart",
            "source_url": "https://handbookapi.aph.gov.au/api/individuals?$filter=PHID eq '264449'",
            "retrieved_at": "2026-10-02T08:23:59.813516+10:00",
            "confidence": "provisional",
            "attended_status": "attended_unspecified",
            "institution_resolution": "direct",
            "resolution_source_url": null
          }
        ],
        "parliaments": [
          46,
          47,
          48
        ],
        "finance_year": 2024,
        "finance_metric": "total_net_recurrent_income_per_student",
        "finance_value": 19377,
        "finance_status": "estimated_indexed",
        "finance_method": "acara_state_sector_geolocation_index",
        "finance_source": "ACARA National Report on Schooling",
        "temporal_warning": "School profile and finance values describe the institution in their reporting year, not the resources available when the parliamentarian attended. Reviewed successor mappings describe the successor institution."
      }
    },
    {
      "type": "Feature",
      "geometry": {
        "type": "Point",
        "coordinates": [
          151.414,
          -33.3019
        ]
      },
      "properties": {
        "institution_id": "acara-43267",
        "acara_id": "43267",
        "school_name": "St Peter's Catholic College",
        "school_sector": "Catholic",
        "government_non_government": "Non-government",
        "school_type": "Sec",
        "campus_type": "Sec",
        "year_range": "7-12",
        "state": "NSW",
        "suburb": "Tuggerah",
        "postcode": "2259",
        "remoteness_category": "Major Cities",
        "longitude": 151.414,
        "latitude": -33.3019,
        "profile_year": 2025,
        "total_enrolments": 1078,
        "girls_enrolments": 594,
        "boys_enrolments": 484,
        "fte_enrolments": 1078.0,
        "icsea": 1045,
        "icsea_percentile": 66,
        "sea_bottom_quarter_pct": 14.0,
        "sea_lower_middle_quarter_pct": 35.0,
        "sea_upper_middle_quarter_pct": 32.0,
        "sea_top_quarter_pct": 19.0,
        "indigenous_enrolments_pct": 5.0,
        "lbote_pct": 10.0,
        "member_count": 1,
        "members": [
          {
            "member_id": "aph-hze",
            "name": "SESELJA, the Hon. Zdenko Matthew (Zed)",
            "parliaments": [
              44,
              45,
              46
            ],
            "services": [
              {
                "service_id": "srv-hze-44-b6a814dc652fa242",
                "parliament_number": 44,
                "party": "Liberal Party of Australia",
                "party_abbrev": "LP",
                "chamber": "senate"
              },
              {
                "service_id": "srv-hze-45-5e46fc016c282521",
                "parliament_number": 45,
                "party": "Liberal Party of Australia",
                "party_abbrev": "LP",
                "chamber": "senate"
              },
              {
                "service_id": "srv-hze-46-bf1f3f4f116dc471",
                "parliament_number": 46,
                "party": "Liberal Party of Australia",
                "party_abbrev": "LP",
                "chamber": "senate"
              }
            ]
          }
        ],
        "education_assertions": [
          {
            "education_id": "edu-hze-6065cbdd9b574a67",
            "member_id": "aph-hze",
            "school_name_as_recorded": "St Peters Catholic College",
            "source_url": "https://handbookapi.aph.gov.au/api/individuals?$filter=PHID eq 'HZE'",
            "retrieved_at": "2026-10-02T08:23:59.813516+10:00",
            "confidence": "verified",
            "attended_status": "attended_unspecified",
            "institution_resolution": "direct",
            "resolution_source_url": null
          }
        ],
        "parliaments": [
          44,
          45,
          46
        ],
        "finance_year": 2024,
        "finance_metric": "total_net_recurrent_income_per_student",
        "finance_value": 21371,
        "finance_status": "estimated_indexed",
        "finance_method": "acara_state_sector_geolocation_index",
        "finance_source": "ACARA National Report on Schooling",
        "temporal_warning": "School profile and finance values describe the institution in their reporting year, not the resources available when the parliamentarian attended. Reviewed successor mappings describe the successor institution."
      }
    },
    {
      "type": "Feature",
      "geometry": {
        "type": "Point",
        "coordinates": [
          143.553,
          -35.3352
        ]
      },
      "properties": {
        "institution_id": "acara-45540",
        "acara_id": "45540",
        "school_name": "Swan Hill College",
        "school_sector": "Government",
        "government_non_government": "Government",
        "school_type": "Sec",
        "campus_type": "Sec",
        "year_range": "7-12",
        "state": "VIC",
        "suburb": "Swan Hill",
        "postcode": "3585",
        "remoteness_category": "Outer Regional",
        "longitude": 143.553,
        "latitude": -35.3352,
        "profile_year": 2025,
        "total_enrolments": 747,
        "girls_enrolments": 361,
        "boys_enrolments": 386,
        "fte_enrolments": 744.3,
        "icsea": 944,
        "icsea_percentile": 22,
        "sea_bottom_quarter_pct": 47.0,
        "sea_lower_middle_quarter_pct": 33.0,
        "sea_upper_middle_quarter_pct": 14.0,
        "sea_top_quarter_pct": 5.0,
        "indigenous_enrolments_pct": 14.0,
        "lbote_pct": 9.0,
        "member_count": 1,
        "members": [
          {
            "member_id": "aph-299352",
            "name": "STEWART, Jana Naretha Ann",
            "parliaments": [
              47,
              48
            ],
            "services": [
              {
                "service_id": "srv-299352-47-ae8df88b5fd9f84e",
                "parliament_number": 47,
                "party": "Australian Labor Party",
                "party_abbrev": "ALP",
                "chamber": "senate"
              },
              {
                "service_id": "srv-299352-48-7939b7cc5a834928",
                "parliament_number": 48,
                "party": "Australian Labor Party",
                "party_abbrev": "ALP",
                "chamber": "senate"
              }
            ]
          }
        ],
        "education_assertions": [
          {
            "education_id": "edu-299352-be5fb91293ee1e6b",
            "member_id": "aph-299352",
            "school_name_as_recorded": "Swan Hill College",
            "source_url": "https://handbookapi.aph.gov.au/api/individuals?$filter=PHID eq '299352'",
            "retrieved_at": "2026-10-02T08:23:59.813516+10:00",
            "confidence": "verified",
            "attended_status": "attended_unspecified",
            "institution_resolution": "direct",
            "resolution_source_url": null
          }
        ],
        "parliaments": [
          47,
          48
        ],
        "finance_year": 2024,
        "finance_metric": "total_net_recurrent_income_per_student",
        "finance_value": 21957,
        "finance_status": "benchmark_average",
        "finance_method": "peer_group_average",
        "finance_source": "ACARA National Report on Schooling",
        "temporal_warning": "School profile and finance values describe the institution in their reporting year, not the resources available when the parliamentarian attended. Reviewed successor mappings describe the successor institution."
      }
    },
    {
      "type": "Feature",
      "geometry": {
        "type": "Point",
        "coordinates": [
          151.219,
          -33.8922
        ]
      },
      "properties": {
        "institution_id": "acara-41149",
        "acara_id": "41149",
        "school_name": "Sydney Boys High School",
        "school_sector": "Government",
        "government_non_government": "Government",
        "school_type": "Sec",
        "campus_type": "Sec",
        "year_range": "7-12",
        "state": "NSW",
        "suburb": "Moore Park",
        "postcode": "2021",
        "remoteness_category": "Major Cities",
        "longitude": 151.219,
        "latitude": -33.8922,
        "profile_year": 2025,
        "total_enrolments": 1205,
        "girls_enrolments": 0,
        "boys_enrolments": 1205,
        "fte_enrolments": 1201.6,
        "icsea": 1189,
        "icsea_percentile": 99,
        "sea_bottom_quarter_pct": 2.0,
        "sea_lower_middle_quarter_pct": 7.0,
        "sea_upper_middle_quarter_pct": 21.0,
        "sea_top_quarter_pct": 70.0,
        "indigenous_enrolments_pct": 0.0,
        "lbote_pct": 93.0,
        "member_count": 1,
        "members": [
          {
            "member_id": "aph-e3l",
            "name": "MORRISON, the Hon. Scott John AC",
            "parliaments": [
              42,
              43,
              44,
              45,
              46,
              47
            ],
            "services": [
              {
                "service_id": "srv-e3l-42-071e4a6630e6eaa0",
                "parliament_number": 42,
                "party": "Liberal Party of Australia",
                "party_abbrev": "LP",
                "chamber": "representatives"
              },
              {
                "service_id": "srv-e3l-43-e7a192adfe70ba0e",
                "parliament_number": 43,
                "party": "Liberal Party of Australia",
                "party_abbrev": "LP",
                "chamber": "representatives"
              },
              {
                "service_id": "srv-e3l-44-ad615c4fbd32e54d",
                "parliament_number": 44,
                "party": "Liberal Party of Australia",
                "party_abbrev": "LP",
                "chamber": "representatives"
              },
              {
                "service_id": "srv-e3l-45-cdf287e32cd05a80",
                "parliament_number": 45,
                "party": "Liberal Party of Australia",
                "party_abbrev": "LP",
                "chamber": "representatives"
              },
              {
                "service_id": "srv-e3l-46-62558b898541755c",
                "parliament_number": 46,
                "party": "Liberal Party of Australia",
                "party_abbrev": "LP",
                "chamber": "representatives"
              },
              {
                "service_id": "srv-e3l-47-4baf8215508d19c5",
                "parliament_number": 47,
                "party": "Liberal Party of Australia",
                "party_abbrev": "LP",
                "chamber": "representatives"
              }
            ]
          }
        ],
        "education_assertions": [
          {
            "education_id": "edu-e3l-4dd4b1a178f61ef1",
            "member_id": "aph-e3l",
            "school_name_as_recorded": "Sydney Boys' High School",
            "source_url": "https://handbookapi.aph.gov.au/api/individuals?$filter=PHID eq 'E3L'",
            "retrieved_at": "2026-10-02T08:23:59.813516+10:00",
            "confidence": "verified",
            "attended_status": "attended_unspecified",
            "institution_resolution": "direct",
            "resolution_source_url": null
          }
        ],
        "parliaments": [
          42,
          43,
          44,
          45,
          46,
          47
        ],
        "finance_year": 2024,
        "finance_metric": "total_net_recurrent_income_per_student",
        "finance_value": 18044,
        "finance_status": "estimated_indexed",
        "finance_method": "acara_state_sector_geolocation_index",
        "finance_source": "ACARA National Report on Schooling",
        "temporal_warning": "School profile and finance values describe the institution in their reporting year, not the resources available when the parliamentarian attended. Reviewed successor mappings describe the successor institution."
      }
    },
    {
      "type": "Feature",
      "geometry": {
        "type": "Point",
        "coordinates": [
          152.951,
          -27.445
        ]
      },
      "properties": {
        "institution_id": "acara-47447",
        "acara_id": "47447",
        "school_name": "The Gap State High School",
        "school_sector": "Government",
        "government_non_government": "Government",
        "school_type": "Sec",
        "campus_type": "Sec",
        "year_range": "7-12",
        "state": "QLD",
        "suburb": "The Gap",
        "postcode": "4061",
        "remoteness_category": "Major Cities",
        "longitude": 152.951,
        "latitude": -27.445,
        "profile_year": 2025,
        "total_enrolments": 1702,
        "girls_enrolments": 823,
        "boys_enrolments": 879,
        "fte_enrolments": 1700.4,
        "icsea": 1123,
        "icsea_percentile": 90,
        "sea_bottom_quarter_pct": 5.0,
        "sea_lower_middle_quarter_pct": 15.0,
        "sea_upper_middle_quarter_pct": 31.0,
        "sea_top_quarter_pct": 49.0,
        "indigenous_enrolments_pct": 1.0,
        "lbote_pct": 19.0,
        "member_count": 1,
        "members": [
          {
            "member_id": "aph-dzw",
            "name": "ELLIOT, the Hon. Maria Justine (Justine)",
            "parliaments": [
              42,
              43,
              44,
              45,
              46,
              47,
              48
            ],
            "services": [
              {
                "service_id": "srv-dzw-42-c3ce3fdc16ba51cb",
                "parliament_number": 42,
                "party": "Australian Labor Party",
                "party_abbrev": "ALP",
                "chamber": "representatives"
              },
              {
                "service_id": "srv-dzw-43-1c26f75a17da3fda",
                "parliament_number": 43,
                "party": "Australian Labor Party",
                "party_abbrev": "ALP",
                "chamber": "representatives"
              },
              {
                "service_id": "srv-dzw-44-725d2b58cf1741d7",
                "parliament_number": 44,
                "party": "Australian Labor Party",
                "party_abbrev": "ALP",
                "chamber": "representatives"
              },
              {
                "service_id": "srv-dzw-45-fbbc9ddb624fe4d6",
                "parliament_number": 45,
                "party": "Australian Labor Party",
                "party_abbrev": "ALP",
                "chamber": "representatives"
              },
              {
                "service_id": "srv-dzw-46-37c0c9396512d098",
                "parliament_number": 46,
                "party": "Australian Labor Party",
                "party_abbrev": "ALP",
                "chamber": "representatives"
              },
              {
                "service_id": "srv-dzw-47-9e46807802b08614",
                "parliament_number": 47,
                "party": "Australian Labor Party",
                "party_abbrev": "ALP",
                "chamber": "representatives"
              },
              {
                "service_id": "srv-dzw-48-e909f0bf37e4e920",
                "parliament_number": 48,
                "party": "Australian Labor Party",
                "party_abbrev": "ALP",
                "chamber": "representatives"
              }
            ]
          }
        ],
        "education_assertions": [
          {
            "education_id": "edu-dzw-855112277b2077d0",
            "member_id": "aph-dzw",
            "school_name_as_recorded": "The Gap State High School",
            "source_url": "https://handbookapi.aph.gov.au/api/individuals?$filter=PHID eq 'DZW'",
            "retrieved_at": "2026-10-02T08:23:59.813516+10:00",
            "confidence": "verified",
            "attended_status": "attended_unspecified",
            "institution_resolution": "direct",
            "resolution_source_url": null
          }
        ],
        "parliaments": [
          42,
          43,
          44,
          45,
          46,
          47,
          48
        ],
        "finance_year": 2024,
        "finance_metric": "total_net_recurrent_income_per_student",
        "finance_value": 17214,
        "finance_status": "estimated_indexed",
        "finance_method": "acara_state_sector_geolocation_index",
        "finance_source": "ACARA National Report on Schooling",
        "temporal_warning": "School profile and finance values describe the institution in their reporting year, not the resources available when the parliamentarian attended. Reviewed successor mappings describe the successor institution."
      }
    },
    {
      "type": "Feature",
      "geometry": {
        "type": "Point",
        "coordinates": [
          151.026,
          -33.7886
        ]
      },
      "properties": {
        "institution_id": "acara-43883",
        "acara_id": "43883",
        "school_name": "The King's School",
        "school_sector": "Independent",
        "government_non_government": "Non-government",
        "school_type": "Pri/Sec",
        "campus_type": "Pri/Sec",
        "year_range": "K-12",
        "state": "NSW",
        "suburb": "North Parramatta",
        "postcode": "2151",
        "remoteness_category": "Major Cities",
        "longitude": 151.026,
        "latitude": -33.7886,
        "profile_year": 2025,
        "total_enrolments": 2150,
        "girls_enrolments": 91,
        "boys_enrolments": 2059,
        "fte_enrolments": 2150.0,
        "icsea": 1163,
        "icsea_percentile": 97,
        "sea_bottom_quarter_pct": 2.0,
        "sea_lower_middle_quarter_pct": 7.0,
        "sea_upper_middle_quarter_pct": 26.0,
        "sea_top_quarter_pct": 65.0,
        "indigenous_enrolments_pct": 0.0,
        "lbote_pct": 40.0,
        "member_count": 1,
        "members": [
          {
            "member_id": "aph-299174",
            "name": "LAXALE, Jerome",
            "parliaments": [
              47,
              48
            ],
            "services": [
              {
                "service_id": "srv-299174-47-d29f7271b548a53c",
                "parliament_number": 47,
                "party": "Australian Labor Party",
                "party_abbrev": "ALP",
                "chamber": "representatives"
              },
              {
                "service_id": "srv-299174-48-bb92fc93754751fa",
                "parliament_number": 48,
                "party": "Australian Labor Party",
                "party_abbrev": "ALP",
                "chamber": "representatives"
              }
            ]
          }
        ],
        "education_assertions": [
          {
            "education_id": "edu-299174-b3f016581f1c93cd",
            "member_id": "aph-299174",
            "school_name_as_recorded": "The King's School",
            "source_url": "https://handbookapi.aph.gov.au/api/individuals?$filter=PHID eq '299174'",
            "retrieved_at": "2026-10-02T08:23:59.813516+10:00",
            "confidence": "verified",
            "attended_status": "attended_unspecified",
            "institution_resolution": "direct",
            "resolution_source_url": null
          }
        ],
        "parliaments": [
          47,
          48
        ],
        "finance_year": 2024,
        "finance_metric": "total_net_recurrent_income_per_student",
        "finance_value": 41013,
        "finance_status": "estimated_indexed",
        "finance_method": "acara_state_sector_geolocation_index",
        "finance_source": "ACARA National Report on Schooling",
        "temporal_warning": "School profile and finance values describe the institution in their reporting year, not the resources available when the parliamentarian attended. Reviewed successor mappings describe the successor institution."
      }
    },
    {
      "type": "Feature",
      "geometry": {
        "type": "Point",
        "coordinates": [
          145.003,
          -37.679
        ]
      },
      "properties": {
        "institution_id": "acara-45473",
        "acara_id": "45473",
        "school_name": "Thomastown Secondary College",
        "school_sector": "Government",
        "government_non_government": "Government",
        "school_type": "Sec",
        "campus_type": "Sec",
        "year_range": "7-12",
        "state": "VIC",
        "suburb": "Thomastown",
        "postcode": "3074",
        "remoteness_category": "Major Cities",
        "longitude": 145.003,
        "latitude": -37.679,
        "profile_year": 2025,
        "total_enrolments": 461,
        "girls_enrolments": 210,
        "boys_enrolments": 251,
        "fte_enrolments": 460.3,
        "icsea": 926,
        "icsea_percentile": 17,
        "sea_bottom_quarter_pct": 63.0,
        "sea_lower_middle_quarter_pct": 21.0,
        "sea_upper_middle_quarter_pct": 13.0,
        "sea_top_quarter_pct": 3.0,
        "indigenous_enrolments_pct": 2.0,
        "lbote_pct": 83.0,
        "member_count": 1,
        "members": [
          {
            "member_id": "aph-299352",
            "name": "STEWART, Jana Naretha Ann",
            "parliaments": [
              47,
              48
            ],
            "services": [
              {
                "service_id": "srv-299352-47-ae8df88b5fd9f84e",
                "parliament_number": 47,
                "party": "Australian Labor Party",
                "party_abbrev": "ALP",
                "chamber": "senate"
              },
              {
                "service_id": "srv-299352-48-7939b7cc5a834928",
                "parliament_number": 48,
                "party": "Australian Labor Party",
                "party_abbrev": "ALP",
                "chamber": "senate"
              }
            ]
          }
        ],
        "education_assertions": [
          {
            "education_id": "edu-299352-ad838705231a8deb",
            "member_id": "aph-299352",
            "school_name_as_recorded": "Thomastown Secondary College",
            "source_url": "https://handbookapi.aph.gov.au/api/individuals?$filter=PHID eq '299352'",
            "retrieved_at": "2026-10-02T08:23:59.813516+10:00",
            "confidence": "verified",
            "attended_status": "attended_unspecified",
            "institution_resolution": "direct",
            "resolution_source_url": null
          }
        ],
        "parliaments": [
          47,
          48
        ],
        "finance_year": 2024,
        "finance_metric": "total_net_recurrent_income_per_student",
        "finance_value": 19162,
        "finance_status": "benchmark_average",
        "finance_method": "peer_group_average",
        "finance_source": "ACARA National Report on Schooling",
        "temporal_warning": "School profile and finance values describe the institution in their reporting year, not the resources available when the parliamentarian attended. Reviewed successor mappings describe the successor institution."
      }
    },
    {
      "type": "Feature",
      "geometry": {
        "type": "Point",
        "coordinates": [
          115.96,
          -32.0655
        ]
      },
      "properties": {
        "institution_id": "acara-48158",
        "acara_id": "48158",
        "school_name": "Thornlie Senior High School",
        "school_sector": "Government",
        "government_non_government": "Government",
        "school_type": "Sec",
        "campus_type": "Sec",
        "year_range": "7-12",
        "state": "WA",
        "suburb": "Thornlie",
        "postcode": "6108",
        "remoteness_category": "Major Cities",
        "longitude": 115.96,
        "latitude": -32.0655,
        "profile_year": 2025,
        "total_enrolments": 1125,
        "girls_enrolments": 538,
        "boys_enrolments": 587,
        "fte_enrolments": 1125.0,
        "icsea": 969,
        "icsea_percentile": 33,
        "sea_bottom_quarter_pct": 47.0,
        "sea_lower_middle_quarter_pct": 30.0,
        "sea_upper_middle_quarter_pct": 17.0,
        "sea_top_quarter_pct": 6.0,
        "indigenous_enrolments_pct": 7.0,
        "lbote_pct": 42.0,
        "member_count": 1,
        "members": [
          {
            "member_id": "aph-e68",
            "name": "STERLE, Glenn",
            "parliaments": [
              42,
              43,
              44,
              45,
              46,
              47,
              48
            ],
            "services": [
              {
                "service_id": "srv-e68-42-52f0d79cae50d3f6",
                "parliament_number": 42,
                "party": "Australian Labor Party",
                "party_abbrev": "ALP",
                "chamber": "senate"
              },
              {
                "service_id": "srv-e68-43-0889c5486015afc9",
                "parliament_number": 43,
                "party": "Australian Labor Party",
                "party_abbrev": "ALP",
                "chamber": "senate"
              },
              {
                "service_id": "srv-e68-44-01b9a77a33b6a974",
                "parliament_number": 44,
                "party": "Australian Labor Party",
                "party_abbrev": "ALP",
                "chamber": "senate"
              },
              {
                "service_id": "srv-e68-45-5884db98268c8500",
                "parliament_number": 45,
                "party": "Australian Labor Party",
                "party_abbrev": "ALP",
                "chamber": "senate"
              },
              {
                "service_id": "srv-e68-46-d19b52cb6326a717",
                "parliament_number": 46,
                "party": "Australian Labor Party",
                "party_abbrev": "ALP",
                "chamber": "senate"
              },
              {
                "service_id": "srv-e68-47-a918f73acd4a4e61",
                "parliament_number": 47,
                "party": "Australian Labor Party",
                "party_abbrev": "ALP",
                "chamber": "senate"
              },
              {
                "service_id": "srv-e68-48-0f413a30c40b77b0",
                "parliament_number": 48,
                "party": "Australian Labor Party",
                "party_abbrev": "ALP",
                "chamber": "senate"
              }
            ]
          }
        ],
        "education_assertions": [
          {
            "education_id": "edu-e68-d0b955fb47813249",
            "member_id": "aph-e68",
            "school_name_as_recorded": "Thornlie Senior High School",
            "source_url": "https://handbookapi.aph.gov.au/api/individuals?$filter=PHID eq 'E68'",
            "retrieved_at": "2026-10-02T08:23:59.813516+10:00",
            "confidence": "verified",
            "attended_status": "attended_unspecified",
            "institution_resolution": "direct",
            "resolution_source_url": null
          }
        ],
        "parliaments": [
          42,
          43,
          44,
          45,
          46,
          47,
          48
        ],
        "finance_year": 2024,
        "finance_metric": "total_net_recurrent_income_per_student",
        "finance_value": 17105,
        "finance_status": "estimated_indexed",
        "finance_method": "acara_state_sector_geolocation_index",
        "finance_source": "ACARA National Report on Schooling",
        "temporal_warning": "School profile and finance values describe the institution in their reporting year, not the resources available when the parliamentarian attended. Reviewed successor mappings describe the successor institution."
      }
    },
    {
      "type": "Feature",
      "geometry": {
        "type": "Point",
        "coordinates": [
          151.969,
          -27.5632
        ]
      },
      "properties": {
        "institution_id": "acara-48037",
        "acara_id": "48037",
        "school_name": "Toowoomba Grammar School",
        "school_sector": "Independent",
        "government_non_government": "Non-government",
        "school_type": "Pri/Sec",
        "campus_type": "Pri/Sec",
        "year_range": "Prep-12",
        "state": "QLD",
        "suburb": "East Toowoomba",
        "postcode": "4350",
        "remoteness_category": "Inner Regional",
        "longitude": 151.969,
        "latitude": -27.5632,
        "profile_year": 2025,
        "total_enrolments": 1145,
        "girls_enrolments": 0,
        "boys_enrolments": 1145,
        "fte_enrolments": 1145.0,
        "icsea": 1096,
        "icsea_percentile": 83,
        "sea_bottom_quarter_pct": 6.0,
        "sea_lower_middle_quarter_pct": 20.0,
        "sea_upper_middle_quarter_pct": 35.0,
        "sea_top_quarter_pct": 39.0,
        "indigenous_enrolments_pct": 4.0,
        "lbote_pct": 14.0,
        "member_count": 2,
        "members": [
          {
            "member_id": "aph-299498",
            "name": "BOYCE, Colin Einar",
            "parliaments": [
              47,
              48
            ],
            "services": [
              {
                "service_id": "srv-299498-47-269cfaecb2314bd8",
                "parliament_number": 47,
                "party": "The Nationals",
                "party_abbrev": "NP",
                "chamber": "representatives"
              },
              {
                "service_id": "srv-299498-48-3942ddcb4ce03614",
                "parliament_number": 48,
                "party": "The Nationals",
                "party_abbrev": "NP",
                "chamber": "representatives"
              }
            ]
          },
          {
            "member_id": "aph-265585",
            "name": "LITTLEPROUD, the Hon. David Kelly",
            "parliaments": [
              45,
              46,
              47,
              48
            ],
            "services": [
              {
                "service_id": "srv-265585-45-ab3cd88a80692b75",
                "parliament_number": 45,
                "party": "The Nationals",
                "party_abbrev": "NP",
                "chamber": "representatives"
              },
              {
                "service_id": "srv-265585-46-6d520fae816943b1",
                "parliament_number": 46,
                "party": "The Nationals",
                "party_abbrev": "NP",
                "chamber": "representatives"
              },
              {
                "service_id": "srv-265585-47-f930f73a0154d911",
                "parliament_number": 47,
                "party": "The Nationals",
                "party_abbrev": "NP",
                "chamber": "representatives"
              },
              {
                "service_id": "srv-265585-48-e39e276e3cc1c921",
                "parliament_number": 48,
                "party": "The Nationals",
                "party_abbrev": "NP",
                "chamber": "representatives"
              }
            ]
          }
        ],
        "education_assertions": [
          {
            "education_id": "edu-265585-c3d885d44b47e7bb",
            "member_id": "aph-265585",
            "school_name_as_recorded": "Toowoomba Grammar School",
            "source_url": "https://handbookapi.aph.gov.au/api/individuals?$filter=PHID eq '265585'",
            "retrieved_at": "2026-10-02T08:23:59.813516+10:00",
            "confidence": "verified",
            "attended_status": "attended_unspecified",
            "institution_resolution": "direct",
            "resolution_source_url": null
          },
          {
            "education_id": "edu-299498-c3d885d44b47e7bb",
            "member_id": "aph-299498",
            "school_name_as_recorded": "Toowoomba Grammar School",
            "source_url": "https://handbookapi.aph.gov.au/api/individuals?$filter=PHID eq '299498'",
            "retrieved_at": "2026-10-02T08:23:59.813516+10:00",
            "confidence": "verified",
            "attended_status": "attended_unspecified",
            "institution_resolution": "direct",
            "resolution_source_url": null
          }
        ],
        "parliaments": [
          45,
          46,
          47,
          48
        ],
        "finance_year": 2024,
        "finance_metric": "total_net_recurrent_income_per_student",
        "finance_value": 26926,
        "finance_status": "estimated_indexed",
        "finance_method": "acara_state_sector_geolocation_index",
        "finance_source": "ACARA National Report on Schooling",
        "temporal_warning": "School profile and finance values describe the institution in their reporting year, not the resources available when the parliamentarian attended. Reviewed successor mappings describe the successor institution."
      }
    },
    {
      "type": "Feature",
      "geometry": {
        "type": "Point",
        "coordinates": [
          151.965,
          -27.5452
        ]
      },
      "properties": {
        "institution_id": "acara-47417",
        "acara_id": "47417",
        "school_name": "Toowoomba State High School",
        "school_sector": "Government",
        "government_non_government": "Government",
        "school_type": "Sec",
        "campus_type": "Sec",
        "year_range": "7-12",
        "state": "QLD",
        "suburb": "Mount Lofty",
        "postcode": "4350",
        "remoteness_category": "Inner Regional",
        "longitude": 151.965,
        "latitude": -27.5452,
        "profile_year": 2025,
        "total_enrolments": 775,
        "girls_enrolments": 386,
        "boys_enrolments": 389,
        "fte_enrolments": 775.0,
        "icsea": 934,
        "icsea_percentile": 19,
        "sea_bottom_quarter_pct": 53.0,
        "sea_lower_middle_quarter_pct": 26.0,
        "sea_upper_middle_quarter_pct": 15.0,
        "sea_top_quarter_pct": 7.0,
        "indigenous_enrolments_pct": 14.0,
        "lbote_pct": 28.0,
        "member_count": 2,
        "members": [
          {
            "member_id": "aph-00amn",
            "name": "LEY, the Hon. Sussan Penelope",
            "parliaments": [
              42,
              43,
              44,
              45,
              46,
              47,
              48
            ],
            "services": [
              {
                "service_id": "srv-00amn-42-ec04627e997a1fac",
                "parliament_number": 42,
                "party": "Liberal Party of Australia",
                "party_abbrev": "LP",
                "chamber": "representatives"
              },
              {
                "service_id": "srv-00amn-43-6d832a2c850aac76",
                "parliament_number": 43,
                "party": "Liberal Party of Australia",
                "party_abbrev": "LP",
                "chamber": "representatives"
              },
              {
                "service_id": "srv-00amn-44-c6c61ab865b5b03d",
                "parliament_number": 44,
                "party": "Liberal Party of Australia",
                "party_abbrev": "LP",
                "chamber": "representatives"
              },
              {
                "service_id": "srv-00amn-45-7176f210a22de0d0",
                "parliament_number": 45,
                "party": "Liberal Party of Australia",
                "party_abbrev": "LP",
                "chamber": "representatives"
              },
              {
                "service_id": "srv-00amn-46-bd2ba891deeb96c7",
                "parliament_number": 46,
                "party": "Liberal Party of Australia",
                "party_abbrev": "LP",
                "chamber": "representatives"
              },
              {
                "service_id": "srv-00amn-47-903a89973b0b863a",
                "parliament_number": 47,
                "party": "Liberal Party of Australia",
                "party_abbrev": "LP",
                "chamber": "representatives"
              },
              {
                "service_id": "srv-00amn-48-e8e9342b07c8cdec",
                "parliament_number": 48,
                "party": "Liberal Party of Australia",
                "party_abbrev": "LP",
                "chamber": "representatives"
              }
            ]
          },
          {
            "member_id": "aph-217241",
            "name": "McGRATH, the Hon. James",
            "parliaments": [
              45,
              46,
              47,
              48
            ],
            "services": [
              {
                "service_id": "srv-217241-45-61d6087e18b3b4ae",
                "parliament_number": 45,
                "party": "Liberal Party of Australia",
                "party_abbrev": "LP",
                "chamber": "senate"
              },
              {
                "service_id": "srv-217241-46-9e5ee25010828359",
                "parliament_number": 46,
                "party": "Liberal Party of Australia",
                "party_abbrev": "LP",
                "chamber": "senate"
              },
              {
                "service_id": "srv-217241-47-b47db3b0e95c71e4",
                "parliament_number": 47,
                "party": "Liberal Party of Australia",
                "party_abbrev": "LP",
                "chamber": "senate"
              },
              {
                "service_id": "srv-217241-48-0f3e1cdf0ed63ed4",
                "parliament_number": 48,
                "party": "Liberal Party of Australia",
                "party_abbrev": "LP",
                "chamber": "senate"
              }
            ]
          }
        ],
        "education_assertions": [
          {
            "education_id": "edu-00amn-a17d94295c1817fe",
            "member_id": "aph-00amn",
            "school_name_as_recorded": "Toowoomba State High School",
            "source_url": "https://handbookapi.aph.gov.au/api/individuals?$filter=PHID eq '00AMN'",
            "retrieved_at": "2026-10-02T08:23:59.813516+10:00",
            "confidence": "verified",
            "attended_status": "attended_unspecified",
            "institution_resolution": "direct",
            "resolution_source_url": null
          },
          {
            "education_id": "edu-217241-a17d94295c1817fe",
            "member_id": "aph-217241",
            "school_name_as_recorded": "Toowoomba State High School",
            "source_url": "https://handbookapi.aph.gov.au/api/individuals?$filter=PHID eq '217241'",
            "retrieved_at": "2026-10-02T08:23:59.813516+10:00",
            "confidence": "verified",
            "attended_status": "attended_unspecified",
            "institution_resolution": "direct",
            "resolution_source_url": null
          }
        ],
        "parliaments": [
          42,
          43,
          44,
          45,
          46,
          47,
          48
        ],
        "finance_year": 2024,
        "finance_metric": "total_net_recurrent_income_per_student",
        "finance_value": 20983,
        "finance_status": "benchmark_average",
        "finance_method": "peer_group_average",
        "finance_source": "ACARA National Report on Schooling",
        "temporal_warning": "School profile and finance values describe the institution in their reporting year, not the resources available when the parliamentarian attended. Reviewed successor mappings describe the successor institution."
      }
    },
    {
      "type": "Feature",
      "geometry": {
        "type": "Point",
        "coordinates": [
          146.806,
          -19.252
        ]
      },
      "properties": {
        "institution_id": "acara-47981",
        "acara_id": "47981",
        "school_name": "Townsville Grammar School",
        "school_sector": "Independent",
        "government_non_government": "Non-government",
        "school_type": "Sec",
        "campus_type": "Pri/Sec",
        "year_range": "Prep-12",
        "state": "QLD",
        "suburb": "North Ward",
        "postcode": "4810",
        "remoteness_category": "Outer Regional",
        "longitude": 146.806,
        "latitude": -19.252,
        "profile_year": 2025,
        "total_enrolments": 1288,
        "girls_enrolments": 631,
        "boys_enrolments": 657,
        "fte_enrolments": 1288.0,
        "icsea": 1116,
        "icsea_percentile": 88,
        "sea_bottom_quarter_pct": 5.0,
        "sea_lower_middle_quarter_pct": 17.0,
        "sea_upper_middle_quarter_pct": 29.0,
        "sea_top_quarter_pct": 50.0,
        "indigenous_enrolments_pct": 3.0,
        "lbote_pct": 29.0,
        "member_count": 1,
        "members": [
          {
            "member_id": "aph-230886",
            "name": "ANDREWS, the Hon. Karen Lesley",
            "parliaments": [
              43,
              44,
              45,
              46,
              47
            ],
            "services": [
              {
                "service_id": "srv-230886-43-4b4b29bc99e694e0",
                "parliament_number": 43,
                "party": "Liberal Party of Australia",
                "party_abbrev": "LP",
                "chamber": "representatives"
              },
              {
                "service_id": "srv-230886-44-8a30314714341bb9",
                "parliament_number": 44,
                "party": "Liberal Party of Australia",
                "party_abbrev": "LP",
                "chamber": "representatives"
              },
              {
                "service_id": "srv-230886-45-a978921a0257ed76",
                "parliament_number": 45,
                "party": "Liberal Party of Australia",
                "party_abbrev": "LP",
                "chamber": "representatives"
              },
              {
                "service_id": "srv-230886-46-720e91b07bfd67ae",
                "parliament_number": 46,
                "party": "Liberal Party of Australia",
                "party_abbrev": "LP",
                "chamber": "representatives"
              },
              {
                "service_id": "srv-230886-47-630931be08c37a99",
                "parliament_number": 47,
                "party": "Liberal Party of Australia",
                "party_abbrev": "LP",
                "chamber": "representatives"
              }
            ]
          }
        ],
        "education_assertions": [
          {
            "education_id": "edu-230886-212e44280942f68d",
            "member_id": "aph-230886",
            "school_name_as_recorded": "Townsville Grammar School",
            "source_url": "https://handbookapi.aph.gov.au/api/individuals?$filter=PHID eq '230886'",
            "retrieved_at": "2026-10-02T08:23:59.813516+10:00",
            "confidence": "verified",
            "attended_status": "attended_unspecified",
            "institution_resolution": "direct",
            "resolution_source_url": null
          }
        ],
        "parliaments": [
          43,
          44,
          45,
          46,
          47
        ],
        "finance_year": 2024,
        "finance_metric": "total_net_recurrent_income_per_student",
        "finance_value": 31821,
        "finance_status": "benchmark_average",
        "finance_method": "peer_group_average_high_dispersion_fallback",
        "finance_source": "ACARA National Report on Schooling",
        "temporal_warning": "School profile and finance values describe the institution in their reporting year, not the resources available when the parliamentarian attended. Reviewed successor mappings describe the successor institution."
      }
    },
    {
      "type": "Feature",
      "geometry": {
        "type": "Point",
        "coordinates": [
          151.131,
          -33.8986
        ]
      },
      "properties": {
        "institution_id": "acara-43710",
        "acara_id": "43710",
        "school_name": "Trinity Grammar School",
        "school_sector": "Independent",
        "government_non_government": "Non-government",
        "school_type": "Pri/Sec",
        "campus_type": "Pri/Sec",
        "year_range": "K-12",
        "state": "NSW",
        "suburb": "Summer Hill",
        "postcode": "2130",
        "remoteness_category": "Major Cities",
        "longitude": 151.131,
        "latitude": -33.8986,
        "profile_year": 2025,
        "total_enrolments": 2296,
        "girls_enrolments": 0,
        "boys_enrolments": 2296,
        "fte_enrolments": 2296.0,
        "icsea": 1168,
        "icsea_percentile": 98,
        "sea_bottom_quarter_pct": 1.0,
        "sea_lower_middle_quarter_pct": 7.0,
        "sea_upper_middle_quarter_pct": 24.0,
        "sea_top_quarter_pct": 67.0,
        "indigenous_enrolments_pct": 0.0,
        "lbote_pct": 61.0,
        "member_count": 1,
        "members": [
          {
            "member_id": "aph-265979",
            "name": "FREELANDER, Dr Michael (Mike) Randolph",
            "parliaments": [
              45,
              46,
              47,
              48
            ],
            "services": [
              {
                "service_id": "srv-265979-45-3e019b443c6b06c6",
                "parliament_number": 45,
                "party": "Australian Labor Party",
                "party_abbrev": "ALP",
                "chamber": "representatives"
              },
              {
                "service_id": "srv-265979-46-75ae5b707fbe3c0e",
                "parliament_number": 46,
                "party": "Australian Labor Party",
                "party_abbrev": "ALP",
                "chamber": "representatives"
              },
              {
                "service_id": "srv-265979-47-29380a0191da2293",
                "parliament_number": 47,
                "party": "Australian Labor Party",
                "party_abbrev": "ALP",
                "chamber": "representatives"
              },
              {
                "service_id": "srv-265979-48-922b3a7f485af89a",
                "parliament_number": 48,
                "party": "Australian Labor Party",
                "party_abbrev": "ALP",
                "chamber": "representatives"
              }
            ]
          }
        ],
        "education_assertions": [
          {
            "education_id": "edu-265979-612d5dc499abc84c",
            "member_id": "aph-265979",
            "school_name_as_recorded": "Trinity Grammar School",
            "source_url": "https://handbookapi.aph.gov.au/api/individuals?$filter=PHID eq '265979'",
            "retrieved_at": "2026-10-02T08:23:59.813516+10:00",
            "confidence": "verified",
            "attended_status": "attended_unspecified",
            "institution_resolution": "direct",
            "resolution_source_url": null
          }
        ],
        "parliaments": [
          45,
          46,
          47,
          48
        ],
        "finance_year": 2024,
        "finance_metric": "total_net_recurrent_income_per_student",
        "finance_value": 31268,
        "finance_status": "estimated_indexed",
        "finance_method": "acara_state_sector_geolocation_index",
        "finance_source": "ACARA National Report on Schooling",
        "temporal_warning": "School profile and finance values describe the institution in their reporting year, not the resources available when the parliamentarian attended. Reviewed successor mappings describe the successor institution."
      }
    },
    {
      "type": "Feature",
      "geometry": {
        "type": "Point",
        "coordinates": [
          151.115,
          -33.7573
        ]
      },
      "properties": {
        "institution_id": "acara-41339",
        "acara_id": "41339",
        "school_name": "Turramurra High School",
        "school_sector": "Government",
        "government_non_government": "Government",
        "school_type": "Sec",
        "campus_type": "Sec",
        "year_range": "7-12",
        "state": "NSW",
        "suburb": "South Turramurra",
        "postcode": "2074",
        "remoteness_category": "Major Cities",
        "longitude": 151.115,
        "latitude": -33.7573,
        "profile_year": 2025,
        "total_enrolments": 987,
        "girls_enrolments": 441,
        "boys_enrolments": 546,
        "fte_enrolments": 985.8,
        "icsea": 1118,
        "icsea_percentile": 89,
        "sea_bottom_quarter_pct": 5.0,
        "sea_lower_middle_quarter_pct": 15.0,
        "sea_upper_middle_quarter_pct": 32.0,
        "sea_top_quarter_pct": 48.0,
        "indigenous_enrolments_pct": 0.0,
        "lbote_pct": 40.0,
        "member_count": 1,
        "members": [
          {
            "member_id": "aph-274506",
            "name": "SHARMA, Devanand (Dave) Noel",
            "parliaments": [
              46,
              48
            ],
            "services": [
              {
                "service_id": "srv-274506-46-01f2e9e6f557292d",
                "parliament_number": 46,
                "party": "Liberal Party of Australia",
                "party_abbrev": "LP",
                "chamber": "representatives"
              },
              {
                "service_id": "srv-274506-48-df2b2cf3514d5991",
                "parliament_number": 48,
                "party": "Liberal Party of Australia",
                "party_abbrev": "LP",
                "chamber": "senate"
              }
            ]
          }
        ],
        "education_assertions": [
          {
            "education_id": "edu-274506-dca064b557ceeacb",
            "member_id": "aph-274506",
            "school_name_as_recorded": "Turramurra High School",
            "source_url": "https://handbookapi.aph.gov.au/api/individuals?$filter=PHID eq '274506'",
            "retrieved_at": "2026-10-02T08:23:59.813516+10:00",
            "confidence": "verified",
            "attended_status": "attended_unspecified",
            "institution_resolution": "direct",
            "resolution_source_url": null
          }
        ],
        "parliaments": [
          46,
          48
        ],
        "finance_year": 2024,
        "finance_metric": "total_net_recurrent_income_per_student",
        "finance_value": 17743,
        "finance_status": "estimated_indexed",
        "finance_method": "acara_state_sector_geolocation_index",
        "finance_source": "ACARA National Report on Schooling",
        "temporal_warning": "School profile and finance values describe the institution in their reporting year, not the resources available when the parliamentarian attended. Reviewed successor mappings describe the successor institution."
      }
    },
    {
      "type": "Feature",
      "geometry": {
        "type": "Point",
        "coordinates": [
          138.544,
          -34.9189
        ]
      },
      "properties": {
        "institution_id": "acara-49540",
        "acara_id": "49540",
        "school_name": "Underdale High School",
        "school_sector": "Government",
        "government_non_government": "Government",
        "school_type": "Sec",
        "campus_type": "Sec",
        "year_range": "7-12",
        "state": "SA",
        "suburb": "Underdale",
        "postcode": "5032",
        "remoteness_category": "Major Cities",
        "longitude": 138.544,
        "latitude": -34.9189,
        "profile_year": 2025,
        "total_enrolments": 629,
        "girls_enrolments": 274,
        "boys_enrolments": 355,
        "fte_enrolments": 629.0,
        "icsea": 1000,
        "icsea_percentile": 47,
        "sea_bottom_quarter_pct": 36.0,
        "sea_lower_middle_quarter_pct": 29.0,
        "sea_upper_middle_quarter_pct": 24.0,
        "sea_top_quarter_pct": 11.0,
        "indigenous_enrolments_pct": 2.0,
        "lbote_pct": 42.0,
        "member_count": 1,
        "members": [
          {
            "member_id": "aph-dzy",
            "name": "GEORGANAS, Steven (Steve)",
            "parliaments": [
              42,
              43,
              45,
              46,
              47,
              48
            ],
            "services": [
              {
                "service_id": "srv-dzy-42-b99dd10f62f467be",
                "parliament_number": 42,
                "party": "Australian Labor Party",
                "party_abbrev": "ALP",
                "chamber": "representatives"
              },
              {
                "service_id": "srv-dzy-43-6f43e6fafe69b9d5",
                "parliament_number": 43,
                "party": "Australian Labor Party",
                "party_abbrev": "ALP",
                "chamber": "representatives"
              },
              {
                "service_id": "srv-dzy-45-5a0347d4fad0244d",
                "parliament_number": 45,
                "party": "Australian Labor Party",
                "party_abbrev": "ALP",
                "chamber": "representatives"
              },
              {
                "service_id": "srv-dzy-46-cf158e60d570f4e4",
                "parliament_number": 46,
                "party": "Australian Labor Party",
                "party_abbrev": "ALP",
                "chamber": "representatives"
              },
              {
                "service_id": "srv-dzy-47-d7f85003be6cced8",
                "parliament_number": 47,
                "party": "Australian Labor Party",
                "party_abbrev": "ALP",
                "chamber": "representatives"
              },
              {
                "service_id": "srv-dzy-48-462f66f0d8ada690",
                "parliament_number": 48,
                "party": "Australian Labor Party",
                "party_abbrev": "ALP",
                "chamber": "representatives"
              }
            ]
          }
        ],
        "education_assertions": [
          {
            "education_id": "edu-dzy-8262f51f181af05c",
            "member_id": "aph-dzy",
            "school_name_as_recorded": "Underdale High School",
            "source_url": "https://handbookapi.aph.gov.au/api/individuals?$filter=PHID eq 'DZY'",
            "retrieved_at": "2026-10-02T08:23:59.813516+10:00",
            "confidence": "verified",
            "attended_status": "attended_unspecified",
            "institution_resolution": "direct",
            "resolution_source_url": null
          }
        ],
        "parliaments": [
          42,
          43,
          45,
          46,
          47,
          48
        ],
        "finance_year": 2024,
        "finance_metric": "total_net_recurrent_income_per_student",
        "finance_value": 22706,
        "finance_status": "estimated_indexed",
        "finance_method": "acara_state_sector_geolocation_index",
        "finance_source": "ACARA National Report on Schooling",
        "temporal_warning": "School profile and finance values describe the institution in their reporting year, not the resources available when the parliamentarian attended. Reviewed successor mappings describe the successor institution."
      }
    },
    {
      "type": "Feature",
      "geometry": {
        "type": "Point",
        "coordinates": [
          138.62,
          -34.9702
        ]
      },
      "properties": {
        "institution_id": "acara-49479",
        "acara_id": "49479",
        "school_name": "Unley High School",
        "school_sector": "Government",
        "government_non_government": "Government",
        "school_type": "Sec",
        "campus_type": "Sec",
        "year_range": "7-12",
        "state": "SA",
        "suburb": "Netherby",
        "postcode": "5062",
        "remoteness_category": "Major Cities",
        "longitude": 138.62,
        "latitude": -34.9702,
        "profile_year": 2025,
        "total_enrolments": 1547,
        "girls_enrolments": 665,
        "boys_enrolments": 882,
        "fte_enrolments": 1540.5,
        "icsea": 1084,
        "icsea_percentile": 80,
        "sea_bottom_quarter_pct": 11.0,
        "sea_lower_middle_quarter_pct": 24.0,
        "sea_upper_middle_quarter_pct": 32.0,
        "sea_top_quarter_pct": 34.0,
        "indigenous_enrolments_pct": 1.0,
        "lbote_pct": 30.0,
        "member_count": 4,
        "members": [
          {
            "member_id": "aph-315170",
            "name": "BLYTH, Leah",
            "parliaments": [
              48
            ],
            "services": [
              {
                "service_id": "srv-315170-48-3a21c1269a3ce14f",
                "parliament_number": 48,
                "party": "Liberal Party of Australia",
                "party_abbrev": "LP",
                "chamber": "senate"
              }
            ]
          },
          {
            "member_id": "aph-hwk",
            "name": "BUTLER, the Hon. Mark Christopher",
            "parliaments": [
              42,
              43,
              44,
              45,
              46,
              47,
              48
            ],
            "services": [
              {
                "service_id": "srv-hwk-42-cd80f1fa183f9c6c",
                "parliament_number": 42,
                "party": "Australian Labor Party",
                "party_abbrev": "ALP",
                "chamber": "representatives"
              },
              {
                "service_id": "srv-hwk-43-eb8cbc39ef7e45ac",
                "parliament_number": 43,
                "party": "Australian Labor Party",
                "party_abbrev": "ALP",
                "chamber": "representatives"
              },
              {
                "service_id": "srv-hwk-44-d1a112a6fbfff1f2",
                "parliament_number": 44,
                "party": "Australian Labor Party",
                "party_abbrev": "ALP",
                "chamber": "representatives"
              },
              {
                "service_id": "srv-hwk-45-ee98923faf12cfbc",
                "parliament_number": 45,
                "party": "Australian Labor Party",
                "party_abbrev": "ALP",
                "chamber": "representatives"
              },
              {
                "service_id": "srv-hwk-46-ef8820c29d6f3d0a",
                "parliament_number": 46,
                "party": "Australian Labor Party",
                "party_abbrev": "ALP",
                "chamber": "representatives"
              },
              {
                "service_id": "srv-hwk-47-1cc8689e5ce9b00d",
                "parliament_number": 47,
                "party": "Australian Labor Party",
                "party_abbrev": "ALP",
                "chamber": "representatives"
              },
              {
                "service_id": "srv-hwk-48-b1b20fe9768b660c",
                "parliament_number": 48,
                "party": "Australian Labor Party",
                "party_abbrev": "ALP",
                "chamber": "representatives"
              }
            ]
          },
          {
            "member_id": "aph-83l",
            "name": "GILLARD, the Hon. Julia Eileen AC",
            "parliaments": [
              42,
              43
            ],
            "services": [
              {
                "service_id": "srv-83l-42-92a55da91535ed3a",
                "parliament_number": 42,
                "party": "Australian Labor Party",
                "party_abbrev": "ALP",
                "chamber": "representatives"
              },
              {
                "service_id": "srv-83l-43-988d178381ad1b8b",
                "parliament_number": 43,
                "party": "Australian Labor Party",
                "party_abbrev": "ALP",
                "chamber": "representatives"
              }
            ]
          },
          {
            "member_id": "aph-hwa",
            "name": "RISHWORTH, the Hon. Amanda Louise",
            "parliaments": [
              42,
              43,
              44,
              45,
              46,
              47,
              48
            ],
            "services": [
              {
                "service_id": "srv-hwa-42-4b596b7d015b442b",
                "parliament_number": 42,
                "party": "Australian Labor Party",
                "party_abbrev": "ALP",
                "chamber": "representatives"
              },
              {
                "service_id": "srv-hwa-43-2b7f4b57380ae076",
                "parliament_number": 43,
                "party": "Australian Labor Party",
                "party_abbrev": "ALP",
                "chamber": "representatives"
              },
              {
                "service_id": "srv-hwa-44-17b1cb36ee72496a",
                "parliament_number": 44,
                "party": "Australian Labor Party",
                "party_abbrev": "ALP",
                "chamber": "representatives"
              },
              {
                "service_id": "srv-hwa-45-32f5c7ed0a7973e1",
                "parliament_number": 45,
                "party": "Australian Labor Party",
                "party_abbrev": "ALP",
                "chamber": "representatives"
              },
              {
                "service_id": "srv-hwa-46-1f4ada9de38fc2e6",
                "parliament_number": 46,
                "party": "Australian Labor Party",
                "party_abbrev": "ALP",
                "chamber": "representatives"
              },
              {
                "service_id": "srv-hwa-47-2182a79e8dfee2ff",
                "parliament_number": 47,
                "party": "Australian Labor Party",
                "party_abbrev": "ALP",
                "chamber": "representatives"
              },
              {
                "service_id": "srv-hwa-48-cd774623d3d4bd51",
                "parliament_number": 48,
                "party": "Australian Labor Party",
                "party_abbrev": "ALP",
                "chamber": "representatives"
              }
            ]
          }
        ],
        "education_assertions": [
          {
            "education_id": "edu-315170-08433f04fe0c4d14",
            "member_id": "aph-315170",
            "school_name_as_recorded": "Unley High School",
            "source_url": "https://handbookapi.aph.gov.au/api/individuals?$filter=PHID eq '315170'",
            "retrieved_at": "2026-10-02T08:23:59.813516+10:00",
            "confidence": "verified",
            "attended_status": "attended_unspecified",
            "institution_resolution": "direct",
            "resolution_source_url": null
          },
          {
            "education_id": "edu-83l-08433f04fe0c4d14",
            "member_id": "aph-83l",
            "school_name_as_recorded": "Unley High School",
            "source_url": "https://www.naa.gov.au/explore-collection/australias-prime-ministers/julia-gillard/fast-facts",
            "retrieved_at": "2026-10-02T00:00:00+10:00",
            "confidence": "verified",
            "attended_status": "attended_unspecified",
            "institution_resolution": "direct",
            "resolution_source_url": null
          },
          {
            "education_id": "edu-hwa-08433f04fe0c4d14",
            "member_id": "aph-hwa",
            "school_name_as_recorded": "Unley High School",
            "source_url": "https://handbookapi.aph.gov.au/api/individuals?$filter=PHID eq 'HWA'",
            "retrieved_at": "2026-10-02T08:23:59.813516+10:00",
            "confidence": "verified",
            "attended_status": "attended_unspecified",
            "institution_resolution": "direct",
            "resolution_source_url": null
          },
          {
            "education_id": "edu-hwk-08433f04fe0c4d14",
            "member_id": "aph-hwk",
            "school_name_as_recorded": "Unley High School",
            "source_url": "https://handbookapi.aph.gov.au/api/individuals?$filter=PHID eq 'HWK'",
            "retrieved_at": "2026-10-02T08:23:59.813516+10:00",
            "confidence": "verified",
            "attended_status": "attended_unspecified",
            "institution_resolution": "direct",
            "resolution_source_url": null
          }
        ],
        "parliaments": [
          42,
          43,
          44,
          45,
          46,
          47,
          48
        ],
        "finance_year": 2024,
        "finance_metric": "total_net_recurrent_income_per_student",
        "finance_value": 19712,
        "finance_status": "estimated_indexed",
        "finance_method": "acara_state_sector_geolocation_index",
        "finance_source": "ACARA National Report on Schooling",
        "temporal_warning": "School profile and finance values describe the institution in their reporting year, not the resources available when the parliamentarian attended. Reviewed successor mappings describe the successor institution."
      }
    },
    {
      "type": "Feature",
      "geometry": {
        "type": "Point",
        "coordinates": [
          153.052,
          -27.4965
        ]
      },
      "properties": {
        "institution_id": "acara-47858",
        "acara_id": "47858",
        "school_name": "Villanova College",
        "school_sector": "Catholic",
        "government_non_government": "Non-government",
        "school_type": "Pri/Sec",
        "campus_type": "Pri/Sec",
        "year_range": "5-12",
        "state": "QLD",
        "suburb": "Coorparoo",
        "postcode": "4151",
        "remoteness_category": "Major Cities",
        "longitude": 153.052,
        "latitude": -27.4965,
        "profile_year": 2025,
        "total_enrolments": 1561,
        "girls_enrolments": 0,
        "boys_enrolments": 1561,
        "fte_enrolments": 1561.0,
        "icsea": 1135,
        "icsea_percentile": 92,
        "sea_bottom_quarter_pct": 2.0,
        "sea_lower_middle_quarter_pct": 12.0,
        "sea_upper_middle_quarter_pct": 31.0,
        "sea_top_quarter_pct": 54.0,
        "indigenous_enrolments_pct": 1.0,
        "lbote_pct": 13.0,
        "member_count": 1,
        "members": [
          {
            "member_id": "aph-e0d",
            "name": "VASTA, Ross Xavier",
            "parliaments": [
              43,
              44,
              45,
              46,
              47
            ],
            "services": [
              {
                "service_id": "srv-e0d-43-64bebea852ea88c8",
                "parliament_number": 43,
                "party": "Liberal Party of Australia",
                "party_abbrev": "LP",
                "chamber": "representatives"
              },
              {
                "service_id": "srv-e0d-44-105514b1796a76ed",
                "parliament_number": 44,
                "party": "Liberal Party of Australia",
                "party_abbrev": "LP",
                "chamber": "representatives"
              },
              {
                "service_id": "srv-e0d-45-253ff2ee5bdbf053",
                "parliament_number": 45,
                "party": "Liberal Party of Australia",
                "party_abbrev": "LP",
                "chamber": "representatives"
              },
              {
                "service_id": "srv-e0d-46-ef5ffe0d8383726f",
                "parliament_number": 46,
                "party": "Liberal Party of Australia",
                "party_abbrev": "LP",
                "chamber": "representatives"
              },
              {
                "service_id": "srv-e0d-47-1407faa2f51ef92b",
                "parliament_number": 47,
                "party": "Liberal Party of Australia",
                "party_abbrev": "LP",
                "chamber": "representatives"
              }
            ]
          }
        ],
        "education_assertions": [
          {
            "education_id": "edu-e0d-19af48f0bbf3310c",
            "member_id": "aph-e0d",
            "school_name_as_recorded": "Villanova College",
            "source_url": "https://handbookapi.aph.gov.au/api/individuals?$filter=PHID eq 'E0D'",
            "retrieved_at": "2026-10-02T08:23:59.813516+10:00",
            "confidence": "verified",
            "attended_status": "attended_unspecified",
            "institution_resolution": "direct",
            "resolution_source_url": null
          }
        ],
        "parliaments": [
          43,
          44,
          45,
          46,
          47
        ],
        "finance_year": 2024,
        "finance_metric": "total_net_recurrent_income_per_student",
        "finance_value": 21743,
        "finance_status": "estimated_indexed",
        "finance_method": "acara_state_sector_geolocation_index",
        "finance_source": "ACARA National Report on Schooling",
        "temporal_warning": "School profile and finance values describe the institution in their reporting year, not the resources available when the parliamentarian attended. Reviewed successor mappings describe the successor institution."
      }
    },
    {
      "type": "Feature",
      "geometry": {
        "type": "Point",
        "coordinates": [
          150.858,
          -34.5652
        ]
      },
      "properties": {
        "institution_id": "acara-42919",
        "acara_id": "42919",
        "school_name": "Warilla High School",
        "school_sector": "Government",
        "government_non_government": "Government",
        "school_type": "Sec",
        "campus_type": "Sec",
        "year_range": "7-12",
        "state": "NSW",
        "suburb": "Barrack Heights",
        "postcode": "2528",
        "remoteness_category": "Major Cities",
        "longitude": 150.858,
        "latitude": -34.5652,
        "profile_year": 2025,
        "total_enrolments": 1020,
        "girls_enrolments": 514,
        "boys_enrolments": 506,
        "fte_enrolments": 1019.8,
        "icsea": 968,
        "icsea_percentile": 32,
        "sea_bottom_quarter_pct": 44.0,
        "sea_lower_middle_quarter_pct": 31.0,
        "sea_upper_middle_quarter_pct": 18.0,
        "sea_top_quarter_pct": 7.0,
        "indigenous_enrolments_pct": 10.0,
        "lbote_pct": 18.0,
        "member_count": 1,
        "members": [
          {
            "member_id": "aph-dzp",
            "name": "BIRD, the Hon. Sharon Leah",
            "parliaments": [
              42,
              43,
              44,
              45,
              46
            ],
            "services": [
              {
                "service_id": "srv-dzp-42-7b69594bb0557834",
                "parliament_number": 42,
                "party": "Australian Labor Party",
                "party_abbrev": "ALP",
                "chamber": "representatives"
              },
              {
                "service_id": "srv-dzp-43-27fbcdd40f2e49ed",
                "parliament_number": 43,
                "party": "Australian Labor Party",
                "party_abbrev": "ALP",
                "chamber": "representatives"
              },
              {
                "service_id": "srv-dzp-44-463792eb2cb9932b",
                "parliament_number": 44,
                "party": "Australian Labor Party",
                "party_abbrev": "ALP",
                "chamber": "representatives"
              },
              {
                "service_id": "srv-dzp-45-1d08024a45993585",
                "parliament_number": 45,
                "party": "Australian Labor Party",
                "party_abbrev": "ALP",
                "chamber": "representatives"
              },
              {
                "service_id": "srv-dzp-46-0daf61df8d54cdf5",
                "parliament_number": 46,
                "party": "Australian Labor Party",
                "party_abbrev": "ALP",
                "chamber": "representatives"
              }
            ]
          }
        ],
        "education_assertions": [
          {
            "education_id": "edu-dzp-e45a23e4e7f97ee0",
            "member_id": "aph-dzp",
            "school_name_as_recorded": "Warilla High School",
            "source_url": "https://handbookapi.aph.gov.au/api/individuals?$filter=PHID eq 'DZP'",
            "retrieved_at": "2026-10-02T08:23:59.813516+10:00",
            "confidence": "verified",
            "attended_status": "attended_unspecified",
            "institution_resolution": "direct",
            "resolution_source_url": null
          }
        ],
        "parliaments": [
          42,
          43,
          44,
          45,
          46
        ],
        "finance_year": 2024,
        "finance_metric": "total_net_recurrent_income_per_student",
        "finance_value": 18490,
        "finance_status": "estimated_indexed",
        "finance_method": "acara_state_sector_geolocation_index",
        "finance_source": "ACARA National Report on Schooling",
        "temporal_warning": "School profile and finance values describe the institution in their reporting year, not the resources available when the parliamentarian attended. Reviewed successor mappings describe the successor institution."
      }
    },
    {
      "type": "Feature",
      "geometry": {
        "type": "Point",
        "coordinates": [
          153.038,
          -27.398
        ]
      },
      "properties": {
        "institution_id": "acara-47442",
        "acara_id": "47442",
        "school_name": "Wavell State High School",
        "school_sector": "Government",
        "government_non_government": "Government",
        "school_type": "Sec",
        "campus_type": "Sec",
        "year_range": "7-12",
        "state": "QLD",
        "suburb": "Wavell Heights",
        "postcode": "4012",
        "remoteness_category": "Major Cities",
        "longitude": 153.038,
        "latitude": -27.398,
        "profile_year": 2025,
        "total_enrolments": 1522,
        "girls_enrolments": 755,
        "boys_enrolments": 767,
        "fte_enrolments": 1522.0,
        "icsea": 1008,
        "icsea_percentile": 50,
        "sea_bottom_quarter_pct": 27.0,
        "sea_lower_middle_quarter_pct": 36.0,
        "sea_upper_middle_quarter_pct": 25.0,
        "sea_top_quarter_pct": 12.0,
        "indigenous_enrolments_pct": 9.0,
        "lbote_pct": 29.0,
        "member_count": 1,
        "members": [
          {
            "member_id": "aph-39801",
            "name": "CHISHOLM, the Hon. Anthony David",
            "parliaments": [
              45,
              46,
              47,
              48
            ],
            "services": [
              {
                "service_id": "srv-39801-45-909e019e3675db65",
                "parliament_number": 45,
                "party": "Australian Labor Party",
                "party_abbrev": "ALP",
                "chamber": "senate"
              },
              {
                "service_id": "srv-39801-46-db4095f28678ea4d",
                "parliament_number": 46,
                "party": "Australian Labor Party",
                "party_abbrev": "ALP",
                "chamber": "senate"
              },
              {
                "service_id": "srv-39801-47-d715afb8c1eec80e",
                "parliament_number": 47,
                "party": "Australian Labor Party",
                "party_abbrev": "ALP",
                "chamber": "senate"
              },
              {
                "service_id": "srv-39801-48-8a6ec7858e63311d",
                "parliament_number": 48,
                "party": "Australian Labor Party",
                "party_abbrev": "ALP",
                "chamber": "senate"
              }
            ]
          }
        ],
        "education_assertions": [
          {
            "education_id": "edu-39801-6e897f791c3d6a67",
            "member_id": "aph-39801",
            "school_name_as_recorded": "Wavell State High School",
            "source_url": "https://handbookapi.aph.gov.au/api/individuals?$filter=PHID eq '39801'",
            "retrieved_at": "2026-10-02T08:23:59.813516+10:00",
            "confidence": "verified",
            "attended_status": "attended_unspecified",
            "institution_resolution": "direct",
            "resolution_source_url": null
          }
        ],
        "parliaments": [
          45,
          46,
          47,
          48
        ],
        "finance_year": 2024,
        "finance_metric": "total_net_recurrent_income_per_student",
        "finance_value": 16771,
        "finance_status": "estimated_indexed",
        "finance_method": "acara_state_sector_geolocation_index",
        "finance_source": "ACARA National Report on Schooling",
        "temporal_warning": "School profile and finance values describe the institution in their reporting year, not the resources available when the parliamentarian attended. Reviewed successor mappings describe the successor institution."
      }
    },
    {
      "type": "Feature",
      "geometry": {
        "type": "Point",
        "coordinates": [
          150.92,
          -33.8684
        ]
      },
      "properties": {
        "institution_id": "acara-41582",
        "acara_id": "41582",
        "school_name": "Westfields Sports High School",
        "school_sector": "Government",
        "government_non_government": "Government",
        "school_type": "Sec",
        "campus_type": "Sec",
        "year_range": "7-12",
        "state": "NSW",
        "suburb": "Fairfield West",
        "postcode": "2165",
        "remoteness_category": "Major Cities",
        "longitude": 150.92,
        "latitude": -33.8684,
        "profile_year": 2025,
        "total_enrolments": 1538,
        "girls_enrolments": 723,
        "boys_enrolments": 815,
        "fte_enrolments": 1537.8,
        "icsea": 967,
        "icsea_percentile": 32,
        "sea_bottom_quarter_pct": 47.0,
        "sea_lower_middle_quarter_pct": 29.0,
        "sea_upper_middle_quarter_pct": 17.0,
        "sea_top_quarter_pct": 7.0,
        "indigenous_enrolments_pct": 4.0,
        "lbote_pct": 65.0,
        "member_count": 1,
        "members": [
          {
            "member_id": "aph-259819",
            "name": "GREEN, the Hon. Nita Louise",
            "parliaments": [
              46,
              47,
              48
            ],
            "services": [
              {
                "service_id": "srv-259819-46-db4095f28678ea4d",
                "parliament_number": 46,
                "party": "Australian Labor Party",
                "party_abbrev": "ALP",
                "chamber": "senate"
              },
              {
                "service_id": "srv-259819-47-d715afb8c1eec80e",
                "parliament_number": 47,
                "party": "Australian Labor Party",
                "party_abbrev": "ALP",
                "chamber": "senate"
              },
              {
                "service_id": "srv-259819-48-8a6ec7858e63311d",
                "parliament_number": 48,
                "party": "Australian Labor Party",
                "party_abbrev": "ALP",
                "chamber": "senate"
              }
            ]
          }
        ],
        "education_assertions": [
          {
            "education_id": "edu-259819-0c7f210910a58ac3",
            "member_id": "aph-259819",
            "school_name_as_recorded": "Westfields Sports High School",
            "source_url": "https://handbookapi.aph.gov.au/api/individuals?$filter=PHID eq '259819'",
            "retrieved_at": "2026-10-02T08:23:59.813516+10:00",
            "confidence": "verified",
            "attended_status": "attended_unspecified",
            "institution_resolution": "direct",
            "resolution_source_url": null
          }
        ],
        "parliaments": [
          46,
          47,
          48
        ],
        "finance_year": 2024,
        "finance_metric": "total_net_recurrent_income_per_student",
        "finance_value": 18356,
        "finance_status": "estimated_indexed",
        "finance_method": "acara_state_sector_geolocation_index",
        "finance_source": "ACARA National Report on Schooling",
        "temporal_warning": "School profile and finance values describe the institution in their reporting year, not the resources available when the parliamentarian attended. Reviewed successor mappings describe the successor institution."
      }
    },
    {
      "type": "Feature",
      "geometry": {
        "type": "Point",
        "coordinates": [
          138.609,
          -34.8984
        ]
      },
      "properties": {
        "institution_id": "acara-49818",
        "acara_id": "49818",
        "school_name": "Wilderness School",
        "school_sector": "Independent",
        "government_non_government": "Non-government",
        "school_type": "Pri/Sec",
        "campus_type": "Pri/Sec",
        "year_range": "R-12",
        "state": "SA",
        "suburb": "Medindie",
        "postcode": "5081",
        "remoteness_category": "Major Cities",
        "longitude": 138.609,
        "latitude": -34.8984,
        "profile_year": 2025,
        "total_enrolments": 856,
        "girls_enrolments": 856,
        "boys_enrolments": 0,
        "fte_enrolments": 856.0,
        "icsea": 1176,
        "icsea_percentile": 98,
        "sea_bottom_quarter_pct": 1.0,
        "sea_lower_middle_quarter_pct": 7.0,
        "sea_upper_middle_quarter_pct": 22.0,
        "sea_top_quarter_pct": 70.0,
        "indigenous_enrolments_pct": 0.0,
        "lbote_pct": 44.0,
        "member_count": 1,
        "members": [
          {
            "member_id": "aph-bfq",
            "name": "POCOCK, Dr Barbara Ann AM",
            "parliaments": [
              47,
              48
            ],
            "services": [
              {
                "service_id": "srv-bfq-47-970993a3cc375b03",
                "parliament_number": 47,
                "party": "Australian Greens",
                "party_abbrev": "GRN",
                "chamber": "senate"
              },
              {
                "service_id": "srv-bfq-48-d33b35abbb5ce901",
                "parliament_number": 48,
                "party": "Australian Greens",
                "party_abbrev": "GRN",
                "chamber": "senate"
              }
            ]
          }
        ],
        "education_assertions": [
          {
            "education_id": "edu-bfq-efa2a549e8597a38",
            "member_id": "aph-bfq",
            "school_name_as_recorded": "Wilderness School",
            "source_url": "https://handbookapi.aph.gov.au/api/individuals?$filter=PHID eq 'BFQ'",
            "retrieved_at": "2026-10-02T08:23:59.813516+10:00",
            "confidence": "verified",
            "attended_status": "attended_unspecified",
            "institution_resolution": "direct",
            "resolution_source_url": null
          }
        ],
        "parliaments": [
          47,
          48
        ],
        "finance_year": 2024,
        "finance_metric": "total_net_recurrent_income_per_student",
        "finance_value": 28715,
        "finance_status": "estimated_indexed",
        "finance_method": "acara_state_sector_geolocation_index",
        "finance_source": "ACARA National Report on Schooling",
        "temporal_warning": "School profile and finance values describe the institution in their reporting year, not the resources available when the parliamentarian attended. Reviewed successor mappings describe the successor institution."
      }
    },
    {
      "type": "Feature",
      "geometry": {
        "type": "Point",
        "coordinates": [
          150.909,
          -34.3448
        ]
      },
      "properties": {
        "institution_id": "acara-42918",
        "acara_id": "42918",
        "school_name": "Woonona High School",
        "school_sector": "Government",
        "government_non_government": "Government",
        "school_type": "Sec",
        "campus_type": "Sec",
        "year_range": "7-12",
        "state": "NSW",
        "suburb": "Woonona",
        "postcode": "2517",
        "remoteness_category": "Major Cities",
        "longitude": 150.909,
        "latitude": -34.3448,
        "profile_year": 2025,
        "total_enrolments": 767,
        "girls_enrolments": 361,
        "boys_enrolments": 406,
        "fte_enrolments": 766.3,
        "icsea": 1030,
        "icsea_percentile": 60,
        "sea_bottom_quarter_pct": 23.0,
        "sea_lower_middle_quarter_pct": 31.0,
        "sea_upper_middle_quarter_pct": 27.0,
        "sea_top_quarter_pct": 19.0,
        "indigenous_enrolments_pct": 6.0,
        "lbote_pct": 7.0,
        "member_count": 1,
        "members": [
          {
            "member_id": "aph-299145",
            "name": "BYRNES, Alison",
            "parliaments": [
              47,
              48
            ],
            "services": [
              {
                "service_id": "srv-299145-47-a729d1411eb169df",
                "parliament_number": 47,
                "party": "Australian Labor Party",
                "party_abbrev": "ALP",
                "chamber": "representatives"
              },
              {
                "service_id": "srv-299145-48-f77f4ccf50cc0f27",
                "parliament_number": 48,
                "party": "Australian Labor Party",
                "party_abbrev": "ALP",
                "chamber": "representatives"
              }
            ]
          }
        ],
        "education_assertions": [
          {
            "education_id": "edu-299145-aefa5e19c98ebee4",
            "member_id": "aph-299145",
            "school_name_as_recorded": "Woonona High School",
            "source_url": "https://handbookapi.aph.gov.au/api/individuals?$filter=PHID eq '299145'",
            "retrieved_at": "2026-10-02T08:23:59.813516+10:00",
            "confidence": "verified",
            "attended_status": "attended_unspecified",
            "institution_resolution": "direct",
            "resolution_source_url": null
          }
        ],
        "parliaments": [
          47,
          48
        ],
        "finance_year": 2024,
        "finance_metric": "total_net_recurrent_income_per_student",
        "finance_value": 18389,
        "finance_status": "estimated_indexed",
        "finance_method": "acara_state_sector_geolocation_index",
        "finance_source": "ACARA National Report on Schooling",
        "temporal_warning": "School profile and finance values describe the institution in their reporting year, not the resources available when the parliamentarian attended. Reviewed successor mappings describe the successor institution."
      }
    },
    {
      "type": "Feature",
      "geometry": {
        "type": "Point",
        "coordinates": [
          145.718,
          -40.9863
        ]
      },
      "properties": {
        "institution_id": "acara-40053",
        "acara_id": "40053",
        "school_name": "Wynyard High School",
        "school_sector": "Government",
        "government_non_government": "Government",
        "school_type": "Sec",
        "campus_type": "Sec",
        "year_range": "7-12",
        "state": "TAS",
        "suburb": "Wynyard",
        "postcode": "7325",
        "remoteness_category": "Outer Regional",
        "longitude": 145.718,
        "latitude": -40.9863,
        "profile_year": 2025,
        "total_enrolments": 222,
        "girls_enrolments": 95,
        "boys_enrolments": 127,
        "fte_enrolments": 218.9,
        "icsea": 922,
        "icsea_percentile": 16,
        "sea_bottom_quarter_pct": 57.0,
        "sea_lower_middle_quarter_pct": 26.0,
        "sea_upper_middle_quarter_pct": 13.0,
        "sea_top_quarter_pct": 4.0,
        "indigenous_enrolments_pct": 18.0,
        "lbote_pct": 1.0,
        "member_count": 1,
        "members": [
          {
            "member_id": "aph-282306",
            "name": "PEARCE, Gavin Bruce",
            "parliaments": [
              46,
              47
            ],
            "services": [
              {
                "service_id": "srv-282306-46-aa392f9f141bb6aa",
                "parliament_number": 46,
                "party": "Liberal Party of Australia",
                "party_abbrev": "LP",
                "chamber": "representatives"
              },
              {
                "service_id": "srv-282306-47-f94517495e862f8b",
                "parliament_number": 47,
                "party": "Liberal Party of Australia",
                "party_abbrev": "LP",
                "chamber": "representatives"
              }
            ]
          }
        ],
        "education_assertions": [
          {
            "education_id": "edu-282306-fe6ff4d6d2b0a5e9",
            "member_id": "aph-282306",
            "school_name_as_recorded": "Wynyard High School",
            "source_url": "https://handbookapi.aph.gov.au/api/individuals?$filter=PHID eq '282306'",
            "retrieved_at": "2026-10-02T08:23:59.813516+10:00",
            "confidence": "verified",
            "attended_status": "attended_unspecified",
            "institution_resolution": "direct",
            "resolution_source_url": null
          }
        ],
        "parliaments": [
          46,
          47
        ],
        "finance_year": 2024,
        "finance_metric": "total_net_recurrent_income_per_student",
        "finance_value": 23399,
        "finance_status": "estimated_indexed",
        "finance_method": "acara_state_sector_geolocation_index",
        "finance_source": "ACARA National Report on Schooling",
        "temporal_warning": "School profile and finance values describe the institution in their reporting year, not the resources available when the parliamentarian attended. Reviewed successor mappings describe the successor institution."
      }
    },
    {
      "type": "Feature",
      "geometry": {
        "type": "Point",
        "coordinates": [
          151.418,
          -33.2813
        ]
      },
      "properties": {
        "institution_id": "acara-42094",
        "acara_id": "42094",
        "school_name": "Wyong High School",
        "school_sector": "Government",
        "government_non_government": "Government",
        "school_type": "Sec",
        "campus_type": "Sec",
        "year_range": "7-12",
        "state": "NSW",
        "suburb": "Wyong",
        "postcode": "2259",
        "remoteness_category": "Major Cities",
        "longitude": 151.418,
        "latitude": -33.2813,
        "profile_year": 2025,
        "total_enrolments": 674,
        "girls_enrolments": 330,
        "boys_enrolments": 344,
        "fte_enrolments": 672.2,
        "icsea": 946,
        "icsea_percentile": 23,
        "sea_bottom_quarter_pct": 51.0,
        "sea_lower_middle_quarter_pct": 30.0,
        "sea_upper_middle_quarter_pct": 14.0,
        "sea_top_quarter_pct": 5.0,
        "indigenous_enrolments_pct": 15.0,
        "lbote_pct": 13.0,
        "member_count": 1,
        "members": [
          {
            "member_id": "aph-265931",
            "name": "MORTON, the Hon. Ben",
            "parliaments": [
              45,
              46
            ],
            "services": [
              {
                "service_id": "srv-265931-45-eac1014ff45abaa9",
                "parliament_number": 45,
                "party": "Liberal Party of Australia",
                "party_abbrev": "LP",
                "chamber": "representatives"
              },
              {
                "service_id": "srv-265931-46-bafb00d5fe8bbd7e",
                "parliament_number": 46,
                "party": "Liberal Party of Australia",
                "party_abbrev": "LP",
                "chamber": "representatives"
              }
            ]
          }
        ],
        "education_assertions": [
          {
            "education_id": "edu-265931-723e3005a92728c7",
            "member_id": "aph-265931",
            "school_name_as_recorded": "Wyong High School",
            "source_url": "https://handbookapi.aph.gov.au/api/individuals?$filter=PHID eq '265931'",
            "retrieved_at": "2026-10-02T08:23:59.813516+10:00",
            "confidence": "verified",
            "attended_status": "attended_unspecified",
            "institution_resolution": "direct",
            "resolution_source_url": null
          }
        ],
        "parliaments": [
          45,
          46
        ],
        "finance_year": 2024,
        "finance_metric": "total_net_recurrent_income_per_student",
        "finance_value": 23229,
        "finance_status": "estimated_indexed",
        "finance_method": "acara_state_sector_geolocation_index",
        "finance_source": "ACARA National Report on Schooling",
        "temporal_warning": "School profile and finance values describe the institution in their reporting year, not the resources available when the parliamentarian attended. Reviewed successor mappings describe the successor institution."
      }
    },
    {
      "type": "Feature",
      "geometry": {
        "type": "Point",
        "coordinates": [
          116.76,
          -31.8937
        ]
      },
      "properties": {
        "institution_id": "acara-48204",
        "acara_id": "48204",
        "school_name": "York District High School",
        "school_sector": "Government",
        "government_non_government": "Government",
        "school_type": "Pri/Sec",
        "campus_type": "Pri/Sec",
        "year_range": "K-12",
        "state": "WA",
        "suburb": "York",
        "postcode": "6302",
        "remoteness_category": "Inner Regional",
        "longitude": 116.76,
        "latitude": -31.8937,
        "profile_year": 2025,
        "total_enrolments": 373,
        "girls_enrolments": 173,
        "boys_enrolments": 200,
        "fte_enrolments": 361.4,
        "icsea": 960,
        "icsea_percentile": 29,
        "sea_bottom_quarter_pct": 42.0,
        "sea_lower_middle_quarter_pct": 30.0,
        "sea_upper_middle_quarter_pct": 19.0,
        "sea_top_quarter_pct": 10.0,
        "indigenous_enrolments_pct": 12.0,
        "lbote_pct": 12.0,
        "member_count": 1,
        "members": [
          {
            "member_id": "aph-299150",
            "name": "LAWRENCE, Tania",
            "parliaments": [
              47,
              48
            ],
            "services": [
              {
                "service_id": "srv-299150-47-52f41980f31ec099",
                "parliament_number": 47,
                "party": "Australian Labor Party",
                "party_abbrev": "ALP",
                "chamber": "representatives"
              },
              {
                "service_id": "srv-299150-48-d83aedadb420b9f3",
                "parliament_number": 48,
                "party": "Australian Labor Party",
                "party_abbrev": "ALP",
                "chamber": "representatives"
              }
            ]
          }
        ],
        "education_assertions": [
          {
            "education_id": "edu-299150-424817d2a69a9b73",
            "member_id": "aph-299150",
            "school_name_as_recorded": "York District High School",
            "source_url": "https://handbookapi.aph.gov.au/api/individuals?$filter=PHID eq '299150'",
            "retrieved_at": "2026-10-02T08:23:59.813516+10:00",
            "confidence": "verified",
            "attended_status": "attended_unspecified",
            "institution_resolution": "direct",
            "resolution_source_url": null
          }
        ],
        "parliaments": [
          47,
          48
        ],
        "finance_year": 2024,
        "finance_metric": "total_net_recurrent_income_per_student",
        "finance_value": 20446,
        "finance_status": "estimated_indexed",
        "finance_method": "acara_state_sector_geolocation_index",
        "finance_source": "ACARA National Report on Schooling",
        "temporal_warning": "School profile and finance values describe the institution in their reporting year, not the resources available when the parliamentarian attended. Reviewed successor mappings describe the successor institution."
      }
    }
  ]
}
