education_id,member_id,institution_id,level,years_attended,graduation_year,attended_status,source_url,retrieved_at,confidence,reviewer_notes,school_name_as_recorded,institution_resolution,resolution_source_url,evidence_origin
edu-008ch-4d2452ab19955c39,aph-008ch,inst-unmatched-queechy-high-school-launceston,secondary,,,attended_unspecified,https://handbookapi.aph.gov.au/api/individuals?$filter=PHID eq '008CH',2026-10-02 08:23:59.813516+10:00,unconfirmed,Parsed from APH Handbook text 'Queechy High School (Launceston)'; matched status: unconfirmed; Legacy alias requires sourced identity/successor review,Queechy High School (Launceston),unresolved,,aph
edu-008ch-83d02ebdc1ac0015,aph-008ch,inst-unmatched-rosny-college-hobart,secondary,,,attended_unspecified,https://handbookapi.aph.gov.au/api/individuals?$filter=PHID eq '008CH',2026-10-02 08:23:59.813516+10:00,unconfirmed,Parsed from APH Handbook text 'Rosny College (Hobart)'; matched status: unconfirmed; Legacy alias requires sourced identity/successor review,Rosny College (Hobart),unresolved,,aph
edu-008z0-ffa89fa35d14e5a1,aph-008z0,acara-41333,secondary,,,attended_unspecified,https://handbookapi.aph.gov.au/api/individuals?$filter=PHID eq '008Z0',2026-10-02 08:23:59.813516+10:00,provisional,Parsed from APH Handbook text 'Pittwater High'; matched status: provisional; Fuzzy token-match score 100.0 against 'Pittwater High School',Pittwater High,direct,,aph
edu-00aki-267904ceccd83f6c,aph-00aki,inst-unmatched-saint-pauls-school,secondary,,,attended_unspecified,https://handbookapi.aph.gov.au/api/individuals?$filter=PHID eq '00AKI',2026-10-02 08:23:59.813516+10:00,unconfirmed,Parsed from APH Handbook text 'St Paul's School'; matched status: unconfirmed; Historical name maps to several ACARA identifiers; manual review required,St Paul's School,unresolved,,aph
edu-00amn-87fd87758c62457f,aph-00amn,acara-49915,secondary,,,attended_unspecified,https://handbookapi.aph.gov.au/api/individuals?$filter=PHID eq '00AMN',2026-10-02 08:23:59.813516+10:00,verified,Parsed from APH Handbook text 'Dickson College'; matched status: verified,Dickson College,direct,,aph
edu-00amn-a17d94295c1817fe,aph-00amn,acara-47417,secondary,,,attended_unspecified,https://handbookapi.aph.gov.au/api/individuals?$filter=PHID eq '00AMN',2026-10-02 08:23:59.813516+10:00,verified,Parsed from APH Handbook text 'Toowoomba State High School'; matched status: verified,Toowoomba State High School,direct,,aph
edu-00amn-dc4ee49f4bb9b81f,aph-00amn,acara-49912,secondary,,,attended_unspecified,https://handbookapi.aph.gov.au/api/individuals?$filter=PHID eq '00AMN',2026-10-02 08:23:59.813516+10:00,verified,Parsed from APH Handbook text 'Campbell High School'; matched status: verified,Campbell High School,direct,,aph
edu-00amr-3a0128eebb304edc,aph-00amr,acara-43216,secondary,,,attended_unspecified,https://handbookapi.aph.gov.au/api/individuals?$filter=PHID eq '00AMR',2026-10-02 08:23:59.813516+10:00,verified,Parsed from APH Handbook text 'Emmaus Catholic College'; matched status: verified,Emmaus Catholic College,direct,,aph
edu-00amt-baebb76e8ee850b9,aph-00amt,inst-unmatched-princess-hill-high-school,secondary,,,attended_unspecified,https://handbookapi.aph.gov.au/api/individuals?$filter=PHID eq '00AMT',2026-10-02 08:23:59.813516+10:00,unconfirmed,Parsed from APH Handbook text 'Princess Hill High School'; matched status: unconfirmed; Legacy alias requires sourced identity/successor review,Princess Hill High School,unresolved,,aph
edu-00amv-4f36537fdf0e05bb,aph-00amv,acara-46219,secondary,,,attended_unspecified,https://handbookapi.aph.gov.au/api/individuals?$filter=PHID eq '00AMV',2026-10-02 08:23:59.813516+10:00,verified,Parsed from APH Handbook text 'Peninsula Grammar'; matched status: verified,Peninsula Grammar,direct,,aph
edu-00an3-0d4ed5db9ded5fa9,aph-00an3,inst-unmatched-saint-leos-college,secondary,,,attended_unspecified,https://handbookapi.aph.gov.au/api/individuals?$filter=PHID eq '00AN3',2026-10-02 08:23:59.813516+10:00,unconfirmed,Parsed from APH Handbook text 'St Leo's College'; matched status: unconfirmed; Legacy alias requires sourced identity/successor review,St Leo's College,unresolved,,aph
edu-00an3-f7672e7d8f58a176,aph-00an3,inst-unmatched-aquinas-college,secondary,,,attended_unspecified,https://handbookapi.aph.gov.au/api/individuals?$filter=PHID eq '00AN3',2026-10-02 08:23:59.813516+10:00,unconfirmed,Parsed from APH Handbook text 'Aquinas College'; matched status: unconfirmed; Historical name maps to several ACARA identifiers; manual review required,Aquinas College,unresolved,,aph
edu-00aol-1b76034a0477fcec,aph-00aol,inst-unmatched-norwood-high-school,secondary,,,attended_unspecified,https://handbookapi.aph.gov.au/api/individuals?$filter=PHID eq '00AOL',2026-10-02 08:23:59.813516+10:00,unconfirmed,Parsed from APH Handbook text 'Norwood High School'; matched status: unconfirmed; Legacy alias requires sourced identity/successor review,Norwood High School,unresolved,,aph
edu-00aol-37d04f4d79c0903d,aph-00aol,acara-50255,secondary,,,attended_unspecified,https://handbookapi.aph.gov.au/api/individuals?$filter=PHID eq '00AOL',2026-10-02 08:23:59.813516+10:00,verified,Parsed from APH Handbook text 'Don College'; matched status: verified,Don College,direct,,aph
edu-00aol-60c07285c22a4193,aph-00aol,acara-40129,secondary,,,attended_unspecified,https://handbookapi.aph.gov.au/api/individuals?$filter=PHID eq '00AOL',2026-10-02 08:23:59.813516+10:00,verified,Parsed from APH Handbook text 'Clarence High School'; matched status: verified,Clarence High School,direct,,aph
edu-00aou-624d6a7d93a0d434,aph-00aou,inst-unmatched-scotch-college,secondary,,,attended_unspecified,https://handbookapi.aph.gov.au/api/individuals?$filter=PHID eq '00AOU',2026-10-02 08:23:59.813516+10:00,unconfirmed,Parsed from APH Handbook text 'Scotch College'; matched status: unconfirmed; Historical name maps to several ACARA identifiers; manual review required,Scotch College,unresolved,,aph
edu-00apg-8979d261ad248a66,aph-00apg,inst-unmatched-carey-grammar-school,secondary,,,attended_unspecified,https://handbookapi.aph.gov.au/api/individuals?$filter=PHID eq '00APG',2026-10-02 08:23:59.813516+10:00,unconfirmed,Parsed from APH Handbook text 'Carey Grammar School'; matched status: unconfirmed; Legacy alias requires sourced identity/successor review,Carey Grammar School,unresolved,,aph
edu-00atg-88f32fdf927875e8,aph-00atg,inst-unmatched-xavier-college,secondary,,,attended_unspecified,https://handbookapi.aph.gov.au/api/individuals?$filter=PHID eq '00ATG',2026-10-02 08:23:59.813516+10:00,unconfirmed,Parsed from APH Handbook text 'Xavier College'; matched status: unconfirmed; Historical name maps to several ACARA identifiers; manual review required,Xavier College,unresolved,,aph
edu-102376-e3d7660db41fea42,aph-102376,acara-48218,secondary,,,attended_unspecified,https://handbookapi.aph.gov.au/api/individuals?$filter=PHID eq '102376',2026-10-02 08:23:59.813516+10:00,verified,Parsed from APH Handbook text 'Safety Bay Senior High School'; matched status: verified,Safety Bay Senior High School,direct,,aph
edu-109556-66ac7b18d40f6d28,aph-109556,acara-43969,secondary,,,attended_unspecified,https://handbookapi.aph.gov.au/api/individuals?$filter=PHID eq '109556',2026-10-02 08:23:59.813516+10:00,verified,Parsed from APH Handbook text 'Cranbrook School'; matched status: verified,Cranbrook School,direct,,aph
edu-112096-972251e1c6011136,aph-112096,acara-48118,secondary,,,attended_unspecified,https://handbookapi.aph.gov.au/api/individuals?$filter=PHID eq '112096',2026-10-02 08:23:59.813516+10:00,verified,Parsed from APH Handbook text 'Armadale Senior High School'; matched status: verified,Armadale Senior High School,direct,,aph
edu-11788-7c604789e447d661,aph-11788,inst-unmatched-mlc,secondary,,,attended_unspecified,https://handbookapi.aph.gov.au/api/individuals?$filter=PHID eq '11788',2026-10-02 08:23:59.813516+10:00,unconfirmed,Parsed from APH Handbook text 'MLC'; matched status: unconfirmed; Legacy alias requires sourced identity/successor review,MLC,unresolved,,aph
edu-121628-0b1f790d6c34dea7,aph-121628,acara-42406,secondary,,,attended_unspecified,https://handbookapi.aph.gov.au/api/individuals?$filter=PHID eq '121628',2026-10-02 08:23:59.813516+10:00,verified,Parsed from APH Handbook text 'Kingscliff High School'; matched status: verified,Kingscliff High School,direct,,aph
edu-121628-0c20ba96ed3acaa1,aph-121628,acara-48093,secondary,,,attended_unspecified,https://handbookapi.aph.gov.au/api/individuals?$filter=PHID eq '121628',2026-10-02 08:23:59.813516+10:00,verified,Parsed from APH Handbook text 'Somerset College'; matched status: verified,Somerset College,direct,,aph
edu-122087-4b2a2b9fd713b3de,aph-122087,inst-unmatched-saint-scholasticas-college,secondary,,,attended_unspecified,https://handbookapi.aph.gov.au/api/individuals?$filter=PHID eq '122087',2026-10-02 08:23:59.813516+10:00,unconfirmed,Parsed from APH Handbook text 'St Scholastica's College'; matched status: unconfirmed; Legacy alias requires sourced identity/successor review,St Scholastica's College,unresolved,,aph
edu-123072-1b6548536dd69908,aph-123072,inst-unmatched-stuartholme,secondary,,,attended_unspecified,https://handbookapi.aph.gov.au/api/individuals?$filter=PHID eq '123072',2026-10-02 08:23:59.813516+10:00,unconfirmed,Parsed from APH Handbook text 'Stuartholme'; matched status: unconfirmed; Legacy alias requires sourced identity/successor review,Stuartholme,unresolved,,aph
edu-124514-06fb67f2fb419966,aph-124514,acara-46150,secondary,,,attended_unspecified,https://handbookapi.aph.gov.au/api/individuals?$filter=PHID eq '124514',2026-10-02 08:23:59.813516+10:00,verified,Parsed from APH Handbook text 'Lauriston Girls School'; matched status: verified,Lauriston Girls School,direct,,aph
edu-125865-633836c18308dfa3,aph-125865,inst-unmatched-saint-josephs-college,secondary,,,attended_unspecified,https://handbookapi.aph.gov.au/api/individuals?$filter=PHID eq '125865',2026-10-02 08:23:59.813516+10:00,unconfirmed,Parsed from APH Handbook text 'St Joseph's College'; matched status: unconfirmed; Historical name maps to several ACARA identifiers; manual review required,St Joseph's College,unresolved,,aph
edu-125865-cafb711118262fde,aph-125865,acara-47895,secondary,,,attended_unspecified,https://handbookapi.aph.gov.au/api/individuals?$filter=PHID eq '125865',2026-10-02 08:23:59.813516+10:00,verified,Parsed from APH Handbook text 'Downlands College'; matched status: verified,Downlands College,direct,,aph
edu-129164-2b002b881cb7442f,aph-129164,inst-unmatched-maddington-senior-high-school,secondary,,,attended_unspecified,https://handbookapi.aph.gov.au/api/individuals?$filter=PHID eq '129164',2026-10-02 08:23:59.813516+10:00,unconfirmed,Parsed from APH Handbook text 'Maddington Senior High School'; matched status: unconfirmed; Legacy alias requires sourced identity/successor review,Maddington Senior High School,unresolved,,aph
edu-13050-16130d798ba04a09,aph-13050,acara-41596,secondary,,,attended_unspecified,https://handbookapi.aph.gov.au/api/individuals?$filter=PHID eq '13050',2026-10-02 08:23:59.813516+10:00,verified,Parsed from APH Handbook text 'Moorebank High School'; matched status: verified,Moorebank High School,direct,,aph
edu-13050-eaf7dc097f18a83f,aph-13050,inst-unmatched-meriden-girls-school,secondary,,,attended_unspecified,https://handbookapi.aph.gov.au/api/individuals?$filter=PHID eq '13050',2026-10-02 08:23:59.813516+10:00,unconfirmed,Parsed from APH Handbook text 'Meriden Girls School'; matched status: unconfirmed; Legacy alias requires sourced identity/successor review,Meriden Girls School,unresolved,,aph
edu-132880-f96d6b3bddee1602,aph-132880,acara-40333,secondary,,,attended_unspecified,https://handbookapi.aph.gov.au/api/individuals?$filter=PHID eq '132880',2026-10-02 08:23:59.813516+10:00,verified,"Parsed from APH Handbook text 'Marist College, Canberra'; matched status: verified","Marist College, Canberra",direct,,aph
edu-133646-43babcf87982fed2,aph-133646,acara-42712,secondary,,,attended_unspecified,https://handbookapi.aph.gov.au/api/individuals?$filter=PHID eq '133646',2026-10-02 08:23:59.813516+10:00,provisional,"Parsed from APH Handbook text 'Kooringal High School, Wagga Wagga'; matched status: provisional","Kooringal High School, Wagga Wagga",direct,,aph
edu-138932-7b6a448cca9c5aec,aph-138932,inst-unmatched-nudgee-college,secondary,,,attended_unspecified,https://handbookapi.aph.gov.au/api/individuals?$filter=PHID eq '138932',2026-10-02 08:23:59.813516+10:00,unconfirmed,Parsed from APH Handbook text 'Nudgee College'; matched status: unconfirmed; Legacy alias requires sourced identity/successor review,Nudgee College,unresolved,,aph
edu-139441-3b7302bebb2f9803,aph-139441,acara-46619,secondary,,,attended_unspecified,https://handbookapi.aph.gov.au/api/individuals?$filter=PHID eq '139441',2026-10-02 08:23:59.813516+10:00,verified,Parsed from APH Handbook text 'Mt Larcom State School'; matched status: verified,Mt Larcom State School,direct,,aph
edu-139441-7976ae3da93033ea,aph-139441,inst-unmatched-rockhampton-grammar-school,secondary,,,attended_unspecified,https://handbookapi.aph.gov.au/api/individuals?$filter=PHID eq '139441',2026-10-02 08:23:59.813516+10:00,unconfirmed,Parsed from APH Handbook text 'Rockhampton Grammar School'; matched status: unconfirmed; Legacy alias requires sourced identity/successor review,Rockhampton Grammar School,unresolved,,aph
edu-140590-37fe6d49d40b77c4,aph-140590,acara-45810,secondary,,,attended_unspecified,https://handbookapi.aph.gov.au/api/individuals?$filter=PHID eq '140590',2026-10-02 08:23:59.813516+10:00,verified,Parsed from APH Handbook text 'Loreto Mandeville Hall'; matched status: verified,Loreto Mandeville Hall,direct,,aph
edu-144138-cb4e44ac993223d3,aph-144138,acara-45436,secondary,,,attended_unspecified,https://handbookapi.aph.gov.au/api/individuals?$filter=PHID eq '144138',2026-10-02 08:23:59.813516+10:00,verified,Parsed from APH Handbook text 'McKinnon Secondary College'; matched status: verified,McKinnon Secondary College,direct,,aph
edu-144292-38c0f23642b7bb3e,aph-144292,acara-49625,secondary,,,attended_unspecified,https://handbookapi.aph.gov.au/api/individuals?$filter=PHID eq '144292',2026-10-02 08:23:59.813516+10:00,provisional,"Parsed from APH Handbook text 'Stuart High School, Whyalla, South Australia'; matched status: provisional","Stuart High School, Whyalla, South Australia",direct,,aph
edu-144732-230aad8590ee169a,aph-144732,acara-49945,secondary,,,attended_unspecified,https://handbookapi.aph.gov.au/api/individuals?$filter=PHID eq '144732',2026-10-02 08:23:59.813516+10:00,verified,Parsed from APH Handbook text 'Lake Tuggeranong College'; matched status: verified,Lake Tuggeranong College,direct,,aph
edu-144732-c083ad1b5a186746,aph-144732,inst-unmatched-kambah-high-school,secondary,,,attended_unspecified,https://handbookapi.aph.gov.au/api/individuals?$filter=PHID eq '144732',2026-10-02 08:23:59.813516+10:00,unconfirmed,Parsed from APH Handbook text 'Kambah High School'; matched status: unconfirmed; Legacy alias requires sourced identity/successor review,Kambah High School,unresolved,,aph
edu-147140-a98b0ac11f5e6ea1,aph-147140,acara-42911,secondary,,,attended_unspecified,https://handbookapi.aph.gov.au/api/individuals?$filter=PHID eq '147140',2026-10-02 08:23:59.813516+10:00,verified,Parsed from APH Handbook text 'Nowra High School'; matched status: verified,Nowra High School,direct,,aph
edu-148150-45fb13db21fe9723,aph-148150,acara-47480,secondary,,,attended_unspecified,https://handbookapi.aph.gov.au/api/individuals?$filter=PHID eq '148150',2026-10-02 08:23:59.813516+10:00,verified,Parsed from APH Handbook text 'Kepnock State High School'; matched status: verified,Kepnock State High School,direct,,aph
edu-155410-d237cc1607d8880e,aph-155410,inst-unmatched-lowther-hall-anglican-girls-school,secondary,,,attended_unspecified,https://handbookapi.aph.gov.au/api/individuals?$filter=PHID eq '155410',2026-10-02 08:23:59.813516+10:00,unconfirmed,Parsed from APH Handbook text 'Lowther Hall Anglican Girls School'; matched status: unconfirmed; Legacy alias requires sourced identity/successor review,Lowther Hall Anglican Girls School,unresolved,,aph
edu-159771-ebb93e10f9378a05,aph-159771,inst-unmatched-our-lady-of-mercy-college,secondary,,,attended_unspecified,https://handbookapi.aph.gov.au/api/individuals?$filter=PHID eq '159771',2026-10-02 08:23:59.813516+10:00,unconfirmed,Parsed from APH Handbook text 'Our Lady of Mercy College'; matched status: unconfirmed; Historical name maps to several ACARA identifiers; manual review required,Our Lady of Mercy College,unresolved,,aph
edu-16913-d8536ae98921454c,aph-16913,acara-42516,secondary,,,attended_unspecified,https://handbookapi.aph.gov.au/api/individuals?$filter=PHID eq '16913',2026-10-02 08:23:59.813516+10:00,verified,Parsed from APH Handbook text 'Glen Innes High School'; matched status: verified,Glen Innes High School,direct,,aph
edu-175696-56f12a924159b044,aph-175696,acara-43795,secondary,,,attended_unspecified,https://handbookapi.aph.gov.au/api/individuals?$filter=PHID eq '175696',2026-10-02 08:23:59.813516+10:00,provisional,"Parsed from APH Handbook text 'Queenwood, Mosman'; matched status: provisional","Queenwood, Mosman",direct,,aph
edu-176304-778527ed3ab48cff,aph-176304,inst-unmatched-saint-peters-college,secondary,,,attended_unspecified,https://handbookapi.aph.gov.au/api/individuals?$filter=PHID eq '176304',2026-10-02 08:23:59.813516+10:00,unconfirmed,Parsed from APH Handbook text 'St Peter's College'; matched status: unconfirmed; Historical name maps to several ACARA identifiers; manual review required,St Peter's College,unresolved,,aph
edu-182468-5ad104f8cf76b2d7,aph-182468,acara-47647,secondary,,,attended_unspecified,https://handbookapi.aph.gov.au/api/individuals?$filter=PHID eq '182468',2026-10-02 08:23:59.813516+10:00,verified,Parsed from APH Handbook text 'Marist College'; matched status: verified,Marist College,direct,,aph
edu-192970-dc96f433aa4282b7,aph-192970,inst-unmatched-kelvin-grove-state-high-school,secondary,,,attended_unspecified,https://handbookapi.aph.gov.au/api/individuals?$filter=PHID eq '192970',2026-10-02 08:23:59.813516+10:00,unconfirmed,Parsed from APH Handbook text 'Kelvin Grove State High School'; matched status: unconfirmed; Legacy alias requires sourced identity/successor review,Kelvin Grove State High School,unresolved,,aph
edu-193430-497f04d00d0d5306,aph-193430,inst-unmatched-centenary-heights-high-school,secondary,,,attended_unspecified,https://handbookapi.aph.gov.au/api/individuals?$filter=PHID eq '193430',2026-10-02 08:23:59.813516+10:00,unconfirmed,Parsed from APH Handbook text 'Centenary Heights High School'; matched status: unconfirmed; Legacy alias requires sourced identity/successor review,Centenary Heights High School,unresolved,,aph
edu-198084-877bc6f4849902ca,aph-198084,acara-49021,secondary,,,attended_unspecified,https://handbookapi.aph.gov.au/api/individuals?$filter=PHID eq '198084',2026-10-02 08:23:59.813516+10:00,verified,Parsed from APH Handbook text 'Guildford Grammar School'; matched status: verified,Guildford Grammar School,direct,,aph
edu-198084-c2c79b62f27f5562,aph-198084,acara-48136,secondary,,,attended_unspecified,https://handbookapi.aph.gov.au/api/individuals?$filter=PHID eq '198084',2026-10-02 08:23:59.813516+10:00,verified,Parsed from APH Handbook text 'Katanning Senior High School'; matched status: verified,Katanning Senior High School,direct,,aph
edu-201906-3021f95a0b9c84f2,aph-201906,acara-47521,secondary,,,attended_unspecified,https://handbookapi.aph.gov.au/api/individuals?$filter=PHID eq '201906',2026-10-02 08:23:59.813516+10:00,verified,Parsed from APH Handbook text 'Dakabin State High School'; matched status: verified,Dakabin State High School,direct,,aph
edu-203092-9e3c431ad5af3c26,aph-203092,acara-43877,secondary,,,attended_unspecified,https://handbookapi.aph.gov.au/api/individuals?$filter=PHID eq '203092',2026-10-02 08:23:59.813516+10:00,verified,Parsed from APH Handbook text 'Newington College'; matched status: verified,Newington College,direct,,aph
edu-204953-6e7d769b43301a9e,aph-204953,acara-40337,secondary,,,attended_unspecified,https://handbookapi.aph.gov.au/api/individuals?$filter=PHID eq '204953',2026-10-02 08:23:59.813516+10:00,verified,Parsed from APH Handbook text 'Darwin High School'; matched status: verified,Darwin High School,direct,,aph
edu-207825-3d415f20a4753e77,aph-207825,inst-unmatched-benalla-high-school,secondary,,,attended_unspecified,https://handbookapi.aph.gov.au/api/individuals?$filter=PHID eq '207825',2026-10-02 08:23:59.813516+10:00,unconfirmed,Parsed from APH Handbook text 'Benalla High School'; matched status: unconfirmed; Legacy alias requires sourced identity/successor review,Benalla High School,unresolved,,aph
edu-207825-b985875d2907e2a4,aph-207825,inst-unmatched-tintern-church-of-england-girls-grammar-,secondary,,,attended_unspecified,https://handbookapi.aph.gov.au/api/individuals?$filter=PHID eq '207825',2026-10-02 08:23:59.813516+10:00,unconfirmed,Parsed from APH Handbook text 'Tintern Church of England Girls Grammar School'; matched status: unconfirmed,Tintern Church of England Girls Grammar School,unresolved,,aph
edu-210911-88f32fdf927875e8,aph-210911,inst-unmatched-xavier-college,secondary,,,attended_unspecified,https://handbookapi.aph.gov.au/api/individuals?$filter=PHID eq '210911',2026-10-02 08:23:59.813516+10:00,unconfirmed,Parsed from APH Handbook text 'Xavier College'; matched status: unconfirmed; Historical name maps to several ACARA identifiers; manual review required,Xavier College,unresolved,,aph
edu-210911-c7a7dfb76da50e81,aph-210911,inst-unmatched-mansfield-high-school,secondary,,,attended_unspecified,https://handbookapi.aph.gov.au/api/individuals?$filter=PHID eq '210911',2026-10-02 08:23:59.813516+10:00,unconfirmed,Parsed from APH Handbook text 'Mansfield High School'; matched status: unconfirmed; Legacy alias requires sourced identity/successor review,Mansfield High School,unresolved,,aph
edu-217241-67d362f56c0c58b6,aph-217241,acara-47644,secondary,,,attended_unspecified,https://handbookapi.aph.gov.au/api/individuals?$filter=PHID eq '217241',2026-10-02 08:23:59.813516+10:00,verified,Parsed from APH Handbook text 'Innisfail State High School'; matched status: verified,Innisfail State High School,direct,,aph
edu-217241-851c0011f66e825c,aph-217241,acara-47429,secondary,,,attended_unspecified,https://handbookapi.aph.gov.au/api/individuals?$filter=PHID eq '217241',2026-10-02 08:23:59.813516+10:00,verified,Parsed from APH Handbook text 'Nambour State High School'; matched status: verified; Nambour State High School amalgamated into Nambour State College,Nambour State High School,successor,https://namboursc.eq.edu.au/supportandresources/formsanddocuments/annualreports/annual-report-2016.pdf,aph
edu-217241-a17d94295c1817fe,aph-217241,acara-47417,secondary,,,attended_unspecified,https://handbookapi.aph.gov.au/api/individuals?$filter=PHID eq '217241',2026-10-02 08:23:59.813516+10:00,verified,Parsed from APH Handbook text 'Toowoomba State High School'; matched status: verified,Toowoomba State High School,direct,,aph
edu-218019-e89f60bfeb4d4fa3,aph-218019,acara-49780,secondary,,,attended_unspecified,https://handbookapi.aph.gov.au/api/individuals?$filter=PHID eq '218019',2026-10-02 08:23:59.813516+10:00,verified,Parsed from APH Handbook text 'Caritas College'; matched status: verified,Caritas College,direct,,aph
edu-219646-34d49da149794aef,aph-219646,inst-unmatched-trinity-senior-high-school,secondary,,,attended_unspecified,https://handbookapi.aph.gov.au/api/individuals?$filter=PHID eq '219646',2026-10-02 08:23:59.813516+10:00,unconfirmed,Parsed from APH Handbook text 'Trinity Senior High School'; matched status: unconfirmed; Legacy alias requires sourced identity/successor review,Trinity Senior High School,unresolved,,aph
edu-219646-ddf774cc808d3bde,aph-219646,inst-unmatched-saint-michaels-regional-high-school,secondary,,,attended_unspecified,https://handbookapi.aph.gov.au/api/individuals?$filter=PHID eq '219646',2026-10-02 08:23:59.813516+10:00,unconfirmed,Parsed from APH Handbook text 'St Michael's Regional High School'; matched status: unconfirmed; Legacy alias requires sourced identity/successor review,St Michael's Regional High School,unresolved,,aph
edu-224102-2cf16f761b9398ff,aph-224102,acara-40445,secondary,,,attended_unspecified,https://handbookapi.aph.gov.au/api/individuals?$filter=PHID eq '224102',2026-10-02 08:23:59.813516+10:00,verified,Parsed from APH Handbook text 'Rosny College'; matched status: verified,Rosny College,direct,,aph
edu-224102-3511b524f6b3d460,aph-224102,inst-unmatched-sorell-high-school,secondary,,,attended_unspecified,https://handbookapi.aph.gov.au/api/individuals?$filter=PHID eq '224102',2026-10-02 08:23:59.813516+10:00,unconfirmed,Parsed from APH Handbook text 'Sorell High School'; matched status: unconfirmed; Legacy alias requires sourced identity/successor review,Sorell High School,unresolved,,aph
edu-230485-a56ca5a3c6a27aa2,aph-230485,acara-47414,secondary,,,attended_unspecified,https://handbookapi.aph.gov.au/api/individuals?$filter=PHID eq '230485',2026-10-02 08:23:59.813516+10:00,verified,Parsed from APH Handbook text 'Mackay State High School'; matched status: verified,Mackay State High School,direct,,aph
edu-230531-f1f16c19d9221edb,aph-230531,acara-47905,secondary,,,attended_unspecified,https://handbookapi.aph.gov.au/api/individuals?$filter=PHID eq '230531',2026-10-02 08:23:59.813516+10:00,verified,Parsed from APH Handbook text 'St Brendan's College'; matched status: verified,St Brendan's College,direct,,aph
edu-230886-212e44280942f68d,aph-230886,acara-47981,secondary,,,attended_unspecified,https://handbookapi.aph.gov.au/api/individuals?$filter=PHID eq '230886',2026-10-02 08:23:59.813516+10:00,verified,Parsed from APH Handbook text 'Townsville Grammar School'; matched status: verified,Townsville Grammar School,direct,,aph
edu-231027-cfa66532e916a709,aph-231027,inst-unmatched-kings-school,secondary,,,attended_unspecified,https://handbookapi.aph.gov.au/api/individuals?$filter=PHID eq '231027',2026-10-02 08:23:59.813516+10:00,unconfirmed,Parsed from APH Handbook text 'King's School'; matched status: unconfirmed; Legacy alias requires sourced identity/successor review,King's School,unresolved,,aph
edu-231199-3ad7069c261aa75e,aph-231199,inst-unmatched-ulverstone-high-school,secondary,,,attended_unspecified,https://handbookapi.aph.gov.au/api/individuals?$filter=PHID eq '231199',2026-10-02 08:23:59.813516+10:00,unconfirmed,Parsed from APH Handbook text 'Ulverstone High School'; matched status: unconfirmed; Legacy alias requires sourced identity/successor review,Ulverstone High School,unresolved,,aph
edu-23497-a3a7bd068b474a23,aph-23497,acara-41825,secondary,,,attended_unspecified,https://handbookapi.aph.gov.au/api/individuals?$filter=PHID eq '23497',2026-10-02 08:23:59.813516+10:00,verified,Parsed from APH Handbook text 'Springwood High School'; matched status: verified,Springwood High School,direct,,aph
edu-235654-0a80e845ba1608f0,aph-235654,acara-45459,secondary,,,attended_unspecified,https://handbookapi.aph.gov.au/api/individuals?$filter=PHID eq '235654',2026-10-02 08:23:59.813516+10:00,verified,Parsed from APH Handbook text 'Ringwood Secondary College'; matched status: verified,Ringwood Secondary College,direct,,aph
edu-237920-941aaf081d117861,aph-237920,acara-41554,secondary,,,attended_unspecified,https://handbookapi.aph.gov.au/api/individuals?$filter=PHID eq '237920',2026-10-02 08:23:59.813516+10:00,verified,Parsed from APH Handbook text 'Hurlstone Agricultural High School'; matched status: verified,Hurlstone Agricultural High School,direct,,aph
edu-240756-748033893cc1dc78,aph-240756,inst-unmatched-tennison-woods-college,secondary,,,attended_unspecified,https://handbookapi.aph.gov.au/api/individuals?$filter=PHID eq '240756',2026-10-02 08:23:59.813516+10:00,unconfirmed,Parsed from APH Handbook text 'Tennison Woods College'; matched status: unconfirmed; Legacy alias requires sourced identity/successor review,Tennison Woods College,unresolved,,aph
edu-241067-267d4b4d8da8c0b6,aph-241067,inst-unmatched-st-thomas,secondary,,,attended_unspecified,https://handbookapi.aph.gov.au/api/individuals?$filter=PHID eq '241067',2026-10-02 08:23:59.813516+10:00,unconfirmed,Parsed from APH Handbook text 'St Thomas'; matched status: unconfirmed,St Thomas,unresolved,,aph
edu-241067-486414f0da248bba,aph-241067,inst-unmatched-christian-brothers,secondary,,,attended_unspecified,https://handbookapi.aph.gov.au/api/individuals?$filter=PHID eq '241067',2026-10-02 08:23:59.813516+10:00,unconfirmed,Parsed from APH Handbook text 'Christian Brothers''; matched status: unconfirmed; Legacy alias requires sourced identity/successor review,Christian Brothers',unresolved,,aph
edu-241590-8ee5f88b51f69240,aph-241590,inst-unmatched-gosford-christian-school,secondary,,,attended_unspecified,https://handbookapi.aph.gov.au/api/individuals?$filter=PHID eq '241590',2026-10-02 08:23:59.813516+10:00,unconfirmed,Parsed from APH Handbook text 'Gosford Christian School'; matched status: unconfirmed; Legacy alias requires sourced identity/successor review,Gosford Christian School,unresolved,,aph
edu-241590-c7278087c02d7254,aph-241590,acara-42527,secondary,,,attended_unspecified,https://handbookapi.aph.gov.au/api/individuals?$filter=PHID eq '241590',2026-10-02 08:23:59.813516+10:00,verified,Parsed from APH Handbook text 'Duval High School'; matched status: verified,Duval High School,direct,,aph
edu-241710-a4344bbd449df424,aph-241710,inst-unmatched-mirrabooka-senior-high-school,secondary,,,attended_unspecified,https://handbookapi.aph.gov.au/api/individuals?$filter=PHID eq '241710',2026-10-02 08:23:59.813516+10:00,unconfirmed,Parsed from APH Handbook text 'Mirrabooka Senior High School'; matched status: unconfirmed; Legacy alias requires sourced identity/successor review,Mirrabooka Senior High School,unresolved,,aph
edu-242515-f7672e7d8f58a176,aph-242515,inst-unmatched-aquinas-college,secondary,,,attended_unspecified,https://handbookapi.aph.gov.au/api/individuals?$filter=PHID eq '242515',2026-10-02 08:23:59.813516+10:00,unconfirmed,Parsed from APH Handbook text 'Aquinas College'; matched status: unconfirmed; Historical name maps to several ACARA identifiers; manual review required,Aquinas College,unresolved,,aph
edu-243273-25c5a9844fb7ce07,aph-243273,acara-49477,secondary,,,attended_unspecified,https://handbookapi.aph.gov.au/api/individuals?$filter=PHID eq '243273',2026-10-02 08:23:59.813516+10:00,verified,Parsed from APH Handbook text 'Renmark High School'; matched status: verified,Renmark High School,direct,,aph
edu-245212-8fc6e3dfab079be1,aph-245212,inst-unmatched-chisholm-catholic-college,secondary,,,attended_unspecified,https://handbookapi.aph.gov.au/api/individuals?$filter=PHID eq '245212',2026-10-02 08:23:59.813516+10:00,unconfirmed,Parsed from APH Handbook text 'Chisholm Catholic College'; matched status: unconfirmed; Historical name maps to several ACARA identifiers; manual review required,Chisholm Catholic College,unresolved,,aph
edu-245392-9523345c6b7f7987,aph-245392,inst-unmatched-mount-lilydale-college,secondary,,,attended_unspecified,https://handbookapi.aph.gov.au/api/individuals?$filter=PHID eq '245392',2026-10-02 08:23:59.813516+10:00,unconfirmed,Parsed from APH Handbook text 'Mt Lilydale College'; matched status: unconfirmed; Legacy alias requires sourced identity/successor review,Mt Lilydale College,unresolved,,aph
edu-245392-95d614d246623b77,aph-245392,inst-unmatched-marcellin-college,secondary,,,attended_unspecified,https://handbookapi.aph.gov.au/api/individuals?$filter=PHID eq '245392',2026-10-02 08:23:59.813516+10:00,unconfirmed,Parsed from APH Handbook text 'Marcellin College'; matched status: unconfirmed; Historical name maps to several ACARA identifiers; manual review required,Marcellin College,unresolved,,aph
edu-245392-9d400b4d9105d281,aph-245392,acara-45351,secondary,,,attended_unspecified,https://handbookapi.aph.gov.au/api/individuals?$filter=PHID eq '245392',2026-10-02 08:23:59.813516+10:00,verified,Parsed from APH Handbook text 'Balwyn High School'; matched status: verified,Balwyn High School,direct,,aph
edu-245759-65673379ec09138f,aph-245759,acara-47408,secondary,,,attended_unspecified,https://handbookapi.aph.gov.au/api/individuals?$filter=PHID eq '245759',2026-10-02 08:23:59.813516+10:00,verified,Parsed from APH Handbook text 'Brisbane State High School'; matched status: verified,Brisbane State High School,direct,,aph
edu-247512-1773d716ffb45079,aph-247512,acara-48034,secondary,,,attended_unspecified,https://handbookapi.aph.gov.au/api/individuals?$filter=PHID eq '247512',2026-10-02 08:23:59.813516+10:00,verified,Parsed from APH Handbook text 'Brisbane Girls Grammar School'; matched status: verified,Brisbane Girls Grammar School,direct,,aph
edu-247742-3c54aa4ff3f83ada,aph-247742,inst-unmatched-frawley-college,secondary,,,attended_unspecified,https://handbookapi.aph.gov.au/api/individuals?$filter=PHID eq '247742',2026-10-02 08:23:59.813516+10:00,unconfirmed,Parsed from APH Handbook text 'Frawley College'; matched status: unconfirmed; Legacy alias requires sourced identity/successor review,Frawley College,unresolved,,aph
edu-247742-873379743ae77d6e,aph-247742,inst-unmatched-saint-patricks-college,secondary,,,attended_unspecified,https://handbookapi.aph.gov.au/api/individuals?$filter=PHID eq '247742',2026-10-02 08:23:59.813516+10:00,unconfirmed,Parsed from APH Handbook text 'St Patrick's College'; matched status: unconfirmed; Historical name maps to several ACARA identifiers; manual review required,St Patrick's College,unresolved,,aph
edu-248006-6cadbcce89e742ee,aph-248006,acara-47410,secondary,,,attended_unspecified,https://handbookapi.aph.gov.au/api/individuals?$filter=PHID eq '248006',2026-10-02 08:23:59.813516+10:00,verified,Parsed from APH Handbook text 'Cairns State High School'; matched status: verified,Cairns State High School,direct,,aph
edu-248181-063f2c28e28a1a95,aph-248181,acara-42120,secondary,,,attended_unspecified,https://handbookapi.aph.gov.au/api/individuals?$filter=PHID eq '248181',2026-10-02 08:23:59.813516+10:00,verified,Parsed from APH Handbook text 'Lambton High School'; matched status: verified,Lambton High School,direct,,aph
edu-248353-c3307671e175bb67,aph-248353,acara-49000,secondary,,,attended_unspecified,https://handbookapi.aph.gov.au/api/individuals?$filter=PHID eq '248353',2026-10-02 08:23:59.813516+10:00,verified,Parsed from APH Handbook text 'Mater Dei College'; matched status: verified,Mater Dei College,direct,,aph
edu-248353-d56cd65cb492a25d,aph-248353,acara-48978,secondary,,,attended_unspecified,https://handbookapi.aph.gov.au/api/individuals?$filter=PHID eq '248353',2026-10-02 08:23:59.813516+10:00,verified,Parsed from APH Handbook text 'Corpus Christi College'; matched status: verified,Corpus Christi College,direct,,aph
edu-248895-6e80970a5fb24fc4,aph-248895,acara-43913,secondary,,,attended_unspecified,https://handbookapi.aph.gov.au/api/individuals?$filter=PHID eq '248895',2026-10-02 08:23:59.813516+10:00,verified,Parsed from APH Handbook text 'Meriden School'; matched status: verified,Meriden School,direct,,aph
edu-248895-94ed625baf3654d9,aph-248895,inst-unmatched-saint-clares-high-school-taree,secondary,,,attended_unspecified,https://handbookapi.aph.gov.au/api/individuals?$filter=PHID eq '248895',2026-10-02 08:23:59.813516+10:00,unconfirmed,Parsed from APH Handbook text 'St Clare's High School Taree'; matched status: unconfirmed; Legacy alias requires sourced identity/successor review,St Clare's High School Taree,unresolved,,aph
edu-249127-093cff2b37e44619,aph-249127,acara-42090,secondary,,,attended_unspecified,https://handbookapi.aph.gov.au/api/individuals?$filter=PHID eq '249127',2026-10-02 08:23:59.813516+10:00,verified,Parsed from APH Handbook text 'Gosford High School'; matched status: verified,Gosford High School,direct,,aph
edu-249147-39837678c767894f,aph-249147,inst-unmatched-mazenod-college,secondary,,,attended_unspecified,https://handbookapi.aph.gov.au/api/individuals?$filter=PHID eq '249147',2026-10-02 08:23:59.813516+10:00,unconfirmed,Parsed from APH Handbook text 'Mazenod College'; matched status: unconfirmed; Historical name maps to several ACARA identifiers; manual review required,Mazenod College,unresolved,,aph
edu-249224-09051859847a101d,aph-249224,inst-unmatched-mackillop-college,secondary,,,attended_unspecified,https://handbookapi.aph.gov.au/api/individuals?$filter=PHID eq '249224',2026-10-02 08:23:59.813516+10:00,unconfirmed,Parsed from APH Handbook text 'MacKillop College'; matched status: unconfirmed,MacKillop College,unresolved,,aph
edu-249224-4998aad066be4fa8,aph-249224,inst-unmatched-mount-saint-josephs-college,secondary,,,attended_unspecified,https://handbookapi.aph.gov.au/api/individuals?$filter=PHID eq '249224',2026-10-02 08:23:59.813516+10:00,unconfirmed,Parsed from APH Handbook text 'Mount St Joseph's College'; matched status: unconfirmed; Legacy alias requires sourced identity/successor review,Mount St Joseph's College,unresolved,,aph
edu-249308-04225c98ab871732,aph-249308,inst-unmatched-prendiville-ladies-college,secondary,,,attended_unspecified,https://handbookapi.aph.gov.au/api/individuals?$filter=PHID eq '249308',2026-10-02 08:23:59.813516+10:00,unconfirmed,Parsed from APH Handbook text 'Prendiville Ladies College'; matched status: unconfirmed; Legacy alias requires sourced identity/successor review,Prendiville Ladies College,unresolved,,aph
edu-249710-10e1d18f2d3e5d6d,aph-249710,acara-47482,secondary,,,attended_unspecified,https://handbookapi.aph.gov.au/api/individuals?$filter=PHID eq '249710',2026-10-02 08:23:59.813516+10:00,verified,Parsed from APH Handbook text 'Maroochydore State High School'; matched status: verified,Maroochydore State High School,direct,,aph
edu-249764-234dbd32a21cd837,aph-249764,acara-48031,secondary,,,attended_unspecified,https://handbookapi.aph.gov.au/api/individuals?$filter=PHID eq '249764',2026-10-02 08:23:59.813516+10:00,verified,Parsed from APH Handbook text 'Rockhampton Girls Grammar School'; matched status: verified,Rockhampton Girls Grammar School,direct,,aph
edu-250026-1570a8499cbabd2a,aph-250026,acara-40098,secondary,,,attended_unspecified,https://handbookapi.aph.gov.au/api/individuals?$filter=PHID eq '250026',2026-10-02 08:23:59.813516+10:00,verified,Parsed from APH Handbook text 'Devonport High School'; matched status: verified,Devonport High School,direct,,aph
edu-250026-37d04f4d79c0903d,aph-250026,acara-50255,secondary,,,attended_unspecified,https://handbookapi.aph.gov.au/api/individuals?$filter=PHID eq '250026',2026-10-02 08:23:59.813516+10:00,verified,Parsed from APH Handbook text 'Don College'; matched status: verified,Don College,direct,,aph
edu-250156-6f66165bfc8609df,aph-250156,inst-unmatched-home-educated,secondary,,,attended_unspecified,https://handbookapi.aph.gov.au/api/individuals?$filter=PHID eq '250156',2026-10-02 08:23:59.813516+10:00,unconfirmed,Parsed from APH Handbook text 'Home educated'; matched status: unconfirmed,Home educated,unresolved,,aph
edu-250216-0e7b11d56d8f5e2b,aph-250216,inst-unmatched-saint-brigids-ladies-college,secondary,,,attended_unspecified,https://handbookapi.aph.gov.au/api/individuals?$filter=PHID eq '250216',2026-10-02 08:23:59.813516+10:00,unconfirmed,Parsed from APH Handbook text 'St Brigid's Ladies College'; matched status: unconfirmed; Legacy alias requires sourced identity/successor review,St Brigid's Ladies College,unresolved,,aph
edu-256136-1d8da3a919da3700,aph-256136,acara-47996,secondary,,,attended_unspecified,https://handbookapi.aph.gov.au/api/individuals?$filter=PHID eq '256136',2026-10-02 08:23:59.813516+10:00,provisional,"Parsed from APH Handbook text 'Anglican Church Grammar School, Brisbane'; matched status: provisional","Anglican Church Grammar School, Brisbane",direct,,aph
edu-25813-721a72af524e1633,aph-25813,acara-43675,secondary,,,attended_unspecified,https://handbookapi.aph.gov.au/api/individuals?$filter=PHID eq '25813',2026-10-02 08:23:59.813516+10:00,verified,Parsed from APH Handbook text 'Monte Sant' Angelo Mercy College'; matched status: verified,Monte Sant' Angelo Mercy College,direct,,aph
edu-259819-0c7f210910a58ac3,aph-259819,acara-41582,secondary,,,attended_unspecified,https://handbookapi.aph.gov.au/api/individuals?$filter=PHID eq '259819',2026-10-02 08:23:59.813516+10:00,verified,Parsed from APH Handbook text 'Westfields Sports High School'; matched status: verified,Westfields Sports High School,direct,,aph
edu-260805-97ecf2537847ee30,aph-260805,inst-unmatched-scots-college,secondary,,,attended_unspecified,https://handbookapi.aph.gov.au/api/individuals?$filter=PHID eq '260805',2026-10-02 08:23:59.813516+10:00,unconfirmed,Parsed from APH Handbook text 'Scots College'; matched status: unconfirmed; Legacy alias requires sourced identity/successor review,Scots College,unresolved,,aph
edu-261393-b20300029777feb9,aph-261393,acara-43855,secondary,,,attended_unspecified,https://handbookapi.aph.gov.au/api/individuals?$filter=PHID eq '261393',2026-10-02 08:23:59.813516+10:00,verified,Parsed from APH Handbook text 'Newcastle Grammar School'; matched status: verified,Newcastle Grammar School,direct,,aph
edu-263418-47427ad01776d8a2,aph-263418,acara-40252,secondary,,,attended_unspecified,https://handbookapi.aph.gov.au/api/individuals?$filter=PHID eq '263418',2026-10-02 08:23:59.813516+10:00,verified,Parsed from APH Handbook text 'Marist Regional College'; matched status: verified,Marist Regional College,direct,,aph
edu-263547-2c417b09165da206,aph-263547,inst-unmatched-victorian-school-of-correspondence,secondary,,,attended_unspecified,https://handbookapi.aph.gov.au/api/individuals?$filter=PHID eq '263547',2026-10-02 08:23:59.813516+10:00,unconfirmed,Parsed from APH Handbook text 'Victorian School of Correspondence'; matched status: unconfirmed; Legacy alias requires sourced identity/successor review,Victorian School of Correspondence,unresolved,,aph
edu-263547-5dae3bf9540cecb1,aph-263547,inst-unmatched-beaumans-high-school,secondary,,,attended_unspecified,https://handbookapi.aph.gov.au/api/individuals?$filter=PHID eq '263547',2026-10-02 08:23:59.813516+10:00,unconfirmed,Parsed from APH Handbook text 'Beaumans High School'; matched status: unconfirmed; Legacy alias requires sourced identity/successor review,Beaumans High School,unresolved,,aph
edu-263547-c60c0a1f3670909d,aph-263547,inst-unmatched-macrobertson-high-school,secondary,,,attended_unspecified,https://handbookapi.aph.gov.au/api/individuals?$filter=PHID eq '263547',2026-10-02 08:23:59.813516+10:00,unconfirmed,Parsed from APH Handbook text 'MacRobertson High School'; matched status: unconfirmed; Legacy alias requires sourced identity/successor review,MacRobertson High School,unresolved,,aph
edu-264121-b9429bf93ce4a8e9,aph-264121,acara-48045,secondary,,,attended_unspecified,https://handbookapi.aph.gov.au/api/individuals?$filter=PHID eq '264121',2026-10-02 08:23:59.813516+10:00,verified,Parsed from APH Handbook text 'Moreton Bay College'; matched status: verified,Moreton Bay College,direct,,aph
edu-26417-484a38700e24f256,aph-26417,acara-41343,secondary,,,attended_unspecified,https://handbookapi.aph.gov.au/api/individuals?$filter=PHID eq '26417',2026-10-02 08:23:59.813516+10:00,verified,Parsed from APH Handbook text 'Killara High School'; matched status: verified,Killara High School,direct,,aph
edu-264170-50918c4d980a9176,aph-264170,acara-42095,secondary,,,attended_unspecified,https://handbookapi.aph.gov.au/api/individuals?$filter=PHID eq '264170',2026-10-02 08:23:59.813516+10:00,verified,Parsed from APH Handbook text 'Kurri Kurri High School'; matched status: verified,Kurri Kurri High School,direct,,aph
edu-264449-e6a59fe5ef70daa4,aph-264449,acara-40035,secondary,,,attended_unspecified,https://handbookapi.aph.gov.au/api/individuals?$filter=PHID eq '264449',2026-10-02 08:23:59.813516+10:00,provisional,"Parsed from APH Handbook text 'St. Michael's Collegiate School, Hobart'; matched status: provisional","St. Michael's Collegiate School, Hobart",direct,,aph
edu-265585-1811b417a3ef059a,aph-265585,acara-47472,secondary,,,attended_unspecified,https://handbookapi.aph.gov.au/api/individuals?$filter=PHID eq '265585',2026-10-02 08:23:59.813516+10:00,verified,Parsed from APH Handbook text 'Chinchilla State High School'; matched status: verified,Chinchilla State High School,direct,,aph
edu-265585-c3d885d44b47e7bb,aph-265585,acara-48037,secondary,,,attended_unspecified,https://handbookapi.aph.gov.au/api/individuals?$filter=PHID eq '265585',2026-10-02 08:23:59.813516+10:00,verified,Parsed from APH Handbook text 'Toowoomba Grammar School'; matched status: verified,Toowoomba Grammar School,direct,,aph
edu-265931-723e3005a92728c7,aph-265931,acara-42094,secondary,,,attended_unspecified,https://handbookapi.aph.gov.au/api/individuals?$filter=PHID eq '265931',2026-10-02 08:23:59.813516+10:00,verified,Parsed from APH Handbook text 'Wyong High School'; matched status: verified,Wyong High School,direct,,aph
edu-265967-8cad5cffa2174f58,aph-265967,acara-45855,secondary,,,attended_unspecified,https://handbookapi.aph.gov.au/api/individuals?$filter=PHID eq '265967',2026-10-02 08:23:59.813516+10:00,verified,Parsed from APH Handbook text 'St Bede's College'; matched status: verified,St Bede's College,direct,,aph
edu-265970-b1436953022cd497,aph-265970,inst-unmatched-swanbourne-high-school,secondary,,,attended_unspecified,https://handbookapi.aph.gov.au/api/individuals?$filter=PHID eq '265970',2026-10-02 08:23:59.813516+10:00,unconfirmed,Parsed from APH Handbook text 'Swanbourne High School'; matched status: unconfirmed; Legacy alias requires sourced identity/successor review,Swanbourne High School,unresolved,,aph
edu-265970-c1d7a38369bdcb5b,aph-265970,inst-unmatched-john-curtin-high-school,secondary,,,attended_unspecified,https://handbookapi.aph.gov.au/api/individuals?$filter=PHID eq '265970',2026-10-02 08:23:59.813516+10:00,unconfirmed,Parsed from APH Handbook text 'John Curtin High School'; matched status: unconfirmed; Legacy alias requires sourced identity/successor review,John Curtin High School,unresolved,,aph
edu-265979-612d5dc499abc84c,aph-265979,acara-43710,secondary,,,attended_unspecified,https://handbookapi.aph.gov.au/api/individuals?$filter=PHID eq '265979',2026-10-02 08:23:59.813516+10:00,verified,Parsed from APH Handbook text 'Trinity Grammar School'; matched status: verified,Trinity Grammar School,direct,,aph
edu-265980-18e20ae2b33eb109,aph-265980,inst-unmatched-eynesbury-college,secondary,,,attended_unspecified,https://handbookapi.aph.gov.au/api/individuals?$filter=PHID eq '265980',2026-10-02 08:23:59.813516+10:00,unconfirmed,Parsed from APH Handbook text 'Eynesbury College'; matched status: unconfirmed; Legacy alias requires sourced identity/successor review,Eynesbury College,unresolved,,aph
edu-265980-f2e0739b466ed091,aph-265980,acara-49688,secondary,,,attended_unspecified,https://handbookapi.aph.gov.au/api/individuals?$filter=PHID eq '265980',2026-10-02 08:23:59.813516+10:00,verified,Parsed from APH Handbook text 'Cardijn College'; matched status: verified,Cardijn College,direct,,aph
edu-266499-06fb67f2fb419966,aph-266499,acara-46150,secondary,,,attended_unspecified,https://handbookapi.aph.gov.au/api/individuals?$filter=PHID eq '266499',2026-10-02 08:23:59.813516+10:00,verified,Parsed from APH Handbook text 'Lauriston Girls' School'; matched status: verified,Lauriston Girls' School,direct,,aph
edu-266524-42c9a7c4f73ab386,aph-266524,acara-48033,secondary,,,attended_unspecified,https://handbookapi.aph.gov.au/api/individuals?$filter=PHID eq '266524',2026-10-02 08:23:59.813516+10:00,verified,Parsed from APH Handbook text 'Brisbane Grammar School'; matched status: verified,Brisbane Grammar School,direct,,aph
edu-266524-50918c4d980a9176,aph-266524,acara-42095,secondary,,,attended_unspecified,https://handbookapi.aph.gov.au/api/individuals?$filter=PHID eq '266524',2026-10-02 08:23:59.813516+10:00,verified,Parsed from APH Handbook text 'Kurri Kurri High School'; matched status: verified,Kurri Kurri High School,direct,,aph
edu-269375-349e5982e84c0d5b,aph-269375,inst-unmatched-pembroke,secondary,,,attended_unspecified,https://handbookapi.aph.gov.au/api/individuals?$filter=PHID eq '269375',2026-10-02 08:23:59.813516+10:00,unconfirmed,Parsed from APH Handbook text 'Pembroke'; matched status: unconfirmed; Legacy alias requires sourced identity/successor review,Pembroke,unresolved,,aph
edu-270552-553255a6eba1c1aa,aph-270552,inst-unmatched-lwak-girls,secondary,,,attended_unspecified,https://handbookapi.aph.gov.au/api/individuals?$filter=PHID eq '270552',2026-10-02 08:23:59.813516+10:00,unconfirmed,Parsed from APH Handbook text 'Lwak Girls'; matched status: unconfirmed,Lwak Girls,unresolved,,aph
edu-273828-f951bf834d14e7d6,aph-273828,acara-43657,secondary,,,attended_unspecified,https://handbookapi.aph.gov.au/api/individuals?$filter=PHID eq '273828',2026-10-02 08:23:59.813516+10:00,verified,Parsed from APH Handbook text 'Loreto Kirribilli'; matched status: verified,Loreto Kirribilli,direct,,aph
edu-273829-fbfb9ce8ff88363b,aph-273829,acara-45771,secondary,,,attended_unspecified,https://handbookapi.aph.gov.au/api/individuals?$filter=PHID eq '273829',2026-10-02 08:23:59.813516+10:00,verified,Parsed from APH Handbook text 'De La Salle College'; matched status: verified,De La Salle College,direct,,aph
edu-274506-dca064b557ceeacb,aph-274506,acara-41339,secondary,,,attended_unspecified,https://handbookapi.aph.gov.au/api/individuals?$filter=PHID eq '274506',2026-10-02 08:23:59.813516+10:00,verified,Parsed from APH Handbook text 'Turramurra High School'; matched status: verified,Turramurra High School,direct,,aph
edu-275266-1570a8499cbabd2a,aph-275266,acara-40098,secondary,,,attended_unspecified,https://handbookapi.aph.gov.au/api/individuals?$filter=PHID eq '275266',2026-10-02 08:23:59.813516+10:00,verified,Parsed from APH Handbook text 'Devonport High School'; matched status: verified,Devonport High School,direct,,aph
edu-275424-c6bd84e053b303b0,aph-275424,inst-unmatched-saint-ignatius-college,secondary,,,attended_unspecified,https://handbookapi.aph.gov.au/api/individuals?$filter=PHID eq '275424',2026-10-02 08:23:59.813516+10:00,unconfirmed,Parsed from APH Handbook text 'St. Ignatius College'; matched status: unconfirmed; Historical name maps to several ACARA identifiers; manual review required,St. Ignatius College,unresolved,,aph
edu-276714-5ad104f8cf76b2d7,aph-276714,acara-47647,secondary,,,attended_unspecified,https://handbookapi.aph.gov.au/api/individuals?$filter=PHID eq '276714',2026-10-02 08:23:59.813516+10:00,verified,Parsed from APH Handbook text 'Marist College'; matched status: verified,Marist College,direct,,aph
edu-277110-ad75bd51cc808995,aph-277110,acara-47217,secondary,,,attended_unspecified,https://handbookapi.aph.gov.au/api/individuals?$filter=PHID eq '277110',2026-10-02 08:23:59.813516+10:00,verified,Parsed from APH Handbook text 'Centenary State High School'; matched status: verified,Centenary State High School,direct,,aph
edu-278522-8aff7af82c2e91ac,aph-278522,acara-46208,secondary,,,attended_unspecified,https://handbookapi.aph.gov.au/api/individuals?$filter=PHID eq '278522',2026-10-02 08:23:59.813516+10:00,verified,Parsed from APH Handbook text 'Mt Scopus Memorial College'; matched status: verified,Mt Scopus Memorial College,direct,,aph
edu-279991-301367a5a84d4067,aph-279991,inst-unmatched-st-paul-s-college-kempsey,secondary,,,attended_unspecified,https://handbookapi.aph.gov.au/api/individuals?$filter=PHID eq '279991',2026-10-02 08:23:59.813516+10:00,unconfirmed,"Parsed from APH Handbook text 'St Paul's College, Kempsey'; matched status: unconfirmed","St Paul's College, Kempsey",unresolved,,aph
edu-279991-83dfdbd086379f90,aph-279991,inst-unmatched-st-joseph-s-college-hunters-hill,secondary,,,attended_unspecified,https://handbookapi.aph.gov.au/api/individuals?$filter=PHID eq '279991',2026-10-02 08:23:59.813516+10:00,unconfirmed,"Parsed from APH Handbook text 'St Joseph's College, Hunters Hill'; matched status: unconfirmed","St Joseph's College, Hunters Hill",unresolved,,aph
edu-280304-4db911ac8d31077e,aph-280304,inst-unmatched-fitzroy-and-collingwood-secondary-school,secondary,,,attended_unspecified,https://handbookapi.aph.gov.au/api/individuals?$filter=PHID eq '280304',2026-10-02 08:23:59.813516+10:00,unconfirmed,Parsed from APH Handbook text 'Fitzroy and Collingwood Secondary Schools'; matched status: unconfirmed,Fitzroy and Collingwood Secondary Schools,unresolved,,aph
edu-281503-c42ba8a97cbda279,aph-281503,inst-unmatched-salesian-college-chadstone-victoria,secondary,,,attended_unspecified,https://handbookapi.aph.gov.au/api/individuals?$filter=PHID eq '281503',2026-10-02 08:23:59.813516+10:00,unconfirmed,"Parsed from APH Handbook text 'Salesian College, Chadstone, Victoria'; matched status: unconfirmed; Legacy alias requires sourced identity/successor review","Salesian College, Chadstone, Victoria",unresolved,,aph
edu-281513-f0f4d9cd62be3239,aph-281513,inst-unmatched-newtown-high-school-of-the-performing-ar,secondary,,,attended_unspecified,https://handbookapi.aph.gov.au/api/individuals?$filter=PHID eq '281513',2026-10-02 08:23:59.813516+10:00,unconfirmed,Parsed from APH Handbook text 'Newtown High School of the Performing Arts'; matched status: unconfirmed; Legacy alias requires sourced identity/successor review,Newtown High School of the Performing Arts,unresolved,,aph
edu-281603-8390db34bf9c7b5e,aph-281603,inst-unmatched-university-senior-college-adelaide,secondary,,,attended_unspecified,https://handbookapi.aph.gov.au/api/individuals?$filter=PHID eq '281603',2026-10-02 08:23:59.813516+10:00,unconfirmed,"Parsed from APH Handbook text 'University Senior College, Adelaide'; matched status: unconfirmed; Legacy alias requires sourced identity/successor review","University Senior College, Adelaide",unresolved,,aph
edu-281688-4cf678e122d0ff6c,aph-281688,inst-unmatched-taralgon-high-school,secondary,,,attended_unspecified,https://handbookapi.aph.gov.au/api/individuals?$filter=PHID eq '281688',2026-10-02 08:23:59.813516+10:00,unconfirmed,Parsed from APH Handbook text 'Taralgon High School'; matched status: unconfirmed; Legacy alias requires sourced identity/successor review,Taralgon High School,unresolved,,aph
edu-281688-d1c8969ad93ff131,aph-281688,acara-45357,secondary,,,attended_unspecified,https://handbookapi.aph.gov.au/api/individuals?$filter=PHID eq '281688',2026-10-02 08:23:59.813516+10:00,verified,Parsed from APH Handbook text 'Blackburn High School'; matched status: verified,Blackburn High School,direct,,aph
edu-281697-cb371fc1badcf529,aph-281697,inst-unmatched-deakin-high-school,secondary,,,attended_unspecified,https://handbookapi.aph.gov.au/api/individuals?$filter=PHID eq '281697',2026-10-02 08:23:59.813516+10:00,unconfirmed,Parsed from APH Handbook text 'Deakin High School'; matched status: unconfirmed; Legacy alias requires sourced identity/successor review,Deakin High School,unresolved,,aph
edu-281697-f9f269ffcbf07097,aph-281697,acara-43846,secondary,,,attended_unspecified,https://handbookapi.aph.gov.au/api/individuals?$filter=PHID eq '281697',2026-10-02 08:23:59.813516+10:00,verified,Parsed from APH Handbook text 'Pymble Ladies College'; matched status: verified,Pymble Ladies College,direct,,aph
edu-281988-1142b07c21828a3d,aph-281988,acara-42927,secondary,,,attended_unspecified,https://handbookapi.aph.gov.au/api/individuals?$filter=PHID eq '281988',2026-10-02 08:23:59.813516+10:00,verified,Parsed from APH Handbook text 'Eden Marine High School'; matched status: verified,Eden Marine High School,direct,,aph
edu-282212-7c604789e447d661,aph-282212,inst-unmatched-mlc,secondary,,,attended_unspecified,https://handbookapi.aph.gov.au/api/individuals?$filter=PHID eq '282212',2026-10-02 08:23:59.813516+10:00,unconfirmed,Parsed from APH Handbook text 'MLC'; matched status: unconfirmed; Legacy alias requires sourced identity/successor review,MLC,unresolved,,aph
edu-282237-5e8fc48e3197207c,aph-282237,acara-40007,secondary,,,attended_unspecified,https://handbookapi.aph.gov.au/api/individuals?$filter=PHID eq '282237',2026-10-02 08:23:59.813516+10:00,verified,Parsed from APH Handbook text 'Launceston Church Grammar School'; matched status: verified,Launceston Church Grammar School,direct,,aph
edu-282306-fe6ff4d6d2b0a5e9,aph-282306,acara-40053,secondary,,,attended_unspecified,https://handbookapi.aph.gov.au/api/individuals?$filter=PHID eq '282306',2026-10-02 08:23:59.813516+10:00,verified,Parsed from APH Handbook text 'Wynyard High School'; matched status: verified,Wynyard High School,direct,,aph
edu-282728-2e8a02c18a03d7a6,aph-282728,inst-unmatched-nanango-state-high,secondary,,,attended_unspecified,https://handbookapi.aph.gov.au/api/individuals?$filter=PHID eq '282728',2026-10-02 08:23:59.813516+10:00,unconfirmed,Parsed from APH Handbook text 'Nanango State High'; matched status: unconfirmed; Legacy alias requires sourced identity/successor review,Nanango State High,unresolved,,aph
edu-282918-d9a195f1e187af61,aph-282918,inst-unmatched-belilios-public-girls-school,secondary,,,attended_unspecified,https://handbookapi.aph.gov.au/api/individuals?$filter=PHID eq '282918',2026-10-02 08:23:59.813516+10:00,unconfirmed,Parsed from APH Handbook text 'Belilios Public Girls School'; matched status: unconfirmed,Belilios Public Girls School,unresolved,,aph
edu-282981-a9fe9b1fb7b96d4b,aph-282981,inst-unmatched-gawler-high-school,secondary,,,attended_unspecified,https://handbookapi.aph.gov.au/api/individuals?$filter=PHID eq '282981',2026-10-02 08:23:59.813516+10:00,unconfirmed,Parsed from APH Handbook text 'Gawler High School'; matched status: unconfirmed; Legacy alias requires sourced identity/successor review,Gawler High School,unresolved,,aph
edu-282982-22994f80163ecdec,aph-282982,inst-unmatched-five-dock,secondary,,,attended_unspecified,https://handbookapi.aph.gov.au/api/individuals?$filter=PHID eq '282982',2026-10-02 08:23:59.813516+10:00,unconfirmed,Parsed from APH Handbook text 'Five Dock'; matched status: unconfirmed,Five Dock,unresolved,,aph
edu-282982-3ae2d3885fb81ddc,aph-282982,inst-unmatched-strathfield-and-rosebank-college,secondary,,,attended_unspecified,https://handbookapi.aph.gov.au/api/individuals?$filter=PHID eq '282982',2026-10-02 08:23:59.813516+10:00,unconfirmed,Parsed from APH Handbook text 'Strathfield & Rosebank College'; matched status: unconfirmed; Legacy alias requires sourced identity/successor review,Strathfield & Rosebank College,unresolved,,aph
edu-282982-c6bb89815d87c4e7,aph-282982,acara-43673,secondary,,,attended_unspecified,https://handbookapi.aph.gov.au/api/individuals?$filter=PHID eq '282982',2026-10-02 08:23:59.813516+10:00,verified,Parsed from APH Handbook text 'Santa Sabina College'; matched status: verified,Santa Sabina College,direct,,aph
edu-282986-1799cee2d06497c9,aph-282986,acara-42689,secondary,,,attended_unspecified,https://handbookapi.aph.gov.au/api/individuals?$filter=PHID eq '282986',2026-10-02 08:23:59.813516+10:00,verified,Parsed from APH Handbook text 'Albury High School'; matched status: verified,Albury High School,direct,,aph
edu-282986-cbecd5850f4f16c8,aph-282986,inst-unmatched-melbourne-girls-grammar-school,secondary,,,attended_unspecified,https://handbookapi.aph.gov.au/api/individuals?$filter=PHID eq '282986',2026-10-02 08:23:59.813516+10:00,unconfirmed,Parsed from APH Handbook text 'Melbourne Girls Grammar School'; matched status: unconfirmed; Legacy alias requires sourced identity/successor review,Melbourne Girls Grammar School,unresolved,,aph
edu-282997-09f3ba4ae9b39d73,aph-282997,acara-48036,secondary,,,attended_unspecified,https://handbookapi.aph.gov.au/api/individuals?$filter=PHID eq '282997',2026-10-02 08:23:59.813516+10:00,verified,Parsed from APH Handbook text 'Ipswich Grammar School'; matched status: verified,Ipswich Grammar School,direct,,aph
edu-283585-6cc19f64bac3e746,aph-283585,inst-unmatched-thornlie-christian-college,secondary,,,attended_unspecified,https://handbookapi.aph.gov.au/api/individuals?$filter=PHID eq '283585',2026-10-02 08:23:59.813516+10:00,unconfirmed,Parsed from APH Handbook text 'Thornlie Christian College'; matched status: unconfirmed; Legacy alias requires sourced identity/successor review,Thornlie Christian College,unresolved,,aph
edu-283596-cafb711118262fde,aph-283596,acara-47895,secondary,,,attended_unspecified,https://handbookapi.aph.gov.au/api/individuals?$filter=PHID eq '283596',2026-10-02 08:23:59.813516+10:00,verified,Parsed from APH Handbook text 'Downlands College'; matched status: verified,Downlands College,direct,,aph
edu-283601-8cad5cffa2174f58,aph-283601,acara-45855,secondary,,,attended_unspecified,https://handbookapi.aph.gov.au/api/individuals?$filter=PHID eq '283601',2026-10-02 08:23:59.813516+10:00,verified,Parsed from APH Handbook text 'St Bede's College'; matched status: verified,St Bede's College,direct,,aph
edu-286042-569e90a93035ba7f,aph-286042,acara-43953,secondary,,,attended_unspecified,https://handbookapi.aph.gov.au/api/individuals?$filter=PHID eq '286042',2026-10-02 08:23:59.813516+10:00,verified,Parsed from APH Handbook text 'Ascham School'; matched status: verified,Ascham School,direct,,aph
edu-286349-95d614d246623b77,aph-286349,inst-unmatched-marcellin-college,secondary,,,attended_unspecified,https://handbookapi.aph.gov.au/api/individuals?$filter=PHID eq '286349',2026-10-02 08:23:59.813516+10:00,unconfirmed,Parsed from APH Handbook text 'Marcellin College'; matched status: unconfirmed; Historical name maps to several ACARA identifiers; manual review required,Marcellin College,unresolved,,aph
edu-286535-76064d6185d100e1,aph-286535,acara-47458,secondary,,,attended_unspecified,https://handbookapi.aph.gov.au/api/individuals?$filter=PHID eq '286535',2026-10-02 08:23:59.813516+10:00,verified,Parsed from APH Handbook text 'Bowen State High School'; matched status: verified,Bowen State High School,direct,,aph
edu-287062-778527ed3ab48cff,aph-287062,inst-unmatched-saint-peters-college,secondary,,,attended_unspecified,https://handbookapi.aph.gov.au/api/individuals?$filter=PHID eq '287062',2026-10-02 08:23:59.813516+10:00,unconfirmed,Parsed from APH Handbook text 'St Peter's College'; matched status: unconfirmed; Historical name maps to several ACARA identifiers; manual review required,St Peter's College,unresolved,,aph
edu-288713-294e13a8e4c320b6,aph-288713,inst-unmatched-assumption-college-kilmore,secondary,,,attended_unspecified,https://handbookapi.aph.gov.au/api/individuals?$filter=PHID eq '288713',2026-10-02 08:23:59.813516+10:00,unconfirmed,Parsed from APH Handbook text 'Assumption College Kilmore'; matched status: unconfirmed; Legacy alias requires sourced identity/successor review,Assumption College Kilmore,unresolved,,aph
edu-288713-5c08b3fcadbda9df,aph-288713,acara-45465,secondary,,,attended_unspecified,https://handbookapi.aph.gov.au/api/individuals?$filter=PHID eq '288713',2026-10-02 08:23:59.813516+10:00,verified,Parsed from APH Handbook text 'Shepparton High School'; matched status: verified,Shepparton High School,direct,,aph
edu-291387-09f3ba4ae9b39d73,aph-291387,acara-48036,secondary,,,attended_unspecified,https://handbookapi.aph.gov.au/api/individuals?$filter=PHID eq '291387',2026-10-02 08:23:59.813516+10:00,verified,Parsed from APH Handbook text 'Ipswich Grammar School'; matched status: verified,Ipswich Grammar School,direct,,aph
edu-291406-99f00189e499faba,aph-291406,acara-49034,secondary,,,attended_unspecified,https://handbookapi.aph.gov.au/api/individuals?$filter=PHID eq '291406',2026-10-02 08:23:59.813516+10:00,verified,Parsed from APH Handbook text 'Bunbury Cathedral Grammar School'; matched status: verified,Bunbury Cathedral Grammar School,direct,,aph
edu-295588-185c2f036eccf258,aph-295588,acara-45654,secondary,,,attended_unspecified,https://handbookapi.aph.gov.au/api/individuals?$filter=PHID eq '295588',2026-10-02 08:23:59.813516+10:00,verified,Parsed from APH Handbook text 'Sacre Coeur'; matched status: verified,Sacre Coeur,direct,,aph
edu-295676-d01606693420f46a,aph-295676,inst-unmatched-st-john-vianney-fairy-meadow,secondary,,,attended_unspecified,https://handbookapi.aph.gov.au/api/individuals?$filter=PHID eq '295676',2026-10-02 08:23:59.813516+10:00,unconfirmed,Parsed from APH Handbook text 'St John Vianney Fairy Meadow'; matched status: unconfirmed,St John Vianney Fairy Meadow,unresolved,,aph
edu-296215-4fc17e0db4891021,aph-296215,inst-unmatched-south-fremantle-high-school,secondary,,,attended_unspecified,https://handbookapi.aph.gov.au/api/individuals?$filter=PHID eq '296215',2026-10-02 08:23:59.813516+10:00,unconfirmed,Parsed from APH Handbook text 'South Fremantle High School'; matched status: unconfirmed; Legacy alias requires sourced identity/successor review,South Fremantle High School,unresolved,,aph
edu-296215-60661587dcff6d31,aph-296215,inst-unmatched-leeming-high-school,secondary,,,attended_unspecified,https://handbookapi.aph.gov.au/api/individuals?$filter=PHID eq '296215',2026-10-02 08:23:59.813516+10:00,unconfirmed,Parsed from APH Handbook text 'Leeming High School'; matched status: unconfirmed; Legacy alias requires sourced identity/successor review,Leeming High School,unresolved,,aph
edu-296272-1a0a9b3f0e5266f5,aph-296272,inst-unmatched-banksia-park-high-school,secondary,,,attended_unspecified,https://handbookapi.aph.gov.au/api/individuals?$filter=PHID eq '296272',2026-10-02 08:23:59.813516+10:00,unconfirmed,Parsed from APH Handbook text 'Banksia Park High School'; matched status: unconfirmed; Legacy alias requires sourced identity/successor review,Banksia Park High School,unresolved,,aph
edu-296272-42b3733b368b6365,aph-296272,inst-unmatched-seymour-college,secondary,,,attended_unspecified,https://handbookapi.aph.gov.au/api/individuals?$filter=PHID eq '296272',2026-10-02 08:23:59.813516+10:00,unconfirmed,Parsed from APH Handbook text 'Seymour College'; matched status: unconfirmed; Historical name maps to several ACARA identifiers; manual review required,Seymour College,unresolved,,aph
edu-296331-2a4497d700c97b8e,aph-296331,inst-unmatched-holland-park-comprehensive,secondary,,,attended_unspecified,https://handbookapi.aph.gov.au/api/individuals?$filter=PHID eq '296331',2026-10-02 08:23:59.813516+10:00,unconfirmed,Parsed from APH Handbook text 'Holland Park Comprehensive'; matched status: unconfirmed,Holland Park Comprehensive,unresolved,,aph
edu-297660-ab727cd862d566cd,aph-297660,inst-unmatched-loreto-convent-toorak,secondary,,,attended_unspecified,https://handbookapi.aph.gov.au/api/individuals?$filter=PHID eq '297660',2026-10-02 08:23:59.813516+10:00,unconfirmed,"Parsed from APH Handbook text 'Loreto Convent, Toorak'; matched status: unconfirmed; Legacy alias requires sourced identity/successor review","Loreto Convent, Toorak",unresolved,,aph
edu-297964-0477b661fc755dd3,aph-297964,inst-unmatched-john-paul-college,secondary,,,attended_unspecified,https://handbookapi.aph.gov.au/api/individuals?$filter=PHID eq '297964',2026-10-02 08:23:59.813516+10:00,unconfirmed,Parsed from APH Handbook text 'John Paul College'; matched status: unconfirmed; Historical name maps to several ACARA identifiers; manual review required,John Paul College,unresolved,,aph
edu-297964-3855ba9b8164aa0b,aph-297964,inst-unmatched-plc-sydney,secondary,,,attended_unspecified,https://handbookapi.aph.gov.au/api/individuals?$filter=PHID eq '297964',2026-10-02 08:23:59.813516+10:00,unconfirmed,Parsed from APH Handbook text 'PLC Sydney'; matched status: unconfirmed; Legacy alias requires sourced identity/successor review,PLC Sydney,unresolved,,aph
edu-298121-913c87660932fe33,aph-298121,acara-41576,secondary,,,attended_unspecified,https://handbookapi.aph.gov.au/api/individuals?$filter=PHID eq '298121',2026-10-02 08:23:59.813516+10:00,verified,Parsed from APH Handbook text 'Sefton High School'; matched status: verified,Sefton High School,direct,,aph
edu-298574-ab74d9e3b3847653,aph-298574,inst-unmatched-mount-saint-michaels-college-ashgrove,secondary,,,attended_unspecified,https://handbookapi.aph.gov.au/api/individuals?$filter=PHID eq '298574',2026-10-02 08:23:59.813516+10:00,unconfirmed,Parsed from APH Handbook text 'Mount Saint Michael's College Ashgrove'; matched status: unconfirmed; Legacy alias requires sourced identity/successor review,Mount Saint Michael's College Ashgrove,unresolved,,aph
edu-298618-941aaf081d117861,aph-298618,acara-41554,secondary,,,attended_unspecified,https://handbookapi.aph.gov.au/api/individuals?$filter=PHID eq '298618',2026-10-02 08:23:59.813516+10:00,verified,Parsed from APH Handbook text 'Hurlstone Agricultural High School'; matched status: verified,Hurlstone Agricultural High School,direct,,aph
edu-298800-0477b661fc755dd3,aph-298800,inst-unmatched-john-paul-college,secondary,,,attended_unspecified,https://handbookapi.aph.gov.au/api/individuals?$filter=PHID eq '298800',2026-10-02 08:23:59.813516+10:00,unconfirmed,Parsed from APH Handbook text 'John Paul College'; matched status: unconfirmed; Historical name maps to several ACARA identifiers; manual review required,John Paul College,unresolved,,aph
edu-298800-e948da67b84fb386,aph-298800,inst-unmatched-kambalda-senior-high-school,secondary,,,attended_unspecified,https://handbookapi.aph.gov.au/api/individuals?$filter=PHID eq '298800',2026-10-02 08:23:59.813516+10:00,unconfirmed,Parsed from APH Handbook text 'Kambalda Senior High School'; matched status: unconfirmed; Legacy alias requires sourced identity/successor review,Kambalda Senior High School,unresolved,,aph
edu-298840-d5fec31f76b99bfc,aph-298840,inst-unmatched-wilson-park-secondary-college,secondary,,,attended_unspecified,https://handbookapi.aph.gov.au/api/individuals?$filter=PHID eq '298840',2026-10-02 08:23:59.813516+10:00,unconfirmed,Parsed from APH Handbook text 'Wilson Park Secondary College'; matched status: unconfirmed,Wilson Park Secondary College,unresolved,,aph
edu-299145-aefa5e19c98ebee4,aph-299145,acara-42918,secondary,,,attended_unspecified,https://handbookapi.aph.gov.au/api/individuals?$filter=PHID eq '299145',2026-10-02 08:23:59.813516+10:00,verified,Parsed from APH Handbook text 'Woonona High School'; matched status: verified,Woonona High School,direct,,aph
edu-299150-424817d2a69a9b73,aph-299150,acara-48204,secondary,,,attended_unspecified,https://handbookapi.aph.gov.au/api/individuals?$filter=PHID eq '299150',2026-10-02 08:23:59.813516+10:00,verified,Parsed from APH Handbook text 'York District High School'; matched status: verified,York District High School,direct,,aph
edu-299150-5f44a8cce42ab381,aph-299150,acara-48147,secondary,,,attended_unspecified,https://handbookapi.aph.gov.au/api/individuals?$filter=PHID eq '299150',2026-10-02 08:23:59.813516+10:00,verified,Parsed from APH Handbook text 'Northam Senior High School'; matched status: verified,Northam Senior High School,direct,,aph
edu-299174-b3f016581f1c93cd,aph-299174,acara-43883,secondary,,,attended_unspecified,https://handbookapi.aph.gov.au/api/individuals?$filter=PHID eq '299174',2026-10-02 08:23:59.813516+10:00,verified,Parsed from APH Handbook text 'The King's School'; matched status: verified,The King's School,direct,,aph
edu-299352-ad838705231a8deb,aph-299352,acara-45473,secondary,,,attended_unspecified,https://handbookapi.aph.gov.au/api/individuals?$filter=PHID eq '299352',2026-10-02 08:23:59.813516+10:00,verified,Parsed from APH Handbook text 'Thomastown Secondary College'; matched status: verified,Thomastown Secondary College,direct,,aph
edu-299352-be5fb91293ee1e6b,aph-299352,acara-45540,secondary,,,attended_unspecified,https://handbookapi.aph.gov.au/api/individuals?$filter=PHID eq '299352',2026-10-02 08:23:59.813516+10:00,verified,Parsed from APH Handbook text 'Swan Hill College'; matched status: verified,Swan Hill College,direct,,aph
edu-299498-c3d885d44b47e7bb,aph-299498,acara-48037,secondary,,,attended_unspecified,https://handbookapi.aph.gov.au/api/individuals?$filter=PHID eq '299498',2026-10-02 08:23:59.813516+10:00,verified,Parsed from APH Handbook text 'Toowoomba Grammar School'; matched status: verified,Toowoomba Grammar School,direct,,aph
edu-299962-1bf716a23bf29021,aph-299962,inst-unmatched-saint-josephs-college-echuca,secondary,,,attended_unspecified,https://handbookapi.aph.gov.au/api/individuals?$filter=PHID eq '299962',2026-10-02 08:23:59.813516+10:00,unconfirmed,Parsed from APH Handbook text 'St Joseph's College (Echuca)'; matched status: unconfirmed; Legacy alias requires sourced identity/successor review,St Joseph's College (Echuca),unresolved,,aph
edu-299962-2e32afd05d1e4c6c,aph-299962,acara-40576,secondary,,,attended_unspecified,https://handbookapi.aph.gov.au/api/individuals?$filter=PHID eq '299962',2026-10-02 08:23:59.813516+10:00,verified,Parsed from APH Handbook text 'Bendigo Senior Secondary College'; matched status: verified,Bendigo Senior Secondary College,direct,,aph
edu-299964-4e1a6e21a8ef2e65,aph-299964,inst-unmatched-lyndale-secondary,secondary,,,attended_unspecified,https://handbookapi.aph.gov.au/api/individuals?$filter=PHID eq '299964',2026-10-02 08:23:59.813516+10:00,unconfirmed,Parsed from APH Handbook text 'Lyndale Secondary'; matched status: unconfirmed; Legacy alias requires sourced identity/successor review,Lyndale Secondary,unresolved,,aph
edu-300006-57701469efc3274b,aph-300006,acara-48967,secondary,,,attended_unspecified,https://handbookapi.aph.gov.au/api/individuals?$filter=PHID eq '300006',2026-10-02 08:23:59.813516+10:00,verified,Parsed from APH Handbook text 'John XXIII College'; matched status: verified,John XXIII College,direct,,aph
edu-300120-fa40096ce38e96a6,aph-300120,acara-49990,secondary,,,attended_unspecified,https://handbookapi.aph.gov.au/api/individuals?$filter=PHID eq '300120',2026-10-02 08:23:59.813516+10:00,verified,Parsed from APH Handbook text 'Canberra Grammar School'; matched status: verified,Canberra Grammar School,direct,,aph
edu-300121-65673379ec09138f,aph-300121,acara-47408,secondary,,,attended_unspecified,https://handbookapi.aph.gov.au/api/individuals?$filter=PHID eq '300121',2026-10-02 08:23:59.813516+10:00,verified,Parsed from APH Handbook text 'Brisbane State High School'; matched status: verified,Brisbane State High School,direct,,aph
edu-300122-367b941706c6213d,aph-300122,acara-49911,secondary,,,attended_unspecified,https://handbookapi.aph.gov.au/api/individuals?$filter=PHID eq '300122',2026-10-02 08:23:59.813516+10:00,verified,Parsed from APH Handbook text 'Alfred Deakin High School'; matched status: verified,Alfred Deakin High School,direct,,aph
edu-300123-8c297525aa6b886d,aph-300123,acara-41148,secondary,,,attended_unspecified,https://handbookapi.aph.gov.au/api/individuals?$filter=PHID eq '300123',2026-10-02 08:23:59.813516+10:00,verified,Parsed from APH Handbook text 'St George Girls High School'; matched status: verified,St George Girls High School,direct,,aph
edu-300124-5eeb975cf79ceee5,aph-300124,acara-43109,secondary,,,attended_unspecified,https://handbookapi.aph.gov.au/api/individuals?$filter=PHID eq '300124',2026-10-02 08:23:59.813516+10:00,verified,Parsed from APH Handbook text 'Coonabarabran High School'; matched status: verified,Coonabarabran High School,direct,,aph
edu-300126-08cced3feb909903,aph-300126,acara-43945,secondary,,,attended_unspecified,https://handbookapi.aph.gov.au/api/individuals?$filter=PHID eq '300126',2026-10-02 08:23:59.813516+10:00,verified,Parsed from APH Handbook text 'Central Coast Grammar School'; matched status: verified,Central Coast Grammar School,direct,,aph
edu-300127-aa7444ab14218932,aph-300127,acara-48012,secondary,,,attended_unspecified,https://handbookapi.aph.gov.au/api/individuals?$filter=PHID eq '300127',2026-10-02 08:23:59.813516+10:00,verified,Parsed from APH Handbook text 'Clayfield College'; matched status: verified,Clayfield College,direct,,aph
edu-300129-a041bfc0283f757e,aph-300129,acara-40562,secondary,,,attended_unspecified,https://handbookapi.aph.gov.au/api/individuals?$filter=PHID eq '300129',2026-10-02 08:23:59.813516+10:00,verified,Parsed from APH Handbook text 'Mildura Senior College'; matched status: verified,Mildura Senior College,direct,,aph
edu-300130-1315d9b754d38040,aph-300130,inst-unmatched-st-andrew-muar-johor,secondary,,,attended_unspecified,https://handbookapi.aph.gov.au/api/individuals?$filter=PHID eq '300130',2026-10-02 08:23:59.813516+10:00,unconfirmed,Parsed from APH Handbook text 'St Andrew Muar Johor'; matched status: unconfirmed,St Andrew Muar Johor,unresolved,,aph
edu-300147-c1bf8eab9cf9fadd,aph-300147,acara-45706,secondary,,,attended_unspecified,https://handbookapi.aph.gov.au/api/individuals?$filter=PHID eq '300147',2026-10-02 08:23:59.813516+10:00,verified,Parsed from APH Handbook text 'Mount Lilydale Mercy College'; matched status: verified,Mount Lilydale Mercy College,direct,,aph
edu-300639-37d04f4d79c0903d,aph-300639,acara-50255,secondary,,,attended_unspecified,https://handbookapi.aph.gov.au/api/individuals?$filter=PHID eq '300639',2026-10-02 08:23:59.813516+10:00,verified,Parsed from APH Handbook text 'Don College'; matched status: verified,Don College,direct,,aph
edu-300639-3ad7069c261aa75e,aph-300639,inst-unmatched-ulverstone-high-school,secondary,,,attended_unspecified,https://handbookapi.aph.gov.au/api/individuals?$filter=PHID eq '300639',2026-10-02 08:23:59.813516+10:00,unconfirmed,Parsed from APH Handbook text 'Ulverstone High School'; matched status: unconfirmed; Legacy alias requires sourced identity/successor review,Ulverstone High School,unresolved,,aph
edu-300644-5456673f9606de0b,aph-300644,acara-40335,secondary,,,attended_unspecified,https://handbookapi.aph.gov.au/api/individuals?$filter=PHID eq '300644',2026-10-02 08:23:59.813516+10:00,verified,Parsed from APH Handbook text 'Alice Springs High School'; matched status: verified,Alice Springs High School,direct,,aph
edu-300707-cd56814316f5b0ad,aph-300707,inst-unmatched-australian-islamic-college-dianella-and-,secondary,,,attended_unspecified,https://handbookapi.aph.gov.au/api/individuals?$filter=PHID eq '300707',2026-10-02 08:23:59.813516+10:00,unconfirmed,"Parsed from APH Handbook text 'Australian Islamic College, Dianella and Kewdale'; matched status: unconfirmed; Legacy alias requires sourced identity/successor review","Australian Islamic College, Dianella and Kewdale",unresolved,,aph
edu-30484-8693bb65618a408c,aph-30484,acara-48117,secondary,,,attended_unspecified,https://handbookapi.aph.gov.au/api/individuals?$filter=PHID eq '30484',2026-10-02 08:23:59.813516+10:00,verified,Parsed from APH Handbook text 'Applecross Senior High School'; matched status: verified,Applecross Senior High School,direct,,aph
edu-306168-05fb16d0802bbc6c,aph-306168,inst-unmatched-saint-clares-college-act,secondary,,,attended_unspecified,https://handbookapi.aph.gov.au/api/individuals?$filter=PHID eq '306168',2026-10-02 08:23:59.813516+10:00,unconfirmed,Parsed from APH Handbook text 'St Clare's College (ACT)'; matched status: unconfirmed; Legacy alias requires sourced identity/successor review,St Clare's College (ACT),unresolved,,aph
edu-306489-7b6a448cca9c5aec,aph-306489,inst-unmatched-nudgee-college,secondary,,,attended_unspecified,https://handbookapi.aph.gov.au/api/individuals?$filter=PHID eq '306489',2026-10-02 08:23:59.813516+10:00,unconfirmed,Parsed from APH Handbook text 'Nudgee College'; matched status: unconfirmed; Legacy alias requires sourced identity/successor review,Nudgee College,unresolved,,aph
edu-309484-abed91628bb8f8c0,aph-309484,inst-unmatched-kilbreda-girls-college,secondary,,,attended_unspecified,https://handbookapi.aph.gov.au/api/individuals?$filter=PHID eq '309484',2026-10-02 08:23:59.813516+10:00,unconfirmed,Parsed from APH Handbook text 'Kilbreda Girls College'; matched status: unconfirmed; Legacy alias requires sourced identity/successor review,Kilbreda Girls College,unresolved,,aph
edu-312323-d8d320fc9a28abb1,aph-312323,acara-48089,secondary,,,attended_unspecified,https://handbookapi.aph.gov.au/api/individuals?$filter=PHID eq '312323',2026-10-02 08:23:59.813516+10:00,verified,Parsed from APH Handbook text 'Cannon Hill Anglican College'; matched status: verified,Cannon Hill Anglican College,direct,,aph
edu-312871-815a742d88971128,aph-312871,inst-unmatched-sacred-heart-high-school,secondary,,,attended_unspecified,https://handbookapi.aph.gov.au/api/individuals?$filter=PHID eq '312871',2026-10-02 08:23:59.813516+10:00,unconfirmed,Parsed from APH Handbook text 'Sacred Heart High School'; matched status: unconfirmed; Legacy alias requires sourced identity/successor review,Sacred Heart High School,unresolved,,aph
edu-314526-327bc8729678e262,aph-314526,acara-50400,secondary,,,attended_unspecified,https://handbookapi.aph.gov.au/api/individuals?$filter=PHID eq '314526',2026-10-02 08:23:59.813516+10:00,verified,Parsed from APH Handbook text 'Newstead College'; matched status: verified,Newstead College,direct,,aph
edu-315170-08433f04fe0c4d14,aph-315170,acara-49479,secondary,,,attended_unspecified,https://handbookapi.aph.gov.au/api/individuals?$filter=PHID eq '315170',2026-10-02 08:23:59.813516+10:00,verified,Parsed from APH Handbook text 'Unley High School'; matched status: verified,Unley High School,direct,,aph
edu-315478-c320144f54d765ef,aph-315478,acara-47409,secondary,,,attended_unspecified,https://handbookapi.aph.gov.au/api/individuals?$filter=PHID eq '315478',2026-10-02 08:23:59.813516+10:00,verified,Parsed from APH Handbook text 'Bundaberg State High School'; matched status: verified,Bundaberg State High School,direct,,aph
edu-315618-0735c06bd9833c4d,aph-315618,inst-unmatched-danebank-anglican-girls-school,secondary,,,attended_unspecified,https://handbookapi.aph.gov.au/api/individuals?$filter=PHID eq '315618',2026-10-02 08:23:59.813516+10:00,unconfirmed,Parsed from APH Handbook text 'Danebank Anglican Girls School'; matched status: unconfirmed; Legacy alias requires sourced identity/successor review,Danebank Anglican Girls School,unresolved,,aph
edu-316021-06fb67f2fb419966,aph-316021,acara-46150,secondary,,,attended_unspecified,https://handbookapi.aph.gov.au/api/individuals?$filter=PHID eq '316021',2026-10-02 08:23:59.813516+10:00,verified,Parsed from APH Handbook text 'Lauriston Girls School'; matched status: verified,Lauriston Girls School,direct,,aph
edu-316101-25c5a9844fb7ce07,aph-316101,acara-49477,secondary,,,attended_unspecified,https://handbookapi.aph.gov.au/api/individuals?$filter=PHID eq '316101',2026-10-02 08:23:59.813516+10:00,verified,Parsed from APH Handbook text 'Renmark High School'; matched status: verified,Renmark High School,direct,,aph
edu-316101-a988d27d80d6c9c4,aph-316101,acara-49487,secondary,,,attended_unspecified,https://handbookapi.aph.gov.au/api/individuals?$filter=PHID eq '316101',2026-10-02 08:23:59.813516+10:00,verified,Parsed from APH Handbook text 'Henley High School'; matched status: verified,Henley High School,direct,,aph
edu-316101-ad25b4e891c34c53,aph-316101,inst-unmatched-saint-marys-college,secondary,,,attended_unspecified,https://handbookapi.aph.gov.au/api/individuals?$filter=PHID eq '316101',2026-10-02 08:23:59.813516+10:00,unconfirmed,Parsed from APH Handbook text 'St Mary's College'; matched status: unconfirmed; Historical name maps to several ACARA identifiers; manual review required,St Mary's College,unresolved,,aph
edu-316537-40ad58d802098d20,aph-316537,inst-unmatched-st-ursula-s-college-yeppoon,secondary,,,attended_unspecified,https://handbookapi.aph.gov.au/api/individuals?$filter=PHID eq '316537',2026-10-02 08:23:59.813516+10:00,unconfirmed,"Parsed from APH Handbook text 'St Ursula's College, Yeppoon'; matched status: unconfirmed","St Ursula's College, Yeppoon",unresolved,,aph
edu-316547-55840e023747462b,aph-316547,acara-40322,secondary,,,attended_unspecified,https://handbookapi.aph.gov.au/api/individuals?$filter=PHID eq '316547',2026-10-02 08:23:59.813516+10:00,verified,Parsed from APH Handbook text 'Narrabundah College'; matched status: verified,Narrabundah College,direct,,aph
edu-316547-fdcc81dab3876bca,aph-316547,inst-unmatched-saint-edmunds-college,secondary,,,attended_unspecified,https://handbookapi.aph.gov.au/api/individuals?$filter=PHID eq '316547',2026-10-02 08:23:59.813516+10:00,unconfirmed,Parsed from APH Handbook text 'St Edmunds College'; matched status: unconfirmed; Historical name maps to several ACARA identifiers; manual review required,St Edmunds College,unresolved,,aph
edu-316555-47109aa894ef7217,aph-316555,acara-48255,secondary,,,attended_unspecified,https://handbookapi.aph.gov.au/api/individuals?$filter=PHID eq '316555',2026-10-02 08:23:59.813516+10:00,verified,Parsed from APH Handbook text 'Comet Bay College'; matched status: verified,Comet Bay College,direct,,aph
edu-316660-40f3c74626f68385,aph-316660,acara-45970,secondary,,,attended_unspecified,https://handbookapi.aph.gov.au/api/individuals?$filter=PHID eq '316660',2026-10-02 08:23:59.813516+10:00,verified,Parsed from APH Handbook text 'Mater Christi College'; matched status: verified,Mater Christi College,direct,,aph
edu-316660-92f51738222e412e,aph-316660,acara-45463,secondary,,,attended_unspecified,https://handbookapi.aph.gov.au/api/individuals?$filter=PHID eq '316660',2026-10-02 08:23:59.813516+10:00,verified,Parsed from APH Handbook text 'Scoresby Secondary College'; matched status: verified,Scoresby Secondary College,direct,,aph
edu-316935-2bdfc10581d2d667,aph-316935,inst-unmatched-the-don-college,secondary,,,attended_unspecified,https://handbookapi.aph.gov.au/api/individuals?$filter=PHID eq '316935',2026-10-02 08:23:59.813516+10:00,unconfirmed,Parsed from APH Handbook text 'The DON College'; matched status: unconfirmed; Legacy alias requires sourced identity/successor review,The DON College,unresolved,,aph
edu-316935-944b1898cb8afa44,aph-316935,acara-40183,secondary,,,attended_unspecified,https://handbookapi.aph.gov.au/api/individuals?$filter=PHID eq '316935',2026-10-02 08:23:59.813516+10:00,verified,Parsed from APH Handbook text 'Latrobe High School'; matched status: verified,Latrobe High School,direct,,aph
edu-317026-093cff2b37e44619,aph-317026,acara-42090,secondary,,,attended_unspecified,https://handbookapi.aph.gov.au/api/individuals?$filter=PHID eq '317026',2026-10-02 08:23:59.813516+10:00,verified,Parsed from APH Handbook text 'Gosford High School'; matched status: verified,Gosford High School,direct,,aph
edu-319142-1f21446aa177c2ab,aph-319142,inst-unmatched-saint-josephs-college-gregory-terrace,secondary,,,attended_unspecified,https://handbookapi.aph.gov.au/api/individuals?$filter=PHID eq '319142',2026-10-02 08:23:59.813516+10:00,unconfirmed,Parsed from APH Handbook text 'St Joseph's College Gregory Terrace'; matched status: unconfirmed; Legacy alias requires sourced identity/successor review,St Joseph's College Gregory Terrace,unresolved,,aph
edu-37998-e0c77483d7fe3668,aph-37998,inst-unmatched-clairvaux-mackillop-school,secondary,,,attended_unspecified,https://handbookapi.aph.gov.au/api/individuals?$filter=PHID eq '37998',2026-10-02 08:23:59.813516+10:00,unconfirmed,Parsed from APH Handbook text 'Clairvaux Mackillop School'; matched status: unconfirmed; Legacy alias requires sourced identity/successor review,Clairvaux Mackillop School,unresolved,,aph
edu-39801-6e897f791c3d6a67,aph-39801,acara-47442,secondary,,,attended_unspecified,https://handbookapi.aph.gov.au/api/individuals?$filter=PHID eq '39801',2026-10-02 08:23:59.813516+10:00,verified,Parsed from APH Handbook text 'Wavell State High School'; matched status: verified,Wavell State High School,direct,,aph
edu-53369-059cb00401cb4089,aph-53369,acara-45629,secondary,,,attended_unspecified,https://handbookapi.aph.gov.au/api/individuals?$filter=PHID eq '53369',2026-10-02 08:23:59.813516+10:00,verified,Parsed from APH Handbook text 'Parade College'; matched status: verified,Parade College,direct,,aph
edu-55842-0cd5c91f4fa92a27,aph-55842,inst-unmatched-geilston-bay-high-school,secondary,,,attended_unspecified,https://handbookapi.aph.gov.au/api/individuals?$filter=PHID eq '55842',2026-10-02 08:23:59.813516+10:00,unconfirmed,Parsed from APH Handbook text 'Geilston Bay High School'; matched status: unconfirmed,Geilston Bay High School,unresolved,,aph
edu-55842-2cf16f761b9398ff,aph-55842,acara-40445,secondary,,,attended_unspecified,https://handbookapi.aph.gov.au/api/individuals?$filter=PHID eq '55842',2026-10-02 08:23:59.813516+10:00,verified,Parsed from APH Handbook text 'Rosny College'; matched status: verified,Rosny College,direct,,aph
edu-56430-2340b6eede488795,aph-56430,inst-unmatched-assumption-college,secondary,,,attended_unspecified,https://handbookapi.aph.gov.au/api/individuals?$filter=PHID eq '56430',2026-10-02 08:23:59.813516+10:00,unconfirmed,Parsed from APH Handbook text 'Assumption College'; matched status: unconfirmed; Historical name maps to several ACARA identifiers; manual review required,Assumption College,unresolved,,aph
edu-56430-c2181e71db56a3f8,aph-56430,acara-45878,secondary,,,attended_unspecified,https://handbookapi.aph.gov.au/api/individuals?$filter=PHID eq '56430',2026-10-02 08:23:59.813516+10:00,verified,Parsed from APH Handbook text 'St Colman's School'; matched status: verified,St Colman's School,direct,,aph
edu-61378-df5534d1a5f573ca,aph-61378,acara-47494,secondary,,,attended_unspecified,https://handbookapi.aph.gov.au/api/individuals?$filter=PHID eq '61378',2026-10-02 08:23:59.813516+10:00,verified,Parsed from APH Handbook text 'Beerwah State High School'; matched status: verified,Beerwah State High School,direct,,aph
edu-72184-c6bd84e053b303b0,aph-72184,inst-unmatched-saint-ignatius-college,secondary,,,attended_unspecified,https://handbookapi.aph.gov.au/api/individuals?$filter=PHID eq '72184',2026-10-02 08:23:59.813516+10:00,unconfirmed,Parsed from APH Handbook text 'St Ignatius College'; matched status: unconfirmed; Historical name maps to several ACARA identifiers; manual review required,St Ignatius College,unresolved,,aph
edu-74046-e7296ef8e2a5ddf0,aph-74046,acara-48911,secondary,,,attended_unspecified,https://handbookapi.aph.gov.au/api/individuals?$filter=PHID eq '74046',2026-10-02 08:23:59.813516+10:00,verified,Parsed from APH Handbook text 'Aranmore Catholic College'; matched status: verified,Aranmore Catholic College,direct,,aph
edu-74519-175950e9515f6614,aph-74519,acara-48141,secondary,,,attended_unspecified,https://handbookapi.aph.gov.au/api/individuals?$filter=PHID eq '74519',2026-10-02 08:23:59.813516+10:00,verified,Parsed from APH Handbook text 'Melville Senior High School'; matched status: verified,Melville Senior High School,direct,,aph
edu-80072-3ab63b66783d2d4e,aph-80072,acara-48967,secondary,,,attended_unspecified,https://handbookapi.aph.gov.au/api/individuals?$filter=PHID eq '80072',2026-10-02 08:23:59.813516+10:00,provisional,"Parsed from APH Handbook text 'John XXIII College, Claremont, WA'; matched status: provisional","John XXIII College, Claremont, WA",direct,,aph
edu-83l-08433f04fe0c4d14,aph-83l,acara-49479,secondary,,,attended_unspecified,https://www.naa.gov.au/explore-collection/australias-prime-ministers/julia-gillard/fast-facts,2026-10-02 00:00:00+10:00,verified,Parsed from APH Handbook text 'Unley High School'; matched status: verified; Manual evidence: National Archives education profile lists Unley High School; no graduation inference,Unley High School,direct,,manual
edu-83m-85fb722456046100,aph-83m,inst-unmatched-jannali-girls-high-school,secondary,,,attended_unspecified,https://handbookapi.aph.gov.au/api/individuals?$filter=PHID eq '83M',2026-10-02 08:23:59.813516+10:00,unconfirmed,Parsed from APH Handbook text 'Jannali Girls High School'; matched status: unconfirmed; Legacy alias requires sourced identity/successor review,Jannali Girls High School,unresolved,,aph
edu-83t-1b3e28a4f96486e9,aph-83t,acara-47856,secondary,,,attended_unspecified,https://www.naa.gov.au/explore-collection/australias-prime-ministers/kevin-rudd/before-office,2026-10-02 00:00:00+10:00,verified,Parsed from APH Handbook text 'Marist Brothers College Ashgrove'; matched status: verified; Manual evidence: National Archives records two years boarding at Marist Brothers College Ashgrove; Historical name at the same Ashgrove college; source is the college archives,Marist Brothers College Ashgrove,rename,https://www.marash.qld.edu.au/wp-content/uploads/MCA_Viriliter-Age_Issue7_11June25.pdf,manual
edu-83t-851c0011f66e825c,aph-83t,acara-47429,secondary,,,attended_unspecified,https://www.naa.gov.au/explore-collection/australias-prime-ministers/kevin-rudd/before-office,2026-10-02 00:00:00+10:00,verified,Parsed from APH Handbook text 'Nambour State High School'; matched status: verified; Manual evidence: National Archives states Rudd finished his schooling at Nambour State High School; Nambour State High School amalgamated into Nambour State College,Nambour State High School,successor,https://namboursc.eq.edu.au/supportandresources/formsanddocuments/annualreports/annual-report-2016.pdf,manual
edu-86256-a7e0beca95837859,aph-86256,inst-unmatched-wesley-college,secondary,,,attended_unspecified,https://handbookapi.aph.gov.au/api/individuals?$filter=PHID eq '86256',2026-10-02 08:23:59.813516+10:00,unconfirmed,Parsed from APH Handbook text 'Wesley College'; matched status: unconfirmed; Historical name maps to several ACARA identifiers; manual review required,Wesley College,unresolved,,aph
edu-8gh-3144e42cf5fe62ef,aph-8gh,acara-41806,secondary,,,attended_unspecified,https://handbookapi.aph.gov.au/api/individuals?$filter=PHID eq '8GH',2026-10-02 08:23:59.813516+10:00,verified,Parsed from APH Handbook text 'Penrith High School'; matched status: verified,Penrith High School,direct,,aph
edu-8gh-99bf3b3ab410f2fa,aph-8gh,acara-42695,secondary,,,attended_unspecified,https://handbookapi.aph.gov.au/api/individuals?$filter=PHID eq '8GH',2026-10-02 08:23:59.813516+10:00,verified,Parsed from APH Handbook text 'Leeton High School'; matched status: verified,Leeton High School,direct,,aph
edu-91219-82a5d765c30ff07f,aph-91219,acara-41821,secondary,,,attended_unspecified,https://handbookapi.aph.gov.au/api/individuals?$filter=PHID eq '91219',2026-10-02 08:23:59.813516+10:00,verified,Parsed from APH Handbook text 'Mitchell High School'; matched status: verified,Mitchell High School,direct,,aph
edu-99931-c259d8b4948ae2a3,aph-99931,inst-unmatched-peakhurst-high-school,secondary,,,attended_unspecified,https://handbookapi.aph.gov.au/api/individuals?$filter=PHID eq '99931',2026-10-02 08:23:59.813516+10:00,unconfirmed,Parsed from APH Handbook text 'Peakhurst High School'; matched status: unconfirmed; Legacy alias requires sourced identity/successor review,Peakhurst High School,unresolved,,aph
edu-a9b-94cf572855aa803a,aph-a9b,inst-unmatched-edmund-rice-college,secondary,,,attended_unspecified,https://handbookapi.aph.gov.au/api/individuals?$filter=PHID eq 'A9B',2026-10-02 08:23:59.813516+10:00,unconfirmed,Parsed from APH Handbook text 'Edmund Rice College'; matched status: unconfirmed; Historical name maps to several ACARA identifiers; manual review required,Edmund Rice College,unresolved,,aph
edu-bfq-1b76034a0477fcec,aph-bfq,inst-unmatched-norwood-high-school,secondary,,,attended_unspecified,https://handbookapi.aph.gov.au/api/individuals?$filter=PHID eq 'BFQ',2026-10-02 08:23:59.813516+10:00,unconfirmed,Parsed from APH Handbook text 'Norwood High School'; matched status: unconfirmed; Legacy alias requires sourced identity/successor review,Norwood High School,unresolved,,aph
edu-bfq-e670063c665800c1,aph-bfq,inst-unmatched-lameroo-area-school,secondary,,,attended_unspecified,https://handbookapi.aph.gov.au/api/individuals?$filter=PHID eq 'BFQ',2026-10-02 08:23:59.813516+10:00,unconfirmed,Parsed from APH Handbook text 'Lameroo Area School'; matched status: unconfirmed; Legacy alias requires sourced identity/successor review,Lameroo Area School,unresolved,,aph
edu-bfq-efa2a549e8597a38,aph-bfq,acara-49818,secondary,,,attended_unspecified,https://handbookapi.aph.gov.au/api/individuals?$filter=PHID eq 'BFQ',2026-10-02 08:23:59.813516+10:00,verified,Parsed from APH Handbook text 'Wilderness School'; matched status: verified,Wilderness School,direct,,aph
edu-bk6-9212ae30fd37e55f,aph-bk6,inst-unmatched-coorparoo-state-high-school,secondary,,,attended_unspecified,https://handbookapi.aph.gov.au/api/individuals?$filter=PHID eq 'BK6',2026-10-02 08:23:59.813516+10:00,unconfirmed,Parsed from APH Handbook text 'Coorparoo State High School'; matched status: unconfirmed; Legacy alias requires sourced identity/successor review,Coorparoo State High School,unresolved,,aph
edu-bu8-2c6ece10884be06f,aph-bu8,acara-41811,secondary,,,attended_unspecified,https://handbookapi.aph.gov.au/api/individuals?$filter=PHID eq 'BU8',2026-10-02 08:23:59.813516+10:00,verified,Parsed from APH Handbook text 'James Ruse Agricultural High School'; matched status: verified,James Ruse Agricultural High School,direct,,aph
edu-c2t-1e093490bfa263ec,aph-c2t,inst-unmatched-christian-brothers-college,secondary,,,attended_unspecified,https://handbookapi.aph.gov.au/api/individuals?$filter=PHID eq 'C2T',2026-10-02 08:23:59.813516+10:00,unconfirmed,Parsed from APH Handbook text 'Christian Brothers' College'; matched status: unconfirmed; Historical name maps to several ACARA identifiers; manual review required,Christian Brothers' College,unresolved,,aph
edu-c2t-4b0b04a65c6e6674,aph-c2t,inst-unmatched-saint-gregorys-college,secondary,,,attended_unspecified,https://handbookapi.aph.gov.au/api/individuals?$filter=PHID eq 'C2T',2026-10-02 08:23:59.813516+10:00,unconfirmed,Parsed from APH Handbook text 'St Gregory's College'; matched status: unconfirmed; Legacy alias requires sourced identity/successor review,St Gregory's College,unresolved,,aph
edu-c2t-b24960cd95f3cd7d,aph-c2t,acara-43652,secondary,,,attended_unspecified,https://handbookapi.aph.gov.au/api/individuals?$filter=PHID eq 'C2T',2026-10-02 08:23:59.813516+10:00,verified,Parsed from APH Handbook text 'McCarthy Catholic College'; matched status: verified,McCarthy Catholic College,direct,,aph
edu-dyu-5d205f6863a0f6ae,aph-dyu,acara-49811,secondary,,,attended_unspecified,https://handbookapi.aph.gov.au/api/individuals?$filter=PHID eq 'DYU',2026-10-02 08:23:59.813516+10:00,verified,Parsed from APH Handbook text 'Prince Alfred College'; matched status: verified,Prince Alfred College,direct,,aph
edu-dzp-5584364dcfa256f5,aph-dzp,acara-41594,secondary,,,attended_unspecified,https://handbookapi.aph.gov.au/api/individuals?$filter=PHID eq 'DZP',2026-10-02 08:23:59.813516+10:00,verified,Parsed from APH Handbook text 'Airds High School'; matched status: verified,Airds High School,direct,,aph
edu-dzp-e45a23e4e7f97ee0,aph-dzp,acara-42919,secondary,,,attended_unspecified,https://handbookapi.aph.gov.au/api/individuals?$filter=PHID eq 'DZP',2026-10-02 08:23:59.813516+10:00,verified,Parsed from APH Handbook text 'Warilla High School'; matched status: verified,Warilla High School,direct,,aph
edu-dzs-18a0501f5bd17148,aph-dzs,acara-41598,secondary,,,attended_unspecified,https://handbookapi.aph.gov.au/api/individuals?$filter=PHID eq 'DZS',2026-10-02 08:23:59.813516+10:00,verified,Parsed from APH Handbook text 'St John's Park High School'; matched status: verified,St John's Park High School,direct,,aph
edu-dzw-855112277b2077d0,aph-dzw,acara-47447,secondary,,,attended_unspecified,https://handbookapi.aph.gov.au/api/individuals?$filter=PHID eq 'DZW',2026-10-02 08:23:59.813516+10:00,verified,Parsed from APH Handbook text 'The Gap State High School'; matched status: verified,The Gap State High School,direct,,aph
edu-dzw-ac0b51d89dd8b2e4,aph-dzw,acara-47429,secondary,,,attended_unspecified,https://handbookapi.aph.gov.au/api/individuals?$filter=PHID eq 'DZW',2026-10-02 08:23:59.813516+10:00,verified,Parsed from APH Handbook text 'Nambour High School'; matched status: verified; Nambour High School amalgamated into Nambour State College,Nambour High School,successor,https://namboursc.eq.edu.au/supportandresources/formsanddocuments/annualreports/annual-report-2016.pdf,aph
edu-dzy-8262f51f181af05c,aph-dzy,acara-49540,secondary,,,attended_unspecified,https://handbookapi.aph.gov.au/api/individuals?$filter=PHID eq 'DZY',2026-10-02 08:23:59.813516+10:00,verified,Parsed from APH Handbook text 'Underdale High School'; matched status: verified,Underdale High School,direct,,aph
edu-dzy-feabc96931e17e5d,aph-dzy,acara-49453,secondary,,,attended_unspecified,https://handbookapi.aph.gov.au/api/individuals?$filter=PHID eq 'DZY',2026-10-02 08:23:59.813516+10:00,verified,Parsed from APH Handbook text 'Adelaide High School'; matched status: verified,Adelaide High School,direct,,aph
edu-e09-f7553c62f045c3ed,aph-e09,acara-47454,secondary,,,attended_unspecified,https://handbookapi.aph.gov.au/api/individuals?$filter=PHID eq 'E09',2026-10-02 08:23:59.813516+10:00,verified,Parsed from APH Handbook text 'Everton Park State High School'; matched status: verified,Everton Park State High School,direct,,aph
edu-e0d-19af48f0bbf3310c,aph-e0d,acara-47858,secondary,,,attended_unspecified,https://handbookapi.aph.gov.au/api/individuals?$filter=PHID eq 'E0D',2026-10-02 08:23:59.813516+10:00,verified,Parsed from APH Handbook text 'Villanova College'; matched status: verified,Villanova College,direct,,aph
edu-e0f-2f7f6b0f23bf99d3,aph-e0f,inst-unmatched-ferntree-gully-technical-school,secondary,,,attended_unspecified,https://handbookapi.aph.gov.au/api/individuals?$filter=PHID eq 'E0F',2026-10-02 08:23:59.813516+10:00,unconfirmed,Parsed from APH Handbook text 'Ferntree Gully Technical School'; matched status: unconfirmed,Ferntree Gully Technical School,unresolved,,aph
edu-e0h-d1a4bf32115f0db9,aph-e0h,acara-43878,secondary,,,attended_unspecified,https://handbookapi.aph.gov.au/api/individuals?$filter=PHID eq 'E0H',2026-10-02 08:23:59.813516+10:00,provisional,Parsed from APH Handbook text 'Church of England Grammar School'; matched status: provisional; Fuzzy token-match score 100.0 against 'SHORE - Sydney Church of England Grammar School',Church of England Grammar School,direct,,aph
edu-e3l-4dd4b1a178f61ef1,aph-e3l,acara-41149,secondary,,,attended_unspecified,https://handbookapi.aph.gov.au/api/individuals?$filter=PHID eq 'E3L',2026-10-02 08:23:59.813516+10:00,verified,Parsed from APH Handbook text 'Sydney Boys' High School'; matched status: verified,Sydney Boys' High School,direct,,aph
edu-e5d-c6bd84e053b303b0,aph-e5d,inst-unmatched-saint-ignatius-college,secondary,,,attended_unspecified,https://handbookapi.aph.gov.au/api/individuals?$filter=PHID eq 'E5D',2026-10-02 08:23:59.813516+10:00,unconfirmed,Parsed from APH Handbook text 'St Ignatius College'; matched status: unconfirmed; Historical name maps to several ACARA identifiers; manual review required,St Ignatius College,unresolved,,aph
edu-e5x-5ad5fba46f05d49d,aph-e5x,acara-40061,secondary,,,attended_unspecified,https://handbookapi.aph.gov.au/api/individuals?$filter=PHID eq 'E5X',2026-10-02 08:23:59.813516+10:00,verified,Parsed from APH Handbook text 'Deloraine High School'; matched status: verified,Deloraine High School,direct,,aph
edu-e5z-6f04d2d92aa4f335,aph-e5z,acara-48119,secondary,,,attended_unspecified,https://handbookapi.aph.gov.au/api/individuals?$filter=PHID eq 'E5Z',2026-10-02 08:23:59.813516+10:00,verified,Parsed from APH Handbook text 'Balcatta Senior High School'; matched status: verified,Balcatta Senior High School,direct,,aph
edu-e68-d0b955fb47813249,aph-e68,acara-48158,secondary,,,attended_unspecified,https://handbookapi.aph.gov.au/api/individuals?$filter=PHID eq 'E68',2026-10-02 08:23:59.813516+10:00,verified,Parsed from APH Handbook text 'Thornlie Senior High School'; matched status: verified,Thornlie Senior High School,direct,,aph
edu-ecv-fbfb9ce8ff88363b,aph-ecv,acara-45771,secondary,,,attended_unspecified,https://handbookapi.aph.gov.au/api/individuals?$filter=PHID eq 'ECV',2026-10-02 08:23:59.813516+10:00,verified,Parsed from APH Handbook text 'De La Salle College'; matched status: verified,De La Salle College,direct,,aph
edu-f2s-99cb96988751d35b,aph-f2s,inst-unmatched-saint-johns-college,secondary,,,attended_unspecified,https://handbookapi.aph.gov.au/api/individuals?$filter=PHID eq 'F2S',2026-10-02 08:23:59.813516+10:00,unconfirmed,Parsed from APH Handbook text 'St John's College'; matched status: unconfirmed; Historical name maps to several ACARA identifiers; manual review required,St John's College,unresolved,,aph
edu-f2s-d15733fa54468d51,aph-f2s,inst-unmatched-our-lady-of-the-sacred-heart-college,secondary,,,attended_unspecified,https://handbookapi.aph.gov.au/api/individuals?$filter=PHID eq 'F2S',2026-10-02 08:23:59.813516+10:00,unconfirmed,Parsed from APH Handbook text 'Our Lady of the Sacred Heart College'; matched status: unconfirmed; Historical name maps to several ACARA identifiers; manual review required,Our Lady of the Sacred Heart College,unresolved,,aph
edu-f49-2cf16f761b9398ff,aph-f49,acara-40445,secondary,,,attended_unspecified,https://handbookapi.aph.gov.au/api/individuals?$filter=PHID eq 'F49',2026-10-02 08:23:59.813516+10:00,verified,Parsed from APH Handbook text 'Rosny College'; matched status: verified,Rosny College,direct,,aph
edu-fkl-5628ea67e5cfd4b2,aph-fkl,acara-46221,secondary,,,attended_unspecified,https://handbookapi.aph.gov.au/api/individuals?$filter=PHID eq 'FKL',2026-10-02 08:23:59.813516+10:00,verified,Parsed from APH Handbook text 'Bialik College'; matched status: verified,Bialik College,direct,,aph
edu-fkl-8aff7af82c2e91ac,aph-fkl,acara-46208,secondary,,,attended_unspecified,https://handbookapi.aph.gov.au/api/individuals?$filter=PHID eq 'FKL',2026-10-02 08:23:59.813516+10:00,verified,Parsed from APH Handbook text 'Mt Scopus Memorial College'; matched status: verified,Mt Scopus Memorial College,direct,,aph
edu-g0d-5d205f6863a0f6ae,aph-g0d,acara-49811,secondary,,,attended_unspecified,https://handbookapi.aph.gov.au/api/individuals?$filter=PHID eq 'G0D',2026-10-02 08:23:59.813516+10:00,verified,Parsed from APH Handbook text 'Prince Alfred College'; matched status: verified,Prince Alfred College,direct,,aph
edu-g86-c6bd84e053b303b0,aph-g86,inst-unmatched-saint-ignatius-college,secondary,,,attended_unspecified,https://handbookapi.aph.gov.au/api/individuals?$filter=PHID eq 'G86',2026-10-02 08:23:59.813516+10:00,unconfirmed,Parsed from APH Handbook text 'St Ignatius College'; matched status: unconfirmed; Historical name maps to several ACARA identifiers; manual review required,St Ignatius College,unresolved,,aph
edu-h6x-a9fe9b1fb7b96d4b,aph-h6x,inst-unmatched-gawler-high-school,secondary,,,attended_unspecified,https://handbookapi.aph.gov.au/api/individuals?$filter=PHID eq 'H6X',2026-10-02 08:23:59.813516+10:00,unconfirmed,Parsed from APH Handbook text 'Gawler High School'; matched status: unconfirmed; Legacy alias requires sourced identity/successor review,Gawler High School,unresolved,,aph
edu-hri-b7059fdfe26804af,aph-hri,acara-41326,secondary,,,attended_unspecified,https://handbookapi.aph.gov.au/api/individuals?$filter=PHID eq 'HRI',2026-10-02 08:23:59.813516+10:00,provisional,Parsed from APH Handbook text 'Asquith Boys High School'; matched status: provisional; Fuzzy token-match score 100.0 against 'Asquith High School',Asquith Boys High School,direct,,aph
edu-hw9-e29bfbfc7ba1bc6c,aph-hw9,acara-49463,secondary,,,attended_unspecified,https://handbookapi.aph.gov.au/api/individuals?$filter=PHID eq 'HW9',2026-10-02 08:23:59.813516+10:00,verified,Parsed from APH Handbook text 'Kapunda High School'; matched status: verified,Kapunda High School,direct,,aph
edu-hwa-08433f04fe0c4d14,aph-hwa,acara-49479,secondary,,,attended_unspecified,https://handbookapi.aph.gov.au/api/individuals?$filter=PHID eq 'HWA',2026-10-02 08:23:59.813516+10:00,verified,Parsed from APH Handbook text 'Unley High School'; matched status: verified,Unley High School,direct,,aph
edu-hwb-7937ee1dedf36974,aph-hwb,acara-49485,secondary,,,attended_unspecified,https://handbookapi.aph.gov.au/api/individuals?$filter=PHID eq 'HWB',2026-10-02 08:23:59.813516+10:00,verified,Parsed from APH Handbook text 'Enfield High School'; matched status: verified,Enfield High School,direct,,aph
edu-hwg-624d6a7d93a0d434,aph-hwg,inst-unmatched-scotch-college,secondary,,,attended_unspecified,https://handbookapi.aph.gov.au/api/individuals?$filter=PHID eq 'HWG',2026-10-02 08:23:59.813516+10:00,unconfirmed,Parsed from APH Handbook text 'Scotch College'; matched status: unconfirmed; Historical name maps to several ACARA identifiers; manual review required,Scotch College,unresolved,,aph
edu-hwk-08433f04fe0c4d14,aph-hwk,acara-49479,secondary,,,attended_unspecified,https://handbookapi.aph.gov.au/api/individuals?$filter=PHID eq 'HWK',2026-10-02 08:23:59.813516+10:00,verified,Parsed from APH Handbook text 'Unley High School'; matched status: verified,Unley High School,direct,,aph
edu-hwl-8b19468f659dd4e4,aph-hwl,acara-41583,secondary,,,attended_unspecified,https://handbookapi.aph.gov.au/api/individuals?$filter=PHID eq 'HWL',2026-10-02 08:23:59.813516+10:00,verified,Parsed from APH Handbook text 'Canley Vale High School'; matched status: verified,Canley Vale High School,direct,,aph
edu-hwm-d92fae912bf993e1,aph-hwm,acara-40054,secondary,,,attended_unspecified,https://handbookapi.aph.gov.au/api/individuals?$filter=PHID eq 'HWM',2026-10-02 08:23:59.813516+10:00,verified,Parsed from APH Handbook text 'Cosgrove High School'; matched status: verified,Cosgrove High School,direct,,aph
edu-hwn-476fdab64841cc4a,aph-hwn,acara-42515,secondary,,,attended_unspecified,https://handbookapi.aph.gov.au/api/individuals?$filter=PHID eq 'HWN',2026-10-02 08:23:59.813516+10:00,verified,Parsed from APH Handbook text 'Farrer Memorial Agricultural High School'; matched status: verified,Farrer Memorial Agricultural High School,direct,,aph
edu-hwo-29d4244c033fdee9,aph-hwo,inst-unmatched-carlingford-hills-grammar-school,secondary,,,attended_unspecified,https://handbookapi.aph.gov.au/api/individuals?$filter=PHID eq 'HWO',2026-10-02 08:23:59.813516+10:00,unconfirmed,Parsed from APH Handbook text 'Carlingford & Hills Grammar School'; matched status: unconfirmed,Carlingford & Hills Grammar School,unresolved,,aph
edu-hwo-8e0d9f804dccb1cc,aph-hwo,acara-41849,secondary,,,attended_unspecified,https://handbookapi.aph.gov.au/api/individuals?$filter=PHID eq 'HWO',2026-10-02 08:23:59.813516+10:00,verified,Parsed from APH Handbook text 'Cumberland High School'; matched status: verified,Cumberland High School,direct,,aph
edu-hwp-2d09ddfbf20508a7,aph-hwp,inst-unmatched-harvey-agricultural-senior-high-school,secondary,,,attended_unspecified,https://handbookapi.aph.gov.au/api/individuals?$filter=PHID eq 'HWP',2026-10-02 08:23:59.813516+10:00,unconfirmed,Parsed from APH Handbook text 'Harvey Agricultural Senior High School'; matched status: unconfirmed; Legacy alias requires sourced identity/successor review,Harvey Agricultural Senior High School,unresolved,,aph
edu-hwp-5ebd76ef99402512,aph-hwp,inst-unmatched-bunbury-techincal-school,secondary,,,attended_unspecified,https://handbookapi.aph.gov.au/api/individuals?$filter=PHID eq 'HWP',2026-10-02 08:23:59.813516+10:00,unconfirmed,Parsed from APH Handbook text 'Bunbury Techincal School'; matched status: unconfirmed,Bunbury Techincal School,unresolved,,aph
edu-hwq-527d7a9130bf9736,aph-hwq,acara-50402,secondary,,,attended_unspecified,https://handbookapi.aph.gov.au/api/individuals?$filter=PHID eq 'HWQ',2026-10-02 08:23:59.813516+10:00,verified,Parsed from APH Handbook text 'Geelong Grammar School'; matched status: verified,Geelong Grammar School,direct,,aph
edu-hws-62f2312b42b60650,aph-hws,acara-49423,secondary,,,attended_unspecified,https://handbookapi.aph.gov.au/api/individuals?$filter=PHID eq 'HWS',2026-10-02 08:23:59.813516+10:00,verified,Parsed from APH Handbook text 'Kimba Area School'; matched status: verified,Kimba Area School,direct,,aph
edu-hwt-45fb13db21fe9723,aph-hwt,acara-47480,secondary,,,attended_unspecified,https://handbookapi.aph.gov.au/api/individuals?$filter=PHID eq 'HWT',2026-10-02 08:23:59.813516+10:00,verified,Parsed from APH Handbook text 'Kepnock State High School'; matched status: verified,Kepnock State High School,direct,,aph
edu-hwt-7976ae3da93033ea,aph-hwt,inst-unmatched-rockhampton-grammar-school,secondary,,,attended_unspecified,https://handbookapi.aph.gov.au/api/individuals?$filter=PHID eq 'HWT',2026-10-02 08:23:59.813516+10:00,unconfirmed,Parsed from APH Handbook text 'Rockhampton Grammar School'; matched status: unconfirmed; Legacy alias requires sourced identity/successor review,Rockhampton Grammar School,unresolved,,aph
edu-hym-3a40a73718408507,aph-hym,inst-unmatched-box-hill-technical-college,secondary,,,attended_unspecified,https://handbookapi.aph.gov.au/api/individuals?$filter=PHID eq 'HYM',2026-10-02 08:23:59.813516+10:00,unconfirmed,Parsed from APH Handbook text 'Box Hill Technical College'; matched status: unconfirmed,Box Hill Technical College,unresolved,,aph
edu-hym-d1c8969ad93ff131,aph-hym,acara-45357,secondary,,,attended_unspecified,https://handbookapi.aph.gov.au/api/individuals?$filter=PHID eq 'HYM',2026-10-02 08:23:59.813516+10:00,verified,Parsed from APH Handbook text 'Blackburn High School'; matched status: verified,Blackburn High School,direct,,aph
edu-hzb-3e165806fe2d9bb7,aph-hzb,inst-unmatched-hobart-matriculation-college,secondary,,,attended_unspecified,https://handbookapi.aph.gov.au/api/individuals?$filter=PHID eq 'HZB',2026-10-02 08:23:59.813516+10:00,unconfirmed,Parsed from APH Handbook text 'Hobart Matriculation College'; matched status: unconfirmed; Legacy alias requires sourced identity/successor review,Hobart Matriculation College,unresolved,,aph
edu-hzb-de200d94a489bf91,aph-hzb,acara-53087,secondary,,,attended_unspecified,https://handbookapi.aph.gov.au/api/individuals?$filter=PHID eq 'HZB',2026-10-02 08:23:59.813516+10:00,verified,Parsed from APH Handbook text 'Ogilvie High School'; matched status: verified; Amalgamated with New Town High School in 2022 to form Hobart City High School,Ogilvie High School,successor,https://www.decyp.tas.gov.au/institution/hobart-city-high-school/,aph
edu-hze-159f37f373b70adc,aph-hze,inst-unmatched-padua-catholic-college,secondary,,,attended_unspecified,https://handbookapi.aph.gov.au/api/individuals?$filter=PHID eq 'HZE',2026-10-02 08:23:59.813516+10:00,unconfirmed,Parsed from APH Handbook text 'Padua Catholic College'; matched status: unconfirmed; Legacy alias requires sourced identity/successor review,Padua Catholic College,unresolved,,aph
edu-hze-6065cbdd9b574a67,aph-hze,acara-43267,secondary,,,attended_unspecified,https://handbookapi.aph.gov.au/api/individuals?$filter=PHID eq 'HZE',2026-10-02 08:23:59.813516+10:00,verified,Parsed from APH Handbook text 'St Peters Catholic College'; matched status: verified,St Peters Catholic College,direct,,aph
edu-i0m-96f806adb33a43c9,aph-i0m,acara-48924,secondary,,,attended_unspecified,https://handbookapi.aph.gov.au/api/individuals?$filter=PHID eq 'I0M',2026-10-02 08:23:59.813516+10:00,verified,Parsed from APH Handbook text 'Iona Presentation College'; matched status: verified,Iona Presentation College,direct,,aph
edu-i0n-109a526106eacf0d,aph-i0n,acara-49693,secondary,,,attended_unspecified,https://handbookapi.aph.gov.au/api/individuals?$filter=PHID eq 'I0N',2026-10-02 08:23:59.813516+10:00,verified,Parsed from APH Handbook text 'Blackfriars Priory School'; matched status: verified,Blackfriars Priory School,direct,,aph
edu-i0q-778527ed3ab48cff,aph-i0q,inst-unmatched-saint-peters-college,secondary,,,attended_unspecified,https://handbookapi.aph.gov.au/api/individuals?$filter=PHID eq 'I0Q',2026-10-02 08:23:59.813516+10:00,unconfirmed,Parsed from APH Handbook text 'St Peter's College'; matched status: unconfirmed; Historical name maps to several ACARA identifiers; manual review required,St Peter's College,unresolved,,aph
edu-i0q-a273f25b8c284186,aph-i0q,acara-45864,secondary,,,attended_unspecified,https://handbookapi.aph.gov.au/api/individuals?$filter=PHID eq 'I0Q',2026-10-02 08:23:59.813516+10:00,verified,Parsed from APH Handbook text 'St Bernard's College'; matched status: verified,St Bernard's College,direct,,aph
edu-i0t-74636fb6e07d1082,aph-i0t,acara-48127,secondary,,,attended_unspecified,https://handbookapi.aph.gov.au/api/individuals?$filter=PHID eq 'I0T',2026-10-02 08:23:59.813516+10:00,verified,Parsed from APH Handbook text 'Eastern Hills Senior High School'; matched status: verified,Eastern Hills Senior High School,direct,,aph
edu-i0u-fcfc809a5d0d673c,aph-i0u,acara-45446,secondary,,,attended_unspecified,https://handbookapi.aph.gov.au/api/individuals?$filter=PHID eq 'I0U',2026-10-02 08:23:59.813516+10:00,verified,Parsed from APH Handbook text 'Orbost Secondary College'; matched status: verified,Orbost Secondary College,direct,,aph
edu-i8m-ecd49ccf402aa9c8,aph-i8m,acara-40367,secondary,,,attended_unspecified,https://handbookapi.aph.gov.au/api/individuals?$filter=PHID eq 'I8M',2026-10-02 08:23:59.813516+10:00,verified,Parsed from APH Handbook text 'Knox Grammar School'; matched status: verified,Knox Grammar School,direct,,aph
edu-ing-48d76828ecdb0ae7,aph-ing,inst-unmatched-stirling-college,secondary,,,attended_unspecified,https://handbookapi.aph.gov.au/api/individuals?$filter=PHID eq 'ING',2026-10-02 08:23:59.813516+10:00,unconfirmed,Parsed from APH Handbook text 'Stirling College'; matched status: unconfirmed,Stirling College,unresolved,,aph
edu-ing-f45dc60b3fe3aa75,aph-ing,acara-49924,secondary,,,attended_unspecified,https://handbookapi.aph.gov.au/api/individuals?$filter=PHID eq 'ING',2026-10-02 08:23:59.813516+10:00,verified,Parsed from APH Handbook text 'Melrose High School'; matched status: verified,Melrose High School,direct,,aph
edu-ipz-67a2109800f3bba9,aph-ipz,inst-unmatched-sale-high-school,secondary,,,attended_unspecified,https://handbookapi.aph.gov.au/api/individuals?$filter=PHID eq 'IPZ',2026-10-02 08:23:59.813516+10:00,unconfirmed,Parsed from APH Handbook text 'Sale High School'; matched status: unconfirmed; Legacy alias requires sourced identity/successor review,Sale High School,unresolved,,aph
edu-iwk-916465508ecf6d54,aph-iwk,acara-41324,secondary,,,attended_unspecified,https://handbookapi.aph.gov.au/api/individuals?$filter=PHID eq 'IWK',2026-10-02 08:23:59.813516+10:00,verified,Parsed from APH Handbook text 'Cheltenham Girls High School'; matched status: verified,Cheltenham Girls High School,direct,,aph
edu-iwk-e5b7ed4b6c400eb3,aph-iwk,inst-unmatched-greythorn-high-school,secondary,,,attended_unspecified,https://handbookapi.aph.gov.au/api/individuals?$filter=PHID eq 'IWK',2026-10-02 08:23:59.813516+10:00,unconfirmed,Parsed from APH Handbook text 'Greythorn High School'; matched status: unconfirmed,Greythorn High School,unresolved,,aph
edu-jh5-c00d327efd749d08,aph-jh5,inst-unmatched-secondary-school-teacher-at-bankstown-gi,secondary,,,attended_unspecified,https://handbookapi.aph.gov.au/api/individuals?$filter=PHID eq 'JH5',2026-10-02 08:23:59.813516+10:00,unconfirmed,Parsed from APH Handbook text 'Secondary school teacher at Bankstown Girls' School and Queanbeyan High School'; matched status: unconfirmed,Secondary school teacher at Bankstown Girls' School and Queanbeyan High School,unresolved,,aph
edu-jkm-3e165806fe2d9bb7,aph-jkm,inst-unmatched-hobart-matriculation-college,secondary,,,attended_unspecified,https://handbookapi.aph.gov.au/api/individuals?$filter=PHID eq 'JKM',2026-10-02 08:23:59.813516+10:00,unconfirmed,Parsed from APH Handbook text 'Hobart Matriculation College'; matched status: unconfirmed; Legacy alias requires sourced identity/successor review,Hobart Matriculation College,unresolved,,aph
edu-jkm-5615658d42cd1182,aph-jkm,acara-40076,secondary,,,attended_unspecified,https://handbookapi.aph.gov.au/api/individuals?$filter=PHID eq 'JKM',2026-10-02 08:23:59.813516+10:00,verified,Parsed from APH Handbook text 'Kingston High School'; matched status: verified,Kingston High School,direct,,aph
edu-jkm-743cb18c4aa0ea28,aph-jkm,inst-unmatched-hutchins-school,secondary,,,attended_unspecified,https://handbookapi.aph.gov.au/api/individuals?$filter=PHID eq 'JKM',2026-10-02 08:23:59.813516+10:00,unconfirmed,Parsed from APH Handbook text 'Hutchins School'; matched status: unconfirmed; Legacy alias requires sourced identity/successor review,Hutchins School,unresolved,,aph
edu-lnw-b90cc8fe47a3d6f4,aph-lnw,inst-unmatched-notre-dame-academy-toledo-ohio,secondary,,,attended_unspecified,https://handbookapi.aph.gov.au/api/individuals?$filter=PHID eq 'LNW',2026-10-02 08:23:59.813516+10:00,unconfirmed,"Parsed from APH Handbook text 'Notre Dame Academy (Toledo, Ohio)'; matched status: unconfirmed","Notre Dame Academy (Toledo, Ohio)",unresolved,,aph
edu-ltu-961a7caadcbc94cc,aph-ltu,inst-unmatched-academy-of-mary-immaculate-fitzroy,secondary,,,attended_unspecified,https://handbookapi.aph.gov.au/api/individuals?$filter=PHID eq 'LTU',2026-10-02 08:23:59.813516+10:00,unconfirmed,Parsed from APH Handbook text 'Academy of Mary Immaculate Fitzroy'; matched status: unconfirmed; Legacy alias requires sourced identity/successor review,Academy of Mary Immaculate Fitzroy,unresolved,,aph
edu-m2y-cf6577bf96921969,aph-m2y,acara-46189,secondary,,,attended_unspecified,https://handbookapi.aph.gov.au/api/individuals?$filter=PHID eq 'M2Y',2026-10-02 08:23:59.813516+10:00,verified,Parsed from APH Handbook text 'Haileybury College'; matched status: verified,Haileybury College,direct,,aph
edu-m3a-b5d93d7c629cfe5c,aph-m3a,acara-48170,secondary,,,attended_unspecified,https://handbookapi.aph.gov.au/api/individuals?$filter=PHID eq 'M3A',2026-10-02 08:23:59.813516+10:00,verified,Parsed from APH Handbook text 'Corrigin District High School'; matched status: verified,Corrigin District High School,direct,,aph
edu-m3a-c9f8bf9d79ee8f8f,aph-m3a,acara-48131,secondary,,,attended_unspecified,https://handbookapi.aph.gov.au/api/individuals?$filter=PHID eq 'M3A',2026-10-02 08:23:59.813516+10:00,verified,Parsed from APH Handbook text 'Hampton Senior High School'; matched status: verified,Hampton Senior High School,direct,,aph
edu-m3c-8a0140ab5050d56d,aph-m3c,inst-unmatched-hollywood-high-school,secondary,,,attended_unspecified,https://handbookapi.aph.gov.au/api/individuals?$filter=PHID eq 'M3C',2026-10-02 08:23:59.813516+10:00,unconfirmed,Parsed from APH Handbook text 'Hollywood High School'; matched status: unconfirmed; Legacy alias requires sourced identity/successor review,Hollywood High School,unresolved,,aph
edu-m3e-5e38500c4077d03d,aph-m3e,inst-unmatched-broadmeadows-technical-school,secondary,,,attended_unspecified,https://handbookapi.aph.gov.au/api/individuals?$filter=PHID eq 'M3E',2026-10-02 08:23:59.813516+10:00,unconfirmed,Parsed from APH Handbook text 'Broadmeadows Technical School'; matched status: unconfirmed,Broadmeadows Technical School,unresolved,,aph
edu-m3m-2209586373cca3ef,aph-m3m,inst-unmatched-narrabeen-boys-high-school,secondary,,,attended_unspecified,https://handbookapi.aph.gov.au/api/individuals?$filter=PHID eq 'M3M',2026-10-02 08:23:59.813516+10:00,unconfirmed,Parsed from APH Handbook text 'Narrabeen Boys High School'; matched status: unconfirmed; Legacy alias requires sourced identity/successor review,Narrabeen Boys High School,unresolved,,aph
edu-m56-7c604789e447d661,aph-m56,inst-unmatched-mlc,secondary,,,attended_unspecified,https://handbookapi.aph.gov.au/api/individuals?$filter=PHID eq 'M56',2026-10-02 08:23:59.813516+10:00,unconfirmed,Parsed from APH Handbook text 'MLC'; matched status: unconfirmed; Legacy alias requires sourced identity/successor review,MLC,unresolved,,aph
edu-mt4-a7e0beca95837859,aph-mt4,inst-unmatched-wesley-college,secondary,,,attended_unspecified,https://handbookapi.aph.gov.au/api/individuals?$filter=PHID eq 'MT4',2026-10-02 08:23:59.813516+10:00,unconfirmed,Parsed from APH Handbook text 'Wesley College'; matched status: unconfirmed; Historical name maps to several ACARA identifiers; manual review required,Wesley College,unresolved,,aph
edu-sr5-d257011bf894f92b,aph-sr5,acara-45893,secondary,,,attended_unspecified,https://handbookapi.aph.gov.au/api/individuals?$filter=PHID eq 'SR5',2026-10-02 08:23:59.813516+10:00,verified,Parsed from APH Handbook text 'Monivae College'; matched status: verified,Monivae College,direct,,aph
edu-zn4-8cc84ad5f100dc69,aph-zn4,inst-unmatched-sacred-heart-college,secondary,,,attended_unspecified,https://handbookapi.aph.gov.au/api/individuals?$filter=PHID eq 'ZN4',2026-10-02 08:23:59.813516+10:00,unconfirmed,Parsed from APH Handbook text 'Sacred Heart College'; matched status: unconfirmed; Historical name maps to several ACARA identifiers; manual review required,Sacred Heart College,unresolved,,aph
edu-zn4-ccee967db88d22f3,aph-zn4,inst-unmatched-geelong-college,secondary,,,attended_unspecified,https://handbookapi.aph.gov.au/api/individuals?$filter=PHID eq 'ZN4',2026-10-02 08:23:59.813516+10:00,unconfirmed,Parsed from APH Handbook text 'Geelong College'; matched status: unconfirmed; Legacy alias requires sourced identity/successor review,Geelong College,unresolved,,aph
