service_id,member_id,parliament_number,chamber,party,party_abbrev,electorate,state_or_territory,service_start,service_end,is_opening_day_member,is_current_member,source_url,retrieved_at,source_service_start,source_service_end
srv-008ch-47-950ac14bb2ca505d,aph-008ch,47,representatives,Independent,IND,Goldstein,VIC,2022-07-26,2025-03-28,True,False,https://handbookapi.aph.gov.au/api/individuals?$filter=PHID eq '008CH',2026-10-02 08:23:59.813516+10:00,2022-05-21,2025-05-03
srv-008k0-42-c51e69abf3269eeb,aph-008k0,42,representatives,Australian Labor Party,ALP,Holt,VIC,2008-02-12,2010-07-19,True,False,https://handbookapi.aph.gov.au/api/individuals?$filter=PHID eq '008K0',2026-10-02 08:23:59.813516+10:00,2007-11-24,2010-08-21
srv-008k0-43-409aa2dda69a1818,aph-008k0,43,representatives,Australian Labor Party,ALP,Holt,VIC,2010-09-28,2013-08-05,True,False,https://handbookapi.aph.gov.au/api/individuals?$filter=PHID eq '008K0',2026-10-02 08:23:59.813516+10:00,2010-08-21,2013-09-07
srv-008k0-44-80085909aa39e43a,aph-008k0,44,representatives,Australian Labor Party,ALP,Holt,VIC,2013-11-12,2016-05-09,True,False,https://handbookapi.aph.gov.au/api/individuals?$filter=PHID eq '008K0',2026-10-02 08:23:59.813516+10:00,2013-09-07,2016-07-02
srv-008k0-45-f734d71ee9d08d78,aph-008k0,45,representatives,Australian Labor Party,ALP,Holt,VIC,2016-08-30,2019-04-11,True,False,https://handbookapi.aph.gov.au/api/individuals?$filter=PHID eq '008K0',2026-10-02 08:23:59.813516+10:00,2016-07-02,2019-05-18
srv-008k0-46-3c2906fa886831d7,aph-008k0,46,representatives,Australian Labor Party,ALP,Holt,VIC,2019-07-02,2022-04-11,True,False,https://handbookapi.aph.gov.au/api/individuals?$filter=PHID eq '008K0',2026-10-02 08:23:59.813516+10:00,2019-05-18,2022-04-11
srv-008w7-42-27c3fa12aca4e3ca,aph-008w7,42,senate,Liberal Party of Australia,LP,,QLD,2008-02-12,2010-07-19,True,False,https://handbookapi.aph.gov.au/api/individuals?$filter=PHID eq '008W7',2026-10-02 08:23:59.813516+10:00,2005-07-01,2011-06-30
srv-008w7-43-caf764be0226f779,aph-008w7,43,senate,Liberal Party of Australia,LP,,QLD,2010-09-28,2013-08-05,True,False,https://handbookapi.aph.gov.au/api/individuals?$filter=PHID eq '008W7',2026-10-02 08:23:59.813516+10:00,2005-07-01,2016-07-02
srv-008w7-44-56de330abcfb938e,aph-008w7,44,senate,Liberal Party of Australia,LP,,QLD,2013-11-12,2016-05-09,True,False,https://handbookapi.aph.gov.au/api/individuals?$filter=PHID eq '008W7',2026-10-02 08:23:59.813516+10:00,2011-07-01,2016-07-02
srv-008w7-45-61d6087e18b3b4ae,aph-008w7,45,senate,Liberal Party of Australia,LP,,QLD,2016-08-30,2018-02-07,True,False,https://handbookapi.aph.gov.au/api/individuals?$filter=PHID eq '008W7',2026-10-02 08:23:59.813516+10:00,2016-07-02,2018-02-07
srv-008z0-45-b5cf915e7de7b67c,aph-008z0,45,representatives,Independent,IND,Wentworth,NSW,2018-10-20,2019-04-11,False,False,https://handbookapi.aph.gov.au/api/individuals?$filter=PHID eq '008Z0',2026-10-02 08:23:59.813516+10:00,2018-10-20,2019-05-18
srv-009lp-42-a42bb78f422f5a60,aph-009lp,42,representatives,Independent,IND,New England,NSW,2008-02-12,2010-07-19,True,False,https://handbookapi.aph.gov.au/api/individuals?$filter=PHID eq '009LP',2026-10-02 08:23:59.813516+10:00,2007-11-24,2010-08-21
srv-009lp-43-261d031f83a16c3f,aph-009lp,43,representatives,Independent,IND,New England,NSW,2010-09-28,2013-08-05,True,False,https://handbookapi.aph.gov.au/api/individuals?$filter=PHID eq '009LP',2026-10-02 08:23:59.813516+10:00,2010-08-21,2013-08-05
srv-00aki-42-cd5d9a365be7f3b4,aph-00aki,42,representatives,Liberal Party of Australia,LP,Dickson,QLD,2008-02-12,2010-07-19,True,False,https://handbookapi.aph.gov.au/api/individuals?$filter=PHID eq '00AKI',2026-10-02 08:23:59.813516+10:00,2007-11-24,2010-08-21
srv-00aki-43-d3b79ca4acecbe2b,aph-00aki,43,representatives,Liberal Party of Australia,LP,Dickson,QLD,2010-09-28,2013-08-05,True,False,https://handbookapi.aph.gov.au/api/individuals?$filter=PHID eq '00AKI',2026-10-02 08:23:59.813516+10:00,2010-08-21,2013-09-07
srv-00aki-44-fe7d089238d97773,aph-00aki,44,representatives,Liberal Party of Australia,LP,Dickson,QLD,2013-11-12,2016-05-09,True,False,https://handbookapi.aph.gov.au/api/individuals?$filter=PHID eq '00AKI',2026-10-02 08:23:59.813516+10:00,2013-09-07,2016-07-02
srv-00aki-45-cd69a72b01f7192f,aph-00aki,45,representatives,Liberal Party of Australia,LP,Dickson,QLD,2016-08-30,2019-04-11,True,False,https://handbookapi.aph.gov.au/api/individuals?$filter=PHID eq '00AKI',2026-10-02 08:23:59.813516+10:00,2016-07-02,2019-05-18
srv-00aki-46-04997ff67caeeeeb,aph-00aki,46,representatives,Liberal Party of Australia,LP,Dickson,QLD,2019-07-02,2022-04-11,True,False,https://handbookapi.aph.gov.au/api/individuals?$filter=PHID eq '00AKI',2026-10-02 08:23:59.813516+10:00,2019-05-18,2022-05-21
srv-00aki-47-ff32394dc3d4b327,aph-00aki,47,representatives,Liberal Party of Australia,LP,Dickson,QLD,2022-07-26,2025-03-28,True,False,https://handbookapi.aph.gov.au/api/individuals?$filter=PHID eq '00AKI',2026-10-02 08:23:59.813516+10:00,2022-05-21,2025-05-03
srv-00amm-42-ec648470351c006a,aph-00amm,42,representatives,The Nationals,NP,Cowper,NSW,2008-02-12,2010-07-19,True,False,https://handbookapi.aph.gov.au/api/individuals?$filter=PHID eq '00AMM',2026-10-02 08:23:59.813516+10:00,2007-11-24,2010-08-21
srv-00amm-43-f7ca49b3e93cddbf,aph-00amm,43,representatives,The Nationals,NP,Cowper,NSW,2010-09-28,2013-08-05,True,False,https://handbookapi.aph.gov.au/api/individuals?$filter=PHID eq '00AMM',2026-10-02 08:23:59.813516+10:00,2010-08-21,2013-09-07
srv-00amm-44-6e70204a881842ba,aph-00amm,44,representatives,The Nationals,NP,Cowper,NSW,2013-11-12,2016-05-09,True,False,https://handbookapi.aph.gov.au/api/individuals?$filter=PHID eq '00AMM',2026-10-02 08:23:59.813516+10:00,2013-09-07,2016-07-02
srv-00amm-45-bcdd821c4d51ecad,aph-00amm,45,representatives,The Nationals,NP,Cowper,NSW,2016-08-30,2019-04-11,True,False,https://handbookapi.aph.gov.au/api/individuals?$filter=PHID eq '00AMM',2026-10-02 08:23:59.813516+10:00,2016-07-02,2019-04-11
srv-00amn-42-ec04627e997a1fac,aph-00amn,42,representatives,Liberal Party of Australia,LP,Farrer,NSW,2008-02-12,2010-07-19,True,False,https://handbookapi.aph.gov.au/api/individuals?$filter=PHID eq '00AMN',2026-10-02 08:23:59.813516+10:00,2007-11-24,2010-08-21
srv-00amn-43-6d832a2c850aac76,aph-00amn,43,representatives,Liberal Party of Australia,LP,Farrer,NSW,2010-09-28,2013-08-05,True,False,https://handbookapi.aph.gov.au/api/individuals?$filter=PHID eq '00AMN',2026-10-02 08:23:59.813516+10:00,2010-08-21,2013-09-07
srv-00amn-44-c6c61ab865b5b03d,aph-00amn,44,representatives,Liberal Party of Australia,LP,Farrer,NSW,2013-11-12,2016-05-09,True,False,https://handbookapi.aph.gov.au/api/individuals?$filter=PHID eq '00AMN',2026-10-02 08:23:59.813516+10:00,2013-09-07,2016-07-02
srv-00amn-45-7176f210a22de0d0,aph-00amn,45,representatives,Liberal Party of Australia,LP,Farrer,NSW,2016-08-30,2019-04-11,True,False,https://handbookapi.aph.gov.au/api/individuals?$filter=PHID eq '00AMN',2026-10-02 08:23:59.813516+10:00,2016-07-02,2019-05-18
srv-00amn-46-bd2ba891deeb96c7,aph-00amn,46,representatives,Liberal Party of Australia,LP,Farrer,NSW,2019-07-02,2022-04-11,True,False,https://handbookapi.aph.gov.au/api/individuals?$filter=PHID eq '00AMN',2026-10-02 08:23:59.813516+10:00,2019-05-18,2022-05-21
srv-00amn-47-903a89973b0b863a,aph-00amn,47,representatives,Liberal Party of Australia,LP,Farrer,NSW,2022-07-26,2025-03-28,True,False,https://handbookapi.aph.gov.au/api/individuals?$filter=PHID eq '00AMN',2026-10-02 08:23:59.813516+10:00,2022-05-21,2025-05-03
srv-00amn-48-e8e9342b07c8cdec,aph-00amn,48,representatives,Liberal Party of Australia,LP,Farrer,NSW,2025-07-22,2026-02-27,True,False,https://handbookapi.aph.gov.au/api/individuals?$filter=PHID eq '00AMN',2026-10-02 08:23:59.813516+10:00,2025-05-03,2026-02-27
srv-00amo-42-eeb9603e9c97785c,aph-00amo,42,representatives,Liberal Party of Australia,LP,Macarthur,NSW,2008-02-12,2010-07-19,True,False,https://handbookapi.aph.gov.au/api/individuals?$filter=PHID eq '00AMO',2026-10-02 08:23:59.813516+10:00,2007-11-24,2010-07-19
srv-00amp-42-8c220741606190eb,aph-00amp,42,representatives,Australian Labor Party,ALP,Newcastle,NSW,2008-02-12,2010-07-19,True,False,https://handbookapi.aph.gov.au/api/individuals?$filter=PHID eq '00AMP',2026-10-02 08:23:59.813516+10:00,2007-11-24,2010-08-21
srv-00amp-43-0009214bec25dd0a,aph-00amp,43,representatives,Australian Labor Party,ALP,Newcastle,NSW,2010-09-28,2013-08-05,True,False,https://handbookapi.aph.gov.au/api/individuals?$filter=PHID eq '00AMP',2026-10-02 08:23:59.813516+10:00,2010-08-21,2013-08-05
srv-00amr-42-432762e60cdca6c2,aph-00amr,42,representatives,Australian Labor Party,ALP,Ballarat,VIC,2008-02-12,2010-07-19,True,False,https://handbookapi.aph.gov.au/api/individuals?$filter=PHID eq '00AMR',2026-10-02 08:23:59.813516+10:00,2007-11-24,2010-08-21
srv-00amr-43-70dd59ee74723a31,aph-00amr,43,representatives,Australian Labor Party,ALP,Ballarat,VIC,2010-09-28,2013-08-05,True,False,https://handbookapi.aph.gov.au/api/individuals?$filter=PHID eq '00AMR',2026-10-02 08:23:59.813516+10:00,2010-08-21,2013-09-07
srv-00amr-44-f028b4228fdd14b7,aph-00amr,44,representatives,Australian Labor Party,ALP,Ballarat,VIC,2013-11-12,2016-05-09,True,False,https://handbookapi.aph.gov.au/api/individuals?$filter=PHID eq '00AMR',2026-10-02 08:23:59.813516+10:00,2013-09-07,2016-07-02
srv-00amr-45-d71539a381d44f49,aph-00amr,45,representatives,Australian Labor Party,ALP,Ballarat,VIC,2016-08-30,2019-04-11,True,False,https://handbookapi.aph.gov.au/api/individuals?$filter=PHID eq '00AMR',2026-10-02 08:23:59.813516+10:00,2016-07-02,2019-05-18
srv-00amr-46-39aaf6d6fc5fc7dd,aph-00amr,46,representatives,Australian Labor Party,ALP,Ballarat,VIC,2019-07-02,2022-04-11,True,False,https://handbookapi.aph.gov.au/api/individuals?$filter=PHID eq '00AMR',2026-10-02 08:23:59.813516+10:00,2019-05-18,2022-05-21
srv-00amr-47-77a952a688c8b2eb,aph-00amr,47,representatives,Australian Labor Party,ALP,Ballarat,VIC,2022-07-26,2025-03-28,True,False,https://handbookapi.aph.gov.au/api/individuals?$filter=PHID eq '00AMR',2026-10-02 08:23:59.813516+10:00,2022-05-21,2025-05-03
srv-00amr-48-3cebff7a7f45ccf9,aph-00amr,48,representatives,Australian Labor Party,ALP,Ballarat,VIC,2025-07-22,,True,True,https://handbookapi.aph.gov.au/api/individuals?$filter=PHID eq '00AMR',2026-10-02 08:23:59.813516+10:00,2025-05-03,2026-09-21
srv-00amt-42-3d8160e1fc6ab5ca,aph-00amt,42,representatives,Australian Labor Party,ALP,Calwell,VIC,2008-02-12,2010-07-19,True,False,https://handbookapi.aph.gov.au/api/individuals?$filter=PHID eq '00AMT',2026-10-02 08:23:59.813516+10:00,2007-11-24,2010-08-21
srv-00amt-43-631628dcfd2163d5,aph-00amt,43,representatives,Australian Labor Party,ALP,Calwell,VIC,2010-09-28,2013-08-05,True,False,https://handbookapi.aph.gov.au/api/individuals?$filter=PHID eq '00AMT',2026-10-02 08:23:59.813516+10:00,2010-08-21,2013-09-07
srv-00amt-44-d62baeaf98353874,aph-00amt,44,representatives,Australian Labor Party,ALP,Calwell,VIC,2013-11-12,2016-05-09,True,False,https://handbookapi.aph.gov.au/api/individuals?$filter=PHID eq '00AMT',2026-10-02 08:23:59.813516+10:00,2013-09-07,2016-07-02
srv-00amt-45-de2c9d57d8294b94,aph-00amt,45,representatives,Australian Labor Party,ALP,Calwell,VIC,2016-08-30,2019-04-11,True,False,https://handbookapi.aph.gov.au/api/individuals?$filter=PHID eq '00AMT',2026-10-02 08:23:59.813516+10:00,2016-07-02,2019-05-18
srv-00amt-46-ebe4cbe444f8a36f,aph-00amt,46,representatives,Australian Labor Party,ALP,Calwell,VIC,2019-07-02,2022-04-11,True,False,https://handbookapi.aph.gov.au/api/individuals?$filter=PHID eq '00AMT',2026-10-02 08:23:59.813516+10:00,2019-05-18,2022-05-21
srv-00amt-47-34cf2f8ed2294a88,aph-00amt,47,representatives,Australian Labor Party,ALP,Calwell,VIC,2022-07-26,2025-03-28,True,False,https://handbookapi.aph.gov.au/api/individuals?$filter=PHID eq '00AMT',2026-10-02 08:23:59.813516+10:00,2022-05-21,2025-03-28
srv-00amu-42-4ec3a735cf2a20a9,aph-00amu,42,representatives,Liberal Party of Australia,LP,Indi,VIC,2008-02-12,2010-07-19,True,False,https://handbookapi.aph.gov.au/api/individuals?$filter=PHID eq '00AMU',2026-10-02 08:23:59.813516+10:00,2007-11-24,2010-08-21
srv-00amu-43-faa30f4ff2c75a07,aph-00amu,43,representatives,Liberal Party of Australia,LP,Indi,VIC,2010-09-28,2013-08-05,True,False,https://handbookapi.aph.gov.au/api/individuals?$filter=PHID eq '00AMU',2026-10-02 08:23:59.813516+10:00,2010-08-21,2013-09-07
srv-00amv-42-d03cd3e191bed230,aph-00amv,42,representatives,Liberal Party of Australia,LP,Flinders,VIC,2008-02-12,2010-07-19,True,False,https://handbookapi.aph.gov.au/api/individuals?$filter=PHID eq '00AMV',2026-10-02 08:23:59.813516+10:00,2007-11-24,2010-08-21
srv-00amv-43-fea346ac96e9cc48,aph-00amv,43,representatives,Liberal Party of Australia,LP,Flinders,VIC,2010-09-28,2013-08-05,True,False,https://handbookapi.aph.gov.au/api/individuals?$filter=PHID eq '00AMV',2026-10-02 08:23:59.813516+10:00,2010-08-21,2013-09-07
srv-00amv-44-fc1a3d9d50f5f4cd,aph-00amv,44,representatives,Liberal Party of Australia,LP,Flinders,VIC,2013-11-12,2016-05-09,True,False,https://handbookapi.aph.gov.au/api/individuals?$filter=PHID eq '00AMV',2026-10-02 08:23:59.813516+10:00,2013-09-07,2016-07-02
srv-00amv-45-e66d2078e2e25bb3,aph-00amv,45,representatives,Liberal Party of Australia,LP,Flinders,VIC,2016-08-30,2019-04-11,True,False,https://handbookapi.aph.gov.au/api/individuals?$filter=PHID eq '00AMV',2026-10-02 08:23:59.813516+10:00,2016-07-02,2019-05-18
srv-00amv-46-418347fbdb5ba44b,aph-00amv,46,representatives,Liberal Party of Australia,LP,Flinders,VIC,2019-07-02,2022-04-11,True,False,https://handbookapi.aph.gov.au/api/individuals?$filter=PHID eq '00AMV',2026-10-02 08:23:59.813516+10:00,2019-05-18,2022-04-11
srv-00amx-42-a43f44d8487744ed,aph-00amx,42,representatives,Independent,IND,Ryan,QLD,2010-05-21,2010-07-19,False,False,https://handbookapi.aph.gov.au/api/individuals?$filter=PHID eq '00AMX',2026-10-02 08:23:59.813516+10:00,2007-11-24,2010-08-21
srv-00amx-42-c04131d889866703,aph-00amx,42,representatives,Liberal Party of Australia,LP,Ryan,QLD,2008-02-12,2010-05-20,True,False,https://handbookapi.aph.gov.au/api/individuals?$filter=PHID eq '00AMX',2026-10-02 08:23:59.813516+10:00,2007-11-24,2010-08-21
srv-00an0-42-d8a7dd5cd201c735,aph-00an0,42,representatives,Liberal Party of Australia,LP,Moncrieff,QLD,2008-02-12,2010-07-19,True,False,https://handbookapi.aph.gov.au/api/individuals?$filter=PHID eq '00AN0',2026-10-02 08:23:59.813516+10:00,2007-11-24,2010-08-21
srv-00an0-43-d2c04186271cc49f,aph-00an0,43,representatives,Liberal Party of Australia,LP,Moncrieff,QLD,2010-09-28,2013-08-05,True,False,https://handbookapi.aph.gov.au/api/individuals?$filter=PHID eq '00AN0',2026-10-02 08:23:59.813516+10:00,2010-08-21,2013-09-07
srv-00an0-44-8715c08611259da0,aph-00an0,44,representatives,Liberal Party of Australia,LP,Moncrieff,QLD,2013-11-12,2016-05-09,True,False,https://handbookapi.aph.gov.au/api/individuals?$filter=PHID eq '00AN0',2026-10-02 08:23:59.813516+10:00,2013-09-07,2016-07-02
srv-00an0-45-1c24841d7df9ca45,aph-00an0,45,representatives,Liberal Party of Australia,LP,Moncrieff,QLD,2016-08-30,2019-04-11,True,False,https://handbookapi.aph.gov.au/api/individuals?$filter=PHID eq '00AN0',2026-10-02 08:23:59.813516+10:00,2016-07-02,2019-04-11
srv-00an1-42-8f46f94384a04511,aph-00an1,42,representatives,The Nationals,NP,Calare,NSW,2008-02-12,2010-07-19,True,False,https://handbookapi.aph.gov.au/api/individuals?$filter=PHID eq '00AN1',2026-10-02 08:23:59.813516+10:00,2007-11-24,2010-08-21
srv-00an1-43-bcfb9e75f002ccd2,aph-00an1,43,representatives,The Nationals,NP,Calare,NSW,2010-09-28,2013-08-05,True,False,https://handbookapi.aph.gov.au/api/individuals?$filter=PHID eq '00AN1',2026-10-02 08:23:59.813516+10:00,2010-08-21,2013-09-07
srv-00an1-44-67461a18f2e90e0c,aph-00an1,44,representatives,The Nationals,NP,Calare,NSW,2013-11-12,2016-05-09,True,False,https://handbookapi.aph.gov.au/api/individuals?$filter=PHID eq '00AN1',2026-10-02 08:23:59.813516+10:00,2013-09-07,2016-05-09
srv-00an2-42-d94273a3b47bf901,aph-00an2,42,representatives,Australian Labor Party,ALP,Hasluck,WA,2008-02-12,2010-07-19,True,False,https://handbookapi.aph.gov.au/api/individuals?$filter=PHID eq '00AN2',2026-10-02 08:23:59.813516+10:00,2007-11-24,2010-08-21
srv-00an3-42-44ce1a9a67119dab,aph-00an3,42,representatives,Australian Labor Party,ALP,Gorton,VIC,2008-02-12,2010-07-19,True,False,https://handbookapi.aph.gov.au/api/individuals?$filter=PHID eq '00AN3',2026-10-02 08:23:59.813516+10:00,2007-11-24,2010-08-21
srv-00an3-43-cd18f6f1710d4516,aph-00an3,43,representatives,Australian Labor Party,ALP,Gorton,VIC,2010-09-28,2013-08-05,True,False,https://handbookapi.aph.gov.au/api/individuals?$filter=PHID eq '00AN3',2026-10-02 08:23:59.813516+10:00,2010-08-21,2013-09-07
srv-00an3-44-b5512004871968e0,aph-00an3,44,representatives,Australian Labor Party,ALP,Gorton,VIC,2013-11-12,2016-05-09,True,False,https://handbookapi.aph.gov.au/api/individuals?$filter=PHID eq '00AN3',2026-10-02 08:23:59.813516+10:00,2013-09-07,2016-07-02
srv-00an3-45-b1fa0b344b6c9dc2,aph-00an3,45,representatives,Australian Labor Party,ALP,Gorton,VIC,2016-08-30,2019-04-11,True,False,https://handbookapi.aph.gov.au/api/individuals?$filter=PHID eq '00AN3',2026-10-02 08:23:59.813516+10:00,2016-07-02,2019-05-18
srv-00an3-46-26326238a51e011b,aph-00an3,46,representatives,Australian Labor Party,ALP,Gorton,VIC,2019-07-02,2022-04-11,True,False,https://handbookapi.aph.gov.au/api/individuals?$filter=PHID eq '00AN3',2026-10-02 08:23:59.813516+10:00,2019-05-18,2022-05-21
srv-00an3-47-a22a150503a63b2a,aph-00an3,47,representatives,Australian Labor Party,ALP,Gorton,VIC,2022-07-26,2025-03-28,True,False,https://handbookapi.aph.gov.au/api/individuals?$filter=PHID eq '00AN3',2026-10-02 08:23:59.813516+10:00,2022-05-21,2025-03-28
srv-00aol-42-e6ae0c1f476ad59d,aph-00aol,42,senate,Liberal Party of Australia,LP,,TAS,2008-02-12,2010-07-19,True,False,https://handbookapi.aph.gov.au/api/individuals?$filter=PHID eq '00AOL',2026-10-02 08:23:59.813516+10:00,2002-07-01,2014-06-30
srv-00aol-43-d305a102fc63470f,aph-00aol,43,senate,Liberal Party of Australia,LP,,TAS,2010-09-28,2013-08-05,True,False,https://handbookapi.aph.gov.au/api/individuals?$filter=PHID eq '00AOL',2026-10-02 08:23:59.813516+10:00,2008-07-01,2014-06-30
srv-00aol-44-0e5fa684227e621e,aph-00aol,44,senate,Liberal Party of Australia,LP,,TAS,2013-11-12,2016-05-09,True,False,https://handbookapi.aph.gov.au/api/individuals?$filter=PHID eq '00AOL',2026-10-02 08:23:59.813516+10:00,2008-07-01,2016-07-02
srv-00aol-45-ce924c4d48446569,aph-00aol,45,senate,Liberal Party of Australia,LP,,TAS,2018-02-09,2019-04-11,False,False,https://handbookapi.aph.gov.au/api/individuals?$filter=PHID eq '00AOL',2026-10-02 08:23:59.813516+10:00,2018-02-09,2019-06-30
srv-00aol-46-056e1e5f8bfd74c2,aph-00aol,46,senate,Liberal Party of Australia,LP,,TAS,2019-07-02,2022-04-11,True,False,https://handbookapi.aph.gov.au/api/individuals?$filter=PHID eq '00AOL',2026-10-02 08:23:59.813516+10:00,2019-07-01,2025-06-30
srv-00aol-47-3769ea16ddf2406b,aph-00aol,47,senate,Liberal Party of Australia,LP,,TAS,2022-07-26,2025-03-28,True,False,https://handbookapi.aph.gov.au/api/individuals?$filter=PHID eq '00AOL',2026-10-02 08:23:59.813516+10:00,2019-07-01,2025-06-30
srv-00aol-48-2bf21d49824a86c4,aph-00aol,48,senate,Liberal Party of Australia,LP,,TAS,2025-07-22,,True,True,https://handbookapi.aph.gov.au/api/individuals?$filter=PHID eq '00AOL',2026-10-02 08:23:59.813516+10:00,2025-07-01,2026-09-21
srv-00aom-42-56aab9ed9aefc7cc,aph-00aom,42,senate,The Nationals,NP,,NT,2008-02-12,2010-07-19,True,False,https://handbookapi.aph.gov.au/api/individuals?$filter=PHID eq '00AOM',2026-10-02 08:23:59.813516+10:00,2007-11-24,2010-08-21
srv-00aom-43-97452f8862aa1fe6,aph-00aom,43,senate,The Nationals,NP,,NT,2010-09-28,2013-08-05,True,False,https://handbookapi.aph.gov.au/api/individuals?$filter=PHID eq '00AOM',2026-10-02 08:23:59.813516+10:00,2010-08-21,2013-09-07
srv-00aom-44-dfa262aa087c3558,aph-00aom,44,senate,The Nationals,NP,,NT,2013-11-12,2016-05-09,True,False,https://handbookapi.aph.gov.au/api/individuals?$filter=PHID eq '00AOM',2026-10-02 08:23:59.813516+10:00,2013-09-07,2016-07-02
srv-00aom-45-61ca07093226126a,aph-00aom,45,senate,The Nationals,NP,,NT,2016-08-30,2019-04-11,True,False,https://handbookapi.aph.gov.au/api/individuals?$filter=PHID eq '00AOM',2026-10-02 08:23:59.813516+10:00,2016-07-02,2019-05-18
srv-00aon-42-5ffdd9798185796d,aph-00aon,42,senate,Liberal Party of Australia,LP,,WA,2008-02-12,2010-07-19,True,False,https://handbookapi.aph.gov.au/api/individuals?$filter=PHID eq '00AON',2026-10-02 08:23:59.813516+10:00,2002-07-01,2014-06-30
srv-00aon-43-a64575862268c11f,aph-00aon,43,senate,Liberal Party of Australia,LP,,WA,2010-09-28,2013-08-05,True,False,https://handbookapi.aph.gov.au/api/individuals?$filter=PHID eq '00AON',2026-10-02 08:23:59.813516+10:00,2008-07-01,2014-06-30
srv-00aon-44-9465fa0d85def696,aph-00aon,44,senate,Liberal Party of Australia,LP,,WA,2013-11-12,2016-05-09,True,False,https://handbookapi.aph.gov.au/api/individuals?$filter=PHID eq '00AON',2026-10-02 08:23:59.813516+10:00,2008-07-01,2016-07-02
srv-00aoo-42-9d8058adb0640aee,aph-00aoo,42,senate,Australian Labor Party,ALP,,SA,2008-02-12,2008-06-30,True,False,https://handbookapi.aph.gov.au/api/individuals?$filter=PHID eq '00AOO',2026-10-02 08:23:59.813516+10:00,2002-07-01,2008-06-30
srv-00aop-42-8af42f6fdab268bc,aph-00aop,42,senate,Australian Labor Party,ALP,,VIC,2008-02-12,2010-07-19,True,False,https://handbookapi.aph.gov.au/api/individuals?$filter=PHID eq '00AOP',2026-10-02 08:23:59.813516+10:00,2002-07-01,2014-06-30
srv-00aop-43-42679795eb69c55b,aph-00aop,43,senate,Australian Labor Party,ALP,,VIC,2010-09-28,2013-08-05,True,False,https://handbookapi.aph.gov.au/api/individuals?$filter=PHID eq '00AOP',2026-10-02 08:23:59.813516+10:00,2008-07-01,2014-06-30
srv-00aop-44-9332c6ef7a2a7ae2,aph-00aop,44,senate,Australian Labor Party,ALP,,VIC,2013-11-12,2016-05-09,True,False,https://handbookapi.aph.gov.au/api/individuals?$filter=PHID eq '00AOP',2026-10-02 08:23:59.813516+10:00,2008-07-01,2016-07-01
srv-00aop-45-6c2da3ece62cc632,aph-00aop,45,senate,Australian Labor Party,ALP,,VIC,2016-08-30,2019-04-11,True,False,https://handbookapi.aph.gov.au/api/individuals?$filter=PHID eq '00AOP',2026-10-02 08:23:59.813516+10:00,2016-07-02,2019-06-30
srv-00aoq-42-bb5399736f199022,aph-00aoq,42,senate,Australian Labor Party,ALP,,QLD,2008-02-12,2010-07-19,True,False,https://handbookapi.aph.gov.au/api/individuals?$filter=PHID eq '00AOQ',2026-10-02 08:23:59.813516+10:00,2002-07-01,2014-06-30
srv-00aoq-43-fa5d8a772804f48a,aph-00aoq,43,senate,Australian Labor Party,ALP,,QLD,2010-09-28,2013-08-05,True,False,https://handbookapi.aph.gov.au/api/individuals?$filter=PHID eq '00AOQ',2026-10-02 08:23:59.813516+10:00,2008-07-01,2014-06-30
srv-00aoq-44-1be4a24c6244f84c,aph-00aoq,44,senate,Australian Labor Party,ALP,,QLD,2013-11-12,2016-05-09,True,False,https://handbookapi.aph.gov.au/api/individuals?$filter=PHID eq '00AOQ',2026-10-02 08:23:59.813516+10:00,2008-07-01,2016-07-01
srv-00aoq-45-909e019e3675db65,aph-00aoq,45,senate,Australian Labor Party,ALP,,QLD,2016-08-30,2019-04-11,True,False,https://handbookapi.aph.gov.au/api/individuals?$filter=PHID eq '00AOQ',2026-10-02 08:23:59.813516+10:00,2016-07-02,2019-06-30
srv-00aor-42-d4a155b836620c27,aph-00aor,42,senate,Australian Greens,GRN,,NSW,2008-02-12,2008-06-30,True,False,https://handbookapi.aph.gov.au/api/individuals?$filter=PHID eq '00AOR',2026-10-02 08:23:59.813516+10:00,2002-07-01,2008-06-30
srv-00aos-42-368a0b4707243243,aph-00aos,42,senate,Australian Labor Party,ALP,,NSW,2008-02-12,2010-07-19,True,False,https://handbookapi.aph.gov.au/api/individuals?$filter=PHID eq '00AOS',2026-10-02 08:23:59.813516+10:00,2002-07-01,2014-06-30
srv-00aos-43-9816e9e101c7ca73,aph-00aos,43,senate,Australian Labor Party,ALP,,NSW,2010-09-28,2013-08-05,True,False,https://handbookapi.aph.gov.au/api/individuals?$filter=PHID eq '00AOS',2026-10-02 08:23:59.813516+10:00,2008-07-01,2014-06-30
srv-00aos-44-8ed57ae2bd786735,aph-00aos,44,senate,Australian Labor Party,ALP,,NSW,2013-11-12,2014-06-30,True,False,https://handbookapi.aph.gov.au/api/individuals?$filter=PHID eq '00AOS',2026-10-02 08:23:59.813516+10:00,2008-07-01,2014-06-30
srv-00aot-42-52f0d79cae50d3f6,aph-00aot,42,senate,Australian Labor Party,ALP,,WA,2008-02-12,2008-06-30,True,False,https://handbookapi.aph.gov.au/api/individuals?$filter=PHID eq '00AOT',2026-10-02 08:23:59.813516+10:00,2002-07-01,2008-06-30
srv-00aou-42-9d8058adb0640aee,aph-00aou,42,senate,Australian Labor Party,ALP,,SA,2008-02-12,2010-07-19,True,False,https://handbookapi.aph.gov.au/api/individuals?$filter=PHID eq '00AOU',2026-10-02 08:23:59.813516+10:00,2002-07-01,2014-06-30
srv-00aou-43-e29e0b4a1c4bf1aa,aph-00aou,43,senate,Australian Labor Party,ALP,,SA,2010-09-28,2013-08-05,True,False,https://handbookapi.aph.gov.au/api/individuals?$filter=PHID eq '00AOU',2026-10-02 08:23:59.813516+10:00,2008-07-01,2014-06-30
srv-00aou-44-54401abe4cc70a19,aph-00aou,44,senate,Australian Labor Party,ALP,,SA,2013-11-12,2016-05-09,True,False,https://handbookapi.aph.gov.au/api/individuals?$filter=PHID eq '00AOU',2026-10-02 08:23:59.813516+10:00,2008-07-01,2016-07-01
srv-00aou-45-aaebd6974cf9f9dc,aph-00aou,45,senate,Australian Labor Party,ALP,,SA,2016-08-30,2019-04-11,True,False,https://handbookapi.aph.gov.au/api/individuals?$filter=PHID eq '00AOU',2026-10-02 08:23:59.813516+10:00,2016-07-02,2022-06-30
srv-00aou-46-b8abaac14a0ee608,aph-00aou,46,senate,Australian Labor Party,ALP,,SA,2019-07-02,2022-04-11,True,False,https://handbookapi.aph.gov.au/api/individuals?$filter=PHID eq '00AOU',2026-10-02 08:23:59.813516+10:00,2016-07-02,2022-06-30
srv-00aou-47-5e775ae36d6da5aa,aph-00aou,47,senate,Australian Labor Party,ALP,,SA,2022-07-26,2025-03-28,True,False,https://handbookapi.aph.gov.au/api/individuals?$filter=PHID eq '00AOU',2026-10-02 08:23:59.813516+10:00,2022-07-01,2026-09-21
srv-00aou-48-9b5b7ed0bdb8f9f8,aph-00aou,48,senate,Australian Labor Party,ALP,,SA,2025-07-22,,True,True,https://handbookapi.aph.gov.au/api/individuals?$filter=PHID eq '00AOU',2026-10-02 08:23:59.813516+10:00,2022-07-01,2026-09-21
srv-00apg-42-46ecb3843158bc6f,aph-00apg,42,representatives,Liberal Party of Australia,LP,Casey,VIC,2008-02-12,2010-07-19,True,False,https://handbookapi.aph.gov.au/api/individuals?$filter=PHID eq '00APG',2026-10-02 08:23:59.813516+10:00,2007-11-24,2010-08-21
srv-00apg-43-ea4e1c875237d8d3,aph-00apg,43,representatives,Liberal Party of Australia,LP,Casey,VIC,2010-09-28,2013-08-05,True,False,https://handbookapi.aph.gov.au/api/individuals?$filter=PHID eq '00APG',2026-10-02 08:23:59.813516+10:00,2010-08-21,2013-09-07
srv-00apg-44-d000501a98acb6a7,aph-00apg,44,representatives,Liberal Party of Australia,LP,Casey,VIC,2013-11-12,2016-05-09,True,False,https://handbookapi.aph.gov.au/api/individuals?$filter=PHID eq '00APG',2026-10-02 08:23:59.813516+10:00,2013-09-07,2016-07-02
srv-00apg-45-16790e11643a97a2,aph-00apg,45,representatives,Liberal Party of Australia,LP,Casey,VIC,2016-08-30,2019-04-11,True,False,https://handbookapi.aph.gov.au/api/individuals?$filter=PHID eq '00APG',2026-10-02 08:23:59.813516+10:00,2016-07-02,2019-05-18
srv-00apg-46-d4beca57f3c8436a,aph-00apg,46,representatives,Liberal Party of Australia,LP,Casey,VIC,2019-07-02,2022-04-11,True,False,https://handbookapi.aph.gov.au/api/individuals?$filter=PHID eq '00APG',2026-10-02 08:23:59.813516+10:00,2019-05-18,2022-04-11
srv-00atg-42-00a82a9defba0738,aph-00atg,42,representatives,Australian Labor Party,ALP,Maribyrnong,VIC,2008-02-12,2010-07-19,True,False,https://handbookapi.aph.gov.au/api/individuals?$filter=PHID eq '00ATG',2026-10-02 08:23:59.813516+10:00,2007-11-24,2010-08-21
srv-00atg-43-3fc699d698ba1a63,aph-00atg,43,representatives,Australian Labor Party,ALP,Maribyrnong,VIC,2010-09-28,2013-08-05,True,False,https://handbookapi.aph.gov.au/api/individuals?$filter=PHID eq '00ATG',2026-10-02 08:23:59.813516+10:00,2010-08-21,2013-09-07
srv-00atg-44-079f4ebccb5a4873,aph-00atg,44,representatives,Australian Labor Party,ALP,Maribyrnong,VIC,2013-11-12,2016-05-09,True,False,https://handbookapi.aph.gov.au/api/individuals?$filter=PHID eq '00ATG',2026-10-02 08:23:59.813516+10:00,2013-09-07,2016-07-02
srv-00atg-45-fcbf9fafcd327f20,aph-00atg,45,representatives,Australian Labor Party,ALP,Maribyrnong,VIC,2016-08-30,2019-04-11,True,False,https://handbookapi.aph.gov.au/api/individuals?$filter=PHID eq '00ATG',2026-10-02 08:23:59.813516+10:00,2016-07-02,2019-05-18
srv-00atg-46-7c115094879b6ae1,aph-00atg,46,representatives,Australian Labor Party,ALP,Maribyrnong,VIC,2019-07-02,2022-04-11,True,False,https://handbookapi.aph.gov.au/api/individuals?$filter=PHID eq '00ATG',2026-10-02 08:23:59.813516+10:00,2019-05-18,2022-05-21
srv-00atg-47-7f0282a92a744b31,aph-00atg,47,representatives,Australian Labor Party,ALP,Maribyrnong,VIC,2022-07-26,2025-01-20,True,False,https://handbookapi.aph.gov.au/api/individuals?$filter=PHID eq '00ATG',2026-10-02 08:23:59.813516+10:00,2022-05-21,2025-01-20
srv-00auf-42-e6ae0c1f476ad59d,aph-00auf,42,senate,Liberal Party of Australia,LP,,TAS,2008-02-12,2010-07-19,True,False,https://handbookapi.aph.gov.au/api/individuals?$filter=PHID eq '00AUF',2026-10-02 08:23:59.813516+10:00,2005-07-01,2011-06-30
srv-00auf-43-d305a102fc63470f,aph-00auf,43,senate,Liberal Party of Australia,LP,,TAS,2010-09-28,2011-06-30,True,False,https://handbookapi.aph.gov.au/api/individuals?$filter=PHID eq '00AUF',2026-10-02 08:23:59.813516+10:00,2005-07-01,2011-06-30
srv-00bcm-44-01d5cdb867a4340c,aph-00bcm,44,representatives,Liberal Party of Australia,LP,Eden-Monaro,NSW,2013-11-12,2016-05-09,True,False,https://handbookapi.aph.gov.au/api/individuals?$filter=PHID eq '00BCM',2026-10-02 08:23:59.813516+10:00,2013-09-07,2016-07-02
srv-0j4-42-c95bb9f25893a41f,aph-0j4,42,representatives,Liberal Party of Australia,LP,Berowra,NSW,2008-02-12,2010-07-19,True,False,https://handbookapi.aph.gov.au/api/individuals?$filter=PHID eq '0J4',2026-10-02 08:23:59.813516+10:00,2007-11-24,2010-08-21
srv-0j4-43-6d3d65ea1c0177ee,aph-0j4,43,representatives,Liberal Party of Australia,LP,Berowra,NSW,2010-09-28,2013-08-05,True,False,https://handbookapi.aph.gov.au/api/individuals?$filter=PHID eq '0J4',2026-10-02 08:23:59.813516+10:00,2010-08-21,2013-09-07
srv-0j4-44-d536f957643b9600,aph-0j4,44,representatives,Liberal Party of Australia,LP,Berowra,NSW,2013-11-12,2016-05-09,True,False,https://handbookapi.aph.gov.au/api/individuals?$filter=PHID eq '0J4',2026-10-02 08:23:59.813516+10:00,2013-09-07,2016-05-09
srv-0v5-42-f8ca797e817e6796,aph-0v5,42,representatives,Liberal Party of Australia,LP,Fisher,QLD,2008-02-12,2010-07-19,True,False,https://handbookapi.aph.gov.au/api/individuals?$filter=PHID eq '0V5',2026-10-02 08:23:59.813516+10:00,2007-11-24,2010-08-21
srv-0v5-43-26cdda7c887bc75c,aph-0v5,43,representatives,Independent,IND,Fisher,QLD,2011-11-24,2013-08-05,False,False,https://handbookapi.aph.gov.au/api/individuals?$filter=PHID eq '0V5',2026-10-02 08:23:59.813516+10:00,2010-08-21,2013-09-07
srv-0v5-43-6cf3362ee03be139,aph-0v5,43,representatives,Liberal Party of Australia,LP,Fisher,QLD,2010-09-28,2011-11-23,True,False,https://handbookapi.aph.gov.au/api/individuals?$filter=PHID eq '0V5',2026-10-02 08:23:59.813516+10:00,2010-08-21,2013-09-07
srv-101351-45-6395647a97b5bf38,aph-101351,45,representatives,Australian Labor Party,ALP,Wills,VIC,2016-08-30,2019-04-11,True,False,https://handbookapi.aph.gov.au/api/individuals?$filter=PHID eq '101351',2026-10-02 08:23:59.813516+10:00,2016-07-02,2019-05-18
srv-101351-46-8682252b345e71a0,aph-101351,46,representatives,Australian Labor Party,ALP,Wills,VIC,2019-07-02,2022-04-11,True,False,https://handbookapi.aph.gov.au/api/individuals?$filter=PHID eq '101351',2026-10-02 08:23:59.813516+10:00,2019-05-18,2022-05-21
srv-101351-47-2efa8073f8e969ab,aph-101351,47,representatives,Australian Labor Party,ALP,Wills,VIC,2022-07-26,2025-03-28,True,False,https://handbookapi.aph.gov.au/api/individuals?$filter=PHID eq '101351',2026-10-02 08:23:59.813516+10:00,2022-05-21,2025-05-03
srv-101351-48-7ab5c82854b60c2e,aph-101351,48,representatives,Australian Labor Party,ALP,Wills,VIC,2025-07-22,,True,True,https://handbookapi.aph.gov.au/api/individuals?$filter=PHID eq '101351',2026-10-02 08:23:59.813516+10:00,2025-05-03,2026-09-21
srv-102376-45-ef512a4b9700a979,aph-102376,45,representatives,Australian Labor Party,ALP,Brand,WA,2016-08-30,2019-04-11,True,False,https://handbookapi.aph.gov.au/api/individuals?$filter=PHID eq '102376',2026-10-02 08:23:59.813516+10:00,2016-07-02,2019-05-18
srv-102376-46-1101215c482b056f,aph-102376,46,representatives,Australian Labor Party,ALP,Brand,WA,2019-07-02,2022-04-11,True,False,https://handbookapi.aph.gov.au/api/individuals?$filter=PHID eq '102376',2026-10-02 08:23:59.813516+10:00,2019-05-18,2022-05-21
srv-102376-47-6295fb2f8b8a48ad,aph-102376,47,representatives,Australian Labor Party,ALP,Brand,WA,2022-07-26,2025-03-28,True,False,https://handbookapi.aph.gov.au/api/individuals?$filter=PHID eq '102376',2026-10-02 08:23:59.813516+10:00,2022-05-21,2025-05-03
srv-102376-48-303a4cb4d0d055e2,aph-102376,48,representatives,Australian Labor Party,ALP,Brand,WA,2025-07-22,,True,True,https://handbookapi.aph.gov.au/api/individuals?$filter=PHID eq '102376',2026-10-02 08:23:59.813516+10:00,2025-05-03,2026-09-21
srv-108616-44-1e131e43d9a1b980,aph-108616,44,senate,Independent,IND,,QLD,2015-03-12,2015-07-08,False,False,https://handbookapi.aph.gov.au/api/individuals?$filter=PHID eq '108616',2026-10-02 08:23:59.813516+10:00,2014-07-01,2016-07-02
srv-108616-44-516c2db337d3a672,aph-108616,44,senate,Palmer United Party,Palmer United Party,,QLD,2014-07-01,2015-03-11,False,False,https://handbookapi.aph.gov.au/api/individuals?$filter=PHID eq '108616',2026-10-02 08:23:59.813516+10:00,2014-07-01,2016-07-02
srv-108616-44-f1fe62a26b6f66ff,aph-108616,44,senate,Glenn Lazarus Team,GLT,,QLD,2015-07-09,2016-05-09,False,False,https://handbookapi.aph.gov.au/api/individuals?$filter=PHID eq '108616',2026-10-02 08:23:59.813516+10:00,2014-07-01,2016-07-02
srv-109556-45-cc42f8ff32fc6c86,aph-109556,45,representatives,Liberal Party of Australia,LP,Berowra,NSW,2016-08-30,2019-04-11,True,False,https://handbookapi.aph.gov.au/api/individuals?$filter=PHID eq '109556',2026-10-02 08:23:59.813516+10:00,2016-07-02,2019-05-18
srv-109556-46-3784f447ebb2cdfd,aph-109556,46,representatives,Liberal Party of Australia,LP,Berowra,NSW,2019-07-02,2022-04-11,True,False,https://handbookapi.aph.gov.au/api/individuals?$filter=PHID eq '109556',2026-10-02 08:23:59.813516+10:00,2019-05-18,2022-05-21
srv-109556-47-4d98a9cbacbe4df5,aph-109556,47,representatives,Liberal Party of Australia,LP,Berowra,NSW,2022-07-26,2025-03-28,True,False,https://handbookapi.aph.gov.au/api/individuals?$filter=PHID eq '109556',2026-10-02 08:23:59.813516+10:00,2022-05-21,2025-05-03
srv-109556-48-457ead6e71ff4f06,aph-109556,48,representatives,Liberal Party of Australia,LP,Berowra,NSW,2025-07-22,,True,True,https://handbookapi.aph.gov.au/api/individuals?$filter=PHID eq '109556',2026-10-02 08:23:59.813516+10:00,2025-05-03,2026-09-21
srv-111206-44-36fec59089502420,aph-111206,44,senate,Liberal Democratic Party,LDP,,NSW,2014-07-01,2016-05-09,False,False,https://handbookapi.aph.gov.au/api/individuals?$filter=PHID eq '111206',2026-10-02 08:23:59.813516+10:00,2014-07-01,2016-07-01
srv-111206-45-08e72d932f7091a3,aph-111206,45,senate,Liberal Democratic Party,LDP,,NSW,2016-08-30,2019-03-01,True,False,https://handbookapi.aph.gov.au/api/individuals?$filter=PHID eq '111206',2026-10-02 08:23:59.813516+10:00,2016-07-02,2019-03-01
srv-112096-43-a528763b099bd5cc,aph-112096,43,senate,Australian Labor Party,ALP,,WA,2013-05-15,2013-08-05,False,False,https://handbookapi.aph.gov.au/api/individuals?$filter=PHID eq '112096',2026-10-02 08:23:59.813516+10:00,2013-05-15,2016-07-01
srv-112096-44-01b9a77a33b6a974,aph-112096,44,senate,Australian Labor Party,ALP,,WA,2013-11-12,2016-05-09,True,False,https://handbookapi.aph.gov.au/api/individuals?$filter=PHID eq '112096',2026-10-02 08:23:59.813516+10:00,2013-05-15,2016-07-01
srv-112096-45-5884db98268c8500,aph-112096,45,senate,Australian Labor Party,ALP,,WA,2016-08-30,2019-04-11,True,False,https://handbookapi.aph.gov.au/api/individuals?$filter=PHID eq '112096',2026-10-02 08:23:59.813516+10:00,2016-07-02,2022-06-30
srv-112096-46-d19b52cb6326a717,aph-112096,46,senate,Australian Labor Party,ALP,,WA,2019-07-02,2022-04-11,True,False,https://handbookapi.aph.gov.au/api/individuals?$filter=PHID eq '112096',2026-10-02 08:23:59.813516+10:00,2016-07-02,2022-06-30
srv-112096-47-a918f73acd4a4e61,aph-112096,47,senate,Australian Labor Party,ALP,,WA,2022-07-26,2025-03-28,True,False,https://handbookapi.aph.gov.au/api/individuals?$filter=PHID eq '112096',2026-10-02 08:23:59.813516+10:00,2022-07-01,2026-09-21
srv-112096-48-0f413a30c40b77b0,aph-112096,48,senate,Australian Labor Party,ALP,,WA,2025-07-22,,True,True,https://handbookapi.aph.gov.au/api/individuals?$filter=PHID eq '112096',2026-10-02 08:23:59.813516+10:00,2022-07-01,2026-09-21
srv-11788-48-69515c201e1465a3,aph-11788,48,representatives,Liberal Party of Australia,LP,Monash,VIC,2025-07-22,,True,True,https://handbookapi.aph.gov.au/api/individuals?$filter=PHID eq '11788',2026-10-02 08:23:59.813516+10:00,2025-05-03,2026-09-21
srv-121628-44-a9e2950066a75e91,aph-121628,44,senate,Australian Labor Party,ALP,,NSW,2015-05-06,2016-05-09,False,False,https://handbookapi.aph.gov.au/api/individuals?$filter=PHID eq '121628',2026-10-02 08:23:59.813516+10:00,2015-05-06,2016-07-01
srv-121628-45-7ea19b720a7fc839,aph-121628,45,senate,Australian Labor Party,ALP,,NSW,2016-08-30,2019-04-11,True,False,https://handbookapi.aph.gov.au/api/individuals?$filter=PHID eq '121628',2026-10-02 08:23:59.813516+10:00,2016-07-02,2022-06-30
srv-121628-46-1c1470492dd2564e,aph-121628,46,senate,Australian Labor Party,ALP,,NSW,2019-07-02,2022-04-11,True,False,https://handbookapi.aph.gov.au/api/individuals?$filter=PHID eq '121628',2026-10-02 08:23:59.813516+10:00,2016-07-02,2022-06-30
srv-121628-47-53e7b0c906810e2f,aph-121628,47,senate,Australian Labor Party,ALP,,NSW,2022-07-26,2025-03-28,True,False,https://handbookapi.aph.gov.au/api/individuals?$filter=PHID eq '121628',2026-10-02 08:23:59.813516+10:00,2022-07-01,2026-09-21
srv-121628-48-c5a1a778bed2742f,aph-121628,48,senate,Australian Labor Party,ALP,,NSW,2025-07-22,,True,True,https://handbookapi.aph.gov.au/api/individuals?$filter=PHID eq '121628',2026-10-02 08:23:59.813516+10:00,2022-07-01,2026-09-21
srv-122087-45-a9d626987368e359,aph-122087,45,senate,Australian Labor Party,ALP,,NT,2016-08-30,2019-04-11,True,False,https://handbookapi.aph.gov.au/api/individuals?$filter=PHID eq '122087',2026-10-02 08:23:59.813516+10:00,2016-07-02,2019-05-18
srv-122087-46-90422a92d2354f47,aph-122087,46,senate,Australian Labor Party,ALP,,NT,2019-07-02,2022-04-11,True,False,https://handbookapi.aph.gov.au/api/individuals?$filter=PHID eq '122087',2026-10-02 08:23:59.813516+10:00,2019-05-18,2022-05-21
srv-122087-47-b6d026908bff3e11,aph-122087,47,senate,Australian Labor Party,ALP,,NT,2022-07-26,2025-03-28,True,False,https://handbookapi.aph.gov.au/api/individuals?$filter=PHID eq '122087',2026-10-02 08:23:59.813516+10:00,2022-05-21,2025-05-03
srv-122087-48-573187d5362906f8,aph-122087,48,senate,Australian Labor Party,ALP,,NT,2025-07-22,,True,True,https://handbookapi.aph.gov.au/api/individuals?$filter=PHID eq '122087',2026-10-02 08:23:59.813516+10:00,2025-05-03,2026-09-21
srv-123072-46-74811f3115b0f410,aph-123072,46,senate,The Nationals,NP,,QLD,2019-07-02,2022-04-11,True,False,https://handbookapi.aph.gov.au/api/individuals?$filter=PHID eq '123072',2026-10-02 08:23:59.813516+10:00,2019-07-01,2025-06-30
srv-123072-47-1565261f793a8435,aph-123072,47,senate,The Nationals,NP,,QLD,2022-07-26,2025-03-28,True,False,https://handbookapi.aph.gov.au/api/individuals?$filter=PHID eq '123072',2026-10-02 08:23:59.813516+10:00,2019-07-01,2025-06-30
srv-123072-48-f9b13ffdeb06e3d4,aph-123072,48,senate,The Nationals,NP,,QLD,2025-07-22,,True,True,https://handbookapi.aph.gov.au/api/individuals?$filter=PHID eq '123072',2026-10-02 08:23:59.813516+10:00,2025-07-01,2026-09-21
srv-123674-44-26549d12de7d480e,aph-123674,44,representatives,Independent,IND,Indi,VIC,2013-11-12,2016-05-09,True,False,https://handbookapi.aph.gov.au/api/individuals?$filter=PHID eq '123674',2026-10-02 08:23:59.813516+10:00,2013-09-07,2016-07-02
srv-123674-45-eca7dc0c442e9c3b,aph-123674,45,representatives,Independent,IND,Indi,VIC,2016-08-30,2019-04-11,True,False,https://handbookapi.aph.gov.au/api/individuals?$filter=PHID eq '123674',2026-10-02 08:23:59.813516+10:00,2016-07-02,2019-04-11
srv-124514-47-8f73f15309e4443e,aph-124514,47,representatives,Liberal Party of Australia,LP,Flinders,VIC,2022-07-26,2025-03-28,True,False,https://handbookapi.aph.gov.au/api/individuals?$filter=PHID eq '124514',2026-10-02 08:23:59.813516+10:00,2022-05-21,2025-05-03
srv-124514-48-d86918b6eed79892,aph-124514,48,representatives,Liberal Party of Australia,LP,Flinders,VIC,2025-07-22,,True,True,https://handbookapi.aph.gov.au/api/individuals?$filter=PHID eq '124514',2026-10-02 08:23:59.813516+10:00,2025-05-03,2026-09-21
srv-125865-45-e1844b00c59d06f1,aph-125865,45,representatives,Liberal Party of Australia,LP,Groom,QLD,2016-08-30,2019-04-11,True,False,https://handbookapi.aph.gov.au/api/individuals?$filter=PHID eq '125865',2026-10-02 08:23:59.813516+10:00,2016-07-02,2019-05-18
srv-125865-46-0b93d6790857efe4,aph-125865,46,representatives,Liberal Party of Australia,LP,Groom,QLD,2019-07-02,2020-09-18,True,False,https://handbookapi.aph.gov.au/api/individuals?$filter=PHID eq '125865',2026-10-02 08:23:59.813516+10:00,2019-05-18,2020-09-18
srv-129164-45-5a7dd44ace1a00ac,aph-129164,45,representatives,Australian Labor Party,ALP,Lyons,TAS,2016-08-30,2019-04-11,True,False,https://handbookapi.aph.gov.au/api/individuals?$filter=PHID eq '129164',2026-10-02 08:23:59.813516+10:00,2016-07-02,2019-05-18
srv-129164-46-8c4de5c73aed83e7,aph-129164,46,representatives,Australian Labor Party,ALP,Lyons,TAS,2019-07-02,2022-04-11,True,False,https://handbookapi.aph.gov.au/api/individuals?$filter=PHID eq '129164',2026-10-02 08:23:59.813516+10:00,2019-05-18,2022-05-21
srv-129164-47-7773330803ffe7a7,aph-129164,47,representatives,Australian Labor Party,ALP,Lyons,TAS,2022-07-26,2025-03-28,True,False,https://handbookapi.aph.gov.au/api/individuals?$filter=PHID eq '129164',2026-10-02 08:23:59.813516+10:00,2022-05-21,2025-03-28
srv-13050-45-3f8c1bf3d46b8901,aph-13050,45,representatives,Australian Labor Party,ALP,Cowan,WA,2016-08-30,2019-04-11,True,False,https://handbookapi.aph.gov.au/api/individuals?$filter=PHID eq '13050',2026-10-02 08:23:59.813516+10:00,2016-07-02,2019-05-18
srv-13050-46-a21de861beba71b6,aph-13050,46,representatives,Australian Labor Party,ALP,Cowan,WA,2019-07-02,2022-04-11,True,False,https://handbookapi.aph.gov.au/api/individuals?$filter=PHID eq '13050',2026-10-02 08:23:59.813516+10:00,2019-05-18,2022-05-21
srv-13050-47-81ccea7272c1cfa9,aph-13050,47,representatives,Australian Labor Party,ALP,Cowan,WA,2022-07-26,2025-03-28,True,False,https://handbookapi.aph.gov.au/api/individuals?$filter=PHID eq '13050',2026-10-02 08:23:59.813516+10:00,2022-05-21,2025-05-03
srv-13050-48-69022a53adf28933,aph-13050,48,representatives,Australian Labor Party,ALP,Cowan,WA,2025-07-22,,True,True,https://handbookapi.aph.gov.au/api/individuals?$filter=PHID eq '13050',2026-10-02 08:23:59.813516+10:00,2025-05-03,2026-09-21
srv-132880-46-b43a75dccb46426f,aph-132880,46,representatives,Australian Labor Party,ALP,Fraser,VIC,2019-07-02,2022-04-11,True,False,https://handbookapi.aph.gov.au/api/individuals?$filter=PHID eq '132880',2026-10-02 08:23:59.813516+10:00,2019-05-18,2022-05-21
srv-132880-47-2afc2dc476f4652f,aph-132880,47,representatives,Australian Labor Party,ALP,Fraser,VIC,2022-07-26,2025-03-28,True,False,https://handbookapi.aph.gov.au/api/individuals?$filter=PHID eq '132880',2026-10-02 08:23:59.813516+10:00,2022-05-21,2025-05-03
srv-132880-48-27d67aa8d9e9871c,aph-132880,48,representatives,Australian Labor Party,ALP,Fraser,VIC,2025-07-22,,True,True,https://handbookapi.aph.gov.au/api/individuals?$filter=PHID eq '132880',2026-10-02 08:23:59.813516+10:00,2025-05-03,2026-09-21
srv-133646-46-5c3f110697d1b4d0,aph-133646,46,representatives,Australian Labor Party,ALP,Dunkley,VIC,2019-07-02,2022-04-11,True,False,https://handbookapi.aph.gov.au/api/individuals?$filter=PHID eq '133646',2026-10-02 08:23:59.813516+10:00,2019-05-18,2022-05-21
srv-133646-47-65861d7f46b38fe6,aph-133646,47,representatives,Australian Labor Party,ALP,Dunkley,VIC,2022-07-26,2023-12-04,True,False,https://handbookapi.aph.gov.au/api/individuals?$filter=PHID eq '133646',2026-10-02 08:23:59.813516+10:00,2022-05-21,2023-12-04
srv-137174-44-18a220ee9defc148,aph-137174,44,representatives,Liberal Party of Australia,LP,Bass,TAS,2013-11-12,2016-05-09,True,False,https://handbookapi.aph.gov.au/api/individuals?$filter=PHID eq '137174',2026-10-02 08:23:59.813516+10:00,2013-09-07,2016-07-02
srv-138932-45-dbd6e5169b169d23,aph-138932,45,representatives,Liberal Party of Australia,LP,Fairfax,QLD,2016-08-30,2019-04-11,True,False,https://handbookapi.aph.gov.au/api/individuals?$filter=PHID eq '138932',2026-10-02 08:23:59.813516+10:00,2016-07-02,2019-05-18
srv-138932-46-7f040060bc026288,aph-138932,46,representatives,Liberal Party of Australia,LP,Fairfax,QLD,2019-07-02,2022-04-11,True,False,https://handbookapi.aph.gov.au/api/individuals?$filter=PHID eq '138932',2026-10-02 08:23:59.813516+10:00,2019-05-18,2022-05-21
srv-138932-47-c757ecb2f91dbfec,aph-138932,47,representatives,Liberal Party of Australia,LP,Fairfax,QLD,2022-07-26,2025-03-28,True,False,https://handbookapi.aph.gov.au/api/individuals?$filter=PHID eq '138932',2026-10-02 08:23:59.813516+10:00,2022-05-21,2025-05-03
srv-138932-48-1d6333ef350e4100,aph-138932,48,representatives,Liberal Party of Australia,LP,Fairfax,QLD,2025-07-22,,True,True,https://handbookapi.aph.gov.au/api/individuals?$filter=PHID eq '138932',2026-10-02 08:23:59.813516+10:00,2025-05-03,2026-09-21
srv-139441-43-486d289c385ee925,aph-139441,43,representatives,The Nationals,NP,Flynn,QLD,2010-09-28,2013-08-05,True,False,https://handbookapi.aph.gov.au/api/individuals?$filter=PHID eq '139441',2026-10-02 08:23:59.813516+10:00,2010-08-21,2013-09-07
srv-139441-44-73c42f6e5bc696cc,aph-139441,44,representatives,The Nationals,NP,Flynn,QLD,2013-11-12,2016-05-09,True,False,https://handbookapi.aph.gov.au/api/individuals?$filter=PHID eq '139441',2026-10-02 08:23:59.813516+10:00,2013-09-07,2016-07-02
srv-139441-45-a2e79b67486f5ebd,aph-139441,45,representatives,The Nationals,NP,Flynn,QLD,2016-08-30,2019-04-11,True,False,https://handbookapi.aph.gov.au/api/individuals?$filter=PHID eq '139441',2026-10-02 08:23:59.813516+10:00,2016-07-02,2019-05-18
srv-139441-46-8070c0e66b1143ae,aph-139441,46,representatives,The Nationals,NP,Flynn,QLD,2019-07-02,2022-04-11,True,False,https://handbookapi.aph.gov.au/api/individuals?$filter=PHID eq '139441',2026-10-02 08:23:59.813516+10:00,2019-05-18,2022-04-11
srv-140590-44-3564c2b1809bd0d8,aph-140590,44,representatives,Australian Labor Party,ALP,Hotham,VIC,2013-11-12,2016-05-09,True,False,https://handbookapi.aph.gov.au/api/individuals?$filter=PHID eq '140590',2026-10-02 08:23:59.813516+10:00,2013-09-07,2016-07-02
srv-140590-45-9a5124eecc309c67,aph-140590,45,representatives,Australian Labor Party,ALP,Hotham,VIC,2016-08-30,2019-04-11,True,False,https://handbookapi.aph.gov.au/api/individuals?$filter=PHID eq '140590',2026-10-02 08:23:59.813516+10:00,2016-07-02,2019-05-18
srv-140590-46-bbd97f3896baf787,aph-140590,46,representatives,Australian Labor Party,ALP,Hotham,VIC,2019-07-02,2022-04-11,True,False,https://handbookapi.aph.gov.au/api/individuals?$filter=PHID eq '140590',2026-10-02 08:23:59.813516+10:00,2019-05-18,2022-05-21
srv-140590-47-c00cd01c747bd0b2,aph-140590,47,representatives,Australian Labor Party,ALP,Hotham,VIC,2022-07-26,2025-03-28,True,False,https://handbookapi.aph.gov.au/api/individuals?$filter=PHID eq '140590',2026-10-02 08:23:59.813516+10:00,2022-05-21,2025-05-03
srv-140590-48-b365bd8bd23de256,aph-140590,48,representatives,Australian Labor Party,ALP,Hotham,VIC,2025-07-22,,True,True,https://handbookapi.aph.gov.au/api/individuals?$filter=PHID eq '140590',2026-10-02 08:23:59.813516+10:00,2025-05-03,2026-09-21
srv-140651-43-2a4b7da201eb0944,aph-140651,43,representatives,Australian Labor Party,ALP,Robertson,NSW,2010-09-28,2013-08-05,True,False,https://handbookapi.aph.gov.au/api/individuals?$filter=PHID eq '140651',2026-10-02 08:23:59.813516+10:00,2010-08-21,2013-09-07
srv-140651-44-10583ea7beec5574,aph-140651,44,senate,Australian Labor Party,ALP,,NSW,2013-11-13,2014-06-30,False,False,https://handbookapi.aph.gov.au/api/individuals?$filter=PHID eq '140651',2026-10-02 08:23:59.813516+10:00,2013-11-13,2014-06-30
srv-140651-44-8b646812ff8036b7,aph-140651,44,senate,Australian Labor Party,ALP,,NSW,2014-07-02,2016-05-09,False,False,https://handbookapi.aph.gov.au/api/individuals?$filter=PHID eq '140651',2026-10-02 08:23:59.813516+10:00,2014-07-02,2016-07-01
srv-140651-45-7ea19b720a7fc839,aph-140651,45,senate,Australian Labor Party,ALP,,NSW,2016-08-30,2019-04-11,True,False,https://handbookapi.aph.gov.au/api/individuals?$filter=PHID eq '140651',2026-10-02 08:23:59.813516+10:00,2016-07-02,2022-06-30
srv-140651-46-1c1470492dd2564e,aph-140651,46,senate,Australian Labor Party,ALP,,NSW,2019-07-02,2022-04-11,True,False,https://handbookapi.aph.gov.au/api/individuals?$filter=PHID eq '140651',2026-10-02 08:23:59.813516+10:00,2016-07-02,2022-06-30
srv-140651-47-53e7b0c906810e2f,aph-140651,47,senate,Australian Labor Party,ALP,,NSW,2022-07-26,2025-03-28,True,False,https://handbookapi.aph.gov.au/api/individuals?$filter=PHID eq '140651',2026-10-02 08:23:59.813516+10:00,2022-07-01,2026-09-21
srv-140651-48-c5a1a778bed2742f,aph-140651,48,senate,Australian Labor Party,ALP,,NSW,2025-07-22,,True,True,https://handbookapi.aph.gov.au/api/individuals?$filter=PHID eq '140651',2026-10-02 08:23:59.813516+10:00,2022-07-01,2026-09-21
srv-144138-44-819fc2533879fef9,aph-144138,44,senate,Liberal Party of Australia,LP,,VIC,2016-03-09,2016-05-09,False,False,https://handbookapi.aph.gov.au/api/individuals?$filter=PHID eq '144138',2026-10-02 08:23:59.813516+10:00,2016-03-09,2016-05-09
srv-144138-45-262f1f24276963a2,aph-144138,45,senate,Liberal Party of Australia,LP,,VIC,2016-08-30,2019-04-11,True,False,https://handbookapi.aph.gov.au/api/individuals?$filter=PHID eq '144138',2026-10-02 08:23:59.813516+10:00,2016-07-02,2019-06-30
srv-144138-46-c8744b8d430b7f89,aph-144138,46,senate,Liberal Party of Australia,LP,,VIC,2019-07-02,2022-04-11,True,False,https://handbookapi.aph.gov.au/api/individuals?$filter=PHID eq '144138',2026-10-02 08:23:59.813516+10:00,2019-07-01,2025-06-30
srv-144138-47-4ad82d6008daf869,aph-144138,47,senate,Liberal Party of Australia,LP,,VIC,2022-07-26,2025-03-28,True,False,https://handbookapi.aph.gov.au/api/individuals?$filter=PHID eq '144138',2026-10-02 08:23:59.813516+10:00,2019-07-01,2025-06-30
srv-144138-48-901262a2a8064ad0,aph-144138,48,senate,Liberal Party of Australia,LP,,VIC,2025-07-22,,True,True,https://handbookapi.aph.gov.au/api/individuals?$filter=PHID eq '144138',2026-10-02 08:23:59.813516+10:00,2025-07-01,2026-09-21
srv-144292-45-49ef4b2be9ff26dc,aph-144292,45,senate,Centre Alliance,Centre Alliance,,SA,2018-04-10,2019-04-11,False,False,https://handbookapi.aph.gov.au/api/individuals?$filter=PHID eq '144292',2026-10-02 08:23:59.813516+10:00,2017-11-14,2022-06-30
srv-144292-45-57747ba9b94b5de1,aph-144292,45,senate,Nick Xenophon Team,Nick Xenophon Team,,SA,2017-11-14,2018-04-09,False,False,https://handbookapi.aph.gov.au/api/individuals?$filter=PHID eq '144292',2026-10-02 08:23:59.813516+10:00,2017-11-14,2022-06-30
srv-144292-46-3e41b5d5d0015214,aph-144292,46,senate,Centre Alliance,Centre Alliance,,SA,2019-07-02,2020-08-08,True,False,https://handbookapi.aph.gov.au/api/individuals?$filter=PHID eq '144292',2026-10-02 08:23:59.813516+10:00,2017-11-14,2022-06-30
srv-144292-46-4e4b8f998b09c3e3,aph-144292,46,senate,Independent,IND,,SA,2020-08-09,2022-04-11,False,False,https://handbookapi.aph.gov.au/api/individuals?$filter=PHID eq '144292',2026-10-02 08:23:59.813516+10:00,2017-11-14,2022-06-30
srv-144732-46-892789709da11b69,aph-144732,46,representatives,Australian Labor Party,ALP,Canberra,ACT,2019-07-02,2022-04-11,True,False,https://handbookapi.aph.gov.au/api/individuals?$filter=PHID eq '144732',2026-10-02 08:23:59.813516+10:00,2019-05-18,2022-05-21
srv-144732-47-76bc357fe4f3bc77,aph-144732,47,representatives,Australian Labor Party,ALP,Canberra,ACT,2022-07-26,2025-03-28,True,False,https://handbookapi.aph.gov.au/api/individuals?$filter=PHID eq '144732',2026-10-02 08:23:59.813516+10:00,2022-05-21,2025-05-03
srv-144732-48-eec91c6b02af2914,aph-144732,48,representatives,Australian Labor Party,ALP,Canberra,ACT,2025-07-22,,True,True,https://handbookapi.aph.gov.au/api/individuals?$filter=PHID eq '144732',2026-10-02 08:23:59.813516+10:00,2025-05-03,2026-09-21
srv-147140-46-25217b7584be474f,aph-147140,46,representatives,Australian Labor Party,ALP,Gilmore,NSW,2019-07-02,2022-04-11,True,False,https://handbookapi.aph.gov.au/api/individuals?$filter=PHID eq '147140',2026-10-02 08:23:59.813516+10:00,2019-05-18,2022-05-21
srv-147140-47-f2dcacb1e8f423a5,aph-147140,47,representatives,Australian Labor Party,ALP,Gilmore,NSW,2022-07-26,2025-03-28,True,False,https://handbookapi.aph.gov.au/api/individuals?$filter=PHID eq '147140',2026-10-02 08:23:59.813516+10:00,2022-05-21,2025-05-03
srv-147140-48-03d8833da09c27e8,aph-147140,48,representatives,Australian Labor Party,ALP,Gilmore,NSW,2025-07-22,,True,True,https://handbookapi.aph.gov.au/api/individuals?$filter=PHID eq '147140',2026-10-02 08:23:59.813516+10:00,2025-05-03,2026-09-21
srv-148150-44-98f130ee83c1db90,aph-148150,44,representatives,The Nationals,NP,Hinkler,QLD,2013-11-12,2016-05-09,True,False,https://handbookapi.aph.gov.au/api/individuals?$filter=PHID eq '148150',2026-10-02 08:23:59.813516+10:00,2013-09-07,2016-07-02
srv-148150-45-67dae96cced3756e,aph-148150,45,representatives,The Nationals,NP,Hinkler,QLD,2016-08-30,2019-04-11,True,False,https://handbookapi.aph.gov.au/api/individuals?$filter=PHID eq '148150',2026-10-02 08:23:59.813516+10:00,2016-07-02,2019-05-18
srv-148150-46-97bdf60d808f5a29,aph-148150,46,representatives,The Nationals,NP,Hinkler,QLD,2019-07-02,2022-04-11,True,False,https://handbookapi.aph.gov.au/api/individuals?$filter=PHID eq '148150',2026-10-02 08:23:59.813516+10:00,2019-05-18,2022-05-21
srv-148150-47-8200da85f66660eb,aph-148150,47,representatives,The Nationals,NP,Hinkler,QLD,2022-07-26,2025-01-19,True,False,https://handbookapi.aph.gov.au/api/individuals?$filter=PHID eq '148150',2026-10-02 08:23:59.813516+10:00,2022-05-21,2025-01-19
srv-155410-44-f88837064f8e25ec,aph-155410,44,senate,Australian Greens,GRN,,VIC,2014-07-01,2016-05-09,False,False,https://handbookapi.aph.gov.au/api/individuals?$filter=PHID eq '155410',2026-10-02 08:23:59.813516+10:00,2014-07-01,2016-07-01
srv-155410-45-33dcffe4bef9dff4,aph-155410,45,senate,Australian Greens,GRN,,VIC,2016-08-30,2019-04-11,True,False,https://handbookapi.aph.gov.au/api/individuals?$filter=PHID eq '155410',2026-10-02 08:23:59.813516+10:00,2016-07-02,2019-06-30
srv-155410-46-035b446d7439d05e,aph-155410,46,senate,Australian Greens,GRN,,VIC,2019-07-02,2022-04-11,True,False,https://handbookapi.aph.gov.au/api/individuals?$filter=PHID eq '155410',2026-10-02 08:23:59.813516+10:00,2019-07-01,2024-04-19
srv-155410-47-09bab635874497a6,aph-155410,47,senate,Australian Greens,GRN,,VIC,2022-07-26,2024-04-19,True,False,https://handbookapi.aph.gov.au/api/individuals?$filter=PHID eq '155410',2026-10-02 08:23:59.813516+10:00,2019-07-01,2024-04-19
srv-157125-47-08a0afaa5924f54a,aph-157125,47,representatives,Australian Labor Party,ALP,Pearce,WA,2022-07-26,2025-03-28,True,False,https://handbookapi.aph.gov.au/api/individuals?$filter=PHID eq '157125',2026-10-02 08:23:59.813516+10:00,2022-05-21,2025-05-03
srv-157125-48-11569796f9880ea9,aph-157125,48,representatives,Australian Labor Party,ALP,Pearce,WA,2025-07-22,,True,True,https://handbookapi.aph.gov.au/api/individuals?$filter=PHID eq '157125',2026-10-02 08:23:59.813516+10:00,2025-05-03,2026-09-21
srv-159771-43-28af39ea0fb361c4,aph-159771,43,representatives,Australian Labor Party,ALP,Greenway,NSW,2010-09-28,2013-08-05,True,False,https://handbookapi.aph.gov.au/api/individuals?$filter=PHID eq '159771',2026-10-02 08:23:59.813516+10:00,2010-08-21,2013-09-07
srv-159771-44-2fa9f6659b63dd04,aph-159771,44,representatives,Australian Labor Party,ALP,Greenway,NSW,2013-11-12,2016-05-09,True,False,https://handbookapi.aph.gov.au/api/individuals?$filter=PHID eq '159771',2026-10-02 08:23:59.813516+10:00,2013-09-07,2016-07-02
srv-159771-45-e300917dadccfa60,aph-159771,45,representatives,Australian Labor Party,ALP,Greenway,NSW,2016-08-30,2019-04-11,True,False,https://handbookapi.aph.gov.au/api/individuals?$filter=PHID eq '159771',2026-10-02 08:23:59.813516+10:00,2016-07-02,2019-05-18
srv-159771-46-a3e57a21d2713b24,aph-159771,46,representatives,Australian Labor Party,ALP,Greenway,NSW,2019-07-02,2022-04-11,True,False,https://handbookapi.aph.gov.au/api/individuals?$filter=PHID eq '159771',2026-10-02 08:23:59.813516+10:00,2019-05-18,2022-05-21
srv-159771-47-db16c8cd21dcd0dd,aph-159771,47,representatives,Australian Labor Party,ALP,Greenway,NSW,2022-07-26,2025-03-28,True,False,https://handbookapi.aph.gov.au/api/individuals?$filter=PHID eq '159771',2026-10-02 08:23:59.813516+10:00,2022-05-21,2025-05-03
srv-159771-48-916311e5f2dd05da,aph-159771,48,representatives,Australian Labor Party,ALP,Greenway,NSW,2025-07-22,,True,True,https://handbookapi.aph.gov.au/api/individuals?$filter=PHID eq '159771',2026-10-02 08:23:59.813516+10:00,2025-05-03,2026-09-21
srv-165476-44-07f70154e774b887,aph-165476,44,representatives,Liberal Party of Australia,LP,Lindsay,NSW,2013-11-12,2016-05-09,True,False,https://handbookapi.aph.gov.au/api/individuals?$filter=PHID eq '165476',2026-10-02 08:23:59.813516+10:00,2013-09-07,2016-07-02
srv-168275-46-1c1470492dd2564e,aph-168275,46,senate,Australian Labor Party,ALP,,NSW,2019-07-02,2022-04-11,True,False,https://handbookapi.aph.gov.au/api/individuals?$filter=PHID eq '168275',2026-10-02 08:23:59.813516+10:00,2019-07-01,2025-06-30
srv-168275-47-53e7b0c906810e2f,aph-168275,47,senate,Australian Labor Party,ALP,,NSW,2022-07-26,2025-03-28,True,False,https://handbookapi.aph.gov.au/api/individuals?$filter=PHID eq '168275',2026-10-02 08:23:59.813516+10:00,2019-07-01,2025-06-30
srv-168275-48-c5a1a778bed2742f,aph-168275,48,senate,Australian Labor Party,ALP,,NSW,2025-07-22,,True,True,https://handbookapi.aph.gov.au/api/individuals?$filter=PHID eq '168275',2026-10-02 08:23:59.813516+10:00,2025-07-01,2026-09-21
srv-169119-47-8352ddab796e3db1,aph-169119,47,senate,Australian Greens,GRN,,NSW,2022-07-26,2025-03-28,True,False,https://handbookapi.aph.gov.au/api/individuals?$filter=PHID eq '169119',2026-10-02 08:23:59.813516+10:00,2022-07-01,2026-09-21
srv-169119-48-2454b51a068b8d9a,aph-169119,48,senate,Australian Greens,GRN,,NSW,2025-07-22,,True,True,https://handbookapi.aph.gov.au/api/individuals?$filter=PHID eq '169119',2026-10-02 08:23:59.813516+10:00,2022-07-01,2026-09-21
srv-16913-46-1c1470492dd2564e,aph-16913,46,senate,Australian Labor Party,ALP,,NSW,2019-07-02,2022-04-11,True,False,https://handbookapi.aph.gov.au/api/individuals?$filter=PHID eq '16913',2026-10-02 08:23:59.813516+10:00,2019-07-01,2025-06-30
srv-16913-47-53e7b0c906810e2f,aph-16913,47,senate,Australian Labor Party,ALP,,NSW,2022-07-26,2025-03-28,True,False,https://handbookapi.aph.gov.au/api/individuals?$filter=PHID eq '16913',2026-10-02 08:23:59.813516+10:00,2019-07-01,2025-06-30
srv-16913-48-c5a1a778bed2742f,aph-16913,48,senate,Australian Labor Party,ALP,,NSW,2025-07-22,,True,True,https://handbookapi.aph.gov.au/api/individuals?$filter=PHID eq '16913',2026-10-02 08:23:59.813516+10:00,2025-07-01,2026-09-21
srv-170166-44-9e3126f57a71f14a,aph-170166,44,senate,Australian Greens,GRN,,SA,2015-09-22,2016-05-09,False,False,https://handbookapi.aph.gov.au/api/individuals?$filter=PHID eq '170166',2026-10-02 08:23:59.813516+10:00,2015-09-22,2016-07-02
srv-172770-43-c45ae71fea4fdda0,aph-172770,43,representatives,Australian Labor Party,ALP,La Trobe,VIC,2010-09-28,2013-08-05,True,False,https://handbookapi.aph.gov.au/api/individuals?$filter=PHID eq '172770',2026-10-02 08:23:59.813516+10:00,2010-08-21,2013-09-07
srv-175696-46-3e5feac148b9177d,aph-175696,46,representatives,Independent,IND,Warringah,NSW,2019-07-02,2022-04-11,True,False,https://handbookapi.aph.gov.au/api/individuals?$filter=PHID eq '175696',2026-10-02 08:23:59.813516+10:00,2019-05-18,2022-05-21
srv-175696-47-6c8132ab3dbcbb54,aph-175696,47,representatives,Independent,IND,Warringah,NSW,2022-07-26,2025-03-28,True,False,https://handbookapi.aph.gov.au/api/individuals?$filter=PHID eq '175696',2026-10-02 08:23:59.813516+10:00,2022-05-21,2025-05-03
srv-175696-48-35d391d4b7832153,aph-175696,48,representatives,Community Strong Australia,CSA,Warringah,NSW,2026-06-25,,False,True,https://handbookapi.aph.gov.au/api/individuals?$filter=PHID eq '175696',2026-10-02 08:23:59.813516+10:00,2025-05-03,2026-09-21
srv-175696-48-cab5445e04597fda,aph-175696,48,representatives,Independent,IND,Warringah,NSW,2025-07-22,2026-06-24,True,False,https://handbookapi.aph.gov.au/api/individuals?$filter=PHID eq '175696',2026-10-02 08:23:59.813516+10:00,2025-05-03,2026-09-21
srv-176304-46-591a5681a7190329,aph-176304,46,representatives,Liberal Party of Australia,LP,Sturt,SA,2019-07-02,2022-04-11,True,False,https://handbookapi.aph.gov.au/api/individuals?$filter=PHID eq '176304',2026-10-02 08:23:59.813516+10:00,2019-05-18,2022-05-21
srv-176304-47-aad705511ca39b71,aph-176304,47,representatives,Liberal Party of Australia,LP,Sturt,SA,2022-07-26,2025-03-28,True,False,https://handbookapi.aph.gov.au/api/individuals?$filter=PHID eq '176304',2026-10-02 08:23:59.813516+10:00,2022-05-21,2025-05-03
srv-181810-45-5a12ae6a8a507593,aph-181810,45,representatives,Australian Labor Party,ALP,Macquarie,NSW,2016-08-30,2019-04-11,True,False,https://handbookapi.aph.gov.au/api/individuals?$filter=PHID eq '181810',2026-10-02 08:23:59.813516+10:00,2016-07-02,2019-05-18
srv-181810-46-596e43ac1a8775c4,aph-181810,46,representatives,Australian Labor Party,ALP,Macquarie,NSW,2019-07-02,2022-04-11,True,False,https://handbookapi.aph.gov.au/api/individuals?$filter=PHID eq '181810',2026-10-02 08:23:59.813516+10:00,2019-05-18,2022-05-21
srv-181810-47-fb57aab94f587c2b,aph-181810,47,representatives,Australian Labor Party,ALP,Macquarie,NSW,2022-07-26,2025-03-28,True,False,https://handbookapi.aph.gov.au/api/individuals?$filter=PHID eq '181810',2026-10-02 08:23:59.813516+10:00,2022-05-21,2025-05-03
srv-181810-48-0e264d0703596f65,aph-181810,48,representatives,Australian Labor Party,ALP,Macquarie,NSW,2025-07-22,,True,True,https://handbookapi.aph.gov.au/api/individuals?$filter=PHID eq '181810',2026-10-02 08:23:59.813516+10:00,2025-05-03,2026-09-21
srv-182468-43-852ef306f3d35928,aph-182468,43,senate,Australian Labor Party,ALP,,NSW,2011-07-01,2013-08-05,False,False,https://handbookapi.aph.gov.au/api/individuals?$filter=PHID eq '182468',2026-10-02 08:23:59.813516+10:00,2011-07-01,2013-08-09
srv-182468-44-de862a5e3f8699d9,aph-182468,44,representatives,Australian Labor Party,ALP,Kingsford Smith,NSW,2013-11-12,2016-05-09,True,False,https://handbookapi.aph.gov.au/api/individuals?$filter=PHID eq '182468',2026-10-02 08:23:59.813516+10:00,2013-09-07,2016-07-02
srv-182468-45-84bccdd53898f614,aph-182468,45,representatives,Australian Labor Party,ALP,Kingsford Smith,NSW,2016-08-30,2019-04-11,True,False,https://handbookapi.aph.gov.au/api/individuals?$filter=PHID eq '182468',2026-10-02 08:23:59.813516+10:00,2016-07-02,2019-05-18
srv-182468-46-188f25154ceb4b21,aph-182468,46,representatives,Australian Labor Party,ALP,Kingsford Smith,NSW,2019-07-02,2022-04-11,True,False,https://handbookapi.aph.gov.au/api/individuals?$filter=PHID eq '182468',2026-10-02 08:23:59.813516+10:00,2019-05-18,2022-05-21
srv-182468-47-3b9f446919b9c188,aph-182468,47,representatives,Australian Labor Party,ALP,Kingsford Smith,NSW,2022-07-26,2025-03-28,True,False,https://handbookapi.aph.gov.au/api/individuals?$filter=PHID eq '182468',2026-10-02 08:23:59.813516+10:00,2022-05-21,2025-05-03
srv-182468-48-27a7f8d6f6695c3f,aph-182468,48,representatives,Australian Labor Party,ALP,Kingsford Smith,NSW,2025-07-22,,True,True,https://handbookapi.aph.gov.au/api/individuals?$filter=PHID eq '182468',2026-10-02 08:23:59.813516+10:00,2025-05-03,2026-09-21
srv-183342-43-e850c9b66a0abfc2,aph-183342,43,senate,Australian Labor Party,ALP,,TAS,2012-06-20,2013-08-05,False,False,https://handbookapi.aph.gov.au/api/individuals?$filter=PHID eq '183342',2026-10-02 08:23:59.813516+10:00,2012-06-20,2014-06-30
srv-183342-44-b43c23c8e08caae4,aph-183342,44,senate,Australian Labor Party,ALP,,TAS,2013-11-12,2014-06-30,True,False,https://handbookapi.aph.gov.au/api/individuals?$filter=PHID eq '183342',2026-10-02 08:23:59.813516+10:00,2012-06-20,2014-06-30
srv-18661-45-400bce861a072de2,aph-18661,45,representatives,Independent,IND,Chisholm,VIC,2018-11-27,2019-04-11,False,False,https://handbookapi.aph.gov.au/api/individuals?$filter=PHID eq '18661',2026-10-02 08:23:59.813516+10:00,2016-07-02,2019-05-18
srv-18661-45-c1ff87140ace0efe,aph-18661,45,representatives,Liberal Party of Australia,LP,Chisholm,VIC,2016-08-30,2018-11-26,True,False,https://handbookapi.aph.gov.au/api/individuals?$filter=PHID eq '18661',2026-10-02 08:23:59.813516+10:00,2016-07-02,2019-05-18
srv-188315-43-782f144352d637e4,aph-188315,43,representatives,Liberal Party of Australia,LP,Forde,QLD,2010-09-28,2013-08-05,True,False,https://handbookapi.aph.gov.au/api/individuals?$filter=PHID eq '188315',2026-10-02 08:23:59.813516+10:00,2010-08-21,2013-09-07
srv-188315-44-fb3068d6e0b4311c,aph-188315,44,representatives,Liberal Party of Australia,LP,Forde,QLD,2013-11-12,2016-05-09,True,False,https://handbookapi.aph.gov.au/api/individuals?$filter=PHID eq '188315',2026-10-02 08:23:59.813516+10:00,2013-09-07,2016-07-02
srv-188315-45-a3b419522e44db57,aph-188315,45,representatives,Liberal Party of Australia,LP,Forde,QLD,2016-08-30,2019-04-11,True,False,https://handbookapi.aph.gov.au/api/individuals?$filter=PHID eq '188315',2026-10-02 08:23:59.813516+10:00,2016-07-02,2019-05-18
srv-188315-46-193a9bb74de9e778,aph-188315,46,representatives,Liberal Party of Australia,LP,Forde,QLD,2019-07-02,2022-04-11,True,False,https://handbookapi.aph.gov.au/api/individuals?$filter=PHID eq '188315',2026-10-02 08:23:59.813516+10:00,2019-05-18,2022-05-21
srv-188315-47-01279e2c53b49805,aph-188315,47,representatives,Liberal Party of Australia,LP,Forde,QLD,2022-07-26,2025-03-28,True,False,https://handbookapi.aph.gov.au/api/individuals?$filter=PHID eq '188315',2026-10-02 08:23:59.813516+10:00,2022-05-21,2025-05-03
srv-192970-43-702c3f5e341c61c7,aph-192970,43,senate,Australian Greens,GRN,,QLD,2011-07-01,2013-08-05,False,False,https://handbookapi.aph.gov.au/api/individuals?$filter=PHID eq '192970',2026-10-02 08:23:59.813516+10:00,2011-07-01,2016-07-01
srv-192970-44-7be69e1ee5ef6c54,aph-192970,44,senate,Australian Greens,GRN,,QLD,2013-11-12,2016-05-09,True,False,https://handbookapi.aph.gov.au/api/individuals?$filter=PHID eq '192970',2026-10-02 08:23:59.813516+10:00,2011-07-01,2016-07-01
srv-192970-45-4ce519f31597514d,aph-192970,45,senate,Australian Greens,GRN,,QLD,2016-08-30,2017-07-18,True,False,https://handbookapi.aph.gov.au/api/individuals?$filter=PHID eq '192970',2026-10-02 08:23:59.813516+10:00,2016-07-02,2017-07-18
srv-192970-45-ffef35f16c3f6647,aph-192970,45,senate,Australian Greens,GRN,,QLD,2018-09-06,2019-04-11,False,False,https://handbookapi.aph.gov.au/api/individuals?$filter=PHID eq '192970',2026-10-02 08:23:59.813516+10:00,2018-09-06,2019-06-30
srv-192970-46-1e2740982c9e0f96,aph-192970,46,senate,Australian Greens,GRN,,QLD,2019-07-02,2022-04-11,True,False,https://handbookapi.aph.gov.au/api/individuals?$filter=PHID eq '192970',2026-10-02 08:23:59.813516+10:00,2019-07-01,2025-06-30
srv-192970-47-96cfd60cb544818d,aph-192970,47,senate,Australian Greens,GRN,,QLD,2022-07-26,2025-03-28,True,False,https://handbookapi.aph.gov.au/api/individuals?$filter=PHID eq '192970',2026-10-02 08:23:59.813516+10:00,2019-07-01,2025-06-30
srv-192970-48-706ab9268a8ae908,aph-192970,48,senate,Australian Greens,GRN,,QLD,2025-07-22,,True,True,https://handbookapi.aph.gov.au/api/individuals?$filter=PHID eq '192970',2026-10-02 08:23:59.813516+10:00,2025-07-01,2026-09-21
srv-193430-44-4247c0404039080b,aph-193430,44,representatives,Australian Labor Party,ALP,Gellibrand,VIC,2013-11-12,2016-05-09,True,False,https://handbookapi.aph.gov.au/api/individuals?$filter=PHID eq '193430',2026-10-02 08:23:59.813516+10:00,2013-09-07,2016-07-02
srv-193430-45-23443149dfd7954e,aph-193430,45,representatives,Australian Labor Party,ALP,Gellibrand,VIC,2016-08-30,2019-04-11,True,False,https://handbookapi.aph.gov.au/api/individuals?$filter=PHID eq '193430',2026-10-02 08:23:59.813516+10:00,2016-07-02,2019-05-18
srv-193430-46-f560ae8b6b66f164,aph-193430,46,representatives,Australian Labor Party,ALP,Gellibrand,VIC,2019-07-02,2022-04-11,True,False,https://handbookapi.aph.gov.au/api/individuals?$filter=PHID eq '193430',2026-10-02 08:23:59.813516+10:00,2019-05-18,2022-05-21
srv-193430-47-e8577b77cb1e657f,aph-193430,47,representatives,Australian Labor Party,ALP,Gellibrand,VIC,2022-07-26,2025-03-28,True,False,https://handbookapi.aph.gov.au/api/individuals?$filter=PHID eq '193430',2026-10-02 08:23:59.813516+10:00,2022-05-21,2025-05-03
srv-193430-48-e4f504eb2d3fe903,aph-193430,48,representatives,Australian Labor Party,ALP,Gellibrand,VIC,2025-07-22,,True,True,https://handbookapi.aph.gov.au/api/individuals?$filter=PHID eq '193430',2026-10-02 08:23:59.813516+10:00,2025-05-03,2026-09-21
srv-195565-43-129e1ee3cd37465b,aph-195565,43,senate,Australian Greens,GRN,,TAS,2012-06-20,2013-08-05,False,False,https://handbookapi.aph.gov.au/api/individuals?$filter=PHID eq '195565',2026-10-02 08:23:59.813516+10:00,2012-06-20,2014-06-30
srv-195565-44-f0a4e2de4d940508,aph-195565,44,senate,Australian Greens,GRN,,TAS,2013-11-12,2016-05-09,True,False,https://handbookapi.aph.gov.au/api/individuals?$filter=PHID eq '195565',2026-10-02 08:23:59.813516+10:00,2012-06-20,2016-07-01
srv-195565-45-c4055ebdb2b5dd6b,aph-195565,45,senate,Australian Greens,GRN,,TAS,2016-08-30,2019-04-11,True,False,https://handbookapi.aph.gov.au/api/individuals?$filter=PHID eq '195565',2026-10-02 08:23:59.813516+10:00,2016-07-02,2022-06-30
srv-195565-46-a162cc0d3d8a193b,aph-195565,46,senate,Australian Greens,GRN,,TAS,2019-07-02,2022-04-11,True,False,https://handbookapi.aph.gov.au/api/individuals?$filter=PHID eq '195565',2026-10-02 08:23:59.813516+10:00,2016-07-02,2022-06-30
srv-195565-47-d4c851599e34b01b,aph-195565,47,senate,Australian Greens,GRN,,TAS,2022-07-26,2025-03-28,True,False,https://handbookapi.aph.gov.au/api/individuals?$filter=PHID eq '195565',2026-10-02 08:23:59.813516+10:00,2022-07-01,2026-08-14
srv-195565-48-78386c059d147f69,aph-195565,48,senate,Australian Greens,GRN,,TAS,2025-07-22,2026-08-14,True,False,https://handbookapi.aph.gov.au/api/individuals?$filter=PHID eq '195565',2026-10-02 08:23:59.813516+10:00,2022-07-01,2026-08-14
srv-198084-44-0e712599bd7c9d87,aph-198084,44,representatives,Liberal Party of Australia,LP,O'Connor,WA,2013-11-12,2016-05-09,True,False,https://handbookapi.aph.gov.au/api/individuals?$filter=PHID eq '198084',2026-10-02 08:23:59.813516+10:00,2013-09-07,2016-07-02
srv-198084-45-71d5adc53bb1766e,aph-198084,45,representatives,Liberal Party of Australia,LP,O'Connor,WA,2016-08-30,2019-04-11,True,False,https://handbookapi.aph.gov.au/api/individuals?$filter=PHID eq '198084',2026-10-02 08:23:59.813516+10:00,2016-07-02,2019-05-18
srv-198084-46-1df918b9983bc136,aph-198084,46,representatives,Liberal Party of Australia,LP,O'Connor,WA,2019-07-02,2022-04-11,True,False,https://handbookapi.aph.gov.au/api/individuals?$filter=PHID eq '198084',2026-10-02 08:23:59.813516+10:00,2019-05-18,2022-05-21
srv-198084-47-143bf66d7c5874e0,aph-198084,47,representatives,Liberal Party of Australia,LP,O'Connor,WA,2022-07-26,2025-03-28,True,False,https://handbookapi.aph.gov.au/api/individuals?$filter=PHID eq '198084',2026-10-02 08:23:59.813516+10:00,2022-05-21,2025-05-03
srv-198084-48-ef80edc9fda4591a,aph-198084,48,representatives,Liberal Party of Australia,LP,O'Connor,WA,2025-07-22,,True,True,https://handbookapi.aph.gov.au/api/individuals?$filter=PHID eq '198084',2026-10-02 08:23:59.813516+10:00,2025-05-03,2026-09-21
srv-1k6-42-d4935663b9d63d3a,aph-1k6,42,representatives,Liberal Party of Australia,LP,Dunkley,VIC,2008-02-12,2010-07-19,True,False,https://handbookapi.aph.gov.au/api/individuals?$filter=PHID eq '1K6',2026-10-02 08:23:59.813516+10:00,2007-11-24,2010-08-21
srv-1k6-43-e6e0be056c821a9a,aph-1k6,43,representatives,Liberal Party of Australia,LP,Dunkley,VIC,2010-09-28,2013-08-05,True,False,https://handbookapi.aph.gov.au/api/individuals?$filter=PHID eq '1K6',2026-10-02 08:23:59.813516+10:00,2010-08-21,2013-09-07
srv-1k6-44-5162fa7a542577b8,aph-1k6,44,representatives,Liberal Party of Australia,LP,Dunkley,VIC,2013-11-12,2016-05-09,True,False,https://handbookapi.aph.gov.au/api/individuals?$filter=PHID eq '1K6',2026-10-02 08:23:59.813516+10:00,2013-09-07,2016-05-09
srv-1m6-42-a53bc52747aabb3e,aph-1m6,42,senate,Australian Democrats,AD,,VIC,2008-02-12,2008-06-30,True,False,https://handbookapi.aph.gov.au/api/individuals?$filter=PHID eq '1M6',2026-10-02 08:23:59.813516+10:00,2002-07-01,2008-06-30
srv-200287-43-b89eb47db7375682,aph-200287,43,senate,Australian Greens,GRN,,SA,2011-07-01,2013-08-05,False,False,https://handbookapi.aph.gov.au/api/individuals?$filter=PHID eq '200287',2026-10-02 08:23:59.813516+10:00,2011-07-01,2015-09-10
srv-200287-44-30a00150d965ec96,aph-200287,44,senate,Australian Greens,GRN,,SA,2013-11-12,2015-09-10,True,False,https://handbookapi.aph.gov.au/api/individuals?$filter=PHID eq '200287',2026-10-02 08:23:59.813516+10:00,2011-07-01,2015-09-10
srv-201906-46-fd9155585c83e862,aph-201906,46,representatives,Liberal Party of Australia,LP,Longman,QLD,2019-07-02,2022-04-11,True,False,https://handbookapi.aph.gov.au/api/individuals?$filter=PHID eq '201906',2026-10-02 08:23:59.813516+10:00,2019-05-18,2022-05-21
srv-201906-47-1012246ab0bf3dbf,aph-201906,47,representatives,Liberal Party of Australia,LP,Longman,QLD,2022-07-26,2025-03-28,True,False,https://handbookapi.aph.gov.au/api/individuals?$filter=PHID eq '201906',2026-10-02 08:23:59.813516+10:00,2022-05-21,2025-05-03
srv-201906-48-9d203a7ab5d28a78,aph-201906,48,representatives,Liberal Party of Australia,LP,Longman,QLD,2025-07-22,,True,True,https://handbookapi.aph.gov.au/api/individuals?$filter=PHID eq '201906',2026-10-02 08:23:59.813516+10:00,2025-05-03,2026-09-21
srv-203092-44-1199321faefe3d55,aph-203092,44,representatives,Liberal Party of Australia,LP,North Sydney,NSW,2015-12-05,2016-05-09,False,False,https://handbookapi.aph.gov.au/api/individuals?$filter=PHID eq '203092',2026-10-02 08:23:59.813516+10:00,2015-12-05,2016-07-02
srv-203092-45-7355a19a778e1a4b,aph-203092,45,representatives,Liberal Party of Australia,LP,North Sydney,NSW,2016-08-30,2019-04-11,True,False,https://handbookapi.aph.gov.au/api/individuals?$filter=PHID eq '203092',2026-10-02 08:23:59.813516+10:00,2016-07-02,2019-05-18
srv-203092-46-2bc38711ae651f9e,aph-203092,46,representatives,Liberal Party of Australia,LP,North Sydney,NSW,2019-07-02,2022-04-11,True,False,https://handbookapi.aph.gov.au/api/individuals?$filter=PHID eq '203092',2026-10-02 08:23:59.813516+10:00,2019-05-18,2022-05-21
srv-204953-43-d6b1de4e3c44ad1b,aph-204953,43,senate,Australian Labor Party,ALP,,SA,2011-07-01,2013-08-05,False,False,https://handbookapi.aph.gov.au/api/individuals?$filter=PHID eq '204953',2026-10-02 08:23:59.813516+10:00,2011-07-01,2016-07-01
srv-204953-44-54401abe4cc70a19,aph-204953,44,senate,Australian Labor Party,ALP,,SA,2013-11-12,2016-05-09,True,False,https://handbookapi.aph.gov.au/api/individuals?$filter=PHID eq '204953',2026-10-02 08:23:59.813516+10:00,2011-07-01,2016-07-01
srv-204953-45-aaebd6974cf9f9dc,aph-204953,45,senate,Australian Labor Party,ALP,,SA,2016-08-30,2019-04-11,True,False,https://handbookapi.aph.gov.au/api/individuals?$filter=PHID eq '204953',2026-10-02 08:23:59.813516+10:00,2016-07-02,2019-06-30
srv-204953-46-b8abaac14a0ee608,aph-204953,46,senate,Australian Labor Party,ALP,,SA,2019-07-02,2021-08-29,True,False,https://handbookapi.aph.gov.au/api/individuals?$filter=PHID eq '204953',2026-10-02 08:23:59.813516+10:00,2019-07-01,2021-08-29
srv-207800-44-2accab9d495d4b69,aph-207800,44,representatives,Liberal Party of Australia,LP,Braddon,TAS,2013-11-12,2016-05-09,True,False,https://handbookapi.aph.gov.au/api/individuals?$filter=PHID eq '207800',2026-10-02 08:23:59.813516+10:00,2013-09-07,2016-07-02
srv-207807-45-820a21f3e8bccce2,aph-207807,45,senate,Pauline Hanson's One Nation,PHON,,NSW,2016-08-30,2018-06-17,True,False,https://handbookapi.aph.gov.au/api/individuals?$filter=PHID eq '207807',2026-10-02 08:23:59.813516+10:00,2016-07-02,2019-06-30
srv-207807-45-c055c5fbda6aaa9f,aph-207807,45,senate,United Australia Party [2018],UAP [2018],,NSW,2018-06-18,2019-04-11,False,False,https://handbookapi.aph.gov.au/api/individuals?$filter=PHID eq '207807',2026-10-02 08:23:59.813516+10:00,2016-07-02,2019-06-30
srv-207825-43-c788d292a3ceee81,aph-207825,43,senate,The Nationals,NP,,VIC,2011-07-01,2013-08-05,False,False,https://handbookapi.aph.gov.au/api/individuals?$filter=PHID eq '207825',2026-10-02 08:23:59.813516+10:00,2011-07-01,2016-07-01
srv-207825-44-9a3c39a287fcb729,aph-207825,44,senate,The Nationals,NP,,VIC,2013-11-12,2016-05-09,True,False,https://handbookapi.aph.gov.au/api/individuals?$filter=PHID eq '207825',2026-10-02 08:23:59.813516+10:00,2011-07-01,2016-07-01
srv-207825-45-540f064b4629aae2,aph-207825,45,senate,The Nationals,NP,,VIC,2016-08-30,2019-04-11,True,False,https://handbookapi.aph.gov.au/api/individuals?$filter=PHID eq '207825',2026-10-02 08:23:59.813516+10:00,2016-07-02,2022-06-30
srv-207825-46-5e296561b2b9c1b1,aph-207825,46,senate,The Nationals,NP,,VIC,2019-07-02,2022-04-11,True,False,https://handbookapi.aph.gov.au/api/individuals?$filter=PHID eq '207825',2026-10-02 08:23:59.813516+10:00,2016-07-02,2022-06-30
srv-207825-47-bb2d689f4fa5ed07,aph-207825,47,senate,The Nationals,NP,,VIC,2022-07-26,2025-03-28,True,False,https://handbookapi.aph.gov.au/api/individuals?$filter=PHID eq '207825',2026-10-02 08:23:59.813516+10:00,2022-07-01,2026-09-21
srv-207825-48-838203463b46f127,aph-207825,48,senate,The Nationals,NP,,VIC,2025-07-22,,True,True,https://handbookapi.aph.gov.au/api/individuals?$filter=PHID eq '207825',2026-10-02 08:23:59.813516+10:00,2022-07-01,2026-09-21
srv-208884-44-ffc1167f322b6488,aph-208884,44,representatives,Liberal Party of Australia,LP,Pearce,WA,2013-11-12,2016-05-09,True,False,https://handbookapi.aph.gov.au/api/individuals?$filter=PHID eq '208884',2026-10-02 08:23:59.813516+10:00,2013-09-07,2016-07-02
srv-208884-45-4cf23b4f7c34f061,aph-208884,45,representatives,Liberal Party of Australia,LP,Pearce,WA,2016-08-30,2019-04-11,True,False,https://handbookapi.aph.gov.au/api/individuals?$filter=PHID eq '208884',2026-10-02 08:23:59.813516+10:00,2016-07-02,2019-05-18
srv-208884-46-ec3b613bb843b37f,aph-208884,46,representatives,Liberal Party of Australia,LP,Pearce,WA,2019-07-02,2022-04-11,True,False,https://handbookapi.aph.gov.au/api/individuals?$filter=PHID eq '208884',2026-10-02 08:23:59.813516+10:00,2019-05-18,2022-04-11
srv-210911-43-b3fde6d598450643,aph-210911,43,representatives,Liberal Party of Australia,LP,Wannon,VIC,2010-09-28,2013-08-05,True,False,https://handbookapi.aph.gov.au/api/individuals?$filter=PHID eq '210911',2026-10-02 08:23:59.813516+10:00,2010-08-21,2013-09-07
srv-210911-44-3ff93a990dd5675d,aph-210911,44,representatives,Liberal Party of Australia,LP,Wannon,VIC,2013-11-12,2016-05-09,True,False,https://handbookapi.aph.gov.au/api/individuals?$filter=PHID eq '210911',2026-10-02 08:23:59.813516+10:00,2013-09-07,2016-07-02
srv-210911-45-6c07e93714560c42,aph-210911,45,representatives,Liberal Party of Australia,LP,Wannon,VIC,2016-08-30,2019-04-11,True,False,https://handbookapi.aph.gov.au/api/individuals?$filter=PHID eq '210911',2026-10-02 08:23:59.813516+10:00,2016-07-02,2019-05-18
srv-210911-46-767aeb7dce63896f,aph-210911,46,representatives,Liberal Party of Australia,LP,Wannon,VIC,2019-07-02,2022-04-11,True,False,https://handbookapi.aph.gov.au/api/individuals?$filter=PHID eq '210911',2026-10-02 08:23:59.813516+10:00,2019-05-18,2022-05-21
srv-210911-47-9e21d12b7c272e0c,aph-210911,47,representatives,Liberal Party of Australia,LP,Wannon,VIC,2022-07-26,2025-03-28,True,False,https://handbookapi.aph.gov.au/api/individuals?$filter=PHID eq '210911',2026-10-02 08:23:59.813516+10:00,2022-05-21,2025-05-03
srv-210911-48-a1428c609115d413,aph-210911,48,representatives,Liberal Party of Australia,LP,Wannon,VIC,2025-07-22,,True,True,https://handbookapi.aph.gov.au/api/individuals?$filter=PHID eq '210911',2026-10-02 08:23:59.813516+10:00,2025-05-03,2026-09-21
srv-212585-44-90d36175e3109db5,aph-212585,44,representatives,Liberal Party of Australia,LP,Lyons,TAS,2013-11-12,2016-05-09,True,False,https://handbookapi.aph.gov.au/api/individuals?$filter=PHID eq '212585',2026-10-02 08:23:59.813516+10:00,2013-09-07,2016-07-02
srv-217241-44-c17f677c2ebc5b4c,aph-217241,44,senate,Liberal Party of Australia,LP,,QLD,2014-07-01,2016-05-09,False,False,https://handbookapi.aph.gov.au/api/individuals?$filter=PHID eq '217241',2026-10-02 08:23:59.813516+10:00,2014-07-01,2016-07-01
srv-217241-45-61d6087e18b3b4ae,aph-217241,45,senate,Liberal Party of Australia,LP,,QLD,2016-08-30,2019-04-11,True,False,https://handbookapi.aph.gov.au/api/individuals?$filter=PHID eq '217241',2026-10-02 08:23:59.813516+10:00,2016-07-02,2022-06-30
srv-217241-46-9e5ee25010828359,aph-217241,46,senate,Liberal Party of Australia,LP,,QLD,2019-07-02,2022-04-11,True,False,https://handbookapi.aph.gov.au/api/individuals?$filter=PHID eq '217241',2026-10-02 08:23:59.813516+10:00,2016-07-02,2022-06-30
srv-217241-47-b47db3b0e95c71e4,aph-217241,47,senate,Liberal Party of Australia,LP,,QLD,2022-07-26,2025-03-28,True,False,https://handbookapi.aph.gov.au/api/individuals?$filter=PHID eq '217241',2026-10-02 08:23:59.813516+10:00,2022-07-01,2026-09-21
srv-217241-48-0f3e1cdf0ed63ed4,aph-217241,48,senate,Liberal Party of Australia,LP,,QLD,2025-07-22,,True,True,https://handbookapi.aph.gov.au/api/individuals?$filter=PHID eq '217241',2026-10-02 08:23:59.813516+10:00,2022-07-01,2026-09-21
srv-217266-43-1f5fc67020e5a6df,aph-217266,43,representatives,Liberal Party of Australia,LP,Ryan,QLD,2010-09-28,2013-08-05,True,False,https://handbookapi.aph.gov.au/api/individuals?$filter=PHID eq '217266',2026-10-02 08:23:59.813516+10:00,2010-08-21,2013-09-07
srv-217266-44-fc3f8db5a0c23892,aph-217266,44,representatives,Liberal Party of Australia,LP,Ryan,QLD,2013-11-12,2016-05-09,True,False,https://handbookapi.aph.gov.au/api/individuals?$filter=PHID eq '217266',2026-10-02 08:23:59.813516+10:00,2013-09-07,2016-07-02
srv-217266-45-42381cb5922ce1f3,aph-217266,45,representatives,Liberal Party of Australia,LP,Ryan,QLD,2016-08-30,2019-04-11,True,False,https://handbookapi.aph.gov.au/api/individuals?$filter=PHID eq '217266',2026-10-02 08:23:59.813516+10:00,2016-07-02,2019-04-11
srv-217571-43-a2e5f17bcd18b430,aph-217571,43,senate,Democratic Labor Party,Democratic Labor Party,,VIC,2011-07-01,2013-08-05,False,False,https://handbookapi.aph.gov.au/api/individuals?$filter=PHID eq '217571',2026-10-02 08:23:59.813516+10:00,2011-07-01,2016-07-02
srv-217571-44-77ba403284deef6b,aph-217571,44,senate,Democratic Labor Party,Democratic Labor Party,,VIC,2013-11-12,2014-09-03,True,False,https://handbookapi.aph.gov.au/api/individuals?$filter=PHID eq '217571',2026-10-02 08:23:59.813516+10:00,2011-07-01,2016-07-02
srv-217571-44-c78af7be3b4b44b3,aph-217571,44,senate,Independent,IND,,VIC,2014-09-04,2016-05-09,False,False,https://handbookapi.aph.gov.au/api/individuals?$filter=PHID eq '217571',2026-10-02 08:23:59.813516+10:00,2011-07-01,2016-07-02
srv-218019-44-68260c222dcb4d77,aph-218019,44,representatives,The Nationals,NP,Page,NSW,2013-11-12,2016-05-09,True,False,https://handbookapi.aph.gov.au/api/individuals?$filter=PHID eq '218019',2026-10-02 08:23:59.813516+10:00,2013-09-07,2016-07-02
srv-218019-45-b5229b0eb25888c1,aph-218019,45,representatives,The Nationals,NP,Page,NSW,2016-08-30,2019-04-11,True,False,https://handbookapi.aph.gov.au/api/individuals?$filter=PHID eq '218019',2026-10-02 08:23:59.813516+10:00,2016-07-02,2019-05-18
srv-218019-46-b66f5e42ba51ed63,aph-218019,46,representatives,The Nationals,NP,Page,NSW,2019-07-02,2022-04-11,True,False,https://handbookapi.aph.gov.au/api/individuals?$filter=PHID eq '218019',2026-10-02 08:23:59.813516+10:00,2019-05-18,2022-05-21
srv-218019-47-ef1d503d6a2a27c8,aph-218019,47,representatives,The Nationals,NP,Page,NSW,2022-07-26,2025-03-28,True,False,https://handbookapi.aph.gov.au/api/individuals?$filter=PHID eq '218019',2026-10-02 08:23:59.813516+10:00,2022-05-21,2026-09-21
srv-218019-48-49770e8b58bd1ed6,aph-218019,48,representatives,The Nationals,NP,Page,NSW,2025-07-22,,True,True,https://handbookapi.aph.gov.au/api/individuals?$filter=PHID eq '218019',2026-10-02 08:23:59.813516+10:00,2022-05-21,2026-09-21
srv-219646-43-87ab003528c9c733,aph-219646,43,representatives,The Nationals,NP,Riverina,NSW,2010-09-28,2013-08-05,True,False,https://handbookapi.aph.gov.au/api/individuals?$filter=PHID eq '219646',2026-10-02 08:23:59.813516+10:00,2010-08-21,2013-09-07
srv-219646-44-739012440c514879,aph-219646,44,representatives,The Nationals,NP,Riverina,NSW,2013-11-12,2016-05-09,True,False,https://handbookapi.aph.gov.au/api/individuals?$filter=PHID eq '219646',2026-10-02 08:23:59.813516+10:00,2013-09-07,2016-07-02
srv-219646-45-4efe4ae3b1eb7e3c,aph-219646,45,representatives,The Nationals,NP,Riverina,NSW,2016-08-30,2019-04-11,True,False,https://handbookapi.aph.gov.au/api/individuals?$filter=PHID eq '219646',2026-10-02 08:23:59.813516+10:00,2016-07-02,2019-05-18
srv-219646-46-9f7e0570843634e4,aph-219646,46,representatives,The Nationals,NP,Riverina,NSW,2019-07-02,2022-04-11,True,False,https://handbookapi.aph.gov.au/api/individuals?$filter=PHID eq '219646',2026-10-02 08:23:59.813516+10:00,2019-05-18,2022-05-21
srv-219646-47-2653e17568f1984f,aph-219646,47,representatives,The Nationals,NP,Riverina,NSW,2022-07-26,2025-03-28,True,False,https://handbookapi.aph.gov.au/api/individuals?$filter=PHID eq '219646',2026-10-02 08:23:59.813516+10:00,2022-05-21,2025-05-03
srv-219646-48-f66f6af928863568,aph-219646,48,representatives,The Nationals,NP,Riverina,NSW,2025-07-22,,True,True,https://handbookapi.aph.gov.au/api/individuals?$filter=PHID eq '219646',2026-10-02 08:23:59.813516+10:00,2025-05-03,2026-09-21
srv-220370-43-51c7baf285565060,aph-220370,43,representatives,Liberal Party of Australia,LP,Solomon,NT,2010-09-28,2013-08-05,True,False,https://handbookapi.aph.gov.au/api/individuals?$filter=PHID eq '220370',2026-10-02 08:23:59.813516+10:00,2010-08-21,2013-09-07
srv-220370-44-4ce337a8c1ca25d3,aph-220370,44,representatives,Liberal Party of Australia,LP,Solomon,NT,2013-11-12,2016-05-09,True,False,https://handbookapi.aph.gov.au/api/individuals?$filter=PHID eq '220370',2026-10-02 08:23:59.813516+10:00,2013-09-07,2016-07-02
srv-224102-48-73e1cbef867cfdc0,aph-224102,48,representatives,Australian Labor Party,ALP,Lyons,TAS,2025-07-22,,True,True,https://handbookapi.aph.gov.au/api/individuals?$filter=PHID eq '224102',2026-10-02 08:23:59.813516+10:00,2025-05-03,2026-09-21
srv-225099-44-8ed57ae2bd786735,aph-225099,44,senate,Australian Labor Party,ALP,,NSW,2013-11-12,2016-05-09,True,False,https://handbookapi.aph.gov.au/api/individuals?$filter=PHID eq '225099',2026-10-02 08:23:59.813516+10:00,2013-08-21,2016-07-01
srv-225099-45-7ea19b720a7fc839,aph-225099,45,senate,Australian Labor Party,ALP,,NSW,2016-08-30,2018-01-25,True,False,https://handbookapi.aph.gov.au/api/individuals?$filter=PHID eq '225099',2026-10-02 08:23:59.813516+10:00,2016-07-02,2018-01-25
srv-225307-43-5bed9185ebdd2d70,aph-225307,43,senate,Liberal Party of Australia,LP,,SA,2011-07-01,2013-08-05,False,False,https://handbookapi.aph.gov.au/api/individuals?$filter=PHID eq '225307',2026-10-02 08:23:59.813516+10:00,2011-07-01,2016-07-01
srv-225307-44-23c468b142180b90,aph-225307,44,senate,Liberal Party of Australia,LP,,SA,2013-11-12,2016-05-09,True,False,https://handbookapi.aph.gov.au/api/individuals?$filter=PHID eq '225307',2026-10-02 08:23:59.813516+10:00,2011-07-01,2016-07-01
srv-230485-43-17ddc5e9e72a3baa,aph-230485,43,representatives,The Nationals,NP,Dawson,QLD,2010-09-28,2013-08-05,True,False,https://handbookapi.aph.gov.au/api/individuals?$filter=PHID eq '230485',2026-10-02 08:23:59.813516+10:00,2010-08-21,2013-09-07
srv-230485-44-fec6ebf26c6514b0,aph-230485,44,representatives,The Nationals,NP,Dawson,QLD,2013-11-12,2016-05-09,True,False,https://handbookapi.aph.gov.au/api/individuals?$filter=PHID eq '230485',2026-10-02 08:23:59.813516+10:00,2013-09-07,2016-07-02
srv-230485-45-05892a996da9d5d4,aph-230485,45,representatives,The Nationals,NP,Dawson,QLD,2016-08-30,2019-04-11,True,False,https://handbookapi.aph.gov.au/api/individuals?$filter=PHID eq '230485',2026-10-02 08:23:59.813516+10:00,2016-07-02,2019-05-18
srv-230485-46-65e279417c1b04de,aph-230485,46,representatives,The Nationals,NP,Dawson,QLD,2019-07-02,2022-04-11,True,False,https://handbookapi.aph.gov.au/api/individuals?$filter=PHID eq '230485',2026-10-02 08:23:59.813516+10:00,2019-05-18,2022-04-11
srv-230531-43-17849487c4c16de0,aph-230531,43,representatives,Liberal Party of Australia,LP,Wright,QLD,2010-09-28,2013-08-05,True,False,https://handbookapi.aph.gov.au/api/individuals?$filter=PHID eq '230531',2026-10-02 08:23:59.813516+10:00,2010-08-21,2013-09-07
srv-230531-44-1a69ef1eac34c98b,aph-230531,44,representatives,Liberal Party of Australia,LP,Wright,QLD,2013-11-12,2016-05-09,True,False,https://handbookapi.aph.gov.au/api/individuals?$filter=PHID eq '230531',2026-10-02 08:23:59.813516+10:00,2013-09-07,2016-07-02
srv-230531-45-924a9256d66deb0a,aph-230531,45,representatives,Liberal Party of Australia,LP,Wright,QLD,2016-08-30,2019-04-11,True,False,https://handbookapi.aph.gov.au/api/individuals?$filter=PHID eq '230531',2026-10-02 08:23:59.813516+10:00,2016-07-02,2019-05-18
srv-230531-46-4a6845cea854750d,aph-230531,46,representatives,Liberal Party of Australia,LP,Wright,QLD,2019-07-02,2022-04-11,True,False,https://handbookapi.aph.gov.au/api/individuals?$filter=PHID eq '230531',2026-10-02 08:23:59.813516+10:00,2019-05-18,2022-05-21
srv-230531-47-6495e6db7aa2533e,aph-230531,47,representatives,Liberal Party of Australia,LP,Wright,QLD,2022-07-26,2025-03-28,True,False,https://handbookapi.aph.gov.au/api/individuals?$filter=PHID eq '230531',2026-10-02 08:23:59.813516+10:00,2022-05-21,2025-05-03
srv-230531-48-aab203e7c44af58c,aph-230531,48,representatives,Liberal Party of Australia,LP,Wright,QLD,2025-07-22,,True,True,https://handbookapi.aph.gov.au/api/individuals?$filter=PHID eq '230531',2026-10-02 08:23:59.813516+10:00,2025-05-03,2026-09-21
srv-230886-43-4b4b29bc99e694e0,aph-230886,43,representatives,Liberal Party of Australia,LP,McPherson,QLD,2010-09-28,2013-08-05,True,False,https://handbookapi.aph.gov.au/api/individuals?$filter=PHID eq '230886',2026-10-02 08:23:59.813516+10:00,2010-08-21,2013-09-07
srv-230886-44-8a30314714341bb9,aph-230886,44,representatives,Liberal Party of Australia,LP,McPherson,QLD,2013-11-12,2016-05-09,True,False,https://handbookapi.aph.gov.au/api/individuals?$filter=PHID eq '230886',2026-10-02 08:23:59.813516+10:00,2013-09-07,2016-07-02
srv-230886-45-a978921a0257ed76,aph-230886,45,representatives,Liberal Party of Australia,LP,McPherson,QLD,2016-08-30,2019-04-11,True,False,https://handbookapi.aph.gov.au/api/individuals?$filter=PHID eq '230886',2026-10-02 08:23:59.813516+10:00,2016-07-02,2019-05-18
srv-230886-46-720e91b07bfd67ae,aph-230886,46,representatives,Liberal Party of Australia,LP,McPherson,QLD,2019-07-02,2022-04-11,True,False,https://handbookapi.aph.gov.au/api/individuals?$filter=PHID eq '230886',2026-10-02 08:23:59.813516+10:00,2019-05-18,2022-05-21
srv-230886-47-630931be08c37a99,aph-230886,47,representatives,Liberal Party of Australia,LP,McPherson,QLD,2022-07-26,2025-03-28,True,False,https://handbookapi.aph.gov.au/api/individuals?$filter=PHID eq '230886',2026-10-02 08:23:59.813516+10:00,2022-05-21,2025-03-28
srv-231027-44-c387a63c12fb9d86,aph-231027,44,representatives,Liberal Party of Australia,LP,Hume,NSW,2013-11-12,2016-05-09,True,False,https://handbookapi.aph.gov.au/api/individuals?$filter=PHID eq '231027',2026-10-02 08:23:59.813516+10:00,2013-09-07,2016-07-02
srv-231027-45-7dc8702e15235d73,aph-231027,45,representatives,Liberal Party of Australia,LP,Hume,NSW,2016-08-30,2019-04-11,True,False,https://handbookapi.aph.gov.au/api/individuals?$filter=PHID eq '231027',2026-10-02 08:23:59.813516+10:00,2016-07-02,2019-05-18
srv-231027-46-8ecccd6cb1042c3a,aph-231027,46,representatives,Liberal Party of Australia,LP,Hume,NSW,2019-07-02,2022-04-11,True,False,https://handbookapi.aph.gov.au/api/individuals?$filter=PHID eq '231027',2026-10-02 08:23:59.813516+10:00,2019-05-18,2022-05-21
srv-231027-47-9231ecbbf0a97592,aph-231027,47,representatives,Liberal Party of Australia,LP,Hume,NSW,2022-07-26,2025-03-28,True,False,https://handbookapi.aph.gov.au/api/individuals?$filter=PHID eq '231027',2026-10-02 08:23:59.813516+10:00,2022-05-21,2025-05-03
srv-231027-48-2bff98a2384c6744,aph-231027,48,representatives,Liberal Party of Australia,LP,Hume,NSW,2025-07-22,,True,True,https://handbookapi.aph.gov.au/api/individuals?$filter=PHID eq '231027',2026-10-02 08:23:59.813516+10:00,2025-05-03,2026-09-21
srv-231199-43-f44581e95b738bb3,aph-231199,43,senate,Australian Labor Party,ALP,,TAS,2011-07-01,2013-08-05,False,False,https://handbookapi.aph.gov.au/api/individuals?$filter=PHID eq '231199',2026-10-02 08:23:59.813516+10:00,2011-07-01,2016-07-01
srv-231199-44-b43c23c8e08caae4,aph-231199,44,senate,Australian Labor Party,ALP,,TAS,2013-11-12,2016-05-09,True,False,https://handbookapi.aph.gov.au/api/individuals?$filter=PHID eq '231199',2026-10-02 08:23:59.813516+10:00,2011-07-01,2016-07-01
srv-231199-45-ce0fdb9380d518a9,aph-231199,45,senate,Australian Labor Party,ALP,,TAS,2016-08-30,2019-04-11,True,False,https://handbookapi.aph.gov.au/api/individuals?$filter=PHID eq '231199',2026-10-02 08:23:59.813516+10:00,2016-07-02,2022-06-30
srv-231199-46-a76b34aa832233bf,aph-231199,46,senate,Australian Labor Party,ALP,,TAS,2019-07-02,2022-04-11,True,False,https://handbookapi.aph.gov.au/api/individuals?$filter=PHID eq '231199',2026-10-02 08:23:59.813516+10:00,2016-07-02,2022-06-30
srv-231199-47-187a05e658c170d9,aph-231199,47,senate,Australian Labor Party,ALP,,TAS,2022-07-26,2025-03-28,True,False,https://handbookapi.aph.gov.au/api/individuals?$filter=PHID eq '231199',2026-10-02 08:23:59.813516+10:00,2022-07-01,2025-03-28
srv-231199-48-6723cd9abe88d322,aph-231199,48,representatives,Australian Labor Party,ALP,Braddon,TAS,2025-07-22,,True,True,https://handbookapi.aph.gov.au/api/individuals?$filter=PHID eq '231199',2026-10-02 08:23:59.813516+10:00,2025-05-03,2026-09-21
srv-23497-48-2abd89290946411a,aph-23497,48,representatives,Australian Labor Party,ALP,Whitlam,NSW,2025-07-22,,True,True,https://handbookapi.aph.gov.au/api/individuals?$filter=PHID eq '23497',2026-10-02 08:23:59.813516+10:00,2025-05-03,2026-09-21
srv-235654-47-83e0084f7701ba39,aph-235654,47,representatives,Liberal Party of Australia,LP,Menzies,VIC,2022-07-26,2025-03-28,True,False,https://handbookapi.aph.gov.au/api/individuals?$filter=PHID eq '235654',2026-10-02 08:23:59.813516+10:00,2022-05-21,2025-05-03
srv-237920-45-dc34a18f904a0a7c,aph-237920,45,senate,Liberal Party of Australia,LP,,QLD,2018-03-21,2019-04-11,False,False,https://handbookapi.aph.gov.au/api/individuals?$filter=PHID eq '237920',2026-10-02 08:23:59.813516+10:00,2018-03-21,2022-06-30
srv-237920-46-9e5ee25010828359,aph-237920,46,senate,Liberal Party of Australia,LP,,QLD,2019-07-02,2022-04-11,True,False,https://handbookapi.aph.gov.au/api/individuals?$filter=PHID eq '237920',2026-10-02 08:23:59.813516+10:00,2018-03-21,2022-06-30
srv-240756-44-fb31b1eb1a4ea8ec,aph-240756,44,representatives,Liberal Party of Australia,LP,Barker,SA,2013-11-12,2016-05-09,True,False,https://handbookapi.aph.gov.au/api/individuals?$filter=PHID eq '240756',2026-10-02 08:23:59.813516+10:00,2013-09-07,2016-07-02
srv-240756-45-718e447c1855b072,aph-240756,45,representatives,Liberal Party of Australia,LP,Barker,SA,2016-08-30,2019-04-11,True,False,https://handbookapi.aph.gov.au/api/individuals?$filter=PHID eq '240756',2026-10-02 08:23:59.813516+10:00,2016-07-02,2019-05-18
srv-240756-46-b447673bc423838c,aph-240756,46,representatives,Liberal Party of Australia,LP,Barker,SA,2019-07-02,2022-04-11,True,False,https://handbookapi.aph.gov.au/api/individuals?$filter=PHID eq '240756',2026-10-02 08:23:59.813516+10:00,2019-05-18,2022-05-21
srv-240756-47-999c1aa841453d3a,aph-240756,47,representatives,Liberal Party of Australia,LP,Barker,SA,2022-07-26,2025-03-28,True,False,https://handbookapi.aph.gov.au/api/individuals?$filter=PHID eq '240756',2026-10-02 08:23:59.813516+10:00,2022-05-21,2025-05-03
srv-240756-48-83494bb875b3a5b4,aph-240756,48,representatives,Liberal Party of Australia,LP,Barker,SA,2025-07-22,,True,True,https://handbookapi.aph.gov.au/api/individuals?$filter=PHID eq '240756',2026-10-02 08:23:59.813516+10:00,2025-05-03,2026-09-21
srv-241067-44-6696269849ea839b,aph-241067,44,representatives,Liberal Party of Australia,LP,Banks,NSW,2013-11-12,2016-05-09,True,False,https://handbookapi.aph.gov.au/api/individuals?$filter=PHID eq '241067',2026-10-02 08:23:59.813516+10:00,2013-09-07,2016-07-02
srv-241067-45-94ec4ff2831f7ac7,aph-241067,45,representatives,Liberal Party of Australia,LP,Banks,NSW,2016-08-30,2019-04-11,True,False,https://handbookapi.aph.gov.au/api/individuals?$filter=PHID eq '241067',2026-10-02 08:23:59.813516+10:00,2016-07-02,2019-05-18
srv-241067-46-c8df807f17dc1847,aph-241067,46,representatives,Liberal Party of Australia,LP,Banks,NSW,2019-07-02,2022-04-11,True,False,https://handbookapi.aph.gov.au/api/individuals?$filter=PHID eq '241067',2026-10-02 08:23:59.813516+10:00,2019-05-18,2022-05-21
srv-241067-47-c6b5b95c4fd96ea7,aph-241067,47,representatives,Liberal Party of Australia,LP,Banks,NSW,2022-07-26,2025-03-28,True,False,https://handbookapi.aph.gov.au/api/individuals?$filter=PHID eq '241067',2026-10-02 08:23:59.813516+10:00,2022-05-21,2025-05-03
srv-241586-44-c1e2cb0cf8680372,aph-241586,44,representatives,Liberal Party of Australia,LP,Gilmore,NSW,2013-11-12,2016-05-09,True,False,https://handbookapi.aph.gov.au/api/individuals?$filter=PHID eq '241586',2026-10-02 08:23:59.813516+10:00,2013-09-07,2016-07-02
srv-241586-45-604c52287f81418e,aph-241586,45,representatives,Liberal Party of Australia,LP,Gilmore,NSW,2016-08-30,2019-04-11,True,False,https://handbookapi.aph.gov.au/api/individuals?$filter=PHID eq '241586',2026-10-02 08:23:59.813516+10:00,2016-07-02,2019-04-11
srv-241589-44-f7a24f261760e5a0,aph-241589,44,representatives,Liberal Party of Australia,LP,Dobell,NSW,2013-11-12,2016-05-09,True,False,https://handbookapi.aph.gov.au/api/individuals?$filter=PHID eq '241589',2026-10-02 08:23:59.813516+10:00,2013-09-07,2016-07-02
srv-241590-44-ed3d77a4853ca0ac,aph-241590,44,representatives,Liberal Party of Australia,LP,Robertson,NSW,2013-11-12,2016-05-09,True,False,https://handbookapi.aph.gov.au/api/individuals?$filter=PHID eq '241590',2026-10-02 08:23:59.813516+10:00,2013-09-07,2016-07-02
srv-241590-45-47105848097398ce,aph-241590,45,representatives,Liberal Party of Australia,LP,Robertson,NSW,2016-08-30,2019-04-11,True,False,https://handbookapi.aph.gov.au/api/individuals?$filter=PHID eq '241590',2026-10-02 08:23:59.813516+10:00,2016-07-02,2019-05-18
srv-241590-46-83708a13d37db5de,aph-241590,46,representatives,Liberal Party of Australia,LP,Robertson,NSW,2019-07-02,2022-04-11,True,False,https://handbookapi.aph.gov.au/api/individuals?$filter=PHID eq '241590',2026-10-02 08:23:59.813516+10:00,2019-05-18,2022-05-21
srv-241710-43-fcc0659f25165143,aph-241710,43,senate,Liberal Party of Australia,LP,,WA,2012-05-02,2013-08-05,False,False,https://handbookapi.aph.gov.au/api/individuals?$filter=PHID eq '241710',2026-10-02 08:23:59.813516+10:00,2012-05-02,2016-07-01
srv-241710-44-9465fa0d85def696,aph-241710,44,senate,Liberal Party of Australia,LP,,WA,2013-11-12,2016-05-09,True,False,https://handbookapi.aph.gov.au/api/individuals?$filter=PHID eq '241710',2026-10-02 08:23:59.813516+10:00,2012-05-02,2016-07-01
srv-241710-45-b35179b2e9c620f3,aph-241710,45,senate,Liberal Party of Australia,LP,,WA,2016-08-30,2019-04-11,True,False,https://handbookapi.aph.gov.au/api/individuals?$filter=PHID eq '241710',2026-10-02 08:23:59.813516+10:00,2016-07-02,2022-06-30
srv-241710-46-e7ce51d59c68d4fb,aph-241710,46,senate,Liberal Party of Australia,LP,,WA,2019-07-02,2022-04-11,True,False,https://handbookapi.aph.gov.au/api/individuals?$filter=PHID eq '241710',2026-10-02 08:23:59.813516+10:00,2016-07-02,2022-06-30
srv-241710-47-55d4ecc072476205,aph-241710,47,senate,Liberal Party of Australia,LP,,WA,2022-07-26,2025-03-28,True,False,https://handbookapi.aph.gov.au/api/individuals?$filter=PHID eq '241710',2026-10-02 08:23:59.813516+10:00,2022-07-01,2026-09-21
srv-241710-48-e27faf8d90d5332c,aph-241710,48,senate,Liberal Party of Australia,LP,,WA,2025-07-22,,True,True,https://handbookapi.aph.gov.au/api/individuals?$filter=PHID eq '241710',2026-10-02 08:23:59.813516+10:00,2022-07-01,2026-09-21
srv-242515-44-45aefcd62d0a380f,aph-242515,44,representatives,Liberal Party of Australia,LP,Deakin,VIC,2013-11-12,2016-05-09,True,False,https://handbookapi.aph.gov.au/api/individuals?$filter=PHID eq '242515',2026-10-02 08:23:59.813516+10:00,2013-09-07,2016-07-02
srv-242515-45-d6b777a27b780204,aph-242515,45,representatives,Liberal Party of Australia,LP,Deakin,VIC,2016-08-30,2019-04-11,True,False,https://handbookapi.aph.gov.au/api/individuals?$filter=PHID eq '242515',2026-10-02 08:23:59.813516+10:00,2016-07-02,2019-05-18
srv-242515-46-74807b7470550d25,aph-242515,46,representatives,Liberal Party of Australia,LP,Deakin,VIC,2019-07-02,2022-04-11,True,False,https://handbookapi.aph.gov.au/api/individuals?$filter=PHID eq '242515',2026-10-02 08:23:59.813516+10:00,2019-05-18,2022-05-21
srv-242515-47-44c9f78a71352b9a,aph-242515,47,representatives,Liberal Party of Australia,LP,Deakin,VIC,2022-07-26,2025-03-28,True,False,https://handbookapi.aph.gov.au/api/individuals?$filter=PHID eq '242515',2026-10-02 08:23:59.813516+10:00,2022-05-21,2025-05-03
srv-243237-44-0b7f002af388b82c,aph-243237,44,senate,Australian Labor Party,ALP,,WA,2014-07-01,2016-04-13,False,False,https://handbookapi.aph.gov.au/api/individuals?$filter=PHID eq '243237',2026-10-02 08:23:59.813516+10:00,2014-07-01,2016-04-13
srv-243273-43-bb676e68c27206d7,aph-243273,43,senate,Liberal Party of Australia,LP,,SA,2012-09-05,2013-08-05,False,False,https://handbookapi.aph.gov.au/api/individuals?$filter=PHID eq '243273',2026-10-02 08:23:59.813516+10:00,2012-09-05,2016-07-01
srv-243273-44-23c468b142180b90,aph-243273,44,senate,Liberal Party of Australia,LP,,SA,2013-11-12,2016-05-09,True,False,https://handbookapi.aph.gov.au/api/individuals?$filter=PHID eq '243273',2026-10-02 08:23:59.813516+10:00,2012-09-05,2016-07-01
srv-243273-45-232ce7b6d033437b,aph-243273,45,senate,Liberal Party of Australia,LP,,SA,2016-08-30,2019-04-11,True,False,https://handbookapi.aph.gov.au/api/individuals?$filter=PHID eq '243273',2026-10-02 08:23:59.813516+10:00,2016-07-02,2019-06-30
srv-243273-46-870c8eae6478f0b3,aph-243273,46,senate,Liberal Party of Australia,LP,,SA,2019-07-02,2022-04-11,True,False,https://handbookapi.aph.gov.au/api/individuals?$filter=PHID eq '243273',2026-10-02 08:23:59.813516+10:00,2019-07-01,2025-06-30
srv-243273-47-32306dda4fe1325f,aph-243273,47,senate,Liberal Party of Australia,LP,,SA,2022-07-26,2025-03-28,True,False,https://handbookapi.aph.gov.au/api/individuals?$filter=PHID eq '243273',2026-10-02 08:23:59.813516+10:00,2019-07-01,2025-06-30
srv-243273-48-3a21c1269a3ce14f,aph-243273,48,senate,Liberal Party of Australia,LP,,SA,2025-07-22,,True,True,https://handbookapi.aph.gov.au/api/individuals?$filter=PHID eq '243273',2026-10-02 08:23:59.813516+10:00,2025-07-01,2026-09-21
srv-243609-44-da01ea1f3442f6d5,aph-243609,44,representatives,Australian Labor Party,ALP,Scullin,VIC,2013-11-12,2016-05-09,True,False,https://handbookapi.aph.gov.au/api/individuals?$filter=PHID eq '243609',2026-10-02 08:23:59.813516+10:00,2013-09-07,2016-07-02
srv-243609-45-eeda90235a2b7adc,aph-243609,45,representatives,Australian Labor Party,ALP,Scullin,VIC,2016-08-30,2019-04-11,True,False,https://handbookapi.aph.gov.au/api/individuals?$filter=PHID eq '243609',2026-10-02 08:23:59.813516+10:00,2016-07-02,2019-05-18
srv-243609-46-a0855bea2f971aea,aph-243609,46,representatives,Australian Labor Party,ALP,Scullin,VIC,2019-07-02,2022-04-11,True,False,https://handbookapi.aph.gov.au/api/individuals?$filter=PHID eq '243609',2026-10-02 08:23:59.813516+10:00,2019-05-18,2022-05-21
srv-243609-47-4e41ab7ac0233e2c,aph-243609,47,representatives,Australian Labor Party,ALP,Scullin,VIC,2022-07-26,2025-03-28,True,False,https://handbookapi.aph.gov.au/api/individuals?$filter=PHID eq '243609',2026-10-02 08:23:59.813516+10:00,2022-05-21,2025-05-03
srv-243609-48-ff47142d91ba8f05,aph-243609,48,representatives,Australian Labor Party,ALP,Scullin,VIC,2025-07-22,,True,True,https://handbookapi.aph.gov.au/api/individuals?$filter=PHID eq '243609',2026-10-02 08:23:59.813516+10:00,2025-05-03,2026-09-21
srv-244247-44-f5364dac963bdb45,aph-244247,44,senate,Australian Labor Party,ALP,,QLD,2014-07-01,2016-05-09,False,False,https://handbookapi.aph.gov.au/api/individuals?$filter=PHID eq '244247',2026-10-02 08:23:59.813516+10:00,2014-07-01,2016-07-01
srv-244247-45-909e019e3675db65,aph-244247,45,senate,Australian Labor Party,ALP,,QLD,2016-08-30,2019-04-11,True,False,https://handbookapi.aph.gov.au/api/individuals?$filter=PHID eq '244247',2026-10-02 08:23:59.813516+10:00,2016-07-02,2019-06-30
srv-244276-45-1aa480228ea4bbbe,aph-244276,45,senate,Liberal Democratic Party,LDP,,NSW,2019-03-20,2019-04-11,False,False,https://handbookapi.aph.gov.au/api/individuals?$filter=PHID eq '244276',2026-10-02 08:23:59.813516+10:00,2019-03-20,2019-06-30
srv-245212-44-486fea2c16fe5d33,aph-245212,44,senate,The Nationals,NP,,QLD,2014-07-01,2016-05-09,False,False,https://handbookapi.aph.gov.au/api/individuals?$filter=PHID eq '245212',2026-10-02 08:23:59.813516+10:00,2014-07-01,2016-07-02
srv-245212-45-539e812133e0e67d,aph-245212,45,senate,The Nationals,NP,,QLD,2016-08-30,2019-04-11,True,False,https://handbookapi.aph.gov.au/api/individuals?$filter=PHID eq '245212',2026-10-02 08:23:59.813516+10:00,2016-07-02,2022-06-30
srv-245212-46-74811f3115b0f410,aph-245212,46,senate,The Nationals,NP,,QLD,2019-07-02,2022-04-11,True,False,https://handbookapi.aph.gov.au/api/individuals?$filter=PHID eq '245212',2026-10-02 08:23:59.813516+10:00,2016-07-02,2022-06-30
srv-245212-47-1565261f793a8435,aph-245212,47,senate,The Nationals,NP,,QLD,2022-07-26,2025-03-28,True,False,https://handbookapi.aph.gov.au/api/individuals?$filter=PHID eq '245212',2026-10-02 08:23:59.813516+10:00,2022-07-01,2026-09-21
srv-245212-48-f9b13ffdeb06e3d4,aph-245212,48,senate,The Nationals,NP,,QLD,2025-07-22,,True,True,https://handbookapi.aph.gov.au/api/individuals?$filter=PHID eq '245212',2026-10-02 08:23:59.813516+10:00,2022-07-01,2026-09-21
srv-245392-45-134cfbb3f18b8c51,aph-245392,45,representatives,Australian Labor Party,ALP,Solomon,NT,2016-08-30,2019-04-11,True,False,https://handbookapi.aph.gov.au/api/individuals?$filter=PHID eq '245392',2026-10-02 08:23:59.813516+10:00,2016-07-02,2019-05-18
srv-245392-46-0cb10bbfae81e7c4,aph-245392,46,representatives,Australian Labor Party,ALP,Solomon,NT,2019-07-02,2022-04-11,True,False,https://handbookapi.aph.gov.au/api/individuals?$filter=PHID eq '245392',2026-10-02 08:23:59.813516+10:00,2019-05-18,2022-05-21
srv-245392-47-fddafcdefc7a28ed,aph-245392,47,representatives,Australian Labor Party,ALP,Solomon,NT,2022-07-26,2025-03-28,True,False,https://handbookapi.aph.gov.au/api/individuals?$filter=PHID eq '245392',2026-10-02 08:23:59.813516+10:00,2022-05-21,2025-05-03
srv-245392-48-b0c4981cc3d73b4b,aph-245392,48,representatives,Australian Labor Party,ALP,Solomon,NT,2025-07-22,,True,True,https://handbookapi.aph.gov.au/api/individuals?$filter=PHID eq '245392',2026-10-02 08:23:59.813516+10:00,2025-05-03,2026-09-21
srv-245550-45-80ec8f1996a03230,aph-245550,45,representatives,Liberal Party of Australia,LP,Boothby,SA,2016-08-30,2019-04-11,True,False,https://handbookapi.aph.gov.au/api/individuals?$filter=PHID eq '245550',2026-10-02 08:23:59.813516+10:00,2016-07-02,2019-05-18
srv-245550-46-bb1099dbb593fccc,aph-245550,46,representatives,Liberal Party of Australia,LP,Boothby,SA,2019-07-02,2022-04-11,True,False,https://handbookapi.aph.gov.au/api/individuals?$filter=PHID eq '245550',2026-10-02 08:23:59.813516+10:00,2019-05-18,2022-04-11
srv-245759-45-909e019e3675db65,aph-245759,45,senate,Australian Labor Party,ALP,,QLD,2016-08-30,2019-04-11,True,False,https://handbookapi.aph.gov.au/api/individuals?$filter=PHID eq '245759',2026-10-02 08:23:59.813516+10:00,2016-07-02,2022-06-30
srv-245759-46-db4095f28678ea4d,aph-245759,46,senate,Australian Labor Party,ALP,,QLD,2019-07-02,2022-04-11,True,False,https://handbookapi.aph.gov.au/api/individuals?$filter=PHID eq '245759',2026-10-02 08:23:59.813516+10:00,2016-07-02,2022-06-30
srv-245759-47-d715afb8c1eec80e,aph-245759,47,senate,Australian Labor Party,ALP,,QLD,2022-07-26,2025-03-28,True,False,https://handbookapi.aph.gov.au/api/individuals?$filter=PHID eq '245759',2026-10-02 08:23:59.813516+10:00,2022-07-01,2026-09-21
srv-245759-48-8a6ec7858e63311d,aph-245759,48,senate,Australian Labor Party,ALP,,QLD,2025-07-22,,True,True,https://handbookapi.aph.gov.au/api/individuals?$filter=PHID eq '245759',2026-10-02 08:23:59.813516+10:00,2022-07-01,2026-09-21
srv-247130-44-5227a3409440234b,aph-247130,44,representatives,Liberal Party of Australia,LP,Reid,NSW,2013-11-12,2016-05-09,True,False,https://handbookapi.aph.gov.au/api/individuals?$filter=PHID eq '247130',2026-10-02 08:23:59.813516+10:00,2013-09-07,2016-07-02
srv-247130-45-ed23bf2898f4b737,aph-247130,45,representatives,Liberal Party of Australia,LP,Reid,NSW,2016-08-30,2019-04-11,True,False,https://handbookapi.aph.gov.au/api/individuals?$filter=PHID eq '247130',2026-10-02 08:23:59.813516+10:00,2016-07-02,2019-04-11
srv-247512-45-f9dd2b5b065060b1,aph-247512,45,senate,Australian Labor Party,ALP,,VIC,2016-10-25,2019-04-11,False,False,https://handbookapi.aph.gov.au/api/individuals?$filter=PHID eq '247512',2026-10-02 08:23:59.813516+10:00,2016-10-25,2022-03-10
srv-247512-46-76ad8abb8f94a0b9,aph-247512,46,senate,Australian Labor Party,ALP,,VIC,2019-07-02,2022-03-10,True,False,https://handbookapi.aph.gov.au/api/individuals?$filter=PHID eq '247512',2026-10-02 08:23:59.813516+10:00,2016-10-25,2022-03-10
srv-247742-44-18cdf1bc2f34dbf0,aph-247742,44,representatives,Liberal Party of Australia,LP,Petrie,QLD,2013-11-12,2016-05-09,True,False,https://handbookapi.aph.gov.au/api/individuals?$filter=PHID eq '247742',2026-10-02 08:23:59.813516+10:00,2013-09-07,2016-07-02
srv-247742-45-a1fe517b0cb2f893,aph-247742,45,representatives,Liberal Party of Australia,LP,Petrie,QLD,2016-08-30,2019-04-11,True,False,https://handbookapi.aph.gov.au/api/individuals?$filter=PHID eq '247742',2026-10-02 08:23:59.813516+10:00,2016-07-02,2019-05-18
srv-247742-46-e0161ee25069ba12,aph-247742,46,representatives,Liberal Party of Australia,LP,Petrie,QLD,2019-07-02,2022-04-11,True,False,https://handbookapi.aph.gov.au/api/individuals?$filter=PHID eq '247742',2026-10-02 08:23:59.813516+10:00,2019-05-18,2022-05-21
srv-247742-47-348e5a7025a70744,aph-247742,47,representatives,Liberal Party of Australia,LP,Petrie,QLD,2022-07-26,2025-03-28,True,False,https://handbookapi.aph.gov.au/api/individuals?$filter=PHID eq '247742',2026-10-02 08:23:59.813516+10:00,2022-05-21,2025-05-03
srv-247871-44-72ff2b32c317d003,aph-247871,44,senate,The Nationals,NP,,QLD,2014-02-11,2016-05-09,False,False,https://handbookapi.aph.gov.au/api/individuals?$filter=PHID eq '247871',2026-10-02 08:23:59.813516+10:00,2014-02-11,2016-07-01
srv-247871-45-539e812133e0e67d,aph-247871,45,senate,The Nationals,NP,,QLD,2016-08-30,2019-04-11,True,False,https://handbookapi.aph.gov.au/api/individuals?$filter=PHID eq '247871',2026-10-02 08:23:59.813516+10:00,2016-07-02,2019-06-30
srv-248006-44-6f7734806a92ab45,aph-248006,44,representatives,Australian Labor Party,ALP,Griffith,QLD,2014-02-08,2016-05-09,False,False,https://handbookapi.aph.gov.au/api/individuals?$filter=PHID eq '248006',2026-10-02 08:23:59.813516+10:00,2014-02-08,2016-07-02
srv-248006-45-cc69ad5b2b529c6d,aph-248006,45,representatives,Australian Labor Party,ALP,Griffith,QLD,2016-08-30,2019-04-11,True,False,https://handbookapi.aph.gov.au/api/individuals?$filter=PHID eq '248006',2026-10-02 08:23:59.813516+10:00,2016-07-02,2019-05-18
srv-248006-46-c0951b65904b273e,aph-248006,46,representatives,Australian Labor Party,ALP,Griffith,QLD,2019-07-02,2022-04-11,True,False,https://handbookapi.aph.gov.au/api/individuals?$filter=PHID eq '248006',2026-10-02 08:23:59.813516+10:00,2019-05-18,2022-05-21
srv-248181-44-dbd8167a392ce3ac,aph-248181,44,representatives,Australian Labor Party,ALP,Newcastle,NSW,2013-11-12,2016-05-09,True,False,https://handbookapi.aph.gov.au/api/individuals?$filter=PHID eq '248181',2026-10-02 08:23:59.813516+10:00,2013-09-07,2016-07-02
srv-248181-45-d63632c99f016623,aph-248181,45,representatives,Australian Labor Party,ALP,Newcastle,NSW,2016-08-30,2019-04-11,True,False,https://handbookapi.aph.gov.au/api/individuals?$filter=PHID eq '248181',2026-10-02 08:23:59.813516+10:00,2016-07-02,2019-05-18
srv-248181-46-64401f69f994f292,aph-248181,46,representatives,Australian Labor Party,ALP,Newcastle,NSW,2019-07-02,2022-04-11,True,False,https://handbookapi.aph.gov.au/api/individuals?$filter=PHID eq '248181',2026-10-02 08:23:59.813516+10:00,2019-05-18,2022-05-21
srv-248181-47-c1a0a43181d5682c,aph-248181,47,representatives,Australian Labor Party,ALP,Newcastle,NSW,2022-07-26,2025-03-28,True,False,https://handbookapi.aph.gov.au/api/individuals?$filter=PHID eq '248181',2026-10-02 08:23:59.813516+10:00,2022-05-21,2025-05-03
srv-248181-48-629672b2e37d2b39,aph-248181,48,representatives,Australian Labor Party,ALP,Newcastle,NSW,2025-07-22,,True,True,https://handbookapi.aph.gov.au/api/individuals?$filter=PHID eq '248181',2026-10-02 08:23:59.813516+10:00,2025-05-03,2026-09-21
srv-248353-45-3c1adb744a64e4c5,aph-248353,45,representatives,Australian Labor Party,ALP,Dobell,NSW,2016-08-30,2019-04-11,True,False,https://handbookapi.aph.gov.au/api/individuals?$filter=PHID eq '248353',2026-10-02 08:23:59.813516+10:00,2016-07-02,2019-05-18
srv-248353-46-9a764798835a2740,aph-248353,46,representatives,Australian Labor Party,ALP,Dobell,NSW,2019-07-02,2022-04-11,True,False,https://handbookapi.aph.gov.au/api/individuals?$filter=PHID eq '248353',2026-10-02 08:23:59.813516+10:00,2019-05-18,2022-05-21
srv-248353-47-620982f88c5a84ec,aph-248353,47,representatives,Australian Labor Party,ALP,Dobell,NSW,2022-07-26,2025-03-28,True,False,https://handbookapi.aph.gov.au/api/individuals?$filter=PHID eq '248353',2026-10-02 08:23:59.813516+10:00,2022-05-21,2025-05-03
srv-248353-48-c0ea7a4539021e3a,aph-248353,48,representatives,Australian Labor Party,ALP,Dobell,NSW,2025-07-22,,True,True,https://handbookapi.aph.gov.au/api/individuals?$filter=PHID eq '248353',2026-10-02 08:23:59.813516+10:00,2025-05-03,2026-09-21
srv-248895-48-ae29773221c86fd0,aph-248895,48,representatives,The Nationals,NP,Lyne,NSW,2025-07-22,,True,True,https://handbookapi.aph.gov.au/api/individuals?$filter=PHID eq '248895',2026-10-02 08:23:59.813516+10:00,2025-05-03,2026-09-21
srv-248969-45-e9d6b37ee12e7102,aph-248969,45,representatives,Liberal Party of Australia,LP,Dunkley,VIC,2016-08-30,2019-04-11,True,False,https://handbookapi.aph.gov.au/api/individuals?$filter=PHID eq '248969',2026-10-02 08:23:59.813516+10:00,2016-07-02,2019-05-18
srv-249127-44-5c775a70061b773c,aph-249127,44,representatives,Australian Labor Party,ALP,Charlton,NSW,2013-11-12,2016-05-09,True,False,https://handbookapi.aph.gov.au/api/individuals?$filter=PHID eq '249127',2026-10-02 08:23:59.813516+10:00,2013-09-07,2016-07-02
srv-249127-45-1c80d73f026777a9,aph-249127,45,representatives,Australian Labor Party,ALP,Shortland,NSW,2016-08-30,2019-04-11,True,False,https://handbookapi.aph.gov.au/api/individuals?$filter=PHID eq '249127',2026-10-02 08:23:59.813516+10:00,2016-07-02,2019-05-18
srv-249127-46-8bb07e2b8147f6d4,aph-249127,46,representatives,Australian Labor Party,ALP,Shortland,NSW,2019-07-02,2022-04-11,True,False,https://handbookapi.aph.gov.au/api/individuals?$filter=PHID eq '249127',2026-10-02 08:23:59.813516+10:00,2019-05-18,2022-05-21
srv-249127-47-d7262cb1086981c3,aph-249127,47,representatives,Australian Labor Party,ALP,Shortland,NSW,2022-07-26,2025-03-28,True,False,https://handbookapi.aph.gov.au/api/individuals?$filter=PHID eq '249127',2026-10-02 08:23:59.813516+10:00,2022-05-21,2025-05-03
srv-249127-48-3be6975d8b3295db,aph-249127,48,representatives,Australian Labor Party,ALP,Shortland,NSW,2025-07-22,,True,True,https://handbookapi.aph.gov.au/api/individuals?$filter=PHID eq '249127',2026-10-02 08:23:59.813516+10:00,2025-05-03,2026-09-21
srv-249147-45-ba58ccce553c8e33,aph-249147,45,representatives,Australian Labor Party,ALP,Burt,WA,2016-08-30,2019-04-11,True,False,https://handbookapi.aph.gov.au/api/individuals?$filter=PHID eq '249147',2026-10-02 08:23:59.813516+10:00,2016-07-02,2019-05-18
srv-249147-46-9519cce12492fe87,aph-249147,46,representatives,Australian Labor Party,ALP,Burt,WA,2019-07-02,2022-04-11,True,False,https://handbookapi.aph.gov.au/api/individuals?$filter=PHID eq '249147',2026-10-02 08:23:59.813516+10:00,2019-05-18,2022-05-21
srv-249147-47-531742d90d128db5,aph-249147,47,representatives,Australian Labor Party,ALP,Burt,WA,2022-07-26,2025-03-28,True,False,https://handbookapi.aph.gov.au/api/individuals?$filter=PHID eq '249147',2026-10-02 08:23:59.813516+10:00,2022-05-21,2025-05-03
srv-249147-48-a2f031f5d95e9619,aph-249147,48,representatives,Australian Labor Party,ALP,Burt,WA,2025-07-22,,True,True,https://handbookapi.aph.gov.au/api/individuals?$filter=PHID eq '249147',2026-10-02 08:23:59.813516+10:00,2025-05-03,2026-09-21
srv-249224-44-d6f1d518b86b6063,aph-249224,44,representatives,Australian Labor Party,ALP,Lalor,VIC,2013-11-12,2016-05-09,True,False,https://handbookapi.aph.gov.au/api/individuals?$filter=PHID eq '249224',2026-10-02 08:23:59.813516+10:00,2013-09-07,2016-07-02
srv-249224-45-96ced61c873afe69,aph-249224,45,representatives,Australian Labor Party,ALP,Lalor,VIC,2016-08-30,2019-04-11,True,False,https://handbookapi.aph.gov.au/api/individuals?$filter=PHID eq '249224',2026-10-02 08:23:59.813516+10:00,2016-07-02,2019-05-18
srv-249224-46-df0f1ed721662a1f,aph-249224,46,representatives,Australian Labor Party,ALP,Lalor,VIC,2019-07-02,2022-04-11,True,False,https://handbookapi.aph.gov.au/api/individuals?$filter=PHID eq '249224',2026-10-02 08:23:59.813516+10:00,2019-05-18,2022-05-21
srv-249224-47-3f8a847c7ed6389b,aph-249224,47,representatives,Australian Labor Party,ALP,Lalor,VIC,2022-07-26,2025-03-28,True,False,https://handbookapi.aph.gov.au/api/individuals?$filter=PHID eq '249224',2026-10-02 08:23:59.813516+10:00,2022-05-21,2025-05-03
srv-249224-48-307df2ee89f704c2,aph-249224,48,representatives,Australian Labor Party,ALP,Lalor,VIC,2025-07-22,,True,True,https://handbookapi.aph.gov.au/api/individuals?$filter=PHID eq '249224',2026-10-02 08:23:59.813516+10:00,2025-05-03,2026-09-21
srv-249308-44-af567fb810847c61,aph-249308,44,representatives,Liberal Party of Australia,LP,Durack,WA,2013-11-12,2016-05-09,True,False,https://handbookapi.aph.gov.au/api/individuals?$filter=PHID eq '249308',2026-10-02 08:23:59.813516+10:00,2013-09-07,2016-07-02
srv-249308-45-37a1cf2bd07417fa,aph-249308,45,representatives,Liberal Party of Australia,LP,Durack,WA,2016-08-30,2019-04-11,True,False,https://handbookapi.aph.gov.au/api/individuals?$filter=PHID eq '249308',2026-10-02 08:23:59.813516+10:00,2016-07-02,2019-05-18
srv-249308-46-eb96b5b2fe31184d,aph-249308,46,representatives,Liberal Party of Australia,LP,Durack,WA,2019-07-02,2022-04-11,True,False,https://handbookapi.aph.gov.au/api/individuals?$filter=PHID eq '249308',2026-10-02 08:23:59.813516+10:00,2019-05-18,2022-05-21
srv-249308-47-c92d674fa458ea75,aph-249308,47,representatives,Liberal Party of Australia,LP,Durack,WA,2022-07-26,2025-03-28,True,False,https://handbookapi.aph.gov.au/api/individuals?$filter=PHID eq '249308',2026-10-02 08:23:59.813516+10:00,2022-05-21,2025-05-03
srv-249308-48-d70321bef80e854b,aph-249308,48,representatives,Liberal Party of Australia,LP,Durack,WA,2025-07-22,,True,True,https://handbookapi.aph.gov.au/api/individuals?$filter=PHID eq '249308',2026-10-02 08:23:59.813516+10:00,2025-05-03,2026-09-21
srv-249499-44-9332c6ef7a2a7ae2,aph-249499,44,senate,Australian Labor Party,ALP,,VIC,2013-11-12,2014-06-30,True,False,https://handbookapi.aph.gov.au/api/individuals?$filter=PHID eq '249499',2026-10-02 08:23:59.813516+10:00,2013-08-21,2014-06-30
srv-249710-44-42a80835cac65f38,aph-249710,44,representatives,Australian Labor Party,ALP,Bendigo,VIC,2013-11-12,2016-05-09,True,False,https://handbookapi.aph.gov.au/api/individuals?$filter=PHID eq '249710',2026-10-02 08:23:59.813516+10:00,2013-09-07,2016-07-02
srv-249710-45-9dc6b4a72a223506,aph-249710,45,representatives,Australian Labor Party,ALP,Bendigo,VIC,2016-08-30,2019-04-11,True,False,https://handbookapi.aph.gov.au/api/individuals?$filter=PHID eq '249710',2026-10-02 08:23:59.813516+10:00,2016-07-02,2019-05-18
srv-249710-46-cb8df55b034ff13c,aph-249710,46,representatives,Australian Labor Party,ALP,Bendigo,VIC,2019-07-02,2022-04-11,True,False,https://handbookapi.aph.gov.au/api/individuals?$filter=PHID eq '249710',2026-10-02 08:23:59.813516+10:00,2019-05-18,2022-05-21
srv-249710-47-aae1597d36aa72a2,aph-249710,47,representatives,Australian Labor Party,ALP,Bendigo,VIC,2022-07-26,2025-03-28,True,False,https://handbookapi.aph.gov.au/api/individuals?$filter=PHID eq '249710',2026-10-02 08:23:59.813516+10:00,2022-05-21,2025-05-03
srv-249710-48-6b588781481c6506,aph-249710,48,representatives,Australian Labor Party,ALP,Bendigo,VIC,2025-07-22,,True,True,https://handbookapi.aph.gov.au/api/individuals?$filter=PHID eq '249710',2026-10-02 08:23:59.813516+10:00,2025-05-03,2026-09-21
srv-249758-44-58f4d2c650f0bd91,aph-249758,44,representatives,Liberal Party of Australia,LP,Hindmarsh,SA,2013-11-12,2016-05-09,True,False,https://handbookapi.aph.gov.au/api/individuals?$filter=PHID eq '249758',2026-10-02 08:23:59.813516+10:00,2013-09-07,2016-07-02
srv-249764-44-0de773ada5761da1,aph-249764,44,representatives,The Nationals,NP,Capricornia,QLD,2013-11-12,2016-05-09,True,False,https://handbookapi.aph.gov.au/api/individuals?$filter=PHID eq '249764',2026-10-02 08:23:59.813516+10:00,2013-09-07,2016-07-02
srv-249764-45-b24f60f6e56867ed,aph-249764,45,representatives,The Nationals,NP,Capricornia,QLD,2016-08-30,2019-04-11,True,False,https://handbookapi.aph.gov.au/api/individuals?$filter=PHID eq '249764',2026-10-02 08:23:59.813516+10:00,2016-07-02,2019-05-18
srv-249764-46-f5c438dd2c9ec8a7,aph-249764,46,representatives,The Nationals,NP,Capricornia,QLD,2019-07-02,2022-04-11,True,False,https://handbookapi.aph.gov.au/api/individuals?$filter=PHID eq '249764',2026-10-02 08:23:59.813516+10:00,2019-05-18,2022-05-21
srv-249764-47-c07ab97b4a4901e1,aph-249764,47,representatives,The Nationals,NP,Capricornia,QLD,2022-07-26,2025-03-28,True,False,https://handbookapi.aph.gov.au/api/individuals?$filter=PHID eq '249764',2026-10-02 08:23:59.813516+10:00,2022-05-21,2025-05-03
srv-249764-48-eae301f0691e0e93,aph-249764,48,representatives,The Nationals,NP,Capricornia,QLD,2025-07-22,,True,True,https://handbookapi.aph.gov.au/api/individuals?$filter=PHID eq '249764',2026-10-02 08:23:59.813516+10:00,2025-05-03,2026-09-21
srv-249908-45-e84dd6573343be63,aph-249908,45,representatives,Australian Labor Party,ALP,Herbert,QLD,2016-08-30,2019-04-11,True,False,https://handbookapi.aph.gov.au/api/individuals?$filter=PHID eq '249908',2026-10-02 08:23:59.813516+10:00,2016-07-02,2019-05-18
srv-250024-44-dd3503d10d39e133,aph-250024,44,senate,Australian Motoring Enthusiast Party,AMEP ,,VIC,2014-07-01,2016-05-09,False,False,https://handbookapi.aph.gov.au/api/individuals?$filter=PHID eq '250024',2026-10-02 08:23:59.813516+10:00,2014-07-01,2016-07-02
srv-250026-44-2c1aae0a0e7dd92b,aph-250026,44,senate,Independent,IND,,TAS,2014-11-24,2015-05-13,False,False,https://handbookapi.aph.gov.au/api/individuals?$filter=PHID eq '250026',2026-10-02 08:23:59.813516+10:00,2014-07-01,2016-07-01
srv-250026-44-61f3748f2ccd6c9f,aph-250026,44,senate,Palmer United Party,Palmer United Party,,TAS,2014-07-01,2014-11-23,False,False,https://handbookapi.aph.gov.au/api/individuals?$filter=PHID eq '250026',2026-10-02 08:23:59.813516+10:00,2014-07-01,2016-07-01
srv-250026-44-f455961d2b7bb753,aph-250026,44,senate,Jacqui Lambie Network,JLN,,TAS,2015-05-14,2016-05-09,False,False,https://handbookapi.aph.gov.au/api/individuals?$filter=PHID eq '250026',2026-10-02 08:23:59.813516+10:00,2014-07-01,2016-07-01
srv-250026-45-28153bf9495dd172,aph-250026,45,senate,Jacqui Lambie Network,JLN,,TAS,2016-08-30,2017-11-14,True,False,https://handbookapi.aph.gov.au/api/individuals?$filter=PHID eq '250026',2026-10-02 08:23:59.813516+10:00,2016-07-02,2017-11-14
srv-250026-46-6322056e924e92ea,aph-250026,46,senate,Jacqui Lambie Network,JLN,,TAS,2019-07-02,2022-04-11,True,False,https://handbookapi.aph.gov.au/api/individuals?$filter=PHID eq '250026',2026-10-02 08:23:59.813516+10:00,2019-07-01,2025-06-30
srv-250026-47-d224a70fb2760913,aph-250026,47,senate,Jacqui Lambie Network,JLN,,TAS,2022-07-26,2025-03-28,True,False,https://handbookapi.aph.gov.au/api/individuals?$filter=PHID eq '250026',2026-10-02 08:23:59.813516+10:00,2019-07-01,2025-06-30
srv-250026-48-a4d401936eb5ec4c,aph-250026,48,senate,Jacqui Lambie Network,JLN,,TAS,2025-07-22,,True,True,https://handbookapi.aph.gov.au/api/individuals?$filter=PHID eq '250026',2026-10-02 08:23:59.813516+10:00,2025-07-01,2026-09-21
srv-250045-44-8780160e3c69320b,aph-250045,44,senate,Palmer United Party,PUP ,,WA,2014-07-01,2016-05-09,False,False,https://handbookapi.aph.gov.au/api/individuals?$filter=PHID eq '250045',2026-10-02 08:23:59.813516+10:00,2014-07-01,2016-07-02
srv-250077-44-fa5a5a5fc05bc04b,aph-250077,44,representatives,Liberal Party of Australia,LP,Barton,NSW,2013-11-12,2016-05-09,True,False,https://handbookapi.aph.gov.au/api/individuals?$filter=PHID eq '250077',2026-10-02 08:23:59.813516+10:00,2013-09-07,2016-07-02
srv-250156-45-7384031303c38757,aph-250156,45,senate,Australian Greens,GRN,,WA,2017-11-10,2019-04-11,False,False,https://handbookapi.aph.gov.au/api/individuals?$filter=PHID eq '250156',2026-10-02 08:23:59.813516+10:00,2017-11-10,2019-06-30
srv-250156-46-7a19da2f8d7db4f7,aph-250156,46,senate,Australian Greens,GRN,,WA,2019-07-02,2022-04-11,True,False,https://handbookapi.aph.gov.au/api/individuals?$filter=PHID eq '250156',2026-10-02 08:23:59.813516+10:00,2019-07-01,2025-06-30
srv-250156-47-f937c9bd6c39b643,aph-250156,47,senate,Australian Greens,GRN,,WA,2022-07-26,2025-03-28,True,False,https://handbookapi.aph.gov.au/api/individuals?$filter=PHID eq '250156',2026-10-02 08:23:59.813516+10:00,2019-07-01,2025-06-30
srv-250156-48-c20c7e0acde56777,aph-250156,48,senate,Australian Greens,GRN,,WA,2025-07-22,,True,True,https://handbookapi.aph.gov.au/api/individuals?$filter=PHID eq '250156',2026-10-02 08:23:59.813516+10:00,2025-07-01,2026-09-21
srv-250216-44-5a0c434d31f02410,aph-250216,44,senate,Liberal Party of Australia,LP,,WA,2014-07-01,2016-05-09,False,False,https://handbookapi.aph.gov.au/api/individuals?$filter=PHID eq '250216',2026-10-02 08:23:59.813516+10:00,2014-07-01,2016-07-01
srv-250216-45-b35179b2e9c620f3,aph-250216,45,senate,Liberal Party of Australia,LP,,WA,2016-08-30,2019-04-11,True,False,https://handbookapi.aph.gov.au/api/individuals?$filter=PHID eq '250216',2026-10-02 08:23:59.813516+10:00,2016-07-02,2019-06-30
srv-250216-46-e7ce51d59c68d4fb,aph-250216,46,senate,Liberal Party of Australia,LP,,WA,2019-07-02,2022-04-11,True,False,https://handbookapi.aph.gov.au/api/individuals?$filter=PHID eq '250216',2026-10-02 08:23:59.813516+10:00,2019-07-01,2025-06-30
srv-250216-47-55d4ecc072476205,aph-250216,47,senate,Liberal Party of Australia,LP,,WA,2022-07-26,2025-03-28,True,False,https://handbookapi.aph.gov.au/api/individuals?$filter=PHID eq '250216',2026-10-02 08:23:59.813516+10:00,2019-07-01,2025-06-30
srv-250362-45-fcc589739ef8d0ff,aph-250362,45,senate,Australian Greens,GRN,,NSW,2018-08-15,2019-04-11,False,False,https://handbookapi.aph.gov.au/api/individuals?$filter=PHID eq '250362',2026-10-02 08:23:59.813516+10:00,2018-08-15,2019-06-30
srv-250362-46-080633eab7f4e486,aph-250362,46,senate,Australian Greens,GRN,,NSW,2019-07-02,2022-04-11,True,False,https://handbookapi.aph.gov.au/api/individuals?$filter=PHID eq '250362',2026-10-02 08:23:59.813516+10:00,2019-07-01,2025-06-30
srv-250362-47-8352ddab796e3db1,aph-250362,47,senate,Australian Greens,GRN,,NSW,2022-07-26,2025-03-28,True,False,https://handbookapi.aph.gov.au/api/individuals?$filter=PHID eq '250362',2026-10-02 08:23:59.813516+10:00,2019-07-01,2025-06-30
srv-250362-48-2454b51a068b8d9a,aph-250362,48,senate,Australian Greens,GRN,,NSW,2025-07-22,,True,True,https://handbookapi.aph.gov.au/api/individuals?$filter=PHID eq '250362',2026-10-02 08:23:59.813516+10:00,2025-07-01,2026-09-21
srv-252157-46-76ad8abb8f94a0b9,aph-252157,46,senate,Australian Labor Party,ALP,,VIC,2019-07-02,2022-04-11,True,False,https://handbookapi.aph.gov.au/api/individuals?$filter=PHID eq '252157',2026-10-02 08:23:59.813516+10:00,2019-07-01,2025-06-30
srv-252157-47-ae8df88b5fd9f84e,aph-252157,47,senate,Australian Labor Party,ALP,,VIC,2022-07-26,2025-03-28,True,False,https://handbookapi.aph.gov.au/api/individuals?$filter=PHID eq '252157',2026-10-02 08:23:59.813516+10:00,2019-07-01,2025-06-30
srv-252157-48-7939b7cc5a834928,aph-252157,48,senate,Australian Labor Party,ALP,,VIC,2025-07-22,,True,True,https://handbookapi.aph.gov.au/api/individuals?$filter=PHID eq '252157',2026-10-02 08:23:59.813516+10:00,2025-07-01,2026-09-21
srv-256063-46-eaba3f2fbcfaf131,aph-256063,46,senate,Liberal Party of Australia,LP,,NSW,2019-07-02,2022-04-11,True,False,https://handbookapi.aph.gov.au/api/individuals?$filter=PHID eq '256063',2026-10-02 08:23:59.813516+10:00,2019-07-01,2025-06-30
srv-256063-47-cbed119f944611c5,aph-256063,47,senate,Liberal Party of Australia,LP,,NSW,2022-07-26,2025-03-28,True,False,https://handbookapi.aph.gov.au/api/individuals?$filter=PHID eq '256063',2026-10-02 08:23:59.813516+10:00,2019-07-01,2025-06-30
srv-256063-48-df2b2cf3514d5991,aph-256063,48,senate,Liberal Party of Australia,LP,,NSW,2025-07-22,,True,True,https://handbookapi.aph.gov.au/api/individuals?$filter=PHID eq '256063',2026-10-02 08:23:59.813516+10:00,2025-07-01,2026-09-21
srv-256136-47-d52cb2b2f938012a,aph-256136,47,senate,Independent,IND,,ACT,2022-07-26,2025-03-28,True,False,https://handbookapi.aph.gov.au/api/individuals?$filter=PHID eq '256136',2026-10-02 08:23:59.813516+10:00,2022-05-21,2025-05-03
srv-256136-48-6fa48afef71d8227,aph-256136,48,senate,Independent,IND,,ACT,2025-07-22,,True,True,https://handbookapi.aph.gov.au/api/individuals?$filter=PHID eq '256136',2026-10-02 08:23:59.813516+10:00,2025-05-03,2026-09-21
srv-257613-47-6eb26b0ddb5d0ca5,aph-257613,47,senate,Australian Labor Party,ALP,,WA,2024-02-01,2025-03-28,False,False,https://handbookapi.aph.gov.au/api/individuals?$filter=PHID eq '257613',2026-10-02 08:23:59.813516+10:00,2024-02-01,2025-06-30
srv-257613-48-0f413a30c40b77b0,aph-257613,48,senate,Australian Labor Party,ALP,,WA,2025-07-22,,True,True,https://handbookapi.aph.gov.au/api/individuals?$filter=PHID eq '257613',2026-10-02 08:23:59.813516+10:00,2025-07-01,2026-09-21
srv-25813-48-14c732deb64bd87a,aph-25813,48,senate,Unknown,Unknown,,TAS,2026-09-22,,False,True,https://handbookapi.aph.gov.au/api/individuals?$filter=PHID eq '25813',2026-10-02 08:23:59.813516+10:00,2026-08-20,2026-09-21
srv-25813-48-f10fbb64d37d4ebc,aph-25813,48,senate,Australian Greens,GRN,,TAS,2026-08-23,2026-09-21,False,False,https://handbookapi.aph.gov.au/api/individuals?$filter=PHID eq '25813',2026-10-02 08:23:59.813516+10:00,2026-08-20,2026-09-21
srv-25813-48-fcb97ead1e7cf1dd,aph-25813,48,senate,Unknown,Unknown,,TAS,2026-08-20,2026-08-22,False,False,https://handbookapi.aph.gov.au/api/individuals?$filter=PHID eq '25813',2026-10-02 08:23:59.813516+10:00,2026-08-20,2026-09-21
srv-258337-44-058b63d65e039214,aph-258337,44,senate,Liberal Party of Australia,LP,,QLD,2015-05-21,2016-05-09,False,False,https://handbookapi.aph.gov.au/api/individuals?$filter=PHID eq '258337',2026-10-02 08:23:59.813516+10:00,2015-05-21,2016-07-02
srv-259819-46-db4095f28678ea4d,aph-259819,46,senate,Australian Labor Party,ALP,,QLD,2019-07-02,2022-04-11,True,False,https://handbookapi.aph.gov.au/api/individuals?$filter=PHID eq '259819',2026-10-02 08:23:59.813516+10:00,2019-07-01,2025-06-30
srv-259819-47-d715afb8c1eec80e,aph-259819,47,senate,Australian Labor Party,ALP,,QLD,2022-07-26,2025-03-28,True,False,https://handbookapi.aph.gov.au/api/individuals?$filter=PHID eq '259819',2026-10-02 08:23:59.813516+10:00,2019-07-01,2025-06-30
srv-259819-48-8a6ec7858e63311d,aph-259819,48,senate,Australian Labor Party,ALP,,QLD,2025-07-22,,True,True,https://handbookapi.aph.gov.au/api/individuals?$filter=PHID eq '259819',2026-10-02 08:23:59.813516+10:00,2025-07-01,2026-09-21
srv-260805-44-65b4bd5d41037cd4,aph-260805,44,representatives,Liberal Party of Australia,LP,Canning,WA,2015-09-19,2016-05-09,False,False,https://handbookapi.aph.gov.au/api/individuals?$filter=PHID eq '260805',2026-10-02 08:23:59.813516+10:00,2015-09-19,2016-07-02
srv-260805-45-2e4b027eb7b7ad67,aph-260805,45,representatives,Liberal Party of Australia,LP,Canning,WA,2016-08-30,2019-04-11,True,False,https://handbookapi.aph.gov.au/api/individuals?$filter=PHID eq '260805',2026-10-02 08:23:59.813516+10:00,2016-07-02,2019-05-18
srv-260805-46-7b462fa324599133,aph-260805,46,representatives,Liberal Party of Australia,LP,Canning,WA,2019-07-02,2022-04-11,True,False,https://handbookapi.aph.gov.au/api/individuals?$filter=PHID eq '260805',2026-10-02 08:23:59.813516+10:00,2019-05-18,2022-05-21
srv-260805-47-0d37f7905b552685,aph-260805,47,representatives,Liberal Party of Australia,LP,Canning,WA,2022-07-26,2025-03-28,True,False,https://handbookapi.aph.gov.au/api/individuals?$filter=PHID eq '260805',2026-10-02 08:23:59.813516+10:00,2022-05-21,2025-05-03
srv-260805-48-293e3ce1a2862ea1,aph-260805,48,representatives,Liberal Party of Australia,LP,Canning,WA,2025-07-22,,True,True,https://handbookapi.aph.gov.au/api/individuals?$filter=PHID eq '260805',2026-10-02 08:23:59.813516+10:00,2025-05-03,2026-09-21
srv-261393-45-1d7fbb6e57c4b9c0,aph-261393,45,representatives,The Nationals,NP,Calare,NSW,2016-08-30,2019-04-11,True,False,https://handbookapi.aph.gov.au/api/individuals?$filter=PHID eq '261393',2026-10-02 08:23:59.813516+10:00,2016-07-02,2019-05-18
srv-261393-46-540335eb84e7c195,aph-261393,46,representatives,The Nationals,NP,Calare,NSW,2019-07-02,2022-04-11,True,False,https://handbookapi.aph.gov.au/api/individuals?$filter=PHID eq '261393',2026-10-02 08:23:59.813516+10:00,2019-05-18,2022-05-21
srv-261393-47-32c89e8baac83831,aph-261393,47,representatives,Independent,IND,Calare,NSW,2022-12-23,2025-03-28,False,False,https://handbookapi.aph.gov.au/api/individuals?$filter=PHID eq '261393',2026-10-02 08:23:59.813516+10:00,2022-05-21,2025-05-03
srv-261393-47-ebcfbf890ec44d08,aph-261393,47,representatives,The Nationals,NP,Calare,NSW,2022-07-26,2022-12-22,True,False,https://handbookapi.aph.gov.au/api/individuals?$filter=PHID eq '261393',2026-10-02 08:23:59.813516+10:00,2022-05-21,2025-05-03
srv-261393-48-0232fb6ec9f2dd73,aph-261393,48,representatives,Independent,IND,Calare,NSW,2025-07-22,,True,True,https://handbookapi.aph.gov.au/api/individuals?$filter=PHID eq '261393',2026-10-02 08:23:59.813516+10:00,2025-05-03,2026-09-21
srv-262273-45-00f126de8cfcc444,aph-262273,45,representatives,Australian Labor Party,ALP,Braddon,TAS,2018-07-28,2019-04-11,False,False,https://handbookapi.aph.gov.au/api/individuals?$filter=PHID eq '262273',2026-10-02 08:23:59.813516+10:00,2018-07-28,2019-05-18
srv-262273-45-b53929fcf675166e,aph-262273,45,representatives,Australian Labor Party,ALP,Braddon,TAS,2016-08-30,2018-05-10,True,False,https://handbookapi.aph.gov.au/api/individuals?$filter=PHID eq '262273',2026-10-02 08:23:59.813516+10:00,2016-07-02,2018-05-10
srv-263070-45-c117d80634517292,aph-263070,45,representatives,Australian Labor Party,ALP,Bass,TAS,2016-08-30,2019-04-11,True,False,https://handbookapi.aph.gov.au/api/individuals?$filter=PHID eq '263070',2026-10-02 08:23:59.813516+10:00,2016-07-02,2019-05-18
srv-263328-45-398b3ef90ed90bbb,aph-263328,45,representatives,Australian Labor Party,ALP,Lindsay,NSW,2016-08-30,2019-04-11,True,False,https://handbookapi.aph.gov.au/api/individuals?$filter=PHID eq '263328',2026-10-02 08:23:59.813516+10:00,2016-07-02,2019-04-11
srv-263418-45-8814455541a1d7fc,aph-263418,45,senate,Liberal Party of Australia,LP,,TAS,2016-08-30,2019-04-11,True,False,https://handbookapi.aph.gov.au/api/individuals?$filter=PHID eq '263418',2026-10-02 08:23:59.813516+10:00,2016-07-02,2022-06-30
srv-263418-46-056e1e5f8bfd74c2,aph-263418,46,senate,Liberal Party of Australia,LP,,TAS,2019-07-02,2022-04-11,True,False,https://handbookapi.aph.gov.au/api/individuals?$filter=PHID eq '263418',2026-10-02 08:23:59.813516+10:00,2016-07-02,2022-06-30
srv-263418-47-3769ea16ddf2406b,aph-263418,47,senate,Liberal Party of Australia,LP,,TAS,2022-07-26,2025-03-28,True,False,https://handbookapi.aph.gov.au/api/individuals?$filter=PHID eq '263418',2026-10-02 08:23:59.813516+10:00,2022-07-01,2026-09-21
srv-263418-48-2bf21d49824a86c4,aph-263418,48,senate,Liberal Party of Australia,LP,,TAS,2025-07-22,,True,True,https://handbookapi.aph.gov.au/api/individuals?$filter=PHID eq '263418',2026-10-02 08:23:59.813516+10:00,2022-07-01,2026-09-21
srv-263427-48-779df85ba874d9bb,aph-263427,48,representatives,Australian Labor Party,ALP,Maribyrnong,VIC,2025-07-22,,True,True,https://handbookapi.aph.gov.au/api/individuals?$filter=PHID eq '263427',2026-10-02 08:23:59.813516+10:00,2025-05-03,2026-09-21
srv-263528-47-0dc5390e18cded58,aph-263528,47,senate,The Nationals,NP,,NT,2022-07-26,2025-03-28,True,False,https://handbookapi.aph.gov.au/api/individuals?$filter=PHID eq '263528',2026-10-02 08:23:59.813516+10:00,2022-05-21,2025-05-03
srv-263528-48-eb7454dc5ff343e2,aph-263528,48,senate,Liberal Party of Australia,LP,,NT,2025-07-22,,True,True,https://handbookapi.aph.gov.au/api/individuals?$filter=PHID eq '263528',2026-10-02 08:23:59.813516+10:00,2025-05-03,2026-09-21
srv-263547-46-38ca99e4fdd964c3,aph-263547,46,representatives,Australian Labor Party,ALP,Corangamite,VIC,2019-07-02,2022-04-11,True,False,https://handbookapi.aph.gov.au/api/individuals?$filter=PHID eq '263547',2026-10-02 08:23:59.813516+10:00,2019-05-18,2022-05-21
srv-263547-47-82e9e2dd585be849,aph-263547,47,representatives,Australian Labor Party,ALP,Corangamite,VIC,2022-07-26,2025-03-28,True,False,https://handbookapi.aph.gov.au/api/individuals?$filter=PHID eq '263547',2026-10-02 08:23:59.813516+10:00,2022-05-21,2025-05-03
srv-263547-48-61df946c4aa1a540,aph-263547,48,representatives,Australian Labor Party,ALP,Corangamite,VIC,2025-07-22,,True,True,https://handbookapi.aph.gov.au/api/individuals?$filter=PHID eq '263547',2026-10-02 08:23:59.813516+10:00,2025-05-03,2026-09-21
srv-264121-46-64ac6531aea8083f,aph-264121,46,representatives,Australian Labor Party,ALP,Lilley,QLD,2019-07-02,2022-04-11,True,False,https://handbookapi.aph.gov.au/api/individuals?$filter=PHID eq '264121',2026-10-02 08:23:59.813516+10:00,2019-05-18,2022-05-21
srv-264121-47-358d88d2be232682,aph-264121,47,representatives,Australian Labor Party,ALP,Lilley,QLD,2022-07-26,2025-03-28,True,False,https://handbookapi.aph.gov.au/api/individuals?$filter=PHID eq '264121',2026-10-02 08:23:59.813516+10:00,2022-05-21,2025-05-03
srv-264121-48-d3821199c1764f61,aph-264121,48,representatives,Australian Labor Party,ALP,Lilley,QLD,2025-07-22,,True,True,https://handbookapi.aph.gov.au/api/individuals?$filter=PHID eq '264121',2026-10-02 08:23:59.813516+10:00,2025-05-03,2026-09-21
srv-26417-48-9454ab4086763821,aph-26417,48,representatives,Independent,IND,Bradfield,NSW,2025-07-22,,True,True,https://handbookapi.aph.gov.au/api/individuals?$filter=PHID eq '26417',2026-10-02 08:23:59.813516+10:00,2025-05-03,2026-09-21
srv-264170-45-9863e784e3a6b20b,aph-264170,45,representatives,Australian Labor Party,ALP,Paterson,NSW,2016-08-30,2019-04-11,True,False,https://handbookapi.aph.gov.au/api/individuals?$filter=PHID eq '264170',2026-10-02 08:23:59.813516+10:00,2016-07-02,2019-05-18
srv-264170-46-6bb5d1bf2b92d6af,aph-264170,46,representatives,Australian Labor Party,ALP,Paterson,NSW,2019-07-02,2022-04-11,True,False,https://handbookapi.aph.gov.au/api/individuals?$filter=PHID eq '264170',2026-10-02 08:23:59.813516+10:00,2019-05-18,2022-05-21
srv-264170-47-79e39dfce802be72,aph-264170,47,representatives,Australian Labor Party,ALP,Paterson,NSW,2022-07-26,2025-03-28,True,False,https://handbookapi.aph.gov.au/api/individuals?$filter=PHID eq '264170',2026-10-02 08:23:59.813516+10:00,2022-05-21,2025-05-03
srv-264170-48-21f7d6f79b0f2c8e,aph-264170,48,representatives,Australian Labor Party,ALP,Paterson,NSW,2025-07-22,,True,True,https://handbookapi.aph.gov.au/api/individuals?$filter=PHID eq '264170',2026-10-02 08:23:59.813516+10:00,2025-05-03,2026-09-21
srv-264449-46-056e1e5f8bfd74c2,aph-264449,46,senate,Liberal Party of Australia,LP,,TAS,2019-07-02,2022-04-11,True,False,https://handbookapi.aph.gov.au/api/individuals?$filter=PHID eq '264449',2026-10-02 08:23:59.813516+10:00,2019-07-01,2025-06-30
srv-264449-47-3769ea16ddf2406b,aph-264449,47,senate,Liberal Party of Australia,LP,,TAS,2022-07-26,2025-03-28,True,False,https://handbookapi.aph.gov.au/api/individuals?$filter=PHID eq '264449',2026-10-02 08:23:59.813516+10:00,2019-07-01,2025-06-30
srv-264449-48-2bf21d49824a86c4,aph-264449,48,senate,Liberal Party of Australia,LP,,TAS,2025-07-22,,True,True,https://handbookapi.aph.gov.au/api/individuals?$filter=PHID eq '264449',2026-10-02 08:23:59.813516+10:00,2025-07-01,2026-09-21
srv-265585-45-ab3cd88a80692b75,aph-265585,45,representatives,The Nationals,NP,Maranoa,QLD,2016-08-30,2019-04-11,True,False,https://handbookapi.aph.gov.au/api/individuals?$filter=PHID eq '265585',2026-10-02 08:23:59.813516+10:00,2016-07-02,2019-05-18
srv-265585-46-6d520fae816943b1,aph-265585,46,representatives,The Nationals,NP,Maranoa,QLD,2019-07-02,2022-04-11,True,False,https://handbookapi.aph.gov.au/api/individuals?$filter=PHID eq '265585',2026-10-02 08:23:59.813516+10:00,2019-05-18,2022-05-21
srv-265585-47-f930f73a0154d911,aph-265585,47,representatives,The Nationals,NP,Maranoa,QLD,2022-07-26,2025-03-28,True,False,https://handbookapi.aph.gov.au/api/individuals?$filter=PHID eq '265585',2026-10-02 08:23:59.813516+10:00,2022-05-21,2025-05-03
srv-265585-48-e39e276e3cc1c921,aph-265585,48,representatives,The Nationals,NP,Maranoa,QLD,2025-07-22,,True,True,https://handbookapi.aph.gov.au/api/individuals?$filter=PHID eq '265585',2026-10-02 08:23:59.813516+10:00,2025-05-03,2026-09-21
srv-265931-45-eac1014ff45abaa9,aph-265931,45,representatives,Liberal Party of Australia,LP,Tangney,WA,2016-08-30,2019-04-11,True,False,https://handbookapi.aph.gov.au/api/individuals?$filter=PHID eq '265931',2026-10-02 08:23:59.813516+10:00,2016-07-02,2019-05-18
srv-265931-46-bafb00d5fe8bbd7e,aph-265931,46,representatives,Liberal Party of Australia,LP,Tangney,WA,2019-07-02,2022-04-11,True,False,https://handbookapi.aph.gov.au/api/individuals?$filter=PHID eq '265931',2026-10-02 08:23:59.813516+10:00,2019-05-18,2022-05-21
srv-265967-45-5a562ad088a35e43,aph-265967,45,representatives,Liberal Party of Australia,LP,Fisher,QLD,2016-08-30,2019-04-11,True,False,https://handbookapi.aph.gov.au/api/individuals?$filter=PHID eq '265967',2026-10-02 08:23:59.813516+10:00,2016-07-02,2019-05-18
srv-265967-46-aa28991c974dc15d,aph-265967,46,representatives,Liberal Party of Australia,LP,Fisher,QLD,2019-07-02,2022-04-11,True,False,https://handbookapi.aph.gov.au/api/individuals?$filter=PHID eq '265967',2026-10-02 08:23:59.813516+10:00,2019-05-18,2022-05-21
srv-265967-47-82ee6ab3fd0f6a12,aph-265967,47,representatives,Liberal Party of Australia,LP,Fisher,QLD,2022-07-26,2025-03-28,True,False,https://handbookapi.aph.gov.au/api/individuals?$filter=PHID eq '265967',2026-10-02 08:23:59.813516+10:00,2022-05-21,2025-05-03
srv-265967-48-2277d5bda9b7378e,aph-265967,48,representatives,Liberal Party of Australia,LP,Fisher,QLD,2025-07-22,,True,True,https://handbookapi.aph.gov.au/api/individuals?$filter=PHID eq '265967',2026-10-02 08:23:59.813516+10:00,2025-05-03,2026-09-21
srv-265970-45-8128420cdfe6153c,aph-265970,45,representatives,Australian Labor Party,ALP,Fremantle,WA,2018-07-28,2019-04-11,False,False,https://handbookapi.aph.gov.au/api/individuals?$filter=PHID eq '265970',2026-10-02 08:23:59.813516+10:00,2018-07-28,2019-05-18
srv-265970-45-d4a0721dcb3e5838,aph-265970,45,representatives,Australian Labor Party,ALP,Fremantle,WA,2016-08-30,2018-05-10,True,False,https://handbookapi.aph.gov.au/api/individuals?$filter=PHID eq '265970',2026-10-02 08:23:59.813516+10:00,2016-07-02,2018-05-10
srv-265970-46-368875cae4727967,aph-265970,46,representatives,Australian Labor Party,ALP,Fremantle,WA,2019-07-02,2022-04-11,True,False,https://handbookapi.aph.gov.au/api/individuals?$filter=PHID eq '265970',2026-10-02 08:23:59.813516+10:00,2019-05-18,2022-05-21
srv-265970-47-211e741c4cbe2818,aph-265970,47,representatives,Australian Labor Party,ALP,Fremantle,WA,2022-07-26,2025-03-28,True,False,https://handbookapi.aph.gov.au/api/individuals?$filter=PHID eq '265970',2026-10-02 08:23:59.813516+10:00,2022-05-21,2025-05-03
srv-265970-48-c5c4922df57ed419,aph-265970,48,representatives,Australian Labor Party,ALP,Fremantle,WA,2025-07-22,,True,True,https://handbookapi.aph.gov.au/api/individuals?$filter=PHID eq '265970',2026-10-02 08:23:59.813516+10:00,2025-05-03,2026-09-21
srv-265975-45-921eba533ed033fc,aph-265975,45,representatives,Australian Labor Party,ALP,Longman,QLD,2016-08-30,2018-05-10,True,False,https://handbookapi.aph.gov.au/api/individuals?$filter=PHID eq '265975',2026-10-02 08:23:59.813516+10:00,2016-07-02,2018-05-10
srv-265975-45-95b55dc661c02d84,aph-265975,45,representatives,Australian Labor Party,ALP,Longman,QLD,2018-07-28,2019-04-11,False,False,https://handbookapi.aph.gov.au/api/individuals?$filter=PHID eq '265975',2026-10-02 08:23:59.813516+10:00,2018-07-28,2019-05-18
srv-265979-45-3e019b443c6b06c6,aph-265979,45,representatives,Australian Labor Party,ALP,Macarthur,NSW,2016-08-30,2019-04-11,True,False,https://handbookapi.aph.gov.au/api/individuals?$filter=PHID eq '265979',2026-10-02 08:23:59.813516+10:00,2016-07-02,2019-05-18
srv-265979-46-75ae5b707fbe3c0e,aph-265979,46,representatives,Australian Labor Party,ALP,Macarthur,NSW,2019-07-02,2022-04-11,True,False,https://handbookapi.aph.gov.au/api/individuals?$filter=PHID eq '265979',2026-10-02 08:23:59.813516+10:00,2019-05-18,2022-05-21
srv-265979-47-29380a0191da2293,aph-265979,47,representatives,Australian Labor Party,ALP,Macarthur,NSW,2022-07-26,2025-03-28,True,False,https://handbookapi.aph.gov.au/api/individuals?$filter=PHID eq '265979',2026-10-02 08:23:59.813516+10:00,2022-05-21,2025-05-03
srv-265979-48-922b3a7f485af89a,aph-265979,48,representatives,Australian Labor Party,ALP,Macarthur,NSW,2025-07-22,,True,True,https://handbookapi.aph.gov.au/api/individuals?$filter=PHID eq '265979',2026-10-02 08:23:59.813516+10:00,2025-05-03,2026-09-21
srv-265980-45-1010a9319c416c3a,aph-265980,45,representatives,Centre Alliance,CA,Mayo,SA,2018-07-28,2019-04-11,False,False,https://handbookapi.aph.gov.au/api/individuals?$filter=PHID eq '265980',2026-10-02 08:23:59.813516+10:00,2018-07-28,2019-05-18
srv-265980-45-1205271031b6f8e7,aph-265980,45,representatives,Centre Alliance,CA,Mayo,SA,2018-04-10,2018-05-11,False,False,https://handbookapi.aph.gov.au/api/individuals?$filter=PHID eq '265980',2026-10-02 08:23:59.813516+10:00,2016-07-02,2018-05-11
srv-265980-45-ed7c396fe01f3685,aph-265980,45,representatives,Nick Xenophon Team,Nick Xenophon Team,Mayo,SA,2016-08-30,2018-04-09,True,False,https://handbookapi.aph.gov.au/api/individuals?$filter=PHID eq '265980',2026-10-02 08:23:59.813516+10:00,2016-07-02,2018-05-11
srv-265980-46-b961e05005ae5d22,aph-265980,46,representatives,Centre Alliance,CA,Mayo,SA,2019-07-02,2022-04-11,True,False,https://handbookapi.aph.gov.au/api/individuals?$filter=PHID eq '265980',2026-10-02 08:23:59.813516+10:00,2019-05-18,2022-05-21
srv-265980-47-fc7aabd97d01d0b5,aph-265980,47,representatives,Centre Alliance,CA,Mayo,SA,2022-07-26,2025-03-28,True,False,https://handbookapi.aph.gov.au/api/individuals?$filter=PHID eq '265980',2026-10-02 08:23:59.813516+10:00,2022-05-21,2025-05-03
srv-265980-48-08dd29d42185f2a4,aph-265980,48,representatives,Centre Alliance,CA,Mayo,SA,2025-07-22,,True,True,https://handbookapi.aph.gov.au/api/individuals?$filter=PHID eq '265980',2026-10-02 08:23:59.813516+10:00,2025-05-03,2026-09-21
srv-265982-45-0f7729225f77f413,aph-265982,45,senate,Nick Xenophon Team,XEN,,SA,2016-08-30,2017-11-22,True,False,https://handbookapi.aph.gov.au/api/individuals?$filter=PHID eq '265982',2026-10-02 08:23:59.813516+10:00,2016-07-02,2017-11-22
srv-265990-45-e40da6aa7a38e646,aph-265990,45,representatives,Australian Labor Party,ALP,Werriwa,NSW,2016-08-30,2019-04-11,True,False,https://handbookapi.aph.gov.au/api/individuals?$filter=PHID eq '265990',2026-10-02 08:23:59.813516+10:00,2016-07-02,2019-05-18
srv-265990-46-09d4d3eabd5f2c6d,aph-265990,46,representatives,Australian Labor Party,ALP,Werriwa,NSW,2019-07-02,2022-04-11,True,False,https://handbookapi.aph.gov.au/api/individuals?$filter=PHID eq '265990',2026-10-02 08:23:59.813516+10:00,2019-05-18,2022-05-21
srv-265990-47-f29ecc0332ed2516,aph-265990,47,representatives,Australian Labor Party,ALP,Werriwa,NSW,2022-07-26,2025-03-28,True,False,https://handbookapi.aph.gov.au/api/individuals?$filter=PHID eq '265990',2026-10-02 08:23:59.813516+10:00,2022-05-21,2025-05-03
srv-265990-48-982a798acffcaf25,aph-265990,48,representatives,Australian Labor Party,ALP,Werriwa,NSW,2025-07-22,,True,True,https://handbookapi.aph.gov.au/api/individuals?$filter=PHID eq '265990',2026-10-02 08:23:59.813516+10:00,2025-05-03,2026-09-21
srv-265991-45-54c3b8af0f81faaa,aph-265991,45,representatives,The Nationals,NP,Wide Bay,QLD,2016-08-30,2019-04-11,True,False,https://handbookapi.aph.gov.au/api/individuals?$filter=PHID eq '265991',2026-10-02 08:23:59.813516+10:00,2016-07-02,2019-05-18
srv-265991-46-6ddf9ca1c42a5234,aph-265991,46,representatives,The Nationals,NP,Wide Bay,QLD,2019-07-02,2022-04-11,True,False,https://handbookapi.aph.gov.au/api/individuals?$filter=PHID eq '265991',2026-10-02 08:23:59.813516+10:00,2019-05-18,2022-05-21
srv-265991-47-15e2c1cac779aa0a,aph-265991,47,representatives,The Nationals,NP,Wide Bay,QLD,2022-07-26,2025-03-28,True,False,https://handbookapi.aph.gov.au/api/individuals?$filter=PHID eq '265991',2026-10-02 08:23:59.813516+10:00,2022-05-21,2025-05-03
srv-265991-48-6517f087ad66f338,aph-265991,48,representatives,The Nationals,NP,Wide Bay,QLD,2025-07-22,,True,True,https://handbookapi.aph.gov.au/api/individuals?$filter=PHID eq '265991',2026-10-02 08:23:59.813516+10:00,2025-05-03,2026-09-21
srv-266482-45-93d6435b9bf65a88,aph-266482,45,senate,Independent,IND,,WA,2016-12-18,2017-01-11,False,False,https://handbookapi.aph.gov.au/api/individuals?$filter=PHID eq '266482',2026-10-02 08:23:59.813516+10:00,2016-07-02,2017-01-11
srv-266482-45-93f79be4ba91d9ee,aph-266482,45,senate,Pauline Hanson's One Nation,PHON,,WA,2016-08-30,2016-12-17,True,False,https://handbookapi.aph.gov.au/api/individuals?$filter=PHID eq '266482',2026-10-02 08:23:59.813516+10:00,2016-07-02,2017-01-11
srv-266499-45-262f1f24276963a2,aph-266499,45,senate,Liberal Party of Australia,LP,,VIC,2016-08-30,2019-04-11,True,False,https://handbookapi.aph.gov.au/api/individuals?$filter=PHID eq '266499',2026-10-02 08:23:59.813516+10:00,2016-07-02,2019-06-30
srv-266499-46-c8744b8d430b7f89,aph-266499,46,senate,Liberal Party of Australia,LP,,VIC,2019-07-02,2022-04-11,True,False,https://handbookapi.aph.gov.au/api/individuals?$filter=PHID eq '266499',2026-10-02 08:23:59.813516+10:00,2019-07-01,2025-06-30
srv-266499-47-4ad82d6008daf869,aph-266499,47,senate,Liberal Party of Australia,LP,,VIC,2022-07-26,2025-03-28,True,False,https://handbookapi.aph.gov.au/api/individuals?$filter=PHID eq '266499',2026-10-02 08:23:59.813516+10:00,2019-07-01,2025-06-30
srv-266499-48-901262a2a8064ad0,aph-266499,48,senate,Liberal Party of Australia,LP,,VIC,2025-07-22,,True,True,https://handbookapi.aph.gov.au/api/individuals?$filter=PHID eq '266499',2026-10-02 08:23:59.813516+10:00,2025-07-01,2026-09-21
srv-266524-45-b8959913b3cc2069,aph-266524,45,senate,Pauline Hanson's One Nation,PHON,,QLD,2016-08-30,2017-10-27,True,False,https://handbookapi.aph.gov.au/api/individuals?$filter=PHID eq '266524',2026-10-02 08:23:59.813516+10:00,2016-07-02,2017-10-27
srv-266524-46-fba178c610d29312,aph-266524,46,senate,Pauline Hanson's One Nation,PHON,,QLD,2019-07-02,2022-04-11,True,False,https://handbookapi.aph.gov.au/api/individuals?$filter=PHID eq '266524',2026-10-02 08:23:59.813516+10:00,2019-07-01,2025-06-30
srv-266524-47-48c5db079874358a,aph-266524,47,senate,Pauline Hanson's One Nation,PHON,,QLD,2022-07-26,2025-03-28,True,False,https://handbookapi.aph.gov.au/api/individuals?$filter=PHID eq '266524',2026-10-02 08:23:59.813516+10:00,2019-07-01,2025-06-30
srv-266524-48-d95e7d7ed174423a,aph-266524,48,senate,One Nation,ON,,QLD,2026-01-28,,False,True,https://handbookapi.aph.gov.au/api/individuals?$filter=PHID eq '266524',2026-10-02 08:23:59.813516+10:00,2025-07-01,2026-09-21
srv-266524-48-fbcc6a0884fa7abf,aph-266524,48,senate,Pauline Hanson's One Nation,PHON,,QLD,2025-07-22,2026-01-27,True,False,https://handbookapi.aph.gov.au/api/individuals?$filter=PHID eq '266524',2026-10-02 08:23:59.813516+10:00,2025-07-01,2026-09-21
srv-267506-47-1dcd5467614fed8c,aph-267506,47,representatives,Liberal Party of Australia,LP,Cook,NSW,2024-04-13,2025-03-28,False,False,https://handbookapi.aph.gov.au/api/individuals?$filter=PHID eq '267506',2026-10-02 08:23:59.813516+10:00,2024-04-13,2025-05-03
srv-267506-48-afe7febb64e6c84f,aph-267506,48,representatives,Liberal Party of Australia,LP,Cook,NSW,2025-07-22,,True,True,https://handbookapi.aph.gov.au/api/individuals?$filter=PHID eq '267506',2026-10-02 08:23:59.813516+10:00,2025-05-03,2026-09-21
srv-269375-46-870c8eae6478f0b3,aph-269375,46,senate,Liberal Party of Australia,LP,,SA,2019-07-02,2022-04-11,True,False,https://handbookapi.aph.gov.au/api/individuals?$filter=PHID eq '269375',2026-10-02 08:23:59.813516+10:00,2019-07-01,2025-06-30
srv-269375-47-32306dda4fe1325f,aph-269375,47,senate,Liberal Party of Australia,LP,,SA,2022-07-26,2025-03-28,True,False,https://handbookapi.aph.gov.au/api/individuals?$filter=PHID eq '269375',2026-10-02 08:23:59.813516+10:00,2019-07-01,2025-06-30
srv-269375-48-3a21c1269a3ce14f,aph-269375,48,senate,Liberal Party of Australia,LP,,SA,2025-07-22,,True,True,https://handbookapi.aph.gov.au/api/individuals?$filter=PHID eq '269375',2026-10-02 08:23:59.813516+10:00,2025-07-01,2026-09-21
srv-269583-45-83465ce4087a7c6d,aph-269583,45,senate,Pauline Hanson's One Nation,PHON,,WA,2017-03-10,2019-04-11,False,False,https://handbookapi.aph.gov.au/api/individuals?$filter=PHID eq '269583',2026-10-02 08:23:59.813516+10:00,2017-03-10,2019-06-30
srv-270198-48-2269699a94f40f64,aph-270198,48,representatives,Australian Labor Party,ALP,Dickson,QLD,2025-07-22,,True,True,https://handbookapi.aph.gov.au/api/individuals?$filter=PHID eq '270198',2026-10-02 08:23:59.813516+10:00,2025-05-03,2026-09-21
srv-270552-45-2a1a960767bee3c8,aph-270552,45,senate,Independent,IND,,SA,2017-04-26,2018-02-04,False,False,https://handbookapi.aph.gov.au/api/individuals?$filter=PHID eq '270552',2026-10-02 08:23:59.813516+10:00,2017-04-19,2019-06-30
srv-270552-45-377172dbd6f780e3,aph-270552,45,senate,Family First,Family First,,SA,2017-04-19,2017-04-25,False,False,https://handbookapi.aph.gov.au/api/individuals?$filter=PHID eq '270552',2026-10-02 08:23:59.813516+10:00,2017-04-19,2019-06-30
srv-270552-45-ef4a5218aa41be94,aph-270552,45,senate,Liberal Party of Australia,LP,,SA,2018-02-05,2019-04-11,False,False,https://handbookapi.aph.gov.au/api/individuals?$filter=PHID eq '270552',2026-10-02 08:23:59.813516+10:00,2017-04-19,2019-06-30
srv-273828-46-eaba3f2fbcfaf131,aph-273828,46,senate,Liberal Party of Australia,LP,,NSW,2019-07-02,2022-04-11,True,False,https://handbookapi.aph.gov.au/api/individuals?$filter=PHID eq '273828',2026-10-02 08:23:59.813516+10:00,2019-07-01,2025-06-30
srv-273828-47-cbed119f944611c5,aph-273828,47,senate,Liberal Party of Australia,LP,,NSW,2022-07-26,2025-03-28,True,False,https://handbookapi.aph.gov.au/api/individuals?$filter=PHID eq '273828',2026-10-02 08:23:59.813516+10:00,2019-07-01,2025-06-30
srv-273829-45-42a16c16a03566d0,aph-273829,45,senate,Independent,IND,,QLD,2018-11-26,2019-04-11,False,False,https://handbookapi.aph.gov.au/api/individuals?$filter=PHID eq '273829',2026-10-02 08:23:59.813516+10:00,2017-11-10,2019-06-30
srv-273829-45-693ed46df45de41a,aph-273829,45,senate,Pauline Hanson's One Nation,PHON,,QLD,2017-11-10,2018-01-14,False,False,https://handbookapi.aph.gov.au/api/individuals?$filter=PHID eq '273829',2026-10-02 08:23:59.813516+10:00,2017-11-10,2019-06-30
srv-273829-45-d107a30ba9c453d9,aph-273829,45,senate,Independent,IND,,QLD,2018-01-15,2018-06-03,False,False,https://handbookapi.aph.gov.au/api/individuals?$filter=PHID eq '273829',2026-10-02 08:23:59.813516+10:00,2017-11-10,2019-06-30
srv-273829-45-f474e1c41b74ab4e,aph-273829,45,senate,Katter's Australian Party,Katter's Australian Party,,QLD,2018-06-04,2018-11-25,False,False,https://handbookapi.aph.gov.au/api/individuals?$filter=PHID eq '273829',2026-10-02 08:23:59.813516+10:00,2017-11-10,2019-06-30
srv-274506-46-01f2e9e6f557292d,aph-274506,46,representatives,Liberal Party of Australia,LP,Wentworth,NSW,2019-07-02,2022-04-11,True,False,https://handbookapi.aph.gov.au/api/individuals?$filter=PHID eq '274506',2026-10-02 08:23:59.813516+10:00,2019-05-18,2022-05-21
srv-274506-47-655fc58edf128204,aph-274506,47,senate,Liberal Party of Australia,LP,,NSW,2023-11-30,2025-03-28,False,False,https://handbookapi.aph.gov.au/api/individuals?$filter=PHID eq '274506',2026-10-02 08:23:59.813516+10:00,2023-11-30,2026-09-21
srv-274506-48-df2b2cf3514d5991,aph-274506,48,senate,Liberal Party of Australia,LP,,NSW,2025-07-22,,True,True,https://handbookapi.aph.gov.au/api/individuals?$filter=PHID eq '274506',2026-10-02 08:23:59.813516+10:00,2023-11-30,2026-09-21
srv-275266-45-3a4088f618155746,aph-275266,45,senate,Independent,IND,,TAS,2018-02-09,2018-05-27,False,False,https://handbookapi.aph.gov.au/api/individuals?$filter=PHID eq '275266',2026-10-02 08:23:59.813516+10:00,2018-02-09,2019-06-30
srv-275266-45-98ccbc951adab5f6,aph-275266,45,senate,The Nationals,NP,,TAS,2018-05-28,2019-04-11,False,False,https://handbookapi.aph.gov.au/api/individuals?$filter=PHID eq '275266',2026-10-02 08:23:59.813516+10:00,2018-02-09,2019-06-30
srv-275424-45-ce69c4800e431d41,aph-275424,45,senate,Nick Xenophon Team,Nick Xenophon Team,,SA,2018-02-16,2018-02-25,False,False,https://handbookapi.aph.gov.au/api/individuals?$filter=PHID eq '275424',2026-10-02 08:23:59.813516+10:00,2018-02-16,2019-06-30
srv-275424-45-d357eeced755f228,aph-275424,45,senate,Independent,IND,,SA,2018-02-26,2019-04-11,False,False,https://handbookapi.aph.gov.au/api/individuals?$filter=PHID eq '275424',2026-10-02 08:23:59.813516+10:00,2018-02-16,2019-06-30
srv-276714-45-7804c4662db3c91a,aph-276714,45,senate,Australian Labor Party,ALP,,ACT,2018-05-23,2019-04-11,False,False,https://handbookapi.aph.gov.au/api/individuals?$filter=PHID eq '276714',2026-10-02 08:23:59.813516+10:00,2018-05-23,2019-04-11
srv-276714-46-45095b2ac16a5a38,aph-276714,46,representatives,Australian Labor Party,ALP,Bean,ACT,2019-07-02,2022-04-11,True,False,https://handbookapi.aph.gov.au/api/individuals?$filter=PHID eq '276714',2026-10-02 08:23:59.813516+10:00,2019-05-18,2022-05-21
srv-276714-47-6d387d1c865183a4,aph-276714,47,representatives,Australian Labor Party,ALP,Bean,ACT,2022-07-26,2025-03-28,True,False,https://handbookapi.aph.gov.au/api/individuals?$filter=PHID eq '276714',2026-10-02 08:23:59.813516+10:00,2022-05-21,2025-05-03
srv-276714-48-a4a291c269fab609,aph-276714,48,representatives,Australian Labor Party,ALP,Bean,ACT,2025-07-22,,True,True,https://handbookapi.aph.gov.au/api/individuals?$filter=PHID eq '276714',2026-10-02 08:23:59.813516+10:00,2025-05-03,2026-09-21
srv-277110-48-8a6ec7858e63311d,aph-277110,48,senate,Australian Labor Party,ALP,,QLD,2025-07-22,,True,True,https://handbookapi.aph.gov.au/api/individuals?$filter=PHID eq '277110',2026-10-02 08:23:59.813516+10:00,2025-07-01,2026-09-21
srv-278522-46-e7a33438631bb794,aph-278522,46,representatives,Australian Labor Party,ALP,Macnamara,VIC,2019-07-02,2022-04-11,True,False,https://handbookapi.aph.gov.au/api/individuals?$filter=PHID eq '278522',2026-10-02 08:23:59.813516+10:00,2019-05-18,2022-05-21
srv-278522-47-e4ed284857449cf2,aph-278522,47,representatives,Australian Labor Party,ALP,Macnamara,VIC,2022-07-26,2025-03-28,True,False,https://handbookapi.aph.gov.au/api/individuals?$filter=PHID eq '278522',2026-10-02 08:23:59.813516+10:00,2022-05-21,2025-05-03
srv-278522-48-4f42a15b412664e9,aph-278522,48,representatives,Australian Labor Party,ALP,Macnamara,VIC,2025-07-22,,True,True,https://handbookapi.aph.gov.au/api/individuals?$filter=PHID eq '278522',2026-10-02 08:23:59.813516+10:00,2025-05-03,2026-09-21
srv-279991-46-f85382fcfcb6ce3f,aph-279991,46,representatives,The Nationals,NP,Cowper,NSW,2019-07-02,2022-04-11,True,False,https://handbookapi.aph.gov.au/api/individuals?$filter=PHID eq '279991',2026-10-02 08:23:59.813516+10:00,2019-05-18,2022-05-21
srv-279991-47-0d921ef6685dafd5,aph-279991,47,representatives,The Nationals,NP,Cowper,NSW,2022-07-26,2025-03-28,True,False,https://handbookapi.aph.gov.au/api/individuals?$filter=PHID eq '279991',2026-10-02 08:23:59.813516+10:00,2022-05-21,2025-05-03
srv-279991-48-4adaea89f3f9c7dc,aph-279991,48,representatives,The Nationals,NP,Cowper,NSW,2025-07-22,,True,True,https://handbookapi.aph.gov.au/api/individuals?$filter=PHID eq '279991',2026-10-02 08:23:59.813516+10:00,2025-05-03,2026-09-21
srv-280304-46-16f9770de3e4636f,aph-280304,46,senate,Australian Greens,GRN,,VIC,2020-09-04,2022-04-11,False,False,https://handbookapi.aph.gov.au/api/individuals?$filter=PHID eq '280304',2026-10-02 08:23:59.813516+10:00,2020-09-04,2022-06-30
srv-280304-47-09bab635874497a6,aph-280304,47,senate,Australian Greens,GRN,,VIC,2022-07-26,2023-02-05,True,False,https://handbookapi.aph.gov.au/api/individuals?$filter=PHID eq '280304',2026-10-02 08:23:59.813516+10:00,2022-07-01,2026-09-21
srv-280304-47-6e4ba9530d683d66,aph-280304,47,senate,Independent,IND,,VIC,2023-02-06,2025-03-28,False,False,https://handbookapi.aph.gov.au/api/individuals?$filter=PHID eq '280304',2026-10-02 08:23:59.813516+10:00,2022-07-01,2026-09-21
srv-280304-48-470c1a564def4dd5,aph-280304,48,senate,Independent,IND,,VIC,2025-07-22,,True,True,https://handbookapi.aph.gov.au/api/individuals?$filter=PHID eq '280304',2026-10-02 08:23:59.813516+10:00,2022-07-01,2026-09-21
srv-281503-45-555195b9ad3ac3ff,aph-281503,45,senate,Australian Labor Party,ALP,,VIC,2019-03-06,2019-04-11,False,False,https://handbookapi.aph.gov.au/api/individuals?$filter=PHID eq '281503',2026-10-02 08:23:59.813516+10:00,2019-03-06,2019-06-30
srv-281503-46-76ad8abb8f94a0b9,aph-281503,46,senate,Australian Labor Party,ALP,,VIC,2019-07-02,2022-04-11,True,False,https://handbookapi.aph.gov.au/api/individuals?$filter=PHID eq '281503',2026-10-02 08:23:59.813516+10:00,2019-07-01,2025-06-30
srv-281503-47-ae8df88b5fd9f84e,aph-281503,47,senate,Australian Labor Party,ALP,,VIC,2022-07-26,2025-03-28,True,False,https://handbookapi.aph.gov.au/api/individuals?$filter=PHID eq '281503',2026-10-02 08:23:59.813516+10:00,2019-07-01,2025-06-30
srv-281503-48-7939b7cc5a834928,aph-281503,48,senate,Australian Labor Party,ALP,,VIC,2025-07-22,,True,True,https://handbookapi.aph.gov.au/api/individuals?$filter=PHID eq '281503',2026-10-02 08:23:59.813516+10:00,2025-07-01,2026-09-21
srv-281513-46-c776a2baf6257e36,aph-281513,46,representatives,Liberal Party of Australia,LP,Lindsay,NSW,2019-07-02,2022-04-11,True,False,https://handbookapi.aph.gov.au/api/individuals?$filter=PHID eq '281513',2026-10-02 08:23:59.813516+10:00,2019-05-18,2022-05-21
srv-281513-47-53429b1169525faa,aph-281513,47,representatives,Liberal Party of Australia,LP,Lindsay,NSW,2022-07-26,2025-03-28,True,False,https://handbookapi.aph.gov.au/api/individuals?$filter=PHID eq '281513',2026-10-02 08:23:59.813516+10:00,2022-05-21,2025-05-03
srv-281513-48-ad7adf20b84ef67a,aph-281513,48,representatives,Liberal Party of Australia,LP,Lindsay,NSW,2025-07-22,,True,True,https://handbookapi.aph.gov.au/api/individuals?$filter=PHID eq '281513',2026-10-02 08:23:59.813516+10:00,2025-05-03,2026-09-21
srv-281558-45-9d5a07bdedebad9e,aph-281558,45,senate,Liberal Party of Australia,LP,,TAS,2019-03-06,2019-04-11,False,False,https://handbookapi.aph.gov.au/api/individuals?$filter=PHID eq '281558',2026-10-02 08:23:59.813516+10:00,2019-03-06,2022-06-30
srv-281558-46-056e1e5f8bfd74c2,aph-281558,46,senate,Liberal Party of Australia,LP,,TAS,2019-07-02,2022-04-11,True,False,https://handbookapi.aph.gov.au/api/individuals?$filter=PHID eq '281558',2026-10-02 08:23:59.813516+10:00,2019-03-06,2022-06-30
srv-281558-47-3769ea16ddf2406b,aph-281558,47,senate,Liberal Party of Australia,LP,,TAS,2022-07-26,2025-03-28,True,False,https://handbookapi.aph.gov.au/api/individuals?$filter=PHID eq '281558',2026-10-02 08:23:59.813516+10:00,2022-07-01,2026-08-10
srv-281558-48-2bf21d49824a86c4,aph-281558,48,senate,Liberal Party of Australia,LP,,TAS,2025-07-22,2026-08-10,True,False,https://handbookapi.aph.gov.au/api/individuals?$filter=PHID eq '281558',2026-10-02 08:23:59.813516+10:00,2022-07-01,2026-08-10
srv-281603-46-b8abaac14a0ee608,aph-281603,46,senate,Australian Labor Party,ALP,,SA,2019-07-02,2022-04-11,True,False,https://handbookapi.aph.gov.au/api/individuals?$filter=PHID eq '281603',2026-10-02 08:23:59.813516+10:00,2019-07-01,2025-06-30
srv-281603-47-5e775ae36d6da5aa,aph-281603,47,senate,Australian Labor Party,ALP,,SA,2022-07-26,2025-03-28,True,False,https://handbookapi.aph.gov.au/api/individuals?$filter=PHID eq '281603',2026-10-02 08:23:59.813516+10:00,2019-07-01,2025-06-30
srv-281603-48-9b5b7ed0bdb8f9f8,aph-281603,48,senate,Australian Labor Party,ALP,,SA,2025-07-22,,True,True,https://handbookapi.aph.gov.au/api/individuals?$filter=PHID eq '281603',2026-10-02 08:23:59.813516+10:00,2025-07-01,2026-09-21
srv-281688-46-b738554de40fa3fd,aph-281688,46,representatives,The Nationals,NP,Mallee,VIC,2019-07-02,2022-04-11,True,False,https://handbookapi.aph.gov.au/api/individuals?$filter=PHID eq '281688',2026-10-02 08:23:59.813516+10:00,2019-05-18,2022-05-21
srv-281688-47-481f3238962354f0,aph-281688,47,representatives,The Nationals,NP,Mallee,VIC,2022-07-26,2025-03-28,True,False,https://handbookapi.aph.gov.au/api/individuals?$filter=PHID eq '281688',2026-10-02 08:23:59.813516+10:00,2022-05-21,2025-05-03
srv-281688-48-16ac61a4d4845210,aph-281688,48,representatives,The Nationals,NP,Mallee,VIC,2025-07-22,,True,True,https://handbookapi.aph.gov.au/api/individuals?$filter=PHID eq '281688',2026-10-02 08:23:59.813516+10:00,2025-05-03,2026-09-21
srv-281697-46-a1668243959a4039,aph-281697,46,senate,The Nationals,NP,,NSW,2019-07-02,2022-04-11,True,False,https://handbookapi.aph.gov.au/api/individuals?$filter=PHID eq '281697',2026-10-02 08:23:59.813516+10:00,2019-07-01,2025-06-30
srv-281697-47-4756bfedf62a1753,aph-281697,47,senate,The Nationals,NP,,NSW,2022-07-26,2025-03-28,True,False,https://handbookapi.aph.gov.au/api/individuals?$filter=PHID eq '281697',2026-10-02 08:23:59.813516+10:00,2019-07-01,2025-06-30
srv-281826-46-e029343e0e487d0a,aph-281826,46,representatives,Liberal Party of Australia,LP,Herbert,QLD,2019-07-02,2022-04-11,True,False,https://handbookapi.aph.gov.au/api/individuals?$filter=PHID eq '281826',2026-10-02 08:23:59.813516+10:00,2019-05-18,2022-05-21
srv-281826-47-4d30fc20143ed295,aph-281826,47,representatives,Liberal Party of Australia,LP,Herbert,QLD,2022-07-26,2025-03-28,True,False,https://handbookapi.aph.gov.au/api/individuals?$filter=PHID eq '281826',2026-10-02 08:23:59.813516+10:00,2022-05-21,2025-05-03
srv-281826-48-67be4c28e5151ad1,aph-281826,48,representatives,Liberal Party of Australia,LP,Herbert,QLD,2025-07-22,,True,True,https://handbookapi.aph.gov.au/api/individuals?$filter=PHID eq '281826',2026-10-02 08:23:59.813516+10:00,2025-05-03,2026-09-21
srv-281988-46-027a7dabb2ab789c,aph-281988,46,representatives,Australian Labor Party,ALP,Eden-Monaro,NSW,2020-07-04,2022-04-11,False,False,https://handbookapi.aph.gov.au/api/individuals?$filter=PHID eq '281988',2026-10-02 08:23:59.813516+10:00,2020-07-04,2022-05-21
srv-281988-47-4c44f0eb419ac3a5,aph-281988,47,representatives,Australian Labor Party,ALP,Eden-Monaro,NSW,2022-07-26,2025-03-28,True,False,https://handbookapi.aph.gov.au/api/individuals?$filter=PHID eq '281988',2026-10-02 08:23:59.813516+10:00,2022-05-21,2025-05-03
srv-281988-48-f50cad8049199bb6,aph-281988,48,representatives,Australian Labor Party,ALP,Eden-Monaro,NSW,2025-07-22,,True,True,https://handbookapi.aph.gov.au/api/individuals?$filter=PHID eq '281988',2026-10-02 08:23:59.813516+10:00,2025-05-03,2026-09-21
srv-282212-46-6ae3cd6d6b8cc36e,aph-282212,46,representatives,Australian Labor Party,ALP,Jagajaga,VIC,2019-07-02,2022-04-11,True,False,https://handbookapi.aph.gov.au/api/individuals?$filter=PHID eq '282212',2026-10-02 08:23:59.813516+10:00,2019-05-18,2022-05-21
srv-282212-47-62cbbe59acd2aeb8,aph-282212,47,representatives,Australian Labor Party,ALP,Jagajaga,VIC,2022-07-26,2025-03-28,True,False,https://handbookapi.aph.gov.au/api/individuals?$filter=PHID eq '282212',2026-10-02 08:23:59.813516+10:00,2022-05-21,2025-05-03
srv-282212-48-b024c54f696d8f7e,aph-282212,48,representatives,Australian Labor Party,ALP,Jagajaga,VIC,2025-07-22,,True,True,https://handbookapi.aph.gov.au/api/individuals?$filter=PHID eq '282212',2026-10-02 08:23:59.813516+10:00,2025-05-03,2026-09-21
srv-282237-46-c8e6ff4f04ff50ac,aph-282237,46,representatives,Liberal Party of Australia,LP,Bass,TAS,2019-07-02,2022-04-11,True,False,https://handbookapi.aph.gov.au/api/individuals?$filter=PHID eq '282237',2026-10-02 08:23:59.813516+10:00,2019-05-18,2022-05-21
srv-282237-47-e7e8b273c3ca2686,aph-282237,47,representatives,Liberal Party of Australia,LP,Bass,TAS,2022-07-26,2025-03-28,True,False,https://handbookapi.aph.gov.au/api/individuals?$filter=PHID eq '282237',2026-10-02 08:23:59.813516+10:00,2022-05-21,2025-05-03
srv-282306-46-aa392f9f141bb6aa,aph-282306,46,representatives,Liberal Party of Australia,LP,Braddon,TAS,2019-07-02,2022-04-11,True,False,https://handbookapi.aph.gov.au/api/individuals?$filter=PHID eq '282306',2026-10-02 08:23:59.813516+10:00,2019-05-18,2022-05-21
srv-282306-47-f94517495e862f8b,aph-282306,47,representatives,Liberal Party of Australia,LP,Braddon,TAS,2022-07-26,2025-03-28,True,False,https://handbookapi.aph.gov.au/api/individuals?$filter=PHID eq '282306',2026-10-02 08:23:59.813516+10:00,2022-05-21,2025-03-28
srv-282335-46-e191e793d59dae6a,aph-282335,46,representatives,Independent,IND,Indi,VIC,2019-07-02,2022-04-11,True,False,https://handbookapi.aph.gov.au/api/individuals?$filter=PHID eq '282335',2026-10-02 08:23:59.813516+10:00,2019-05-18,2022-05-21
srv-282335-47-e926d77e534dbd18,aph-282335,47,representatives,Independent,IND,Indi,VIC,2022-07-26,2025-03-28,True,False,https://handbookapi.aph.gov.au/api/individuals?$filter=PHID eq '282335',2026-10-02 08:23:59.813516+10:00,2022-05-21,2025-05-03
srv-282335-48-51efdaef07343cf6,aph-282335,48,representatives,Independent,IND,Indi,VIC,2025-07-22,,True,True,https://handbookapi.aph.gov.au/api/individuals?$filter=PHID eq '282335',2026-10-02 08:23:59.813516+10:00,2025-05-03,2026-09-21
srv-282728-46-2e452d513bfb30f4,aph-282728,46,senate,Liberal Democratic Party,LDP,,NT,2022-04-07,2022-04-11,False,False,https://handbookapi.aph.gov.au/api/individuals?$filter=PHID eq '282728',2026-10-02 08:23:59.813516+10:00,2019-05-18,2022-05-21
srv-282728-46-f0f2eead968007f2,aph-282728,46,senate,The Nationals,NP,,NT,2019-07-02,2022-04-06,True,False,https://handbookapi.aph.gov.au/api/individuals?$filter=PHID eq '282728',2026-10-02 08:23:59.813516+10:00,2019-05-18,2022-05-21
srv-282918-46-11752f7b1b9d2bf5,aph-282918,46,representatives,Liberal Party of Australia,LP,Chisholm,VIC,2019-07-02,2022-04-11,True,False,https://handbookapi.aph.gov.au/api/individuals?$filter=PHID eq '282918',2026-10-02 08:23:59.813516+10:00,2019-05-18,2022-05-21
srv-282981-46-ac94e77edd462960,aph-282981,46,representatives,Liberal Party of Australia,LP,Moncrieff,QLD,2019-07-02,2022-04-11,True,False,https://handbookapi.aph.gov.au/api/individuals?$filter=PHID eq '282981',2026-10-02 08:23:59.813516+10:00,2019-05-18,2022-05-21
srv-282981-47-509e2a5cb6c50a48,aph-282981,47,representatives,Liberal Party of Australia,LP,Moncrieff,QLD,2022-07-26,2025-03-28,True,False,https://handbookapi.aph.gov.au/api/individuals?$filter=PHID eq '282981',2026-10-02 08:23:59.813516+10:00,2022-05-21,2025-05-03
srv-282981-48-60b52610fe2c7774,aph-282981,48,representatives,Liberal Party of Australia,LP,Moncrieff,QLD,2025-07-22,,True,True,https://handbookapi.aph.gov.au/api/individuals?$filter=PHID eq '282981',2026-10-02 08:23:59.813516+10:00,2025-05-03,2026-09-21
srv-282982-46-8aa10992d4bcf087,aph-282982,46,representatives,Liberal Party of Australia,LP,Reid,NSW,2019-07-02,2022-04-11,True,False,https://handbookapi.aph.gov.au/api/individuals?$filter=PHID eq '282982',2026-10-02 08:23:59.813516+10:00,2019-05-18,2022-05-21
srv-282983-46-f0efbcc8448b1364,aph-282983,46,representatives,Liberal Party of Australia,LP,Ryan,QLD,2019-07-02,2022-04-11,True,False,https://handbookapi.aph.gov.au/api/individuals?$filter=PHID eq '282983',2026-10-02 08:23:59.813516+10:00,2019-05-18,2022-05-21
srv-282984-46-2772b8941c2f8121,aph-282984,46,representatives,Liberal Party of Australia,LP,Stirling,WA,2019-07-02,2022-04-11,True,False,https://handbookapi.aph.gov.au/api/individuals?$filter=PHID eq '282984',2026-10-02 08:23:59.813516+10:00,2019-05-18,2022-04-11
srv-282986-46-23ee3c1811377714,aph-282986,46,representatives,Liberal Party of Australia,LP,Higgins,VIC,2019-07-02,2022-04-11,True,False,https://handbookapi.aph.gov.au/api/individuals?$filter=PHID eq '282986',2026-10-02 08:23:59.813516+10:00,2019-05-18,2022-05-21
srv-282997-46-9e5ee25010828359,aph-282997,46,senate,Liberal Party of Australia,LP,,QLD,2019-07-02,2022-04-11,True,False,https://handbookapi.aph.gov.au/api/individuals?$filter=PHID eq '282997',2026-10-02 08:23:59.813516+10:00,2019-07-01,2025-06-30
srv-282997-47-b47db3b0e95c71e4,aph-282997,47,senate,Liberal Party of Australia,LP,,QLD,2022-07-26,2025-03-28,True,False,https://handbookapi.aph.gov.au/api/individuals?$filter=PHID eq '282997',2026-10-02 08:23:59.813516+10:00,2019-07-01,2025-06-30
srv-282997-48-0f3e1cdf0ed63ed4,aph-282997,48,senate,Liberal Party of Australia,LP,,QLD,2025-07-22,,True,True,https://handbookapi.aph.gov.au/api/individuals?$filter=PHID eq '282997',2026-10-02 08:23:59.813516+10:00,2025-07-01,2026-09-21
srv-283585-46-e7ce51d59c68d4fb,aph-283585,46,senate,Liberal Party of Australia,LP,,WA,2019-07-02,2022-04-11,True,False,https://handbookapi.aph.gov.au/api/individuals?$filter=PHID eq '283585',2026-10-02 08:23:59.813516+10:00,2019-07-01,2025-06-30
srv-283585-47-55d4ecc072476205,aph-283585,47,senate,Liberal Party of Australia,LP,,WA,2022-07-26,2025-03-28,True,False,https://handbookapi.aph.gov.au/api/individuals?$filter=PHID eq '283585',2026-10-02 08:23:59.813516+10:00,2019-07-01,2025-06-30
srv-283585-48-e27faf8d90d5332c,aph-283585,48,senate,Liberal Party of Australia,LP,,WA,2025-07-22,,True,True,https://handbookapi.aph.gov.au/api/individuals?$filter=PHID eq '283585',2026-10-02 08:23:59.813516+10:00,2025-07-01,2026-09-21
srv-283596-46-9e5ee25010828359,aph-283596,46,senate,Liberal Party of Australia,LP,,QLD,2019-07-02,2022-04-11,True,False,https://handbookapi.aph.gov.au/api/individuals?$filter=PHID eq '283596',2026-10-02 08:23:59.813516+10:00,2019-07-01,2025-06-30
srv-283596-47-0a81f7d508526a6d,aph-283596,47,senate,Gerard Rennick People First,GRPF,,QLD,2024-09-10,2025-03-28,False,False,https://handbookapi.aph.gov.au/api/individuals?$filter=PHID eq '283596',2026-10-02 08:23:59.813516+10:00,2019-07-01,2025-06-30
srv-283596-47-7d1da2ec44516f1c,aph-283596,47,senate,Independent,IND,,QLD,2024-08-25,2024-09-09,False,False,https://handbookapi.aph.gov.au/api/individuals?$filter=PHID eq '283596',2026-10-02 08:23:59.813516+10:00,2019-07-01,2025-06-30
srv-283596-47-b47db3b0e95c71e4,aph-283596,47,senate,Liberal Party of Australia,LP,,QLD,2022-07-26,2024-08-24,True,False,https://handbookapi.aph.gov.au/api/individuals?$filter=PHID eq '283596',2026-10-02 08:23:59.813516+10:00,2019-07-01,2025-06-30
srv-283601-46-c8744b8d430b7f89,aph-283601,46,senate,Liberal Party of Australia,LP,,VIC,2019-07-02,2022-04-11,True,False,https://handbookapi.aph.gov.au/api/individuals?$filter=PHID eq '283601',2026-10-02 08:23:59.813516+10:00,2019-07-01,2025-06-30
srv-283601-47-4ad82d6008daf869,aph-283601,47,senate,Liberal Party of Australia,LP,,VIC,2022-07-26,2023-06-18,True,False,https://handbookapi.aph.gov.au/api/individuals?$filter=PHID eq '283601',2026-10-02 08:23:59.813516+10:00,2019-07-01,2025-06-30
srv-283601-47-7a64547d0f01e55f,aph-283601,47,senate,Independent,IND,,VIC,2023-06-19,2025-03-28,False,False,https://handbookapi.aph.gov.au/api/individuals?$filter=PHID eq '283601',2026-10-02 08:23:59.813516+10:00,2019-07-01,2025-06-30
srv-286042-47-3fd2bae74f5dae07,aph-286042,47,representatives,Independent,IND,Wentworth,NSW,2022-07-26,2025-03-28,True,False,https://handbookapi.aph.gov.au/api/individuals?$filter=PHID eq '286042',2026-10-02 08:23:59.813516+10:00,2022-05-21,2025-05-03
srv-286042-48-0f3e34c5ba21d0b0,aph-286042,48,representatives,Community Strong Australia,CSA,Wentworth,NSW,2026-06-25,,False,True,https://handbookapi.aph.gov.au/api/individuals?$filter=PHID eq '286042',2026-10-02 08:23:59.813516+10:00,2025-05-03,2026-09-21
srv-286042-48-5ee9e2ba6560f317,aph-286042,48,representatives,Independent,IND,Wentworth,NSW,2025-07-22,2026-06-24,True,False,https://handbookapi.aph.gov.au/api/individuals?$filter=PHID eq '286042',2026-10-02 08:23:59.813516+10:00,2025-05-03,2026-09-21
srv-286349-46-15f57c2d91b71edf,aph-286349,46,senate,Liberal Party of Australia,LP,,VIC,2021-12-02,2022-04-11,False,False,https://handbookapi.aph.gov.au/api/individuals?$filter=PHID eq '286349',2026-10-02 08:23:59.813516+10:00,2021-12-02,2022-06-30
srv-286535-47-c80be340e03e37a5,aph-286535,47,representatives,The Nationals,NP,Dawson,QLD,2022-07-26,2025-03-28,True,False,https://handbookapi.aph.gov.au/api/individuals?$filter=PHID eq '286535',2026-10-02 08:23:59.813516+10:00,2022-05-21,2025-05-03
srv-286535-48-04d488a3322643f4,aph-286535,48,representatives,The Nationals,NP,Dawson,QLD,2025-07-22,,True,True,https://handbookapi.aph.gov.au/api/individuals?$filter=PHID eq '286535',2026-10-02 08:23:59.813516+10:00,2025-05-03,2026-09-21
srv-287062-46-b2fc1bb79ff0fffc,aph-287062,46,senate,Liberal Party of Australia,LP,,SA,2020-02-06,2022-04-11,False,False,https://handbookapi.aph.gov.au/api/individuals?$filter=PHID eq '287062',2026-10-02 08:23:59.813516+10:00,2020-02-06,2022-06-30
srv-287062-47-32306dda4fe1325f,aph-287062,47,senate,Liberal Party of Australia,LP,,SA,2022-07-26,2025-03-28,True,False,https://handbookapi.aph.gov.au/api/individuals?$filter=PHID eq '287062',2026-10-02 08:23:59.813516+10:00,2022-07-01,2026-09-21
srv-287062-48-3a21c1269a3ce14f,aph-287062,48,senate,Liberal Party of Australia,LP,,SA,2025-07-22,,True,True,https://handbookapi.aph.gov.au/api/individuals?$filter=PHID eq '287062',2026-10-02 08:23:59.813516+10:00,2022-07-01,2026-09-21
srv-288713-47-2895b6b1ed37329b,aph-288713,47,representatives,The Nationals,NP,Nicholls,VIC,2022-07-26,2025-03-28,True,False,https://handbookapi.aph.gov.au/api/individuals?$filter=PHID eq '288713',2026-10-02 08:23:59.813516+10:00,2022-05-21,2025-05-03
srv-288713-48-63498c9c5315fea8,aph-288713,48,representatives,The Nationals,NP,Nicholls,VIC,2025-07-22,,True,True,https://handbookapi.aph.gov.au/api/individuals?$filter=PHID eq '288713',2026-10-02 08:23:59.813516+10:00,2025-05-03,2026-09-21
srv-290544-47-1c3cdc0ef1afff0d,aph-290544,47,representatives,Australian Labor Party,ALP,Higgins,VIC,2022-07-26,2025-03-28,True,False,https://handbookapi.aph.gov.au/api/individuals?$filter=PHID eq '290544',2026-10-02 08:23:59.813516+10:00,2022-05-21,2025-03-28
srv-290544-48-7939b7cc5a834928,aph-290544,48,senate,Australian Labor Party,ALP,,VIC,2025-07-22,,True,True,https://handbookapi.aph.gov.au/api/individuals?$filter=PHID eq '290544',2026-10-02 08:23:59.813516+10:00,2025-07-01,2026-09-21
srv-291387-46-87f471e810557e52,aph-291387,46,representatives,Liberal Party of Australia,LP,Groom,QLD,2020-11-28,2022-04-11,False,False,https://handbookapi.aph.gov.au/api/individuals?$filter=PHID eq '291387',2026-10-02 08:23:59.813516+10:00,2020-11-28,2022-05-21
srv-291387-47-2dc067bcdad59cc5,aph-291387,47,representatives,Liberal Party of Australia,LP,Groom,QLD,2022-07-26,2025-03-28,True,False,https://handbookapi.aph.gov.au/api/individuals?$filter=PHID eq '291387',2026-10-02 08:23:59.813516+10:00,2022-05-21,2025-05-03
srv-291387-48-4752a780cdbc5279,aph-291387,48,representatives,Liberal Party of Australia,LP,Groom,QLD,2025-07-22,,True,True,https://handbookapi.aph.gov.au/api/individuals?$filter=PHID eq '291387',2026-10-02 08:23:59.813516+10:00,2025-05-03,2026-09-21
srv-291406-46-ff78a15ca86df4d2,aph-291406,46,senate,Liberal Party of Australia,LP,,WA,2020-11-25,2022-04-11,False,False,https://handbookapi.aph.gov.au/api/individuals?$filter=PHID eq '291406',2026-10-02 08:23:59.813516+10:00,2020-11-25,2022-04-15
srv-291406-48-c52a56abb2a95806,aph-291406,48,representatives,Liberal Party of Australia,LP,Forrest,WA,2025-07-22,,True,True,https://handbookapi.aph.gov.au/api/individuals?$filter=PHID eq '291406',2026-10-02 08:23:59.813516+10:00,2025-05-03,2026-09-21
srv-295588-47-77017e2d741abbdb,aph-295588,47,representatives,Australian Labor Party,ALP,Chisholm,VIC,2022-07-26,2025-03-28,True,False,https://handbookapi.aph.gov.au/api/individuals?$filter=PHID eq '295588',2026-10-02 08:23:59.813516+10:00,2022-05-21,2025-05-03
srv-295588-48-8e502dadacad65bf,aph-295588,48,representatives,Australian Labor Party,ALP,Chisholm,VIC,2025-07-22,,True,True,https://handbookapi.aph.gov.au/api/individuals?$filter=PHID eq '295588',2026-10-02 08:23:59.813516+10:00,2025-05-03,2026-09-21
srv-295676-47-33d0a96956da51e6,aph-295676,47,representatives,Independent,IND,Fowler,NSW,2022-07-26,2025-03-28,True,False,https://handbookapi.aph.gov.au/api/individuals?$filter=PHID eq '295676',2026-10-02 08:23:59.813516+10:00,2022-05-21,2025-05-03
srv-295676-48-3188cb4d08344486,aph-295676,48,representatives,Independent,IND,Fowler,NSW,2025-07-22,,True,True,https://handbookapi.aph.gov.au/api/individuals?$filter=PHID eq '295676',2026-10-02 08:23:59.813516+10:00,2025-05-03,2026-09-21
srv-296215-46-fe72658b76b709af,aph-296215,46,senate,Australian Greens,GRN,,WA,2021-09-14,2022-04-11,False,False,https://handbookapi.aph.gov.au/api/individuals?$filter=PHID eq '296215',2026-10-02 08:23:59.813516+10:00,2021-09-14,2022-06-30
srv-296215-47-f937c9bd6c39b643,aph-296215,47,senate,Australian Greens,GRN,,WA,2022-07-26,2025-03-28,True,False,https://handbookapi.aph.gov.au/api/individuals?$filter=PHID eq '296215',2026-10-02 08:23:59.813516+10:00,2022-07-01,2026-09-21
srv-296215-48-0f413a30c40b77b0,aph-296215,48,senate,Australian Labor Party,ALP,,WA,2025-07-22,,True,True,https://handbookapi.aph.gov.au/api/individuals?$filter=PHID eq '296215',2026-10-02 08:23:59.813516+10:00,2022-07-01,2026-09-21
srv-296272-47-65350994d361d6f6,aph-296272,47,representatives,Australian Labor Party,ALP,Boothby,SA,2022-07-26,2025-03-28,True,False,https://handbookapi.aph.gov.au/api/individuals?$filter=PHID eq '296272',2026-10-02 08:23:59.813516+10:00,2022-05-21,2025-05-03
srv-296272-48-4748df8b01edc855,aph-296272,48,representatives,Australian Labor Party,ALP,Boothby,SA,2025-07-22,,True,True,https://handbookapi.aph.gov.au/api/individuals?$filter=PHID eq '296272',2026-10-02 08:23:59.813516+10:00,2025-05-03,2026-09-21
srv-296331-46-c7db67f259c48cbd,aph-296331,46,senate,Australian Labor Party,ALP,,SA,2021-09-21,2022-04-11,False,False,https://handbookapi.aph.gov.au/api/individuals?$filter=PHID eq '296331',2026-10-02 08:23:59.813516+10:00,2021-09-21,2025-06-30
srv-296331-47-5e775ae36d6da5aa,aph-296331,47,senate,Australian Labor Party,ALP,,SA,2022-07-26,2025-03-28,True,False,https://handbookapi.aph.gov.au/api/individuals?$filter=PHID eq '296331',2026-10-02 08:23:59.813516+10:00,2021-09-21,2025-06-30
srv-296331-48-9b5b7ed0bdb8f9f8,aph-296331,48,senate,Australian Labor Party,ALP,,SA,2025-07-22,,True,True,https://handbookapi.aph.gov.au/api/individuals?$filter=PHID eq '296331',2026-10-02 08:23:59.813516+10:00,2025-07-01,2026-09-21
srv-297660-47-36b0373dd9a993ac,aph-297660,47,representatives,Independent,IND,Kooyong,VIC,2022-07-26,2025-03-28,True,False,https://handbookapi.aph.gov.au/api/individuals?$filter=PHID eq '297660',2026-10-02 08:23:59.813516+10:00,2022-05-21,2025-05-03
srv-297660-48-fd025df4ff4c4260,aph-297660,48,representatives,Independent,IND,Kooyong,VIC,2025-07-22,,True,True,https://handbookapi.aph.gov.au/api/individuals?$filter=PHID eq '297660',2026-10-02 08:23:59.813516+10:00,2025-05-03,2026-09-21
srv-297964-48-df2b2cf3514d5991,aph-297964,48,senate,Liberal Party of Australia,LP,,NSW,2025-07-22,,True,True,https://handbookapi.aph.gov.au/api/individuals?$filter=PHID eq '297964',2026-10-02 08:23:59.813516+10:00,2025-07-01,2026-09-21
srv-298121-47-0234355ee619eda3,aph-298121,47,representatives,Australian Labor Party,ALP,Reid,NSW,2022-07-26,2025-03-28,True,False,https://handbookapi.aph.gov.au/api/individuals?$filter=PHID eq '298121',2026-10-02 08:23:59.813516+10:00,2022-05-21,2025-05-03
srv-298121-48-eac9ac10cad14279,aph-298121,48,representatives,Australian Labor Party,ALP,Reid,NSW,2025-07-22,,True,True,https://handbookapi.aph.gov.au/api/individuals?$filter=PHID eq '298121',2026-10-02 08:23:59.813516+10:00,2025-05-03,2026-09-21
srv-298574-48-3166b6726debede3,aph-298574,48,representatives,Australian Labor Party,ALP,Brisbane,QLD,2025-07-22,,True,True,https://handbookapi.aph.gov.au/api/individuals?$filter=PHID eq '298574',2026-10-02 08:23:59.813516+10:00,2025-05-03,2026-09-21
srv-298618-48-884a33a11a077b03,aph-298618,48,representatives,Australian Labor Party,ALP,Banks,NSW,2025-07-22,,True,True,https://handbookapi.aph.gov.au/api/individuals?$filter=PHID eq '298618',2026-10-02 08:23:59.813516+10:00,2025-05-03,2026-09-21
srv-298800-47-8313a918170687d6,aph-298800,47,representatives,Australian Labor Party,ALP,Swan,WA,2022-07-26,2025-03-28,True,False,https://handbookapi.aph.gov.au/api/individuals?$filter=PHID eq '298800',2026-10-02 08:23:59.813516+10:00,2022-05-21,2025-05-03
srv-298800-48-6f7742b1a719618f,aph-298800,48,representatives,Australian Labor Party,ALP,Swan,WA,2025-07-22,,True,True,https://handbookapi.aph.gov.au/api/individuals?$filter=PHID eq '298800',2026-10-02 08:23:59.813516+10:00,2025-05-03,2026-09-21
srv-298839-47-96cfd60cb544818d,aph-298839,47,senate,Australian Greens,GRN,,QLD,2022-07-26,2025-03-28,True,False,https://handbookapi.aph.gov.au/api/individuals?$filter=PHID eq '298839',2026-10-02 08:23:59.813516+10:00,2022-07-01,2026-09-21
srv-298839-48-706ab9268a8ae908,aph-298839,48,senate,Australian Greens,GRN,,QLD,2025-07-22,,True,True,https://handbookapi.aph.gov.au/api/individuals?$filter=PHID eq '298839',2026-10-02 08:23:59.813516+10:00,2022-07-01,2026-09-21
srv-298840-47-3ea997018e64e0a4,aph-298840,47,representatives,Australian Labor Party,ALP,Hunter,NSW,2022-07-26,2025-03-28,True,False,https://handbookapi.aph.gov.au/api/individuals?$filter=PHID eq '298840',2026-10-02 08:23:59.813516+10:00,2022-05-21,2025-05-03
srv-298840-48-8b5c6b49b34e9957,aph-298840,48,representatives,Australian Labor Party,ALP,Hunter,NSW,2025-07-22,,True,True,https://handbookapi.aph.gov.au/api/individuals?$filter=PHID eq '298840',2026-10-02 08:23:59.813516+10:00,2025-05-03,2026-09-21
srv-299145-47-a729d1411eb169df,aph-299145,47,representatives,Australian Labor Party,ALP,Cunningham,NSW,2022-07-26,2025-03-28,True,False,https://handbookapi.aph.gov.au/api/individuals?$filter=PHID eq '299145',2026-10-02 08:23:59.813516+10:00,2022-05-21,2025-05-03
srv-299145-48-f77f4ccf50cc0f27,aph-299145,48,representatives,Australian Labor Party,ALP,Cunningham,NSW,2025-07-22,,True,True,https://handbookapi.aph.gov.au/api/individuals?$filter=PHID eq '299145',2026-10-02 08:23:59.813516+10:00,2025-05-03,2026-09-21
srv-299150-47-52f41980f31ec099,aph-299150,47,representatives,Australian Labor Party,ALP,Hasluck,WA,2022-07-26,2025-03-28,True,False,https://handbookapi.aph.gov.au/api/individuals?$filter=PHID eq '299150',2026-10-02 08:23:59.813516+10:00,2022-05-21,2025-05-03
srv-299150-48-d83aedadb420b9f3,aph-299150,48,representatives,Australian Labor Party,ALP,Hasluck,WA,2025-07-22,,True,True,https://handbookapi.aph.gov.au/api/individuals?$filter=PHID eq '299150',2026-10-02 08:23:59.813516+10:00,2025-05-03,2026-09-21
srv-299174-47-d29f7271b548a53c,aph-299174,47,representatives,Australian Labor Party,ALP,Bennelong,NSW,2022-07-26,2025-03-28,True,False,https://handbookapi.aph.gov.au/api/individuals?$filter=PHID eq '299174',2026-10-02 08:23:59.813516+10:00,2022-05-21,2025-05-03
srv-299174-48-bb92fc93754751fa,aph-299174,48,representatives,Australian Labor Party,ALP,Bennelong,NSW,2025-07-22,,True,True,https://handbookapi.aph.gov.au/api/individuals?$filter=PHID eq '299174',2026-10-02 08:23:59.813516+10:00,2025-05-03,2026-09-21
srv-299352-46-d81eeaadc5a6367b,aph-299352,46,senate,Australian Labor Party,ALP,,VIC,2022-04-06,2022-04-11,False,False,https://handbookapi.aph.gov.au/api/individuals?$filter=PHID eq '299352',2026-10-02 08:23:59.813516+10:00,2022-04-06,2022-06-30
srv-299352-47-ae8df88b5fd9f84e,aph-299352,47,senate,Australian Labor Party,ALP,,VIC,2022-07-26,2025-03-28,True,False,https://handbookapi.aph.gov.au/api/individuals?$filter=PHID eq '299352',2026-10-02 08:23:59.813516+10:00,2022-07-01,2026-09-21
srv-299352-48-7939b7cc5a834928,aph-299352,48,senate,Australian Labor Party,ALP,,VIC,2025-07-22,,True,True,https://handbookapi.aph.gov.au/api/individuals?$filter=PHID eq '299352',2026-10-02 08:23:59.813516+10:00,2022-07-01,2026-09-21
srv-299498-47-269cfaecb2314bd8,aph-299498,47,representatives,The Nationals,NP,Flynn,QLD,2022-07-26,2025-03-28,True,False,https://handbookapi.aph.gov.au/api/individuals?$filter=PHID eq '299498',2026-10-02 08:23:59.813516+10:00,2022-05-21,2025-05-03
srv-299498-48-3942ddcb4ce03614,aph-299498,48,representatives,The Nationals,NP,Flynn,QLD,2025-07-22,,True,True,https://handbookapi.aph.gov.au/api/individuals?$filter=PHID eq '299498',2026-10-02 08:23:59.813516+10:00,2025-05-03,2026-09-21
srv-299623-47-a20a4d8b2b36bd70,aph-299623,47,representatives,Independent,IND,Mackellar,NSW,2022-07-26,2025-03-28,True,False,https://handbookapi.aph.gov.au/api/individuals?$filter=PHID eq '299623',2026-10-02 08:23:59.813516+10:00,2022-05-21,2025-05-03
srv-299623-48-20e819efdca1ca5a,aph-299623,48,representatives,Independent,IND,Mackellar,NSW,2025-07-22,,True,True,https://handbookapi.aph.gov.au/api/individuals?$filter=PHID eq '299623',2026-10-02 08:23:59.813516+10:00,2025-05-03,2026-09-21
srv-299962-47-9849496dfecc70f2,aph-299962,47,representatives,Australian Labor Party,ALP,Aston,VIC,2023-04-01,2025-03-28,False,False,https://handbookapi.aph.gov.au/api/individuals?$filter=PHID eq '299962',2026-10-02 08:23:59.813516+10:00,2023-04-01,2025-05-03
srv-299962-48-3777f6b06483ec96,aph-299962,48,representatives,Australian Labor Party,ALP,Aston,VIC,2025-07-22,,True,True,https://handbookapi.aph.gov.au/api/individuals?$filter=PHID eq '299962',2026-10-02 08:23:59.813516+10:00,2025-05-03,2026-09-21
srv-299964-47-8b0da49078811a77,aph-299964,47,representatives,Australian Labor Party,ALP,Holt,VIC,2022-07-26,2025-03-28,True,False,https://handbookapi.aph.gov.au/api/individuals?$filter=PHID eq '299964',2026-10-02 08:23:59.813516+10:00,2022-05-21,2025-05-03
srv-299964-48-40b298febb22421d,aph-299964,48,representatives,Australian Labor Party,ALP,Holt,VIC,2025-07-22,,True,True,https://handbookapi.aph.gov.au/api/individuals?$filter=PHID eq '299964',2026-10-02 08:23:59.813516+10:00,2025-05-03,2026-09-21
srv-2k6-44-fed403860adca950,aph-2k6,44,representatives,Liberal Party of Australia,LP,Fisher,QLD,2013-11-12,2016-05-09,True,False,https://handbookapi.aph.gov.au/api/individuals?$filter=PHID eq '2K6',2026-10-02 08:23:59.813516+10:00,2013-09-07,2016-05-09
srv-2l6-42-52f0d79cae50d3f6,aph-2l6,42,senate,Australian Labor Party,ALP,,WA,2008-02-12,2010-07-19,True,False,https://handbookapi.aph.gov.au/api/individuals?$filter=PHID eq '2L6',2026-10-02 08:23:59.813516+10:00,2002-07-01,2014-06-30
srv-2l6-43-0889c5486015afc9,aph-2l6,43,senate,Australian Labor Party,ALP,,WA,2010-09-28,2013-08-05,True,False,https://handbookapi.aph.gov.au/api/individuals?$filter=PHID eq '2L6',2026-10-02 08:23:59.813516+10:00,2008-07-01,2014-06-30
srv-2l6-44-01b9a77a33b6a974,aph-2l6,44,senate,Australian Labor Party,ALP,,WA,2013-11-12,2014-06-30,True,False,https://handbookapi.aph.gov.au/api/individuals?$filter=PHID eq '2L6',2026-10-02 08:23:59.813516+10:00,2008-07-01,2014-06-30
srv-2m6-42-50dafbc93c8390a7,aph-2m6,42,senate,Liberal Party of Australia,LP,,NSW,2008-02-12,2010-07-19,True,False,https://handbookapi.aph.gov.au/api/individuals?$filter=PHID eq '2M6',2026-10-02 08:23:59.813516+10:00,2002-07-01,2011-08-22
srv-2m6-43-7d0ec902f7b5a87b,aph-2m6,43,senate,Liberal Party of Australia,LP,,NSW,2010-09-28,2011-08-22,True,False,https://handbookapi.aph.gov.au/api/individuals?$filter=PHID eq '2M6',2026-10-02 08:23:59.813516+10:00,2008-07-01,2011-08-22
srv-2o4-45-2836b5b8d8766e53,aph-2o4,45,senate,Derryn Hinch's Justice Party,DHJP,,VIC,2016-08-30,2019-04-11,True,False,https://handbookapi.aph.gov.au/api/individuals?$filter=PHID eq '2O4',2026-10-02 08:23:59.813516+10:00,2016-07-02,2019-06-30
srv-2v5-42-b2c1429b5fa4e808,aph-2v5,42,representatives,Australian Labor Party,ALP,Lilley,QLD,2008-02-12,2010-07-19,True,False,https://handbookapi.aph.gov.au/api/individuals?$filter=PHID eq '2V5',2026-10-02 08:23:59.813516+10:00,2007-11-24,2010-08-21
srv-2v5-43-44bfea49c05b3592,aph-2v5,43,representatives,Australian Labor Party,ALP,Lilley,QLD,2010-09-28,2013-08-05,True,False,https://handbookapi.aph.gov.au/api/individuals?$filter=PHID eq '2V5',2026-10-02 08:23:59.813516+10:00,2010-08-21,2013-09-07
srv-2v5-44-c1084926d9045424,aph-2v5,44,representatives,Australian Labor Party,ALP,Lilley,QLD,2013-11-12,2016-05-09,True,False,https://handbookapi.aph.gov.au/api/individuals?$filter=PHID eq '2V5',2026-10-02 08:23:59.813516+10:00,2013-09-07,2016-07-02
srv-2v5-45-57cd53d349d9353e,aph-2v5,45,representatives,Australian Labor Party,ALP,Lilley,QLD,2016-08-30,2019-04-11,True,False,https://handbookapi.aph.gov.au/api/individuals?$filter=PHID eq '2V5',2026-10-02 08:23:59.813516+10:00,2016-07-02,2019-04-11
srv-300006-47-9fe078befaa21a84,aph-300006,47,representatives,Independent,IND,Curtin,WA,2022-07-26,2025-03-28,True,False,https://handbookapi.aph.gov.au/api/individuals?$filter=PHID eq '300006',2026-10-02 08:23:59.813516+10:00,2022-05-21,2025-05-03
srv-300006-48-a6cf47ff2826c9e2,aph-300006,48,representatives,Independent,IND,Curtin,WA,2025-07-22,,True,True,https://handbookapi.aph.gov.au/api/individuals?$filter=PHID eq '300006',2026-10-02 08:23:59.813516+10:00,2025-05-03,2026-09-21
srv-300120-47-e564e703f83b89bf,aph-300120,47,representatives,Liberal Party of Australia,LP,Bowman,QLD,2022-07-26,2025-03-28,True,False,https://handbookapi.aph.gov.au/api/individuals?$filter=PHID eq '300120',2026-10-02 08:23:59.813516+10:00,2022-05-21,2025-05-03
srv-300120-48-b4f43f9ac5518d22,aph-300120,48,representatives,Liberal Party of Australia,LP,Bowman,QLD,2025-07-22,,True,True,https://handbookapi.aph.gov.au/api/individuals?$filter=PHID eq '300120',2026-10-02 08:23:59.813516+10:00,2025-05-03,2026-09-21
srv-300121-47-213d70e335abe62c,aph-300121,47,representatives,Australian Greens,GRN,Griffith,QLD,2022-07-26,2025-03-28,True,False,https://handbookapi.aph.gov.au/api/individuals?$filter=PHID eq '300121',2026-10-02 08:23:59.813516+10:00,2022-05-21,2025-05-03
srv-300122-47-26c4e29ddf555900,aph-300122,47,representatives,Australian Labor Party,ALP,Hawke,VIC,2022-07-26,2025-03-28,True,False,https://handbookapi.aph.gov.au/api/individuals?$filter=PHID eq '300122',2026-10-02 08:23:59.813516+10:00,2022-05-21,2025-05-03
srv-300122-48-42fbea3f238a0495,aph-300122,48,representatives,Australian Labor Party,ALP,Hawke,VIC,2025-07-22,,True,True,https://handbookapi.aph.gov.au/api/individuals?$filter=PHID eq '300122',2026-10-02 08:23:59.813516+10:00,2025-05-03,2026-09-21
srv-300123-47-67497bd6c2242ada,aph-300123,47,representatives,Liberal Party of Australia,LP,Hughes,NSW,2022-07-26,2025-03-28,True,False,https://handbookapi.aph.gov.au/api/individuals?$filter=PHID eq '300123',2026-10-02 08:23:59.813516+10:00,2022-05-21,2025-05-03
srv-300124-47-cccfad4d4cc813a0,aph-300124,47,representatives,Independent,IND,North Sydney,NSW,2022-07-26,2025-03-28,True,False,https://handbookapi.aph.gov.au/api/individuals?$filter=PHID eq '300124',2026-10-02 08:23:59.813516+10:00,2022-05-21,2025-03-28
srv-300126-47-afcd1da91996cf06,aph-300126,47,representatives,Australian Labor Party,ALP,Robertson,NSW,2022-07-26,2025-03-28,True,False,https://handbookapi.aph.gov.au/api/individuals?$filter=PHID eq '300126',2026-10-02 08:23:59.813516+10:00,2022-05-21,2025-05-03
srv-300126-48-b753d34bd472e4fe,aph-300126,48,representatives,Australian Labor Party,ALP,Robertson,NSW,2025-07-22,,True,True,https://handbookapi.aph.gov.au/api/individuals?$filter=PHID eq '300126',2026-10-02 08:23:59.813516+10:00,2025-05-03,2026-09-21
srv-300127-47-f45848f72ee0796d,aph-300127,47,representatives,Australian Greens,GRN,Ryan,QLD,2022-07-26,2025-03-28,True,False,https://handbookapi.aph.gov.au/api/individuals?$filter=PHID eq '300127',2026-10-02 08:23:59.813516+10:00,2022-05-21,2025-05-03
srv-300127-48-dfbc433c4cdfc1dc,aph-300127,48,representatives,Australian Greens,GRN,Ryan,QLD,2025-07-22,,True,True,https://handbookapi.aph.gov.au/api/individuals?$filter=PHID eq '300127',2026-10-02 08:23:59.813516+10:00,2025-05-03,2026-09-21
srv-300129-47-5fa0d4af1793acfa,aph-300129,47,representatives,Australian Labor Party,ALP,Spence,SA,2022-07-26,2025-03-28,True,False,https://handbookapi.aph.gov.au/api/individuals?$filter=PHID eq '300129',2026-10-02 08:23:59.813516+10:00,2022-05-21,2025-05-03
srv-300129-48-0185dbd6efbf40a5,aph-300129,48,representatives,Australian Labor Party,ALP,Spence,SA,2025-07-22,,True,True,https://handbookapi.aph.gov.au/api/individuals?$filter=PHID eq '300129',2026-10-02 08:23:59.813516+10:00,2025-05-03,2026-09-21
srv-300130-47-f239eaeda4c92d95,aph-300130,47,representatives,Australian Labor Party,ALP,Tangney,WA,2022-07-26,2025-03-28,True,False,https://handbookapi.aph.gov.au/api/individuals?$filter=PHID eq '300130',2026-10-02 08:23:59.813516+10:00,2022-05-21,2025-05-03
srv-300130-48-3d5c19b8e494f08f,aph-300130,48,representatives,Australian Labor Party,ALP,Tangney,WA,2025-07-22,,True,True,https://handbookapi.aph.gov.au/api/individuals?$filter=PHID eq '300130',2026-10-02 08:23:59.813516+10:00,2025-05-03,2026-09-21
srv-300134-47-4756bfedf62a1753,aph-300134,47,senate,The Nationals,NP,,NSW,2022-07-26,2025-03-28,True,False,https://handbookapi.aph.gov.au/api/individuals?$filter=PHID eq '300134',2026-10-02 08:23:59.813516+10:00,2022-07-01,2026-09-21
srv-300134-48-b2d6d7ffe872eb30,aph-300134,48,senate,The Nationals,NP,,NSW,2025-07-22,,True,True,https://handbookapi.aph.gov.au/api/individuals?$filter=PHID eq '300134',2026-10-02 08:23:59.813516+10:00,2022-07-01,2026-09-21
srv-300147-47-adf5a7bff0b2afc4,aph-300147,47,representatives,Liberal Party of Australia,LP,Casey,VIC,2022-07-26,2025-03-28,True,False,https://handbookapi.aph.gov.au/api/individuals?$filter=PHID eq '300147',2026-10-02 08:23:59.813516+10:00,2022-05-21,2025-05-03
srv-300147-48-8179feaae4affd74,aph-300147,48,representatives,Liberal Party of Australia,LP,Casey,VIC,2025-07-22,,True,True,https://handbookapi.aph.gov.au/api/individuals?$filter=PHID eq '300147',2026-10-02 08:23:59.813516+10:00,2025-05-03,2026-09-21
srv-300246-47-dfdc137778880b84,aph-300246,47,representatives,Australian Greens,GRN,Brisbane,QLD,2022-07-26,2025-03-28,True,False,https://handbookapi.aph.gov.au/api/individuals?$filter=PHID eq '300246',2026-10-02 08:23:59.813516+10:00,2022-05-21,2025-05-03
srv-300639-47-95c3a49292cd7ca1,aph-300639,47,senate,Independent,IND,,TAS,2024-03-28,2025-03-28,False,False,https://handbookapi.aph.gov.au/api/individuals?$filter=PHID eq '300639',2026-10-02 08:23:59.813516+10:00,2022-07-01,2026-09-21
srv-300639-47-d224a70fb2760913,aph-300639,47,senate,Jacqui Lambie Network,Jacqui Lambie Network,,TAS,2022-07-26,2024-03-27,True,False,https://handbookapi.aph.gov.au/api/individuals?$filter=PHID eq '300639',2026-10-02 08:23:59.813516+10:00,2022-07-01,2026-09-21
srv-300639-48-1c6680a33cb4a721,aph-300639,48,senate,Australian Labor Party,ALP,,TAS,2026-05-14,,False,True,https://handbookapi.aph.gov.au/api/individuals?$filter=PHID eq '300639',2026-10-02 08:23:59.813516+10:00,2022-07-01,2026-09-21
srv-300639-48-87f740e0934f78c0,aph-300639,48,senate,Independent,IND,,TAS,2025-07-22,2026-05-13,True,False,https://handbookapi.aph.gov.au/api/individuals?$filter=PHID eq '300639',2026-10-02 08:23:59.813516+10:00,2022-07-01,2026-09-21
srv-300644-47-32306dda4fe1325f,aph-300644,47,senate,Liberal Party of Australia,LP,,SA,2022-07-26,2025-03-28,True,False,https://handbookapi.aph.gov.au/api/individuals?$filter=PHID eq '300644',2026-10-02 08:23:59.813516+10:00,2022-07-01,2026-09-21
srv-300644-48-3a21c1269a3ce14f,aph-300644,48,senate,Liberal Party of Australia,LP,,SA,2025-07-22,,True,True,https://handbookapi.aph.gov.au/api/individuals?$filter=PHID eq '300644',2026-10-02 08:23:59.813516+10:00,2022-07-01,2026-09-21
srv-300706-47-8ea6907c3a58daf2,aph-300706,47,senate,United Australia Party [2018],UAP [2018],,VIC,2022-07-26,2025-03-28,True,False,https://handbookapi.aph.gov.au/api/individuals?$filter=PHID eq '300706',2026-10-02 08:23:59.813516+10:00,2022-07-01,2026-09-21
srv-300706-48-8ed82faae416d3ee,aph-300706,48,senate,United Australia Party [2018],UAP [2018],,VIC,2025-07-22,,True,True,https://handbookapi.aph.gov.au/api/individuals?$filter=PHID eq '300706',2026-10-02 08:23:59.813516+10:00,2022-07-01,2026-09-21
srv-300707-47-80ceb9548c362970,aph-300707,47,senate,Australia's Voice,AV,,WA,2024-10-09,2025-03-28,False,False,https://handbookapi.aph.gov.au/api/individuals?$filter=PHID eq '300707',2026-10-02 08:23:59.813516+10:00,2022-07-01,2026-09-21
srv-300707-47-8be6dbc64efc3dd9,aph-300707,47,senate,Independent,IND,,WA,2024-07-04,2024-10-08,False,False,https://handbookapi.aph.gov.au/api/individuals?$filter=PHID eq '300707',2026-10-02 08:23:59.813516+10:00,2022-07-01,2026-09-21
srv-300707-47-a918f73acd4a4e61,aph-300707,47,senate,Australian Labor Party,ALP,,WA,2022-07-26,2024-07-03,True,False,https://handbookapi.aph.gov.au/api/individuals?$filter=PHID eq '300707',2026-10-02 08:23:59.813516+10:00,2022-07-01,2026-09-21
srv-300707-48-77aa23325e7dd203,aph-300707,48,senate,Australia's Voice,AV,,WA,2025-07-22,,True,True,https://handbookapi.aph.gov.au/api/individuals?$filter=PHID eq '300707',2026-10-02 08:23:59.813516+10:00,2022-07-01,2026-09-21
srv-301128-47-7fa9bedcf890b09e,aph-301128,47,senate,Australian Labor Party,ALP,,VIC,2024-05-29,2025-03-28,False,False,https://handbookapi.aph.gov.au/api/individuals?$filter=PHID eq '301128',2026-10-02 08:23:59.813516+10:00,2024-05-29,2026-09-21
srv-301128-48-7939b7cc5a834928,aph-301128,48,senate,Australian Labor Party,ALP,,VIC,2025-07-22,,True,True,https://handbookapi.aph.gov.au/api/individuals?$filter=PHID eq '301128',2026-10-02 08:23:59.813516+10:00,2024-05-29,2026-09-21
srv-30379-44-b917b2a6dc56296c,aph-30379,44,representatives,The Nationals,NP,Mallee,VIC,2013-11-12,2016-05-09,True,False,https://handbookapi.aph.gov.au/api/individuals?$filter=PHID eq '30379',2026-10-02 08:23:59.813516+10:00,2013-09-07,2016-07-02
srv-30379-45-9d9504a4e273ce66,aph-30379,45,representatives,The Nationals,NP,Mallee,VIC,2016-08-30,2019-04-11,True,False,https://handbookapi.aph.gov.au/api/individuals?$filter=PHID eq '30379',2026-10-02 08:23:59.813516+10:00,2016-07-02,2019-04-11
srv-30484-45-eff79cf85c47b5d5,aph-30484,45,senate,Liberal Party of Australia,LP,,WA,2017-08-16,2019-04-11,False,False,https://handbookapi.aph.gov.au/api/individuals?$filter=PHID eq '30484',2026-10-02 08:23:59.813516+10:00,2017-08-16,2019-06-30
srv-30484-46-e7ce51d59c68d4fb,aph-30484,46,senate,Liberal Party of Australia,LP,,WA,2019-07-02,2022-04-11,True,False,https://handbookapi.aph.gov.au/api/individuals?$filter=PHID eq '30484',2026-10-02 08:23:59.813516+10:00,2019-07-01,2025-06-30
srv-30484-47-55d4ecc072476205,aph-30484,47,senate,Liberal Party of Australia,LP,,WA,2022-07-26,2025-03-28,True,False,https://handbookapi.aph.gov.au/api/individuals?$filter=PHID eq '30484',2026-10-02 08:23:59.813516+10:00,2019-07-01,2025-06-30
srv-30484-48-e27faf8d90d5332c,aph-30484,48,senate,Liberal Party of Australia,LP,,WA,2025-07-22,,True,True,https://handbookapi.aph.gov.au/api/individuals?$filter=PHID eq '30484',2026-10-02 08:23:59.813516+10:00,2025-07-01,2026-09-21
srv-30540-43-21437793e36272f6,aph-30540,43,representatives,Australian Labor Party,ALP,Canberra,ACT,2010-09-28,2013-08-05,True,False,https://handbookapi.aph.gov.au/api/individuals?$filter=PHID eq '30540',2026-10-02 08:23:59.813516+10:00,2010-08-21,2013-09-07
srv-30540-44-9bea2dc7d046f09c,aph-30540,44,representatives,Australian Labor Party,ALP,Canberra,ACT,2013-11-12,2016-05-09,True,False,https://handbookapi.aph.gov.au/api/individuals?$filter=PHID eq '30540',2026-10-02 08:23:59.813516+10:00,2013-09-07,2016-07-02
srv-30540-45-4780e8beaf5253be,aph-30540,45,representatives,Australian Labor Party,ALP,Canberra,ACT,2016-08-30,2019-04-11,True,False,https://handbookapi.aph.gov.au/api/individuals?$filter=PHID eq '30540',2026-10-02 08:23:59.813516+10:00,2016-07-02,2019-04-11
srv-306168-47-d511d0d1404bad90,aph-306168,47,senate,Liberal Party of Australia,LP,,NSW,2023-05-31,2025-03-28,False,False,https://handbookapi.aph.gov.au/api/individuals?$filter=PHID eq '306168',2026-10-02 08:23:59.813516+10:00,2023-05-31,2026-09-21
srv-306168-48-df2b2cf3514d5991,aph-306168,48,senate,Liberal Party of Australia,LP,,NSW,2025-07-22,,True,True,https://handbookapi.aph.gov.au/api/individuals?$filter=PHID eq '306168',2026-10-02 08:23:59.813516+10:00,2023-05-31,2026-09-21
srv-306489-47-00dc4c3789806a02,aph-306489,47,representatives,Liberal Party of Australia,LP,Fadden,QLD,2023-07-15,2025-03-28,False,False,https://handbookapi.aph.gov.au/api/individuals?$filter=PHID eq '306489',2026-10-02 08:23:59.813516+10:00,2023-07-15,2025-05-03
srv-306489-48-e4a20ee1979f84bf,aph-306489,48,representatives,Liberal Party of Australia,LP,Fadden,QLD,2025-07-22,,True,True,https://handbookapi.aph.gov.au/api/individuals?$filter=PHID eq '306489',2026-10-02 08:23:59.813516+10:00,2025-05-03,2026-09-21
srv-309484-47-591c5223a95194d0,aph-309484,47,representatives,Australian Labor Party,ALP,Dunkley,VIC,2024-03-02,2025-03-28,False,False,https://handbookapi.aph.gov.au/api/individuals?$filter=PHID eq '309484',2026-10-02 08:23:59.813516+10:00,2024-03-02,2025-05-03
srv-309484-48-8df57d9a0eaa2e54,aph-309484,48,representatives,Australian Labor Party,ALP,Dunkley,VIC,2025-07-22,,True,True,https://handbookapi.aph.gov.au/api/individuals?$filter=PHID eq '309484',2026-10-02 08:23:59.813516+10:00,2025-05-03,2026-09-21
srv-310860-47-70e68c4f1d7dcc86,aph-310860,47,senate,Australian Greens,GRN,,VIC,2024-05-01,2025-03-28,False,False,https://handbookapi.aph.gov.au/api/individuals?$filter=PHID eq '310860',2026-10-02 08:23:59.813516+10:00,2024-05-01,2025-06-30
srv-310860-48-b13c3336a0e71976,aph-310860,48,senate,Australian Greens,GRN,,VIC,2025-07-22,,True,True,https://handbookapi.aph.gov.au/api/individuals?$filter=PHID eq '310860',2026-10-02 08:23:59.813516+10:00,2025-07-01,2026-09-21
srv-312323-48-f54eab20e36411e7,aph-312323,48,representatives,Australian Labor Party,ALP,Griffith,QLD,2025-07-22,,True,True,https://handbookapi.aph.gov.au/api/individuals?$filter=PHID eq '312323',2026-10-02 08:23:59.813516+10:00,2025-05-03,2026-09-21
srv-312393-48-2b6bd6acb9d2b2df,aph-312393,48,representatives,Australian Labor Party,ALP,Leichhardt,QLD,2025-07-22,,True,True,https://handbookapi.aph.gov.au/api/individuals?$filter=PHID eq '312393',2026-10-02 08:23:59.813516+10:00,2025-05-03,2026-09-21
srv-312823-48-634e769c67a6b199,aph-312823,48,representatives,Australian Labor Party,ALP,Moreton,QLD,2025-07-22,,True,True,https://handbookapi.aph.gov.au/api/individuals?$filter=PHID eq '312823',2026-10-02 08:23:59.813516+10:00,2025-05-03,2026-09-21
srv-312871-48-f6b529831f3ceeb0,aph-312871,48,representatives,Australian Labor Party,ALP,Bullwinkel,WA,2025-07-22,,True,True,https://handbookapi.aph.gov.au/api/individuals?$filter=PHID eq '312871',2026-10-02 08:23:59.813516+10:00,2025-05-03,2026-09-21
srv-314526-48-1f94bc3baf296334,aph-314526,48,representatives,Australian Labor Party,ALP,Bass,TAS,2025-07-22,,True,True,https://handbookapi.aph.gov.au/api/individuals?$filter=PHID eq '314526',2026-10-02 08:23:59.813516+10:00,2025-05-03,2026-09-21
srv-315154-48-a09848dc70a04934,aph-315154,48,representatives,Australian Labor Party,ALP,Deakin,VIC,2025-07-22,,True,True,https://handbookapi.aph.gov.au/api/individuals?$filter=PHID eq '315154',2026-10-02 08:23:59.813516+10:00,2025-05-03,2026-09-21
srv-315170-47-9fd4ad0519eb9203,aph-315170,47,senate,Liberal Party of Australia,LP,,SA,2025-02-06,2025-03-28,False,False,https://handbookapi.aph.gov.au/api/individuals?$filter=PHID eq '315170',2026-10-02 08:23:59.813516+10:00,2025-02-06,2026-09-21
srv-315170-48-3a21c1269a3ce14f,aph-315170,48,senate,Liberal Party of Australia,LP,,SA,2025-07-22,,True,True,https://handbookapi.aph.gov.au/api/individuals?$filter=PHID eq '315170',2026-10-02 08:23:59.813516+10:00,2025-02-06,2026-09-21
srv-315434-48-8a033b2667ce3512,aph-315434,48,representatives,Liberal Party of Australia,LP,Grey,SA,2025-07-22,,True,True,https://handbookapi.aph.gov.au/api/individuals?$filter=PHID eq '315434',2026-10-02 08:23:59.813516+10:00,2025-05-03,2026-09-21
srv-315478-48-b4e9627bb499ab76,aph-315478,48,representatives,The Nationals,NP,Hinkler,QLD,2025-07-22,,True,True,https://handbookapi.aph.gov.au/api/individuals?$filter=PHID eq '315478',2026-10-02 08:23:59.813516+10:00,2025-05-03,2026-09-21
srv-315618-48-508aaa75d1b8d40d,aph-315618,48,representatives,Australian Labor Party,ALP,Barton,NSW,2025-07-22,,True,True,https://handbookapi.aph.gov.au/api/individuals?$filter=PHID eq '315618',2026-10-02 08:23:59.813516+10:00,2025-05-03,2026-09-21
srv-316021-48-c501ea61eed5ac31,aph-316021,48,representatives,Australian Labor Party,ALP,Gorton,VIC,2025-07-22,,True,True,https://handbookapi.aph.gov.au/api/individuals?$filter=PHID eq '316021',2026-10-02 08:23:59.813516+10:00,2025-05-03,2026-09-21
srv-316052-48-f9839231f36e1edc,aph-316052,48,representatives,Australian Labor Party,ALP,Menzies,VIC,2025-07-22,,True,True,https://handbookapi.aph.gov.au/api/individuals?$filter=PHID eq '316052',2026-10-02 08:23:59.813516+10:00,2025-05-03,2026-09-21
srv-316101-48-729861cd8af8e5e6,aph-316101,48,representatives,Australian Labor Party,ALP,Sturt,SA,2025-07-22,,True,True,https://handbookapi.aph.gov.au/api/individuals?$filter=PHID eq '316101',2026-10-02 08:23:59.813516+10:00,2025-05-03,2026-09-21
srv-316312-48-23a1c24cacb4b967,aph-316312,48,representatives,The Nationals,NP,Parkes,NSW,2025-07-22,,True,True,https://handbookapi.aph.gov.au/api/individuals?$filter=PHID eq '316312',2026-10-02 08:23:59.813516+10:00,2025-05-03,2026-09-21
srv-316537-48-ac3f8e05d484002c,aph-316537,48,representatives,Australian Labor Party,ALP,Bonner,QLD,2025-07-22,,True,True,https://handbookapi.aph.gov.au/api/individuals?$filter=PHID eq '316537',2026-10-02 08:23:59.813516+10:00,2025-05-03,2026-09-21
srv-316540-48-29cbf1e9a6bbb1e7,aph-316540,48,representatives,Australian Labor Party,ALP,Hughes,NSW,2025-07-22,,True,True,https://handbookapi.aph.gov.au/api/individuals?$filter=PHID eq '316540',2026-10-02 08:23:59.813516+10:00,2025-05-03,2026-09-21
srv-316547-48-41479002f1181fa9,aph-316547,48,representatives,Liberal Party of Australia,LP,McPherson,QLD,2025-07-22,,True,True,https://handbookapi.aph.gov.au/api/individuals?$filter=PHID eq '316547',2026-10-02 08:23:59.813516+10:00,2025-05-03,2026-09-21
srv-316550-48-471bd4d0302a20b6,aph-316550,48,representatives,Australian Labor Party,ALP,Moore,WA,2025-07-22,,True,True,https://handbookapi.aph.gov.au/api/individuals?$filter=PHID eq '316550',2026-10-02 08:23:59.813516+10:00,2025-05-03,2026-09-21
srv-316551-48-567219b59cf79a69,aph-316551,48,representatives,Australian Labor Party,ALP,Petrie,QLD,2025-07-22,,True,True,https://handbookapi.aph.gov.au/api/individuals?$filter=PHID eq '316551',2026-10-02 08:23:59.813516+10:00,2025-05-03,2026-09-21
srv-316555-48-0f413a30c40b77b0,aph-316555,48,senate,Australian Labor Party,ALP,,WA,2025-07-22,,True,True,https://handbookapi.aph.gov.au/api/individuals?$filter=PHID eq '316555',2026-10-02 08:23:59.813516+10:00,2025-07-01,2026-09-21
srv-316660-48-2bbc16a35050d854,aph-316660,48,representatives,Australian Labor Party,ALP,Melbourne,VIC,2025-07-22,,True,True,https://handbookapi.aph.gov.au/api/individuals?$filter=PHID eq '316660',2026-10-02 08:23:59.813516+10:00,2025-05-03,2026-09-21
srv-316818-48-9b5b7ed0bdb8f9f8,aph-316818,48,senate,Australian Labor Party,ALP,,SA,2025-07-22,,True,True,https://handbookapi.aph.gov.au/api/individuals?$filter=PHID eq '316818',2026-10-02 08:23:59.813516+10:00,2025-07-01,2026-09-21
srv-316915-48-145b38e8f35f1174,aph-316915,48,representatives,Australian Labor Party,ALP,Calwell,VIC,2025-07-22,,True,True,https://handbookapi.aph.gov.au/api/individuals?$filter=PHID eq '316915',2026-10-02 08:23:59.813516+10:00,2025-05-03,2026-09-21
srv-316935-48-8ef7ac9c93a504bd,aph-316935,48,senate,Australian Labor Party,ALP,,TAS,2025-07-22,,True,True,https://handbookapi.aph.gov.au/api/individuals?$filter=PHID eq '316935',2026-10-02 08:23:59.813516+10:00,2025-05-27,2026-09-21
srv-317026-48-524127aaf1f3c9c7,aph-317026,48,senate,Pauline Hanson's One Nation,PHON,,WA,2025-07-22,2026-01-27,True,False,https://handbookapi.aph.gov.au/api/individuals?$filter=PHID eq '317026',2026-10-02 08:23:59.813516+10:00,2025-07-01,2026-09-21
srv-317026-48-8bd418cf729baeb6,aph-317026,48,senate,One Nation,ON,,WA,2026-01-28,,False,True,https://handbookapi.aph.gov.au/api/individuals?$filter=PHID eq '317026',2026-10-02 08:23:59.813516+10:00,2025-07-01,2026-09-21
srv-317036-48-73a09f1d9fe1420d,aph-317036,48,senate,Pauline Hanson's One Nation,PHON,,NSW,2025-07-22,2025-08-19,True,False,https://handbookapi.aph.gov.au/api/individuals?$filter=PHID eq '317036',2026-10-02 08:23:59.813516+10:00,2025-07-01,2025-08-19
srv-319142-48-f46025bd35226bdd,aph-319142,48,senate,Pauline Hanson's One Nation,PHON,,NSW,2025-09-18,2026-01-27,False,False,https://handbookapi.aph.gov.au/api/individuals?$filter=PHID eq '319142',2026-10-02 08:23:59.813516+10:00,2025-09-18,2026-09-21
srv-319142-48-f75eeccfa2fb6551,aph-319142,48,senate,One Nation,ON,,NSW,2026-01-28,,False,True,https://handbookapi.aph.gov.au/api/individuals?$filter=PHID eq '319142',2026-10-02 08:23:59.813516+10:00,2025-09-18,2026-09-21
srv-324140-48-14c732deb64bd87a,aph-324140,48,senate,Unknown,Unknown,,TAS,2026-09-22,,False,True,https://handbookapi.aph.gov.au/api/individuals?$filter=PHID eq '324140',2026-10-02 08:23:59.813516+10:00,2026-08-13,2026-09-21
srv-324140-48-c3bab03ebd7f607f,aph-324140,48,senate,Liberal Party of Australia,LP,,TAS,2026-08-13,2026-09-21,False,False,https://handbookapi.aph.gov.au/api/individuals?$filter=PHID eq '324140',2026-10-02 08:23:59.813516+10:00,2026-08-13,2026-09-21
srv-37998-44-d5f3db19de589662,aph-37998,44,representatives,Australian Labor Party,ALP,Rankin,QLD,2013-11-12,2016-05-09,True,False,https://handbookapi.aph.gov.au/api/individuals?$filter=PHID eq '37998',2026-10-02 08:23:59.813516+10:00,2013-09-07,2016-07-02
srv-37998-45-4f674cfa44919c6d,aph-37998,45,representatives,Australian Labor Party,ALP,Rankin,QLD,2016-08-30,2019-04-11,True,False,https://handbookapi.aph.gov.au/api/individuals?$filter=PHID eq '37998',2026-10-02 08:23:59.813516+10:00,2016-07-02,2019-05-18
srv-37998-46-97ff255b297f9013,aph-37998,46,representatives,Australian Labor Party,ALP,Rankin,QLD,2019-07-02,2022-04-11,True,False,https://handbookapi.aph.gov.au/api/individuals?$filter=PHID eq '37998',2026-10-02 08:23:59.813516+10:00,2019-05-18,2022-05-21
srv-37998-47-3fde3d93e00b9e9c,aph-37998,47,representatives,Australian Labor Party,ALP,Rankin,QLD,2022-07-26,2025-03-28,True,False,https://handbookapi.aph.gov.au/api/individuals?$filter=PHID eq '37998',2026-10-02 08:23:59.813516+10:00,2022-05-21,2025-05-03
srv-37998-48-c478f280035d4d12,aph-37998,48,representatives,Australian Labor Party,ALP,Rankin,QLD,2025-07-22,,True,True,https://handbookapi.aph.gov.au/api/individuals?$filter=PHID eq '37998',2026-10-02 08:23:59.813516+10:00,2025-05-03,2026-09-21
srv-39801-45-909e019e3675db65,aph-39801,45,senate,Australian Labor Party,ALP,,QLD,2016-08-30,2019-04-11,True,False,https://handbookapi.aph.gov.au/api/individuals?$filter=PHID eq '39801',2026-10-02 08:23:59.813516+10:00,2016-07-02,2022-06-30
srv-39801-46-db4095f28678ea4d,aph-39801,46,senate,Australian Labor Party,ALP,,QLD,2019-07-02,2022-04-11,True,False,https://handbookapi.aph.gov.au/api/individuals?$filter=PHID eq '39801',2026-10-02 08:23:59.813516+10:00,2016-07-02,2022-06-30
srv-39801-47-d715afb8c1eec80e,aph-39801,47,senate,Australian Labor Party,ALP,,QLD,2022-07-26,2025-03-28,True,False,https://handbookapi.aph.gov.au/api/individuals?$filter=PHID eq '39801',2026-10-02 08:23:59.813516+10:00,2022-07-01,2026-09-21
srv-39801-48-8a6ec7858e63311d,aph-39801,48,senate,Australian Labor Party,ALP,,QLD,2025-07-22,,True,True,https://handbookapi.aph.gov.au/api/individuals?$filter=PHID eq '39801',2026-10-02 08:23:59.813516+10:00,2022-07-01,2026-09-21
srv-3i6-42-3cb577cda7fc266c,aph-3i6,42,senate,Australian Democrats,AD,,SA,2008-02-12,2008-06-30,True,False,https://handbookapi.aph.gov.au/api/individuals?$filter=PHID eq '3I6',2026-10-02 08:23:59.813516+10:00,2002-07-01,2008-06-30
srv-3l6-42-8af42f6fdab268bc,aph-3l6,42,senate,Australian Labor Party,ALP,,VIC,2008-02-12,2010-07-19,True,False,https://handbookapi.aph.gov.au/api/individuals?$filter=PHID eq '3L6',2026-10-02 08:23:59.813516+10:00,2005-07-01,2011-06-30
srv-3l6-43-42679795eb69c55b,aph-3l6,43,senate,Australian Labor Party,ALP,,VIC,2010-09-28,2013-08-05,True,False,https://handbookapi.aph.gov.au/api/individuals?$filter=PHID eq '3L6',2026-10-02 08:23:59.813516+10:00,2005-07-01,2016-07-01
srv-3l6-44-9332c6ef7a2a7ae2,aph-3l6,44,senate,Australian Labor Party,ALP,,VIC,2013-11-12,2016-05-09,True,False,https://handbookapi.aph.gov.au/api/individuals?$filter=PHID eq '3L6',2026-10-02 08:23:59.813516+10:00,2011-07-01,2016-07-01
srv-3l6-45-6c2da3ece62cc632,aph-3l6,45,senate,Australian Labor Party,ALP,,VIC,2016-08-30,2016-09-30,True,False,https://handbookapi.aph.gov.au/api/individuals?$filter=PHID eq '3L6',2026-10-02 08:23:59.813516+10:00,2016-07-02,2016-09-30
srv-3m6-42-b3dcfc354af552aa,aph-3m6,42,senate,Australian Democrats,AD,,WA,2008-02-12,2008-06-30,True,False,https://handbookapi.aph.gov.au/api/individuals?$filter=PHID eq '3M6',2026-10-02 08:23:59.813516+10:00,2002-07-01,2008-06-30
srv-4g4-42-f5e7e1f801a50a98,aph-4g4,42,representatives,Liberal Party of Australia,LP,Mayo,SA,2008-02-12,2008-07-14,True,False,https://handbookapi.aph.gov.au/api/individuals?$filter=PHID eq '4G4',2026-10-02 08:23:59.813516+10:00,2007-11-24,2008-07-14
srv-4l6-42-5ffdd9798185796d,aph-4l6,42,senate,Liberal Party of Australia,LP,,WA,2008-02-12,2010-07-19,True,False,https://handbookapi.aph.gov.au/api/individuals?$filter=PHID eq '4L6',2026-10-02 08:23:59.813516+10:00,2002-07-01,2014-06-30
srv-4l6-43-a64575862268c11f,aph-4l6,43,senate,Liberal Party of Australia,LP,,WA,2010-09-28,2013-08-05,True,False,https://handbookapi.aph.gov.au/api/individuals?$filter=PHID eq '4L6',2026-10-02 08:23:59.813516+10:00,2008-07-01,2014-06-30
srv-4l6-44-9465fa0d85def696,aph-4l6,44,senate,Liberal Party of Australia,LP,,WA,2013-11-12,2014-06-30,True,False,https://handbookapi.aph.gov.au/api/individuals?$filter=PHID eq '4L6',2026-10-02 08:23:59.813516+10:00,2008-07-01,2014-06-30
srv-4t4-42-c9e482e43351d7b1,aph-4t4,42,representatives,Australian Labor Party,ALP,Banks,NSW,2008-02-12,2010-07-19,True,False,https://handbookapi.aph.gov.au/api/individuals?$filter=PHID eq '4T4',2026-10-02 08:23:59.813516+10:00,2007-11-24,2010-08-21
srv-4t4-43-4dc0a0c2be21648e,aph-4t4,43,representatives,Australian Labor Party,ALP,Banks,NSW,2010-09-28,2013-08-05,True,False,https://handbookapi.aph.gov.au/api/individuals?$filter=PHID eq '4T4',2026-10-02 08:23:59.813516+10:00,2010-08-21,2013-09-07
srv-4v5-42-7c3c34c4c501f53e,aph-4v5,42,representatives,Liberal Party of Australia,LP,Pearce,WA,2008-02-12,2010-07-19,True,False,https://handbookapi.aph.gov.au/api/individuals?$filter=PHID eq '4V5',2026-10-02 08:23:59.813516+10:00,2007-11-24,2010-08-21
srv-4v5-43-288b55e93b3be4f6,aph-4v5,43,representatives,Liberal Party of Australia,LP,Pearce,WA,2010-09-28,2013-08-05,True,False,https://handbookapi.aph.gov.au/api/individuals?$filter=PHID eq '4V5',2026-10-02 08:23:59.813516+10:00,2010-08-21,2013-08-05
srv-53369-43-0872fcf1bf52560c,aph-53369,43,senate,Australian Greens,GRN,,VIC,2011-07-01,2013-08-05,False,False,https://handbookapi.aph.gov.au/api/individuals?$filter=PHID eq '53369',2026-10-02 08:23:59.813516+10:00,2011-07-01,2016-07-01
srv-53369-44-9566b862c8c3e443,aph-53369,44,senate,Australian Greens,GRN,,VIC,2013-11-12,2016-05-09,True,False,https://handbookapi.aph.gov.au/api/individuals?$filter=PHID eq '53369',2026-10-02 08:23:59.813516+10:00,2011-07-01,2016-07-01
srv-53369-45-33dcffe4bef9dff4,aph-53369,45,senate,Australian Greens,GRN,,VIC,2016-08-30,2019-04-11,True,False,https://handbookapi.aph.gov.au/api/individuals?$filter=PHID eq '53369',2026-10-02 08:23:59.813516+10:00,2016-07-02,2020-08-26
srv-53369-46-035b446d7439d05e,aph-53369,46,senate,Australian Greens,GRN,,VIC,2019-07-02,2020-08-26,True,False,https://handbookapi.aph.gov.au/api/individuals?$filter=PHID eq '53369',2026-10-02 08:23:59.813516+10:00,2016-07-02,2020-08-26
srv-53517-45-5b6b1a10d8d05b5e,aph-53517,45,representatives,Australian Labor Party,ALP,Oxley,QLD,2016-08-30,2019-04-11,True,False,https://handbookapi.aph.gov.au/api/individuals?$filter=PHID eq '53517',2026-10-02 08:23:59.813516+10:00,2016-07-02,2019-05-18
srv-53517-46-3af20ca8a61e3a2e,aph-53517,46,representatives,Australian Labor Party,ALP,Oxley,QLD,2019-07-02,2022-04-11,True,False,https://handbookapi.aph.gov.au/api/individuals?$filter=PHID eq '53517',2026-10-02 08:23:59.813516+10:00,2019-05-18,2022-05-21
srv-53517-47-616af739da0609ad,aph-53517,47,representatives,Australian Labor Party,ALP,Oxley,QLD,2022-07-26,2025-03-28,True,False,https://handbookapi.aph.gov.au/api/individuals?$filter=PHID eq '53517',2026-10-02 08:23:59.813516+10:00,2022-05-21,2025-05-03
srv-53517-48-95a66ae3a9814e35,aph-53517,48,representatives,Australian Labor Party,ALP,Oxley,QLD,2025-07-22,,True,True,https://handbookapi.aph.gov.au/api/individuals?$filter=PHID eq '53517',2026-10-02 08:23:59.813516+10:00,2025-05-03,2026-09-21
srv-55842-48-8ef7ac9c93a504bd,aph-55842,48,senate,Australian Labor Party,ALP,,TAS,2025-07-22,,True,True,https://handbookapi.aph.gov.au/api/individuals?$filter=PHID eq '55842',2026-10-02 08:23:59.813516+10:00,2025-07-01,2026-09-21
srv-56430-45-98f0c9e2a7a18439,aph-56430,45,representatives,The Nationals,NP,Murray,VIC,2016-08-30,2019-04-11,True,False,https://handbookapi.aph.gov.au/api/individuals?$filter=PHID eq '56430',2026-10-02 08:23:59.813516+10:00,2016-07-02,2019-05-18
srv-56430-46-bcecb2240ac1c674,aph-56430,46,representatives,The Nationals,NP,Nicholls,VIC,2019-07-02,2022-04-11,True,False,https://handbookapi.aph.gov.au/api/individuals?$filter=PHID eq '56430',2026-10-02 08:23:59.813516+10:00,2019-05-18,2022-04-11
srv-5i4-42-c52eeab9d5adb114,aph-5i4,42,representatives,Australian Labor Party,ALP,Fraser,ACT,2008-02-12,2010-07-19,True,False,https://handbookapi.aph.gov.au/api/individuals?$filter=PHID eq '5I4',2026-10-02 08:23:59.813516+10:00,2007-11-24,2010-07-19
srv-5k4-42-368a0b4707243243,aph-5k4,42,senate,Australian Labor Party,ALP,,NSW,2008-02-12,2010-07-19,True,False,https://handbookapi.aph.gov.au/api/individuals?$filter=PHID eq '5K4',2026-10-02 08:23:59.813516+10:00,2005-07-01,2011-06-30
srv-5k4-43-9816e9e101c7ca73,aph-5k4,43,senate,Australian Labor Party,ALP,,NSW,2010-09-28,2013-08-05,True,False,https://handbookapi.aph.gov.au/api/individuals?$filter=PHID eq '5K4',2026-10-02 08:23:59.813516+10:00,2005-07-01,2015-02-06
srv-5k4-44-8ed57ae2bd786735,aph-5k4,44,senate,Australian Labor Party,ALP,,NSW,2013-11-12,2015-02-06,True,False,https://handbookapi.aph.gov.au/api/individuals?$filter=PHID eq '5K4',2026-10-02 08:23:59.813516+10:00,2011-07-01,2015-02-06
srv-5k6-42-72c6d78725f74106,aph-5k6,42,representatives,Australian Labor Party,ALP,Canberra,ACT,2008-02-12,2010-07-19,True,False,https://handbookapi.aph.gov.au/api/individuals?$filter=PHID eq '5K6',2026-10-02 08:23:59.813516+10:00,2007-11-24,2010-07-19
srv-5v5-42-1944d2ed1bb4eead,aph-5v5,42,representatives,Australian Labor Party,ALP,Perth,WA,2008-02-12,2010-07-19,True,False,https://handbookapi.aph.gov.au/api/individuals?$filter=PHID eq '5V5',2026-10-02 08:23:59.813516+10:00,2007-11-24,2010-08-21
srv-5v5-43-78bbf7b9dcddd859,aph-5v5,43,representatives,Australian Labor Party,ALP,Perth,WA,2010-09-28,2013-08-05,True,False,https://handbookapi.aph.gov.au/api/individuals?$filter=PHID eq '5V5',2026-10-02 08:23:59.813516+10:00,2010-08-21,2013-08-05
srv-61378-45-c8d95ce648fcfc06,aph-61378,45,representatives,Liberal Party of Australia,LP,Brisbane,QLD,2016-08-30,2019-04-11,True,False,https://handbookapi.aph.gov.au/api/individuals?$filter=PHID eq '61378',2026-10-02 08:23:59.813516+10:00,2016-07-02,2019-05-18
srv-61378-46-8cedf78115f65bcb,aph-61378,46,representatives,Liberal Party of Australia,LP,Brisbane,QLD,2019-07-02,2022-04-11,True,False,https://handbookapi.aph.gov.au/api/individuals?$filter=PHID eq '61378',2026-10-02 08:23:59.813516+10:00,2019-05-18,2022-05-21
srv-62329-48-6698f4edd06bd31a,aph-62329,48,representatives,One Nation,ON,Farrer,NSW,2026-05-09,,False,True,https://handbookapi.aph.gov.au/api/individuals?$filter=PHID eq '62329',2026-10-02 08:23:59.813516+10:00,2026-05-09,2026-09-21
srv-656-42-368a0b4707243243,aph-656,42,senate,Australian Labor Party,ALP,,NSW,2008-02-12,2010-07-19,True,False,https://handbookapi.aph.gov.au/api/individuals?$filter=PHID eq '656',2026-10-02 08:23:59.813516+10:00,2005-07-01,2011-06-30
srv-656-43-9816e9e101c7ca73,aph-656,43,senate,Australian Labor Party,ALP,,NSW,2010-09-28,2011-06-30,True,False,https://handbookapi.aph.gov.au/api/individuals?$filter=PHID eq '656',2026-10-02 08:23:59.813516+10:00,2005-07-01,2011-06-30
srv-72184-44-c897f93475273b19,aph-72184,44,representatives,The Nationals,NP,Lyne,NSW,2013-11-12,2016-05-09,True,False,https://handbookapi.aph.gov.au/api/individuals?$filter=PHID eq '72184',2026-10-02 08:23:59.813516+10:00,2013-09-07,2016-07-02
srv-72184-45-4599c4a081bea5ac,aph-72184,45,representatives,The Nationals,NP,Lyne,NSW,2016-08-30,2019-04-11,True,False,https://handbookapi.aph.gov.au/api/individuals?$filter=PHID eq '72184',2026-10-02 08:23:59.813516+10:00,2016-07-02,2019-05-18
srv-72184-46-d57150d3f7587537,aph-72184,46,representatives,The Nationals,NP,Lyne,NSW,2019-07-02,2022-04-11,True,False,https://handbookapi.aph.gov.au/api/individuals?$filter=PHID eq '72184',2026-10-02 08:23:59.813516+10:00,2019-05-18,2022-05-21
srv-72184-47-ae6a737daa04b8b6,aph-72184,47,representatives,The Nationals,NP,Lyne,NSW,2022-07-26,2025-03-28,True,False,https://handbookapi.aph.gov.au/api/individuals?$filter=PHID eq '72184',2026-10-02 08:23:59.813516+10:00,2022-05-21,2025-03-28
srv-74046-44-585d8e3eefc370bb,aph-74046,44,representatives,Liberal Party of Australia,LP,Moore,WA,2013-11-12,2016-05-09,True,False,https://handbookapi.aph.gov.au/api/individuals?$filter=PHID eq '74046',2026-10-02 08:23:59.813516+10:00,2013-09-07,2016-07-02
srv-74046-45-f3a80760400ffc22,aph-74046,45,representatives,Liberal Party of Australia,LP,Moore,WA,2016-08-30,2019-04-11,True,False,https://handbookapi.aph.gov.au/api/individuals?$filter=PHID eq '74046',2026-10-02 08:23:59.813516+10:00,2016-07-02,2019-05-18
srv-74046-46-1a1cea211eeeb22f,aph-74046,46,representatives,Liberal Party of Australia,LP,Moore,WA,2019-07-02,2022-04-11,True,False,https://handbookapi.aph.gov.au/api/individuals?$filter=PHID eq '74046',2026-10-02 08:23:59.813516+10:00,2019-05-18,2022-05-21
srv-74046-47-b8d696f609a007a3,aph-74046,47,representatives,Independent,IND,Moore,WA,2025-01-01,2025-03-28,False,False,https://handbookapi.aph.gov.au/api/individuals?$filter=PHID eq '74046',2026-10-02 08:23:59.813516+10:00,2022-05-21,2025-05-03
srv-74046-47-c4f5c0427dec9c65,aph-74046,47,representatives,Liberal Party of Australia,LP,Moore,WA,2022-07-26,2024-12-31,True,False,https://handbookapi.aph.gov.au/api/individuals?$filter=PHID eq '74046',2026-10-02 08:23:59.813516+10:00,2022-05-21,2025-05-03
srv-74519-45-c8c36c8e379e8823,aph-74519,45,representatives,Australian Labor Party,ALP,Perth,WA,2018-07-28,2019-04-11,False,False,https://handbookapi.aph.gov.au/api/individuals?$filter=PHID eq '74519',2026-10-02 08:23:59.813516+10:00,2018-07-28,2019-05-18
srv-74519-46-90d794bf1f9b7a46,aph-74519,46,representatives,Australian Labor Party,ALP,Perth,WA,2019-07-02,2022-04-11,True,False,https://handbookapi.aph.gov.au/api/individuals?$filter=PHID eq '74519',2026-10-02 08:23:59.813516+10:00,2019-05-18,2022-05-21
srv-74519-47-cbaa37cb11ed84d6,aph-74519,47,representatives,Australian Labor Party,ALP,Perth,WA,2022-07-26,2025-03-28,True,False,https://handbookapi.aph.gov.au/api/individuals?$filter=PHID eq '74519',2026-10-02 08:23:59.813516+10:00,2022-05-21,2025-05-03
srv-74519-48-566ad1c3ad04a9a2,aph-74519,48,representatives,Australian Labor Party,ALP,Perth,WA,2025-07-22,,True,True,https://handbookapi.aph.gov.au/api/individuals?$filter=PHID eq '74519',2026-10-02 08:23:59.813516+10:00,2025-05-03,2026-09-21
srv-76760-45-0f7729225f77f413,aph-76760,45,senate,Nick Xenophon Team,Nick Xenophon Team,,SA,2016-08-30,2018-04-09,True,False,https://handbookapi.aph.gov.au/api/individuals?$filter=PHID eq '76760',2026-10-02 08:23:59.813516+10:00,2016-07-02,2022-06-30
srv-76760-45-49ef4b2be9ff26dc,aph-76760,45,senate,Centre Alliance,CA,,SA,2018-04-10,2019-04-11,False,False,https://handbookapi.aph.gov.au/api/individuals?$filter=PHID eq '76760',2026-10-02 08:23:59.813516+10:00,2016-07-02,2022-06-30
srv-76760-46-3e41b5d5d0015214,aph-76760,46,senate,Centre Alliance,CA,,SA,2019-07-02,2022-04-11,True,False,https://handbookapi.aph.gov.au/api/individuals?$filter=PHID eq '76760',2026-10-02 08:23:59.813516+10:00,2016-07-02,2022-06-30
srv-7g6-42-bc193b46d474329c,aph-7g6,42,senate,Australian Labor Party,ALP,,ACT,2008-02-12,2010-07-19,True,False,https://handbookapi.aph.gov.au/api/individuals?$filter=PHID eq '7G6',2026-10-02 08:23:59.813516+10:00,2007-11-24,2010-08-21
srv-7g6-43-fe37df984621b9b1,aph-7g6,43,senate,Australian Labor Party,ALP,,ACT,2010-09-28,2013-08-05,True,False,https://handbookapi.aph.gov.au/api/individuals?$filter=PHID eq '7G6',2026-10-02 08:23:59.813516+10:00,2010-08-21,2013-09-07
srv-7g6-44-89c12e9fad92211a,aph-7g6,44,senate,Australian Labor Party,ALP,,ACT,2013-11-12,2015-03-24,True,False,https://handbookapi.aph.gov.au/api/individuals?$filter=PHID eq '7G6',2026-10-02 08:23:59.813516+10:00,2013-09-07,2015-03-24
srv-7k6-43-5edad9d0ba1640ee,aph-7k6,43,representatives,Liberal Party of Australia,LP,Leichhardt,QLD,2010-09-28,2013-08-05,True,False,https://handbookapi.aph.gov.au/api/individuals?$filter=PHID eq '7K6',2026-10-02 08:23:59.813516+10:00,2010-08-21,2013-09-07
srv-7k6-44-5c1f3aafbf20b4db,aph-7k6,44,representatives,Liberal Party of Australia,LP,Leichhardt,QLD,2013-11-12,2016-05-09,True,False,https://handbookapi.aph.gov.au/api/individuals?$filter=PHID eq '7K6',2026-10-02 08:23:59.813516+10:00,2013-09-07,2016-07-02
srv-7k6-45-7af67fd6f26d9162,aph-7k6,45,representatives,Liberal Party of Australia,LP,Leichhardt,QLD,2016-08-30,2019-04-11,True,False,https://handbookapi.aph.gov.au/api/individuals?$filter=PHID eq '7K6',2026-10-02 08:23:59.813516+10:00,2016-07-02,2019-05-18
srv-7k6-46-7a227700bf1b607a,aph-7k6,46,representatives,Liberal Party of Australia,LP,Leichhardt,QLD,2019-07-02,2022-04-11,True,False,https://handbookapi.aph.gov.au/api/individuals?$filter=PHID eq '7K6',2026-10-02 08:23:59.813516+10:00,2019-05-18,2022-05-21
srv-7k6-47-36ad605c66af094c,aph-7k6,47,representatives,Liberal Party of Australia,LP,Leichhardt,QLD,2022-07-26,2025-03-28,True,False,https://handbookapi.aph.gov.au/api/individuals?$filter=PHID eq '7K6',2026-10-02 08:23:59.813516+10:00,2022-05-21,2025-03-28
srv-7l6-42-bb5399736f199022,aph-7l6,42,senate,Australian Labor Party,ALP,,QLD,2008-02-12,2010-07-19,True,False,https://handbookapi.aph.gov.au/api/individuals?$filter=PHID eq '7L6',2026-10-02 08:23:59.813516+10:00,2002-07-01,2014-06-30
srv-7l6-43-fa5d8a772804f48a,aph-7l6,43,senate,Australian Labor Party,ALP,,QLD,2010-09-28,2013-08-05,True,False,https://handbookapi.aph.gov.au/api/individuals?$filter=PHID eq '7L6',2026-10-02 08:23:59.813516+10:00,2008-07-01,2014-06-30
srv-7l6-44-1be4a24c6244f84c,aph-7l6,44,senate,Australian Labor Party,ALP,,QLD,2013-11-12,2014-06-30,True,False,https://handbookapi.aph.gov.au/api/individuals?$filter=PHID eq '7L6',2026-10-02 08:23:59.813516+10:00,2008-07-01,2014-06-30
srv-7y6-42-6d64b30e8fda891e,aph-7y6,42,senate,Australian Labor Party,ALP,,NT,2008-02-12,2010-07-19,True,False,https://handbookapi.aph.gov.au/api/individuals?$filter=PHID eq '7Y6',2026-10-02 08:23:59.813516+10:00,2007-11-24,2010-08-21
srv-7y6-43-8fd145dbea4ee9ba,aph-7y6,43,senate,Australian Labor Party,ALP,,NT,2010-09-28,2013-08-05,True,False,https://handbookapi.aph.gov.au/api/individuals?$filter=PHID eq '7Y6',2026-10-02 08:23:59.813516+10:00,2010-08-21,2013-09-06
srv-80072-46-868666878211eaad,aph-80072,46,representatives,Liberal Party of Australia,LP,Curtin,WA,2019-07-02,2022-04-11,True,False,https://handbookapi.aph.gov.au/api/individuals?$filter=PHID eq '80072',2026-10-02 08:23:59.813516+10:00,2019-05-18,2022-05-21
srv-80109-45-0fe60ead9e67e221,aph-80109,45,representatives,Australian Labor Party,ALP,Perth,WA,2016-08-30,2018-05-10,True,False,https://handbookapi.aph.gov.au/api/individuals?$filter=PHID eq '80109',2026-10-02 08:23:59.813516+10:00,2016-07-02,2018-05-10
srv-83a-42-90badbd852bbbccb,aph-83a,42,representatives,Australian Labor Party,ALP,Capricornia,QLD,2008-02-12,2010-07-19,True,False,https://handbookapi.aph.gov.au/api/individuals?$filter=PHID eq '83A',2026-10-02 08:23:59.813516+10:00,2007-11-24,2010-08-21
srv-83a-43-547bea5ded69eef4,aph-83a,43,representatives,Australian Labor Party,ALP,Capricornia,QLD,2010-09-28,2013-08-05,True,False,https://handbookapi.aph.gov.au/api/individuals?$filter=PHID eq '83A',2026-10-02 08:23:59.813516+10:00,2010-08-21,2013-08-05
srv-83b-42-19c8b095dfd318aa,aph-83b,42,representatives,Liberal Party of Australia,LP,McPherson,QLD,2008-02-12,2010-07-19,True,False,https://handbookapi.aph.gov.au/api/individuals?$filter=PHID eq '83B',2026-10-02 08:23:59.813516+10:00,2007-11-24,2010-07-19
srv-83d-42-83f8635f947d383f,aph-83d,42,representatives,Australian Labor Party,ALP,Lowe,NSW,2008-02-12,2010-07-19,True,False,https://handbookapi.aph.gov.au/api/individuals?$filter=PHID eq '83D',2026-10-02 08:23:59.813516+10:00,2007-11-24,2010-08-21
srv-83d-43-c98a0bfe8ab10497,aph-83d,43,representatives,Australian Labor Party,ALP,Reid,NSW,2010-09-28,2013-08-05,True,False,https://handbookapi.aph.gov.au/api/individuals?$filter=PHID eq '83D',2026-10-02 08:23:59.813516+10:00,2010-08-21,2013-09-07
srv-83e-42-0b11a696f22b4ad4,aph-83e,42,representatives,Australian Labor Party,ALP,Oxley,QLD,2008-02-12,2010-07-19,True,False,https://handbookapi.aph.gov.au/api/individuals?$filter=PHID eq '83E',2026-10-02 08:23:59.813516+10:00,2007-11-24,2010-08-21
srv-83e-43-a524e0b23e41c86d,aph-83e,43,representatives,Australian Labor Party,ALP,Oxley,QLD,2010-09-28,2013-08-05,True,False,https://handbookapi.aph.gov.au/api/individuals?$filter=PHID eq '83E',2026-10-02 08:23:59.813516+10:00,2010-08-21,2013-09-07
srv-83e-44-58b02832d1edd49d,aph-83e,44,representatives,Australian Labor Party,ALP,Oxley,QLD,2013-11-12,2016-05-09,True,False,https://handbookapi.aph.gov.au/api/individuals?$filter=PHID eq '83E',2026-10-02 08:23:59.813516+10:00,2013-09-07,2016-05-09
srv-83k-42-27851776c71803ac,aph-83k,42,representatives,Australian Labor Party,ALP,Gellibrand,VIC,2008-02-12,2010-07-19,True,False,https://handbookapi.aph.gov.au/api/individuals?$filter=PHID eq '83K',2026-10-02 08:23:59.813516+10:00,2007-11-24,2010-08-21
srv-83k-43-3d52f9f5d23f38f7,aph-83k,43,representatives,Australian Labor Party,ALP,Gellibrand,VIC,2010-09-28,2013-08-05,True,False,https://handbookapi.aph.gov.au/api/individuals?$filter=PHID eq '83K',2026-10-02 08:23:59.813516+10:00,2010-08-21,2013-08-05
srv-83l-42-92a55da91535ed3a,aph-83l,42,representatives,Australian Labor Party,ALP,Lalor,VIC,2008-02-12,2010-07-19,True,False,https://handbookapi.aph.gov.au/api/individuals?$filter=PHID eq '83L',2026-10-02 08:23:59.813516+10:00,2007-11-24,2010-08-21
srv-83l-43-988d178381ad1b8b,aph-83l,43,representatives,Australian Labor Party,ALP,Lalor,VIC,2010-09-28,2013-08-05,True,False,https://handbookapi.aph.gov.au/api/individuals?$filter=PHID eq '83L',2026-10-02 08:23:59.813516+10:00,2010-08-21,2013-08-05
srv-83m-42-07025416e9f2b7d1,aph-83m,42,representatives,Australian Labor Party,ALP,Sydney,NSW,2008-02-12,2010-07-19,True,False,https://handbookapi.aph.gov.au/api/individuals?$filter=PHID eq '83M',2026-10-02 08:23:59.813516+10:00,2007-11-24,2010-08-21
srv-83m-43-4e53005906c1a430,aph-83m,43,representatives,Australian Labor Party,ALP,Sydney,NSW,2010-09-28,2013-08-05,True,False,https://handbookapi.aph.gov.au/api/individuals?$filter=PHID eq '83M',2026-10-02 08:23:59.813516+10:00,2010-08-21,2013-09-07
srv-83m-44-40f18ddc282cbf52,aph-83m,44,representatives,Australian Labor Party,ALP,Sydney,NSW,2013-11-12,2016-05-09,True,False,https://handbookapi.aph.gov.au/api/individuals?$filter=PHID eq '83M',2026-10-02 08:23:59.813516+10:00,2013-09-07,2016-07-02
srv-83m-45-4048d6a68dcd1e30,aph-83m,45,representatives,Australian Labor Party,ALP,Sydney,NSW,2016-08-30,2019-04-11,True,False,https://handbookapi.aph.gov.au/api/individuals?$filter=PHID eq '83M',2026-10-02 08:23:59.813516+10:00,2016-07-02,2019-05-18
srv-83m-46-fa6d53fae7ae1b1a,aph-83m,46,representatives,Australian Labor Party,ALP,Sydney,NSW,2019-07-02,2022-04-11,True,False,https://handbookapi.aph.gov.au/api/individuals?$filter=PHID eq '83M',2026-10-02 08:23:59.813516+10:00,2019-05-18,2022-05-21
srv-83m-47-864bc54de3b448f0,aph-83m,47,representatives,Australian Labor Party,ALP,Sydney,NSW,2022-07-26,2025-03-28,True,False,https://handbookapi.aph.gov.au/api/individuals?$filter=PHID eq '83M',2026-10-02 08:23:59.813516+10:00,2022-05-21,2025-05-03
srv-83m-48-c8162b8bae355b72,aph-83m,48,representatives,Australian Labor Party,ALP,Sydney,NSW,2025-07-22,,True,True,https://handbookapi.aph.gov.au/api/individuals?$filter=PHID eq '83M',2026-10-02 08:23:59.813516+10:00,2025-05-03,2026-09-21
srv-83n-42-0531ae1b9a32f76e,aph-83n,42,representatives,Australian Labor Party,ALP,Shortland,NSW,2008-02-12,2010-07-19,True,False,https://handbookapi.aph.gov.au/api/individuals?$filter=PHID eq '83N',2026-10-02 08:23:59.813516+10:00,2007-11-24,2011-11-10
srv-83n-43-1803d73db0772937,aph-83n,43,representatives,Australian Labor Party,ALP,Shortland,NSW,2010-09-28,2013-08-05,True,False,https://handbookapi.aph.gov.au/api/individuals?$filter=PHID eq '83N',2026-10-02 08:23:59.813516+10:00,2007-11-24,2013-09-07
srv-83n-44-3d9d1d63a6360fec,aph-83n,44,representatives,Australian Labor Party,ALP,Shortland,NSW,2013-11-12,2016-05-09,True,False,https://handbookapi.aph.gov.au/api/individuals?$filter=PHID eq '83N',2026-10-02 08:23:59.813516+10:00,2013-09-07,2016-05-09
srv-83o-42-b6daba8053d0c289,aph-83o,42,representatives,The Nationals,NP,Riverina,NSW,2008-02-12,2010-07-19,True,False,https://handbookapi.aph.gov.au/api/individuals?$filter=PHID eq '83O',2026-10-02 08:23:59.813516+10:00,2007-11-24,2010-07-19
srv-83p-42-192f18a8777f8a37,aph-83p,42,representatives,Liberal Party of Australia,LP,Curtin,WA,2008-02-12,2010-07-19,True,False,https://handbookapi.aph.gov.au/api/individuals?$filter=PHID eq '83P',2026-10-02 08:23:59.813516+10:00,2007-11-24,2010-08-21
srv-83p-43-0f4795f694eb2b3b,aph-83p,43,representatives,Liberal Party of Australia,LP,Curtin,WA,2010-09-28,2013-08-05,True,False,https://handbookapi.aph.gov.au/api/individuals?$filter=PHID eq '83P',2026-10-02 08:23:59.813516+10:00,2010-08-21,2013-09-07
srv-83p-44-b75c65ca726a3ba5,aph-83p,44,representatives,Liberal Party of Australia,LP,Curtin,WA,2013-11-12,2016-05-09,True,False,https://handbookapi.aph.gov.au/api/individuals?$filter=PHID eq '83P',2026-10-02 08:23:59.813516+10:00,2013-09-07,2016-07-02
srv-83p-45-49ef34f2b88c5b13,aph-83p,45,representatives,Liberal Party of Australia,LP,Curtin,WA,2016-08-30,2019-04-11,True,False,https://handbookapi.aph.gov.au/api/individuals?$filter=PHID eq '83P',2026-10-02 08:23:59.813516+10:00,2016-07-02,2019-04-11
srv-83q-42-9433ce4bd29f1a69,aph-83q,42,representatives,Liberal Party of Australia,LP,Hume,NSW,2008-02-12,2010-07-19,True,False,https://handbookapi.aph.gov.au/api/individuals?$filter=PHID eq '83Q',2026-10-02 08:23:59.813516+10:00,2007-11-24,2010-08-21
srv-83q-43-af68f1d6ab51f088,aph-83q,43,representatives,Liberal Party of Australia,LP,Hume,NSW,2010-09-28,2013-08-05,True,False,https://handbookapi.aph.gov.au/api/individuals?$filter=PHID eq '83Q',2026-10-02 08:23:59.813516+10:00,2010-08-21,2013-08-05
srv-83s-42-59147800aaa74b94,aph-83s,42,representatives,Australian Labor Party,ALP,Chisholm,VIC,2008-02-12,2010-07-19,True,False,https://handbookapi.aph.gov.au/api/individuals?$filter=PHID eq '83S',2026-10-02 08:23:59.813516+10:00,2007-11-24,2010-08-21
srv-83s-43-5ece9a31261a9f88,aph-83s,43,representatives,Australian Labor Party,ALP,Chisholm,VIC,2010-09-28,2013-08-05,True,False,https://handbookapi.aph.gov.au/api/individuals?$filter=PHID eq '83S',2026-10-02 08:23:59.813516+10:00,2010-08-21,2013-09-07
srv-83s-44-35316905889d9112,aph-83s,44,representatives,Australian Labor Party,ALP,Chisholm,VIC,2013-11-12,2016-05-09,True,False,https://handbookapi.aph.gov.au/api/individuals?$filter=PHID eq '83S',2026-10-02 08:23:59.813516+10:00,2013-09-07,2016-05-09
srv-83t-42-1b93563e87e5343a,aph-83t,42,representatives,Australian Labor Party,ALP,Griffith,QLD,2008-02-12,2010-07-19,True,False,https://handbookapi.aph.gov.au/api/individuals?$filter=PHID eq '83T',2026-10-02 08:23:59.813516+10:00,2007-11-24,2010-08-21
srv-83t-43-772847f292675ac9,aph-83t,43,representatives,Australian Labor Party,ALP,Griffith,QLD,2010-09-28,2013-08-05,True,False,https://handbookapi.aph.gov.au/api/individuals?$filter=PHID eq '83T',2026-10-02 08:23:59.813516+10:00,2010-08-21,2013-09-07
srv-83t-44-d94a057e23b02d6b,aph-83t,44,representatives,Australian Labor Party,ALP,Griffith,QLD,2013-11-12,2013-11-22,True,False,https://handbookapi.aph.gov.au/api/individuals?$filter=PHID eq '83T',2026-10-02 08:23:59.813516+10:00,2013-09-07,2013-11-22
srv-83v-42-6cb7ce5f2861c7ff,aph-83v,42,representatives,Australian Labor Party,ALP,Rankin,QLD,2008-02-12,2010-07-19,True,False,https://handbookapi.aph.gov.au/api/individuals?$filter=PHID eq '83V',2026-10-02 08:23:59.813516+10:00,2007-11-24,2010-08-21
srv-83v-43-5d29f572a39858b7,aph-83v,43,representatives,Australian Labor Party,ALP,Rankin,QLD,2010-09-28,2013-08-05,True,False,https://handbookapi.aph.gov.au/api/individuals?$filter=PHID eq '83V',2026-10-02 08:23:59.813516+10:00,2010-08-21,2013-08-05
srv-83x-42-beba5875301af519,aph-83x,42,representatives,Australian Labor Party,ALP,Bendigo,VIC,2008-02-12,2010-07-19,True,False,https://handbookapi.aph.gov.au/api/individuals?$filter=PHID eq '83X',2026-10-02 08:23:59.813516+10:00,2007-11-24,2010-08-21
srv-83x-43-32a0aee062f51a0a,aph-83x,43,representatives,Australian Labor Party,ALP,Bendigo,VIC,2010-09-28,2013-08-05,True,False,https://handbookapi.aph.gov.au/api/individuals?$filter=PHID eq '83X',2026-10-02 08:23:59.813516+10:00,2010-08-21,2013-08-05
srv-83z-42-20855a751595caaf,aph-83z,42,representatives,Australian Labor Party,ALP,Fowler,NSW,2008-02-12,2010-07-19,True,False,https://handbookapi.aph.gov.au/api/individuals?$filter=PHID eq '83Z',2026-10-02 08:23:59.813516+10:00,2007-11-24,2010-07-19
srv-848-42-1bd6fcd4b899c163,aph-848,42,representatives,Liberal Party of Australia,LP,Barker,SA,2008-02-12,2010-07-19,True,False,https://handbookapi.aph.gov.au/api/individuals?$filter=PHID eq '848',2026-10-02 08:23:59.813516+10:00,2007-11-24,2010-08-21
srv-848-43-4b4e0665b0aeb19c,aph-848,43,representatives,Liberal Party of Australia,LP,Barker,SA,2010-09-28,2013-08-05,True,False,https://handbookapi.aph.gov.au/api/individuals?$filter=PHID eq '848',2026-10-02 08:23:59.813516+10:00,2010-08-21,2013-08-05
srv-849-42-950cb1d8dd1b4353,aph-849,42,representatives,Australian Labor Party,ALP,Braddon,TAS,2008-02-12,2010-07-19,True,False,https://handbookapi.aph.gov.au/api/individuals?$filter=PHID eq '849',2026-10-02 08:23:59.813516+10:00,2007-11-24,2010-08-21
srv-849-43-62934a51d2187a87,aph-849,43,representatives,Australian Labor Party,ALP,Braddon,TAS,2010-09-28,2013-08-05,True,False,https://handbookapi.aph.gov.au/api/individuals?$filter=PHID eq '849',2026-10-02 08:23:59.813516+10:00,2010-08-21,2013-09-07
srv-84f-42-ad18641a89763d3f,aph-84f,42,representatives,Liberal Party of Australia,LP,Moore,WA,2008-02-12,2010-07-19,True,False,https://handbookapi.aph.gov.au/api/individuals?$filter=PHID eq '84F',2026-10-02 08:23:59.813516+10:00,2007-11-24,2010-08-21
srv-84f-43-977281a6cdd053da,aph-84f,43,representatives,Liberal Party of Australia,LP,Moore,WA,2010-09-28,2013-08-05,True,False,https://handbookapi.aph.gov.au/api/individuals?$filter=PHID eq '84F',2026-10-02 08:23:59.813516+10:00,2010-08-21,2013-08-05
srv-84l-42-bb5399736f199022,aph-84l,42,senate,Australian Labor Party,ALP,,QLD,2008-02-12,2010-07-19,True,False,https://handbookapi.aph.gov.au/api/individuals?$filter=PHID eq '84L',2026-10-02 08:23:59.813516+10:00,2005-07-01,2011-06-30
srv-84l-43-fa5d8a772804f48a,aph-84l,43,senate,Australian Labor Party,ALP,,QLD,2010-09-28,2013-08-05,True,False,https://handbookapi.aph.gov.au/api/individuals?$filter=PHID eq '84L',2026-10-02 08:23:59.813516+10:00,2005-07-01,2016-05-09
srv-84l-44-1be4a24c6244f84c,aph-84l,44,senate,Australian Labor Party,ALP,,QLD,2013-11-12,2016-05-09,True,False,https://handbookapi.aph.gov.au/api/individuals?$filter=PHID eq '84L',2026-10-02 08:23:59.813516+10:00,2011-07-01,2016-05-09
srv-84m-42-27c3fa12aca4e3ca,aph-84m,42,senate,Liberal Party of Australia,LP,,QLD,2008-02-12,2010-07-19,True,False,https://handbookapi.aph.gov.au/api/individuals?$filter=PHID eq '84M',2026-10-02 08:23:59.813516+10:00,2005-07-01,2011-06-30
srv-84m-43-caf764be0226f779,aph-84m,43,senate,Liberal Party of Australia,LP,,QLD,2010-09-28,2013-08-05,True,False,https://handbookapi.aph.gov.au/api/individuals?$filter=PHID eq '84M',2026-10-02 08:23:59.813516+10:00,2005-07-01,2015-04-15
srv-84m-44-56de330abcfb938e,aph-84m,44,senate,Liberal Party of Australia,LP,,QLD,2013-11-12,2015-04-15,True,False,https://handbookapi.aph.gov.au/api/individuals?$filter=PHID eq '84M',2026-10-02 08:23:59.813516+10:00,2011-07-01,2015-04-15
srv-84n-42-bb5399736f199022,aph-84n,42,senate,Australian Labor Party,ALP,,QLD,2008-02-12,2010-07-19,True,False,https://handbookapi.aph.gov.au/api/individuals?$filter=PHID eq '84N',2026-10-02 08:23:59.813516+10:00,2005-07-01,2011-06-30
srv-84n-43-fa5d8a772804f48a,aph-84n,43,senate,Australian Labor Party,ALP,,QLD,2010-09-28,2013-08-05,True,False,https://handbookapi.aph.gov.au/api/individuals?$filter=PHID eq '84N',2026-10-02 08:23:59.813516+10:00,2005-07-01,2016-05-09
srv-84n-44-1be4a24c6244f84c,aph-84n,44,senate,Australian Labor Party,ALP,,QLD,2013-11-12,2016-05-09,True,False,https://handbookapi.aph.gov.au/api/individuals?$filter=PHID eq '84N',2026-10-02 08:23:59.813516+10:00,2011-07-01,2016-05-09
srv-84p-42-368a0b4707243243,aph-84p,42,senate,Australian Labor Party,ALP,,NSW,2008-02-12,2010-07-19,True,False,https://handbookapi.aph.gov.au/api/individuals?$filter=PHID eq '84P',2026-10-02 08:23:59.813516+10:00,2005-07-01,2011-06-30
srv-84p-43-9816e9e101c7ca73,aph-84p,43,senate,Australian Labor Party,ALP,,NSW,2010-09-28,2011-06-30,True,False,https://handbookapi.aph.gov.au/api/individuals?$filter=PHID eq '84P',2026-10-02 08:23:59.813516+10:00,2005-07-01,2011-06-30
srv-84t-42-061f653ccec56fcf,aph-84t,42,representatives,Liberal Party of Australia,LP,Kalgoorlie,WA,2008-02-12,2010-07-19,True,False,https://handbookapi.aph.gov.au/api/individuals?$filter=PHID eq '84T',2026-10-02 08:23:59.813516+10:00,2007-11-24,2010-08-21
srv-84t-43-0f332a57dae6bda5,aph-84t,43,representatives,Liberal Party of Australia,LP,Durack,WA,2010-09-28,2013-08-05,True,False,https://handbookapi.aph.gov.au/api/individuals?$filter=PHID eq '84T',2026-10-02 08:23:59.813516+10:00,2010-08-21,2013-08-05
srv-86256-45-16011ab8acdcb3fc,aph-86256,45,representatives,Australian Labor Party,ALP,Bruce,VIC,2016-08-30,2019-04-11,True,False,https://handbookapi.aph.gov.au/api/individuals?$filter=PHID eq '86256',2026-10-02 08:23:59.813516+10:00,2016-07-02,2019-05-18
srv-86256-46-a2f96c110ce7f39f,aph-86256,46,representatives,Australian Labor Party,ALP,Bruce,VIC,2019-07-02,2022-04-11,True,False,https://handbookapi.aph.gov.au/api/individuals?$filter=PHID eq '86256',2026-10-02 08:23:59.813516+10:00,2019-05-18,2022-05-21
srv-86256-47-8deadc9ac067b841,aph-86256,47,representatives,Australian Labor Party,ALP,Bruce,VIC,2022-07-26,2025-03-28,True,False,https://handbookapi.aph.gov.au/api/individuals?$filter=PHID eq '86256',2026-10-02 08:23:59.813516+10:00,2022-05-21,2025-05-03
srv-86256-48-b159780b6807d208,aph-86256,48,representatives,Australian Labor Party,ALP,Bruce,VIC,2025-07-22,,True,True,https://handbookapi.aph.gov.au/api/individuals?$filter=PHID eq '86256',2026-10-02 08:23:59.813516+10:00,2025-05-03,2026-09-21
srv-88411-48-9151ec8160c80cd4,aph-88411,48,representatives,Australian Labor Party,ALP,Forde,QLD,2025-07-22,,True,True,https://handbookapi.aph.gov.au/api/individuals?$filter=PHID eq '88411',2026-10-02 08:23:59.813516+10:00,2025-05-03,2026-09-21
srv-885-42-db00dfc4d4279c65,aph-885,42,representatives,Liberal Party of Australia,LP,Wentworth,NSW,2008-02-12,2010-07-19,True,False,https://handbookapi.aph.gov.au/api/individuals?$filter=PHID eq '885',2026-10-02 08:23:59.813516+10:00,2007-11-24,2010-08-21
srv-885-43-b4feea793a587a6b,aph-885,43,representatives,Liberal Party of Australia,LP,Wentworth,NSW,2010-09-28,2013-08-05,True,False,https://handbookapi.aph.gov.au/api/individuals?$filter=PHID eq '885',2026-10-02 08:23:59.813516+10:00,2010-08-21,2013-09-07
srv-885-44-32b0eacde3e9efbc,aph-885,44,representatives,Liberal Party of Australia,LP,Wentworth,NSW,2013-11-12,2016-05-09,True,False,https://handbookapi.aph.gov.au/api/individuals?$filter=PHID eq '885',2026-10-02 08:23:59.813516+10:00,2013-09-07,2016-07-02
srv-885-45-28cebbc2b13ca7a7,aph-885,45,representatives,Liberal Party of Australia,LP,Wentworth,NSW,2016-08-30,2018-08-31,True,False,https://handbookapi.aph.gov.au/api/individuals?$filter=PHID eq '885',2026-10-02 08:23:59.813516+10:00,2016-07-02,2018-08-31
srv-8gh-45-b4e8c0bcf44257e7,aph-8gh,45,representatives,Australian Labor Party,ALP,Barton,NSW,2016-08-30,2019-04-11,True,False,https://handbookapi.aph.gov.au/api/individuals?$filter=PHID eq '8GH',2026-10-02 08:23:59.813516+10:00,2016-07-02,2019-05-18
srv-8gh-46-2cd5ea7a456cafcb,aph-8gh,46,representatives,Australian Labor Party,ALP,Barton,NSW,2019-07-02,2022-04-11,True,False,https://handbookapi.aph.gov.au/api/individuals?$filter=PHID eq '8GH',2026-10-02 08:23:59.813516+10:00,2019-05-18,2022-05-21
srv-8gh-47-1723d191c76d36a1,aph-8gh,47,representatives,Australian Labor Party,ALP,Barton,NSW,2022-07-26,2025-03-28,True,False,https://handbookapi.aph.gov.au/api/individuals?$filter=PHID eq '8GH',2026-10-02 08:23:59.813516+10:00,2022-05-21,2025-03-28
srv-8h4-42-2a485b451aa772c4,aph-8h4,42,representatives,Liberal Party of Australia,LP,Wannon,VIC,2008-02-12,2010-07-19,True,False,https://handbookapi.aph.gov.au/api/individuals?$filter=PHID eq '8H4',2026-10-02 08:23:59.813516+10:00,2007-11-24,2010-07-19
srv-8is-42-65eb1e33816a3a91,aph-8is,42,representatives,Australian Labor Party,ALP,Macquarie,NSW,2008-02-12,2010-07-19,True,False,https://handbookapi.aph.gov.au/api/individuals?$filter=PHID eq '8IS',2026-10-02 08:23:59.813516+10:00,2007-11-24,2010-07-19
srv-8iv-42-7714c1f14d98aef9,aph-8iv,42,senate,Independent,IND,,SA,2008-07-01,2010-07-19,False,False,https://handbookapi.aph.gov.au/api/individuals?$filter=PHID eq '8IV',2026-10-02 08:23:59.813516+10:00,2008-07-01,2014-06-30
srv-8iv-43-0e03388450b8132a,aph-8iv,43,senate,Independent,IND,,SA,2010-09-28,2013-06-30,True,False,https://handbookapi.aph.gov.au/api/individuals?$filter=PHID eq '8IV',2026-10-02 08:23:59.813516+10:00,2008-07-01,2014-06-30
srv-8iv-43-8233bd904bed60d9,aph-8iv,43,senate,Nick Xenophon Team,XEN,,SA,2013-07-01,2013-08-05,False,False,https://handbookapi.aph.gov.au/api/individuals?$filter=PHID eq '8IV',2026-10-02 08:23:59.813516+10:00,2008-07-01,2014-06-30
srv-8iv-44-e74019d37a4887c8,aph-8iv,44,senate,Nick Xenophon Team,XEN,,SA,2013-11-12,2016-05-09,True,False,https://handbookapi.aph.gov.au/api/individuals?$filter=PHID eq '8IV',2026-10-02 08:23:59.813516+10:00,2008-07-01,2016-07-01
srv-8iv-45-0f7729225f77f413,aph-8iv,45,senate,Nick Xenophon Team,XEN,,SA,2016-08-30,2017-10-31,True,False,https://handbookapi.aph.gov.au/api/individuals?$filter=PHID eq '8IV',2026-10-02 08:23:59.813516+10:00,2016-07-02,2017-10-31
srv-8k6-42-05679d940a61e140,aph-8k6,42,representatives,Australian Labor Party,ALP,Hunter,NSW,2008-02-12,2010-07-19,True,False,https://handbookapi.aph.gov.au/api/individuals?$filter=PHID eq '8K6',2026-10-02 08:23:59.813516+10:00,2007-11-24,2010-08-21
srv-8k6-43-be90a5b620a1873f,aph-8k6,43,representatives,Australian Labor Party,ALP,Hunter,NSW,2010-09-28,2013-08-05,True,False,https://handbookapi.aph.gov.au/api/individuals?$filter=PHID eq '8K6',2026-10-02 08:23:59.813516+10:00,2010-08-21,2013-09-07
srv-8k6-44-06f5130c4a3e50b6,aph-8k6,44,representatives,Australian Labor Party,ALP,Hunter,NSW,2013-11-12,2016-05-09,True,False,https://handbookapi.aph.gov.au/api/individuals?$filter=PHID eq '8K6',2026-10-02 08:23:59.813516+10:00,2013-09-07,2016-07-02
srv-8k6-45-763c50b4fd5b551f,aph-8k6,45,representatives,Australian Labor Party,ALP,Hunter,NSW,2016-08-30,2019-04-11,True,False,https://handbookapi.aph.gov.au/api/individuals?$filter=PHID eq '8K6',2026-10-02 08:23:59.813516+10:00,2016-07-02,2019-05-18
srv-8k6-46-96623b2a81536e28,aph-8k6,46,representatives,Australian Labor Party,ALP,Hunter,NSW,2019-07-02,2022-04-11,True,False,https://handbookapi.aph.gov.au/api/individuals?$filter=PHID eq '8K6',2026-10-02 08:23:59.813516+10:00,2019-05-18,2022-04-11
srv-8o6-42-05e24ef8a5f46c96,aph-8o6,42,senate,Australian Labor Party,ALP,,TAS,2008-02-12,2010-07-19,True,False,https://handbookapi.aph.gov.au/api/individuals?$filter=PHID eq '8O6',2026-10-02 08:23:59.813516+10:00,2005-07-01,2011-06-30
srv-8o6-43-a9714b55100e2f5d,aph-8o6,43,senate,Australian Labor Party,ALP,,TAS,2010-09-28,2011-06-30,True,False,https://handbookapi.aph.gov.au/api/individuals?$filter=PHID eq '8O6',2026-10-02 08:23:59.813516+10:00,2005-07-01,2011-06-30
srv-8t4-42-6d8963920a481d3e,aph-8t4,42,representatives,Australian Labor Party,ALP,Reid,NSW,2008-02-12,2010-07-19,True,False,https://handbookapi.aph.gov.au/api/individuals?$filter=PHID eq '8T4',2026-10-02 08:23:59.813516+10:00,2007-11-24,2010-08-21
srv-8t4-43-bfb8d9a5c96d8f7f,aph-8t4,43,representatives,Australian Labor Party,ALP,Werriwa,NSW,2010-09-28,2013-08-05,True,False,https://handbookapi.aph.gov.au/api/individuals?$filter=PHID eq '8T4',2026-10-02 08:23:59.813516+10:00,2010-08-21,2013-09-07
srv-8t4-44-bf9809e4a4858b28,aph-8t4,44,representatives,Australian Labor Party,ALP,Werriwa,NSW,2013-11-12,2016-05-09,True,False,https://handbookapi.aph.gov.au/api/individuals?$filter=PHID eq '8T4',2026-10-02 08:23:59.813516+10:00,2013-09-07,2016-05-09
srv-8w5-42-9915cfef9f1d3b64,aph-8w5,42,representatives,Australian Labor Party,ALP,Brand,WA,2008-02-12,2010-07-19,True,False,https://handbookapi.aph.gov.au/api/individuals?$filter=PHID eq '8W5',2026-10-02 08:23:59.813516+10:00,2007-11-24,2010-08-21
srv-8w5-43-9dd227846c2db72a,aph-8w5,43,representatives,Australian Labor Party,ALP,Brand,WA,2010-09-28,2013-08-05,True,False,https://handbookapi.aph.gov.au/api/individuals?$filter=PHID eq '8W5',2026-10-02 08:23:59.813516+10:00,2010-08-21,2013-09-07
srv-8w5-44-5cf880e2fd0018bd,aph-8w5,44,representatives,Australian Labor Party,ALP,Brand,WA,2013-11-12,2016-05-09,True,False,https://handbookapi.aph.gov.au/api/individuals?$filter=PHID eq '8W5',2026-10-02 08:23:59.813516+10:00,2013-09-07,2016-05-09
srv-91219-43-30df0771feb59cb1,aph-91219,43,representatives,Australian Labor Party,ALP,Chifley,NSW,2010-09-28,2013-08-05,True,False,https://handbookapi.aph.gov.au/api/individuals?$filter=PHID eq '91219',2026-10-02 08:23:59.813516+10:00,2010-08-21,2013-09-07
srv-91219-44-bb8460ad03e012dc,aph-91219,44,representatives,Australian Labor Party,ALP,Chifley,NSW,2013-11-12,2016-05-09,True,False,https://handbookapi.aph.gov.au/api/individuals?$filter=PHID eq '91219',2026-10-02 08:23:59.813516+10:00,2013-09-07,2016-07-02
srv-91219-45-7ca43ed99b082037,aph-91219,45,representatives,Australian Labor Party,ALP,Chifley,NSW,2016-08-30,2019-04-11,True,False,https://handbookapi.aph.gov.au/api/individuals?$filter=PHID eq '91219',2026-10-02 08:23:59.813516+10:00,2016-07-02,2019-05-18
srv-91219-46-880da8e54da62f4f,aph-91219,46,representatives,Australian Labor Party,ALP,Chifley,NSW,2019-07-02,2022-04-11,True,False,https://handbookapi.aph.gov.au/api/individuals?$filter=PHID eq '91219',2026-10-02 08:23:59.813516+10:00,2019-05-18,2022-05-21
srv-91219-47-76fca19abcee23f9,aph-91219,47,representatives,Australian Labor Party,ALP,Chifley,NSW,2022-07-26,2025-03-28,True,False,https://handbookapi.aph.gov.au/api/individuals?$filter=PHID eq '91219',2026-10-02 08:23:59.813516+10:00,2022-05-21,2025-05-03
srv-91219-48-06071e9e07bc7af0,aph-91219,48,representatives,Australian Labor Party,ALP,Chifley,NSW,2025-07-22,,True,True,https://handbookapi.aph.gov.au/api/individuals?$filter=PHID eq '91219',2026-10-02 08:23:59.813516+10:00,2025-05-03,2026-09-21
srv-96430-43-ca975ce78fe6c390,aph-96430,43,representatives,Liberal Party of Australia,LP,Herbert,QLD,2010-09-28,2013-08-05,True,False,https://handbookapi.aph.gov.au/api/individuals?$filter=PHID eq '96430',2026-10-02 08:23:59.813516+10:00,2010-08-21,2013-09-07
srv-96430-44-3391531f243a494c,aph-96430,44,representatives,Liberal Party of Australia,LP,Herbert,QLD,2013-11-12,2016-05-09,True,False,https://handbookapi.aph.gov.au/api/individuals?$filter=PHID eq '96430',2026-10-02 08:23:59.813516+10:00,2013-09-07,2016-07-02
srv-99931-43-f8ca5c10417af2e8,aph-99931,43,representatives,Liberal Party of Australia,LP,Hughes,NSW,2010-09-28,2013-08-05,True,False,https://handbookapi.aph.gov.au/api/individuals?$filter=PHID eq '99931',2026-10-02 08:23:59.813516+10:00,2010-08-21,2013-09-07
srv-99931-44-099ac0302ea2e63b,aph-99931,44,representatives,Liberal Party of Australia,LP,Hughes,NSW,2013-11-12,2016-05-09,True,False,https://handbookapi.aph.gov.au/api/individuals?$filter=PHID eq '99931',2026-10-02 08:23:59.813516+10:00,2013-09-07,2016-07-02
srv-99931-45-4c4e0f78c5c0d588,aph-99931,45,representatives,Liberal Party of Australia,LP,Hughes,NSW,2016-08-30,2019-04-11,True,False,https://handbookapi.aph.gov.au/api/individuals?$filter=PHID eq '99931',2026-10-02 08:23:59.813516+10:00,2016-07-02,2019-05-18
srv-99931-46-435ea6955013c5ce,aph-99931,46,representatives,United Australia Party [2018],UAP [2018],Hughes,NSW,2021-08-23,2022-04-11,False,False,https://handbookapi.aph.gov.au/api/individuals?$filter=PHID eq '99931',2026-10-02 08:23:59.813516+10:00,2019-05-18,2022-05-21
srv-99931-46-500a1cd851decae4,aph-99931,46,representatives,Independent,IND,Hughes,NSW,2021-02-23,2021-08-22,False,False,https://handbookapi.aph.gov.au/api/individuals?$filter=PHID eq '99931',2026-10-02 08:23:59.813516+10:00,2019-05-18,2022-05-21
srv-99931-46-d6907a697424a48c,aph-99931,46,representatives,Liberal Party of Australia,LP,Hughes,NSW,2019-07-02,2021-02-22,True,False,https://handbookapi.aph.gov.au/api/individuals?$filter=PHID eq '99931',2026-10-02 08:23:59.813516+10:00,2019-05-18,2022-05-21
srv-9k6-43-e3859703eb63e8a7,aph-9k6,43,representatives,Liberal Party of Australia,LP,Brisbane,QLD,2010-09-28,2013-08-05,True,False,https://handbookapi.aph.gov.au/api/individuals?$filter=PHID eq '9K6',2026-10-02 08:23:59.813516+10:00,2010-08-21,2013-09-07
srv-9k6-44-89b26613c2c8167c,aph-9k6,44,representatives,Liberal Party of Australia,LP,Brisbane,QLD,2013-11-12,2016-05-09,True,False,https://handbookapi.aph.gov.au/api/individuals?$filter=PHID eq '9K6',2026-10-02 08:23:59.813516+10:00,2013-09-07,2016-05-09
srv-9v5-42-7108ebe24574475e,aph-9v5,42,representatives,Liberal Party of Australia,LP,Sturt,SA,2008-02-12,2010-07-19,True,False,https://handbookapi.aph.gov.au/api/individuals?$filter=PHID eq '9V5',2026-10-02 08:23:59.813516+10:00,2007-11-24,2010-08-21
srv-9v5-43-a479a59a0b083125,aph-9v5,43,representatives,Liberal Party of Australia,LP,Sturt,SA,2010-09-28,2013-08-05,True,False,https://handbookapi.aph.gov.au/api/individuals?$filter=PHID eq '9V5',2026-10-02 08:23:59.813516+10:00,2010-08-21,2013-09-07
srv-9v5-44-7d2ec3cdcd5a86d1,aph-9v5,44,representatives,Liberal Party of Australia,LP,Sturt,SA,2013-11-12,2016-05-09,True,False,https://handbookapi.aph.gov.au/api/individuals?$filter=PHID eq '9V5',2026-10-02 08:23:59.813516+10:00,2013-09-07,2016-07-02
srv-9v5-45-6597be4c9eaf42b8,aph-9v5,45,representatives,Liberal Party of Australia,LP,Sturt,SA,2016-08-30,2019-04-11,True,False,https://handbookapi.aph.gov.au/api/individuals?$filter=PHID eq '9V5',2026-10-02 08:23:59.813516+10:00,2016-07-02,2019-04-11
srv-9x5-42-5ffdd9798185796d,aph-9x5,42,senate,Liberal Party of Australia,LP,,WA,2008-02-12,2009-01-30,True,False,https://handbookapi.aph.gov.au/api/individuals?$filter=PHID eq '9X5',2026-10-02 08:23:59.813516+10:00,2005-07-01,2009-01-30
srv-a8w-42-03ed3b6208233daa,aph-a8w,42,representatives,Liberal Party of Australia,LP,Aston,VIC,2008-02-12,2010-07-19,True,False,https://handbookapi.aph.gov.au/api/individuals?$filter=PHID eq 'A8W',2026-10-02 08:23:59.813516+10:00,2007-11-24,2010-07-19
srv-a9b-43-a375f3e0dd703d1d,aph-a9b,43,representatives,Australian Labor Party,ALP,Throsby,NSW,2010-09-28,2013-08-05,True,False,https://handbookapi.aph.gov.au/api/individuals?$filter=PHID eq 'A9B',2026-10-02 08:23:59.813516+10:00,2010-08-21,2013-09-07
srv-a9b-44-cd1024bc19656978,aph-a9b,44,representatives,Australian Labor Party,ALP,Throsby,NSW,2013-11-12,2016-05-09,True,False,https://handbookapi.aph.gov.au/api/individuals?$filter=PHID eq 'A9B',2026-10-02 08:23:59.813516+10:00,2013-09-07,2016-07-02
srv-a9b-45-a790302a7103b9c2,aph-a9b,45,representatives,Australian Labor Party,ALP,Whitlam,NSW,2016-08-30,2019-04-11,True,False,https://handbookapi.aph.gov.au/api/individuals?$filter=PHID eq 'A9B',2026-10-02 08:23:59.813516+10:00,2016-07-02,2019-05-18
srv-a9b-46-985903a7f2658fc9,aph-a9b,46,representatives,Australian Labor Party,ALP,Whitlam,NSW,2019-07-02,2022-04-11,True,False,https://handbookapi.aph.gov.au/api/individuals?$filter=PHID eq 'A9B',2026-10-02 08:23:59.813516+10:00,2019-05-18,2022-05-21
srv-a9b-47-f9cbc68402d20961,aph-a9b,47,representatives,Australian Labor Party,ALP,Whitlam,NSW,2022-07-26,2025-03-28,True,False,https://handbookapi.aph.gov.au/api/individuals?$filter=PHID eq 'A9B',2026-10-02 08:23:59.813516+10:00,2022-05-21,2025-03-28
srv-ai6-42-12d00d170a6c7127,aph-ai6,42,senate,Australian Labor Party,ALP,,NSW,2008-07-01,2010-07-19,False,False,https://handbookapi.aph.gov.au/api/individuals?$filter=PHID eq 'AI6',2026-10-02 08:23:59.813516+10:00,2008-07-01,2014-06-30
srv-ai6-43-9816e9e101c7ca73,aph-ai6,43,senate,Australian Labor Party,ALP,,NSW,2010-09-28,2013-08-05,True,False,https://handbookapi.aph.gov.au/api/individuals?$filter=PHID eq 'AI6',2026-10-02 08:23:59.813516+10:00,2008-07-01,2014-06-30
srv-ai6-44-8ed57ae2bd786735,aph-ai6,44,senate,Australian Labor Party,ALP,,NSW,2013-11-12,2016-05-09,True,False,https://handbookapi.aph.gov.au/api/individuals?$filter=PHID eq 'AI6',2026-10-02 08:23:59.813516+10:00,2008-07-01,2016-07-02
srv-ai6-45-7ea19b720a7fc839,aph-ai6,45,senate,Australian Labor Party,ALP,,NSW,2016-08-30,2019-04-11,True,False,https://handbookapi.aph.gov.au/api/individuals?$filter=PHID eq 'AI6',2026-10-02 08:23:59.813516+10:00,2016-07-02,2019-06-30
srv-ak6-42-71b32f9226091bc7,aph-ak6,42,representatives,Liberal Party of Australia,LP,Gilmore,NSW,2008-02-12,2010-07-19,True,False,https://handbookapi.aph.gov.au/api/individuals?$filter=PHID eq 'AK6',2026-10-02 08:23:59.813516+10:00,2007-11-24,2010-08-21
srv-ak6-43-67997a21b8fad9db,aph-ak6,43,representatives,Liberal Party of Australia,LP,Gilmore,NSW,2010-09-28,2013-08-05,True,False,https://handbookapi.aph.gov.au/api/individuals?$filter=PHID eq 'AK6',2026-10-02 08:23:59.813516+10:00,2010-08-21,2013-08-05
srv-aw5-42-8af42f6fdab268bc,aph-aw5,42,senate,Australian Labor Party,ALP,,VIC,2008-02-12,2010-07-19,True,False,https://handbookapi.aph.gov.au/api/individuals?$filter=PHID eq 'AW5',2026-10-02 08:23:59.813516+10:00,2005-07-01,2011-06-30
srv-aw5-43-42679795eb69c55b,aph-aw5,43,senate,Australian Labor Party,ALP,,VIC,2010-09-28,2013-08-05,True,False,https://handbookapi.aph.gov.au/api/individuals?$filter=PHID eq 'AW5',2026-10-02 08:23:59.813516+10:00,2005-07-01,2016-07-02
srv-aw5-44-9332c6ef7a2a7ae2,aph-aw5,44,senate,Australian Labor Party,ALP,,VIC,2013-11-12,2016-05-09,True,False,https://handbookapi.aph.gov.au/api/individuals?$filter=PHID eq 'AW5',2026-10-02 08:23:59.813516+10:00,2011-07-01,2016-07-02
srv-aw5-45-6c2da3ece62cc632,aph-aw5,45,senate,Australian Labor Party,ALP,,VIC,2016-08-30,2019-04-11,True,False,https://handbookapi.aph.gov.au/api/individuals?$filter=PHID eq 'AW5',2026-10-02 08:23:59.813516+10:00,2016-07-02,2022-06-30
srv-aw5-46-76ad8abb8f94a0b9,aph-aw5,46,senate,Australian Labor Party,ALP,,VIC,2019-07-02,2022-04-11,True,False,https://handbookapi.aph.gov.au/api/individuals?$filter=PHID eq 'AW5',2026-10-02 08:23:59.813516+10:00,2016-07-02,2022-06-30
srv-ax5-42-52f0d79cae50d3f6,aph-ax5,42,senate,Australian Labor Party,ALP,,WA,2008-02-12,2010-07-19,True,False,https://handbookapi.aph.gov.au/api/individuals?$filter=PHID eq 'AX5',2026-10-02 08:23:59.813516+10:00,2005-07-01,2011-06-30
srv-ax5-43-0889c5486015afc9,aph-ax5,43,senate,Australian Labor Party,ALP,,WA,2010-09-28,2013-04-12,True,False,https://handbookapi.aph.gov.au/api/individuals?$filter=PHID eq 'AX5',2026-10-02 08:23:59.813516+10:00,2005-07-01,2013-04-12
srv-b36-42-1a2753cfd3180bf5,aph-b36,42,representatives,Australian Labor Party,ALP,Robertson,NSW,2008-02-12,2010-07-19,True,False,https://handbookapi.aph.gov.au/api/individuals?$filter=PHID eq 'B36',2026-10-02 08:23:59.813516+10:00,2007-11-24,2010-07-19
srv-bfq-47-970993a3cc375b03,aph-bfq,47,senate,Australian Greens,GRN,,SA,2022-07-26,2025-03-28,True,False,https://handbookapi.aph.gov.au/api/individuals?$filter=PHID eq 'BFQ',2026-10-02 08:23:59.813516+10:00,2022-07-01,2026-09-21
srv-bfq-48-d33b35abbb5ce901,aph-bfq,48,senate,Australian Greens,GRN,,SA,2025-07-22,,True,True,https://handbookapi.aph.gov.au/api/individuals?$filter=PHID eq 'BFQ',2026-10-02 08:23:59.813516+10:00,2022-07-01,2026-09-21
srv-bk6-45-b8959913b3cc2069,aph-bk6,45,senate,Pauline Hanson's One Nation,PHON,,QLD,2016-08-30,2019-04-11,True,False,https://handbookapi.aph.gov.au/api/individuals?$filter=PHID eq 'BK6',2026-10-02 08:23:59.813516+10:00,2016-07-02,2022-06-30
srv-bk6-46-fba178c610d29312,aph-bk6,46,senate,Pauline Hanson's One Nation,PHON,,QLD,2019-07-02,2022-04-11,True,False,https://handbookapi.aph.gov.au/api/individuals?$filter=PHID eq 'BK6',2026-10-02 08:23:59.813516+10:00,2016-07-02,2022-06-30
srv-bk6-47-48c5db079874358a,aph-bk6,47,senate,Pauline Hanson's One Nation,PHON,,QLD,2022-07-26,2025-03-28,True,False,https://handbookapi.aph.gov.au/api/individuals?$filter=PHID eq 'BK6',2026-10-02 08:23:59.813516+10:00,2022-07-01,2026-09-21
srv-bk6-48-d95e7d7ed174423a,aph-bk6,48,senate,One Nation,ON,,QLD,2026-01-28,,False,True,https://handbookapi.aph.gov.au/api/individuals?$filter=PHID eq 'BK6',2026-10-02 08:23:59.813516+10:00,2022-07-01,2026-09-21
srv-bk6-48-fbcc6a0884fa7abf,aph-bk6,48,senate,Pauline Hanson's One Nation,PHON,,QLD,2025-07-22,2026-01-27,True,False,https://handbookapi.aph.gov.au/api/individuals?$filter=PHID eq 'BK6',2026-10-02 08:23:59.813516+10:00,2022-07-01,2026-09-21
srv-bp4-42-6c1b139f3d4ddce3,aph-bp4,42,representatives,Australian Labor Party,ALP,Bennelong,NSW,2008-02-12,2010-07-19,True,False,https://handbookapi.aph.gov.au/api/individuals?$filter=PHID eq 'BP4',2026-10-02 08:23:59.813516+10:00,2007-11-24,2010-08-21
srv-bu8-43-43deeb3edf6a2d37,aph-bu8,43,representatives,Australian Labor Party,ALP,Fraser,ACT,2010-09-28,2013-08-05,True,False,https://handbookapi.aph.gov.au/api/individuals?$filter=PHID eq 'BU8',2026-10-02 08:23:59.813516+10:00,2010-08-21,2013-09-07
srv-bu8-44-35b197551ffdc3fa,aph-bu8,44,representatives,Australian Labor Party,ALP,Fraser,ACT,2013-11-12,2016-05-09,True,False,https://handbookapi.aph.gov.au/api/individuals?$filter=PHID eq 'BU8',2026-10-02 08:23:59.813516+10:00,2013-09-07,2016-07-02
srv-bu8-45-b3ae4c0871781778,aph-bu8,45,representatives,Australian Labor Party,ALP,Fenner,ACT,2016-08-30,2019-04-11,True,False,https://handbookapi.aph.gov.au/api/individuals?$filter=PHID eq 'BU8',2026-10-02 08:23:59.813516+10:00,2016-07-02,2019-05-18
srv-bu8-46-b38f09cc54ac47a3,aph-bu8,46,representatives,Australian Labor Party,ALP,Fenner,ACT,2019-07-02,2022-04-11,True,False,https://handbookapi.aph.gov.au/api/individuals?$filter=PHID eq 'BU8',2026-10-02 08:23:59.813516+10:00,2019-05-18,2022-05-21
srv-bu8-47-7260d35eca4e3391,aph-bu8,47,representatives,Australian Labor Party,ALP,Fenner,ACT,2022-07-26,2025-03-28,True,False,https://handbookapi.aph.gov.au/api/individuals?$filter=PHID eq 'BU8',2026-10-02 08:23:59.813516+10:00,2022-05-21,2025-05-03
srv-bu8-48-e986ade90a39b68a,aph-bu8,48,representatives,Australian Labor Party,ALP,Fenner,ACT,2025-07-22,,True,True,https://handbookapi.aph.gov.au/api/individuals?$filter=PHID eq 'BU8',2026-10-02 08:23:59.813516+10:00,2025-05-03,2026-09-21
srv-bv5-42-5d1ba4d3b6dec758,aph-bv5,42,representatives,Australian Labor Party,ALP,Lyons,TAS,2008-02-12,2010-07-19,True,False,https://handbookapi.aph.gov.au/api/individuals?$filter=PHID eq 'BV5',2026-10-02 08:23:59.813516+10:00,2007-11-24,2010-08-21
srv-bv5-43-0de6e078f96b09a9,aph-bv5,43,representatives,Australian Labor Party,ALP,Lyons,TAS,2010-09-28,2013-08-05,True,False,https://handbookapi.aph.gov.au/api/individuals?$filter=PHID eq 'BV5',2026-10-02 08:23:59.813516+10:00,2010-08-21,2013-09-07
srv-bv7-43-24e1a1e3b70f5cd6,aph-bv7,43,senate,Liberal Party of Australia,LP,,NSW,2011-10-13,2013-08-05,False,False,https://handbookapi.aph.gov.au/api/individuals?$filter=PHID eq 'BV7',2026-10-02 08:23:59.813516+10:00,2011-10-13,2014-06-30
srv-bv7-44-2b9bc57953ee4fe2,aph-bv7,44,senate,Liberal Party of Australia,LP,,NSW,2013-11-12,2016-05-09,True,False,https://handbookapi.aph.gov.au/api/individuals?$filter=PHID eq 'BV7',2026-10-02 08:23:59.813516+10:00,2011-10-13,2016-07-02
srv-bv7-45-4ff71d71f2366bb2,aph-bv7,45,senate,Liberal Party of Australia,LP,,NSW,2016-08-30,2019-04-11,True,False,https://handbookapi.aph.gov.au/api/individuals?$filter=PHID eq 'BV7',2026-10-02 08:23:59.813516+10:00,2016-07-02,2019-11-11
srv-bv7-46-eaba3f2fbcfaf131,aph-bv7,46,senate,Liberal Party of Australia,LP,,NSW,2019-07-02,2019-11-11,True,False,https://handbookapi.aph.gov.au/api/individuals?$filter=PHID eq 'BV7',2026-10-02 08:23:59.813516+10:00,2016-07-02,2019-11-11
srv-c16-42-50dafbc93c8390a7,aph-c16,42,senate,Liberal Party of Australia,LP,,NSW,2008-02-12,2010-07-19,True,False,https://handbookapi.aph.gov.au/api/individuals?$filter=PHID eq 'C16',2026-10-02 08:23:59.813516+10:00,2005-07-01,2011-06-30
srv-c16-43-7d0ec902f7b5a87b,aph-c16,43,senate,Liberal Party of Australia,LP,,NSW,2010-09-28,2013-08-05,True,False,https://handbookapi.aph.gov.au/api/individuals?$filter=PHID eq 'C16',2026-10-02 08:23:59.813516+10:00,2005-07-01,2016-05-09
srv-c16-44-2b9bc57953ee4fe2,aph-c16,44,senate,Liberal Party of Australia,LP,,NSW,2013-11-12,2016-05-09,True,False,https://handbookapi.aph.gov.au/api/individuals?$filter=PHID eq 'C16',2026-10-02 08:23:59.813516+10:00,2011-07-01,2016-05-09
srv-c2t-43-1f17c233e985ffee,aph-c2t,43,representatives,Independent,IND,Denison,TAS,2010-09-28,2013-08-05,True,False,https://handbookapi.aph.gov.au/api/individuals?$filter=PHID eq 'C2T',2026-10-02 08:23:59.813516+10:00,2010-08-21,2013-09-07
srv-c2t-44-740fb2375d457cae,aph-c2t,44,representatives,Independent,IND,Denison,TAS,2013-11-12,2016-05-09,True,False,https://handbookapi.aph.gov.au/api/individuals?$filter=PHID eq 'C2T',2026-10-02 08:23:59.813516+10:00,2013-09-07,2016-07-02
srv-c2t-45-8ddd3dbf5694567c,aph-c2t,45,representatives,Independent,IND,Denison,TAS,2016-08-30,2019-04-11,True,False,https://handbookapi.aph.gov.au/api/individuals?$filter=PHID eq 'C2T',2026-10-02 08:23:59.813516+10:00,2016-07-02,2019-05-18
srv-c2t-46-145f6ee8a3c320cb,aph-c2t,46,representatives,Independent,IND,Clark,TAS,2019-07-02,2022-04-11,True,False,https://handbookapi.aph.gov.au/api/individuals?$filter=PHID eq 'C2T',2026-10-02 08:23:59.813516+10:00,2019-05-18,2022-05-21
srv-c2t-47-db75a36a95cee133,aph-c2t,47,representatives,Independent,IND,Clark,TAS,2022-07-26,2025-03-28,True,False,https://handbookapi.aph.gov.au/api/individuals?$filter=PHID eq 'C2T',2026-10-02 08:23:59.813516+10:00,2022-05-21,2025-05-03
srv-c2t-48-405549bc854034d0,aph-c2t,48,representatives,Independent,IND,Clark,TAS,2025-07-22,,True,True,https://handbookapi.aph.gov.au/api/individuals?$filter=PHID eq 'C2T',2026-10-02 08:23:59.813516+10:00,2025-05-03,2026-09-21
srv-cdk-44-3c215e98af7a6011,aph-cdk,44,senate,Australian Labor Party,ALP,,NT,2013-11-12,2016-05-09,True,False,https://handbookapi.aph.gov.au/api/individuals?$filter=PHID eq 'CDK',2026-10-02 08:23:59.813516+10:00,2013-09-07,2016-05-09
srv-cpr-43-163977632c9f3d40,aph-cpr,43,senate,Australian Greens,GRN,,NSW,2011-07-01,2013-08-05,False,False,https://handbookapi.aph.gov.au/api/individuals?$filter=PHID eq 'CPR',2026-10-02 08:23:59.813516+10:00,2011-07-01,2016-07-01
srv-cpr-44-198693d6ac405732,aph-cpr,44,senate,Australian Greens,GRN,,NSW,2013-11-12,2016-05-09,True,False,https://handbookapi.aph.gov.au/api/individuals?$filter=PHID eq 'CPR',2026-10-02 08:23:59.813516+10:00,2011-07-01,2016-07-01
srv-cpr-45-f686cdda995d5209,aph-cpr,45,senate,Australian Greens,GRN,,NSW,2016-08-30,2018-08-14,True,False,https://handbookapi.aph.gov.au/api/individuals?$filter=PHID eq 'CPR',2026-10-02 08:23:59.813516+10:00,2016-07-02,2018-08-15
srv-cpr-45-fcb880cc98a4a4c8,aph-cpr,45,senate,Unknown,Unknown,,NSW,2018-08-15,2018-08-15,False,False,https://handbookapi.aph.gov.au/api/individuals?$filter=PHID eq 'CPR',2026-10-02 08:23:59.813516+10:00,2016-07-02,2018-08-15
srv-ct4-42-a61c781ce49dfa61,aph-ct4,42,representatives,Liberal Party of Australia,LP,Higgins,VIC,2008-02-12,2009-10-19,True,False,https://handbookapi.aph.gov.au/api/individuals?$filter=PHID eq 'CT4',2026-10-02 08:23:59.813516+10:00,2007-11-24,2009-10-19
srv-cx5-42-2c3cc3c2da73d39f,aph-cx5,42,senate,The Nationals,NP,,NSW,2008-02-12,2008-06-30,True,False,https://handbookapi.aph.gov.au/api/individuals?$filter=PHID eq 'CX5',2026-10-02 08:23:59.813516+10:00,2002-07-01,2008-06-30
srv-d2i-42-2179322deea566a5,aph-d2i,42,senate,Liberal Party of Australia,LP,,VIC,2008-02-12,2010-07-19,True,False,https://handbookapi.aph.gov.au/api/individuals?$filter=PHID eq 'D2I',2026-10-02 08:23:59.813516+10:00,2004-03-31,2014-06-30
srv-d2i-43-0f362d161cae6782,aph-d2i,43,senate,Liberal Party of Australia,LP,,VIC,2010-09-28,2013-08-05,True,False,https://handbookapi.aph.gov.au/api/individuals?$filter=PHID eq 'D2I',2026-10-02 08:23:59.813516+10:00,2008-07-01,2014-06-30
srv-d2i-44-de871938906d3639,aph-d2i,44,senate,Liberal Party of Australia,LP,,VIC,2013-11-12,2016-05-09,True,False,https://handbookapi.aph.gov.au/api/individuals?$filter=PHID eq 'D2I',2026-10-02 08:23:59.813516+10:00,2008-07-01,2016-07-01
srv-d2i-45-262f1f24276963a2,aph-d2i,45,senate,Liberal Party of Australia,LP,,VIC,2016-08-30,2019-04-11,True,False,https://handbookapi.aph.gov.au/api/individuals?$filter=PHID eq 'D2I',2026-10-02 08:23:59.813516+10:00,2016-07-02,2019-08-16
srv-d2i-46-c8744b8d430b7f89,aph-d2i,46,senate,Liberal Party of Australia,LP,,VIC,2019-07-02,2019-08-16,True,False,https://handbookapi.aph.gov.au/api/individuals?$filter=PHID eq 'D2I',2026-10-02 08:23:59.813516+10:00,2016-07-02,2019-08-16
srv-dk6-42-55b5c6734a64fbc0,aph-dk6,42,representatives,Liberal Party of Australia,LP,North Sydney,NSW,2008-02-12,2010-07-19,True,False,https://handbookapi.aph.gov.au/api/individuals?$filter=PHID eq 'DK6',2026-10-02 08:23:59.813516+10:00,2007-11-24,2010-08-21
srv-dk6-43-6bbe02ff921a1c99,aph-dk6,43,representatives,Liberal Party of Australia,LP,North Sydney,NSW,2010-09-28,2013-08-05,True,False,https://handbookapi.aph.gov.au/api/individuals?$filter=PHID eq 'DK6',2026-10-02 08:23:59.813516+10:00,2010-08-21,2013-09-07
srv-dk6-44-8e53178d9972bead,aph-dk6,44,representatives,Liberal Party of Australia,LP,North Sydney,NSW,2013-11-12,2015-10-23,True,False,https://handbookapi.aph.gov.au/api/individuals?$filter=PHID eq 'DK6',2026-10-02 08:23:59.813516+10:00,2013-09-07,2015-10-23
srv-dt4-42-ee34ef7e3e50ddb5,aph-dt4,42,representatives,Australian Labor Party,ALP,Hotham,VIC,2008-02-12,2010-07-19,True,False,https://handbookapi.aph.gov.au/api/individuals?$filter=PHID eq 'DT4',2026-10-02 08:23:59.813516+10:00,2007-11-24,2010-08-21
srv-dt4-43-6c84c3113a8b0833,aph-dt4,43,representatives,Australian Labor Party,ALP,Hotham,VIC,2010-09-28,2013-08-05,True,False,https://handbookapi.aph.gov.au/api/individuals?$filter=PHID eq 'DT4',2026-10-02 08:23:59.813516+10:00,2010-08-21,2013-08-05
srv-dt6-42-6391e92ab5fba197,aph-dt6,42,senate,Australian Democrats,AD,,QLD,2008-02-12,2008-06-30,True,False,https://handbookapi.aph.gov.au/api/individuals?$filter=PHID eq 'DT6',2026-10-02 08:23:59.813516+10:00,2002-07-01,2008-06-30
srv-dt6-45-22754cb377b6a11b,aph-dt6,45,senate,Australian Greens,GRN,,QLD,2017-11-10,2018-08-27,False,False,https://handbookapi.aph.gov.au/api/individuals?$filter=PHID eq 'DT6',2026-10-02 08:23:59.813516+10:00,2017-11-10,2018-08-27
srv-dyn-42-123572072a91b791,aph-dyn,42,representatives,Liberal Party of Australia,LP,Tangney,WA,2008-02-12,2010-07-19,True,False,https://handbookapi.aph.gov.au/api/individuals?$filter=PHID eq 'DYN',2026-10-02 08:23:59.813516+10:00,2007-11-24,2010-08-21
srv-dyn-43-bf4e7ae96b42d3e0,aph-dyn,43,representatives,Liberal Party of Australia,LP,Tangney,WA,2010-09-28,2013-08-05,True,False,https://handbookapi.aph.gov.au/api/individuals?$filter=PHID eq 'DYN',2026-10-02 08:23:59.813516+10:00,2010-08-21,2013-09-07
srv-dyn-44-391f6820e7641413,aph-dyn,44,representatives,Independent,IND,Tangney,WA,2016-05-09,2016-05-09,False,False,https://handbookapi.aph.gov.au/api/individuals?$filter=PHID eq 'DYN',2026-10-02 08:23:59.813516+10:00,2013-09-07,2016-07-02
srv-dyn-44-d2a312f067257a9d,aph-dyn,44,representatives,Liberal Party of Australia,LP,Tangney,WA,2013-11-12,2016-05-08,True,False,https://handbookapi.aph.gov.au/api/individuals?$filter=PHID eq 'DYN',2026-10-02 08:23:59.813516+10:00,2013-09-07,2016-07-02
srv-dyu-43-5bed9185ebdd2d70,aph-dyu,43,senate,Liberal Party of Australia,LP,,SA,2011-07-01,2013-08-05,False,False,https://handbookapi.aph.gov.au/api/individuals?$filter=PHID eq 'DYU',2026-10-02 08:23:59.813516+10:00,2011-07-01,2016-07-01
srv-dyu-44-23c468b142180b90,aph-dyu,44,senate,Liberal Party of Australia,LP,,SA,2013-11-12,2016-05-09,True,False,https://handbookapi.aph.gov.au/api/individuals?$filter=PHID eq 'DYU',2026-10-02 08:23:59.813516+10:00,2011-07-01,2016-07-01
srv-dyu-45-232ce7b6d033437b,aph-dyu,45,senate,Liberal Party of Australia,LP,,SA,2016-08-30,2019-04-11,True,False,https://handbookapi.aph.gov.au/api/individuals?$filter=PHID eq 'DYU',2026-10-02 08:23:59.813516+10:00,2016-07-02,2019-06-30
srv-dyu-46-870c8eae6478f0b3,aph-dyu,46,senate,Liberal Party of Australia,LP,,SA,2019-07-02,2022-04-11,True,False,https://handbookapi.aph.gov.au/api/individuals?$filter=PHID eq 'DYU',2026-10-02 08:23:59.813516+10:00,2019-07-01,2025-06-30
srv-dyu-47-32306dda4fe1325f,aph-dyu,47,senate,Liberal Party of Australia,LP,,SA,2022-07-26,2025-03-28,True,False,https://handbookapi.aph.gov.au/api/individuals?$filter=PHID eq 'DYU',2026-10-02 08:23:59.813516+10:00,2019-07-01,2025-06-30
srv-dyw-42-86f3c5ff053269cc,aph-dyw,42,representatives,Australian Labor Party,ALP,Watson,NSW,2008-02-12,2010-07-19,True,False,https://handbookapi.aph.gov.au/api/individuals?$filter=PHID eq 'DYW',2026-10-02 08:23:59.813516+10:00,2007-11-24,2010-08-21
srv-dyw-43-8c297957c32d6494,aph-dyw,43,representatives,Australian Labor Party,ALP,Watson,NSW,2010-09-28,2013-08-05,True,False,https://handbookapi.aph.gov.au/api/individuals?$filter=PHID eq 'DYW',2026-10-02 08:23:59.813516+10:00,2010-08-21,2013-09-07
srv-dyw-44-701f1625824cf32b,aph-dyw,44,representatives,Australian Labor Party,ALP,Watson,NSW,2013-11-12,2016-05-09,True,False,https://handbookapi.aph.gov.au/api/individuals?$filter=PHID eq 'DYW',2026-10-02 08:23:59.813516+10:00,2013-09-07,2016-07-02
srv-dyw-45-e7bd6ec4e9944235,aph-dyw,45,representatives,Australian Labor Party,ALP,Watson,NSW,2016-08-30,2019-04-11,True,False,https://handbookapi.aph.gov.au/api/individuals?$filter=PHID eq 'DYW',2026-10-02 08:23:59.813516+10:00,2016-07-02,2019-05-18
srv-dyw-46-80bff78409c344da,aph-dyw,46,representatives,Australian Labor Party,ALP,Watson,NSW,2019-07-02,2022-04-11,True,False,https://handbookapi.aph.gov.au/api/individuals?$filter=PHID eq 'DYW',2026-10-02 08:23:59.813516+10:00,2019-05-18,2022-05-21
srv-dyw-47-f9330057174196ef,aph-dyw,47,representatives,Australian Labor Party,ALP,Watson,NSW,2022-07-26,2025-03-28,True,False,https://handbookapi.aph.gov.au/api/individuals?$filter=PHID eq 'DYW',2026-10-02 08:23:59.813516+10:00,2022-05-21,2025-05-03
srv-dyw-48-ea4a5edb03d5d683,aph-dyw,48,representatives,Australian Labor Party,ALP,Watson,NSW,2025-07-22,,True,True,https://handbookapi.aph.gov.au/api/individuals?$filter=PHID eq 'DYW',2026-10-02 08:23:59.813516+10:00,2025-05-03,2026-09-21
srv-dzp-42-7b69594bb0557834,aph-dzp,42,representatives,Australian Labor Party,ALP,Cunningham,NSW,2008-02-12,2010-07-19,True,False,https://handbookapi.aph.gov.au/api/individuals?$filter=PHID eq 'DZP',2026-10-02 08:23:59.813516+10:00,2007-11-24,2010-08-21
srv-dzp-43-27fbcdd40f2e49ed,aph-dzp,43,representatives,Australian Labor Party,ALP,Cunningham,NSW,2010-09-28,2013-08-05,True,False,https://handbookapi.aph.gov.au/api/individuals?$filter=PHID eq 'DZP',2026-10-02 08:23:59.813516+10:00,2010-08-21,2013-09-07
srv-dzp-44-463792eb2cb9932b,aph-dzp,44,representatives,Australian Labor Party,ALP,Cunningham,NSW,2013-11-12,2016-05-09,True,False,https://handbookapi.aph.gov.au/api/individuals?$filter=PHID eq 'DZP',2026-10-02 08:23:59.813516+10:00,2013-09-07,2016-07-02
srv-dzp-45-1d08024a45993585,aph-dzp,45,representatives,Australian Labor Party,ALP,Cunningham,NSW,2016-08-30,2019-04-11,True,False,https://handbookapi.aph.gov.au/api/individuals?$filter=PHID eq 'DZP',2026-10-02 08:23:59.813516+10:00,2016-07-02,2019-05-18
srv-dzp-46-0daf61df8d54cdf5,aph-dzp,46,representatives,Australian Labor Party,ALP,Cunningham,NSW,2019-07-02,2022-04-11,True,False,https://handbookapi.aph.gov.au/api/individuals?$filter=PHID eq 'DZP',2026-10-02 08:23:59.813516+10:00,2019-05-18,2022-04-11
srv-dzs-42-dece21893fe73009,aph-dzs,42,representatives,Australian Labor Party,ALP,Prospect,NSW,2008-02-12,2010-07-19,True,False,https://handbookapi.aph.gov.au/api/individuals?$filter=PHID eq 'DZS',2026-10-02 08:23:59.813516+10:00,2007-11-24,2010-08-21
srv-dzs-43-43582225dd9c1508,aph-dzs,43,representatives,Australian Labor Party,ALP,McMahon,NSW,2010-09-28,2013-08-05,True,False,https://handbookapi.aph.gov.au/api/individuals?$filter=PHID eq 'DZS',2026-10-02 08:23:59.813516+10:00,2010-08-21,2013-09-07
srv-dzs-44-2dae2bed840a8910,aph-dzs,44,representatives,Australian Labor Party,ALP,McMahon,NSW,2013-11-12,2016-05-09,True,False,https://handbookapi.aph.gov.au/api/individuals?$filter=PHID eq 'DZS',2026-10-02 08:23:59.813516+10:00,2013-09-07,2016-07-02
srv-dzs-45-c7449bd7939c9512,aph-dzs,45,representatives,Australian Labor Party,ALP,McMahon,NSW,2016-08-30,2019-04-11,True,False,https://handbookapi.aph.gov.au/api/individuals?$filter=PHID eq 'DZS',2026-10-02 08:23:59.813516+10:00,2016-07-02,2019-05-18
srv-dzs-46-b9dc90dc02f8c103,aph-dzs,46,representatives,Australian Labor Party,ALP,McMahon,NSW,2019-07-02,2022-04-11,True,False,https://handbookapi.aph.gov.au/api/individuals?$filter=PHID eq 'DZS',2026-10-02 08:23:59.813516+10:00,2019-05-18,2022-05-21
srv-dzs-47-1c330e558d4dcdb5,aph-dzs,47,representatives,Australian Labor Party,ALP,McMahon,NSW,2022-07-26,2025-03-28,True,False,https://handbookapi.aph.gov.au/api/individuals?$filter=PHID eq 'DZS',2026-10-02 08:23:59.813516+10:00,2022-05-21,2025-05-03
srv-dzs-48-de6c1ffd6e570916,aph-dzs,48,representatives,Australian Labor Party,ALP,McMahon,NSW,2025-07-22,,True,True,https://handbookapi.aph.gov.au/api/individuals?$filter=PHID eq 'DZS',2026-10-02 08:23:59.813516+10:00,2025-05-03,2026-09-21
srv-dzu-42-f62ea764a810138e,aph-dzu,42,representatives,Australian Labor Party,ALP,Adelaide,SA,2008-02-12,2010-07-19,True,False,https://handbookapi.aph.gov.au/api/individuals?$filter=PHID eq 'DZU',2026-10-02 08:23:59.813516+10:00,2007-11-24,2010-08-21
srv-dzu-43-702d69aebc67f92c,aph-dzu,43,representatives,Australian Labor Party,ALP,Adelaide,SA,2010-09-28,2013-08-05,True,False,https://handbookapi.aph.gov.au/api/individuals?$filter=PHID eq 'DZU',2026-10-02 08:23:59.813516+10:00,2010-08-21,2013-09-07
srv-dzu-44-13e418e9e1938915,aph-dzu,44,representatives,Australian Labor Party,ALP,Adelaide,SA,2013-11-12,2016-05-09,True,False,https://handbookapi.aph.gov.au/api/individuals?$filter=PHID eq 'DZU',2026-10-02 08:23:59.813516+10:00,2013-09-07,2016-07-02
srv-dzu-45-6ba3fa38918057a9,aph-dzu,45,representatives,Australian Labor Party,ALP,Adelaide,SA,2016-08-30,2019-04-11,True,False,https://handbookapi.aph.gov.au/api/individuals?$filter=PHID eq 'DZU',2026-10-02 08:23:59.813516+10:00,2016-07-02,2019-04-11
srv-dzw-42-c3ce3fdc16ba51cb,aph-dzw,42,representatives,Australian Labor Party,ALP,Richmond,NSW,2008-02-12,2010-07-19,True,False,https://handbookapi.aph.gov.au/api/individuals?$filter=PHID eq 'DZW',2026-10-02 08:23:59.813516+10:00,2007-11-24,2010-08-21
srv-dzw-43-1c26f75a17da3fda,aph-dzw,43,representatives,Australian Labor Party,ALP,Richmond,NSW,2010-09-28,2013-08-05,True,False,https://handbookapi.aph.gov.au/api/individuals?$filter=PHID eq 'DZW',2026-10-02 08:23:59.813516+10:00,2010-08-21,2013-09-07
srv-dzw-44-725d2b58cf1741d7,aph-dzw,44,representatives,Australian Labor Party,ALP,Richmond,NSW,2013-11-12,2016-05-09,True,False,https://handbookapi.aph.gov.au/api/individuals?$filter=PHID eq 'DZW',2026-10-02 08:23:59.813516+10:00,2013-09-07,2016-07-02
srv-dzw-45-fbbc9ddb624fe4d6,aph-dzw,45,representatives,Australian Labor Party,ALP,Richmond,NSW,2016-08-30,2019-04-11,True,False,https://handbookapi.aph.gov.au/api/individuals?$filter=PHID eq 'DZW',2026-10-02 08:23:59.813516+10:00,2016-07-02,2019-05-18
srv-dzw-46-37c0c9396512d098,aph-dzw,46,representatives,Australian Labor Party,ALP,Richmond,NSW,2019-07-02,2022-04-11,True,False,https://handbookapi.aph.gov.au/api/individuals?$filter=PHID eq 'DZW',2026-10-02 08:23:59.813516+10:00,2019-05-18,2022-05-21
srv-dzw-47-9e46807802b08614,aph-dzw,47,representatives,Australian Labor Party,ALP,Richmond,NSW,2022-07-26,2025-03-28,True,False,https://handbookapi.aph.gov.au/api/individuals?$filter=PHID eq 'DZW',2026-10-02 08:23:59.813516+10:00,2022-05-21,2025-05-03
srv-dzw-48-e909f0bf37e4e920,aph-dzw,48,representatives,Australian Labor Party,ALP,Richmond,NSW,2025-07-22,,True,True,https://handbookapi.aph.gov.au/api/individuals?$filter=PHID eq 'DZW',2026-10-02 08:23:59.813516+10:00,2025-05-03,2026-09-21
srv-dzy-42-b99dd10f62f467be,aph-dzy,42,representatives,Australian Labor Party,ALP,Hindmarsh,SA,2008-02-12,2010-07-19,True,False,https://handbookapi.aph.gov.au/api/individuals?$filter=PHID eq 'DZY',2026-10-02 08:23:59.813516+10:00,2007-11-24,2010-08-21
srv-dzy-43-6f43e6fafe69b9d5,aph-dzy,43,representatives,Australian Labor Party,ALP,Hindmarsh,SA,2010-09-28,2013-08-05,True,False,https://handbookapi.aph.gov.au/api/individuals?$filter=PHID eq 'DZY',2026-10-02 08:23:59.813516+10:00,2010-08-21,2013-09-07
srv-dzy-45-5a0347d4fad0244d,aph-dzy,45,representatives,Australian Labor Party,ALP,Hindmarsh,SA,2016-08-30,2019-04-11,True,False,https://handbookapi.aph.gov.au/api/individuals?$filter=PHID eq 'DZY',2026-10-02 08:23:59.813516+10:00,2016-07-02,2019-05-18
srv-dzy-46-cf158e60d570f4e4,aph-dzy,46,representatives,Australian Labor Party,ALP,Adelaide,SA,2019-07-02,2022-04-11,True,False,https://handbookapi.aph.gov.au/api/individuals?$filter=PHID eq 'DZY',2026-10-02 08:23:59.813516+10:00,2019-05-18,2022-05-21
srv-dzy-47-d7f85003be6cced8,aph-dzy,47,representatives,Australian Labor Party,ALP,Adelaide,SA,2022-07-26,2025-03-28,True,False,https://handbookapi.aph.gov.au/api/individuals?$filter=PHID eq 'DZY',2026-10-02 08:23:59.813516+10:00,2022-05-21,2025-05-03
srv-dzy-48-462f66f0d8ada690,aph-dzy,48,representatives,Australian Labor Party,ALP,Adelaide,SA,2025-07-22,,True,True,https://handbookapi.aph.gov.au/api/individuals?$filter=PHID eq 'DZY',2026-10-02 08:23:59.813516+10:00,2025-05-03,2026-09-21
srv-e07-42-3f9cc0c42b52edae,aph-e07,42,representatives,Liberal Party of Australia,LP,Greenway,NSW,2008-02-12,2010-07-19,True,False,https://handbookapi.aph.gov.au/api/individuals?$filter=PHID eq 'E07',2026-10-02 08:23:59.813516+10:00,2007-11-24,2010-08-21
srv-e07-43-4a3ca2d2f83d5959,aph-e07,43,representatives,Liberal Party of Australia,LP,Macquarie,NSW,2010-09-28,2013-08-05,True,False,https://handbookapi.aph.gov.au/api/individuals?$filter=PHID eq 'E07',2026-10-02 08:23:59.813516+10:00,2010-08-21,2013-09-07
srv-e07-44-ff482e9e05b5be3f,aph-e07,44,representatives,Liberal Party of Australia,LP,Macquarie,NSW,2013-11-12,2016-05-09,True,False,https://handbookapi.aph.gov.au/api/individuals?$filter=PHID eq 'E07',2026-10-02 08:23:59.813516+10:00,2013-09-07,2016-07-02
srv-e09-42-4d70234d59c3f6f4,aph-e09,42,representatives,Australian Labor Party,ALP,Parramatta,NSW,2008-02-12,2010-07-19,True,False,https://handbookapi.aph.gov.au/api/individuals?$filter=PHID eq 'E09',2026-10-02 08:23:59.813516+10:00,2007-11-24,2010-08-21
srv-e09-43-8ed18dc44b8b956c,aph-e09,43,representatives,Australian Labor Party,ALP,Parramatta,NSW,2010-09-28,2013-08-05,True,False,https://handbookapi.aph.gov.au/api/individuals?$filter=PHID eq 'E09',2026-10-02 08:23:59.813516+10:00,2010-08-21,2013-09-07
srv-e09-44-a90f2f16b150aa38,aph-e09,44,representatives,Australian Labor Party,ALP,Parramatta,NSW,2013-11-12,2016-05-09,True,False,https://handbookapi.aph.gov.au/api/individuals?$filter=PHID eq 'E09',2026-10-02 08:23:59.813516+10:00,2013-09-07,2016-07-02
srv-e09-45-0f872638d58fbbf6,aph-e09,45,representatives,Australian Labor Party,ALP,Parramatta,NSW,2016-08-30,2019-04-11,True,False,https://handbookapi.aph.gov.au/api/individuals?$filter=PHID eq 'E09',2026-10-02 08:23:59.813516+10:00,2016-07-02,2019-05-18
srv-e09-46-0770bd7ac43eefcf,aph-e09,46,representatives,Australian Labor Party,ALP,Parramatta,NSW,2019-07-02,2022-04-11,True,False,https://handbookapi.aph.gov.au/api/individuals?$filter=PHID eq 'E09',2026-10-02 08:23:59.813516+10:00,2019-05-18,2022-04-11
srv-e0d-43-64bebea852ea88c8,aph-e0d,43,representatives,Liberal Party of Australia,LP,Bonner,QLD,2010-09-28,2013-08-05,True,False,https://handbookapi.aph.gov.au/api/individuals?$filter=PHID eq 'E0D',2026-10-02 08:23:59.813516+10:00,2010-08-21,2013-09-07
srv-e0d-44-105514b1796a76ed,aph-e0d,44,representatives,Liberal Party of Australia,LP,Bonner,QLD,2013-11-12,2016-05-09,True,False,https://handbookapi.aph.gov.au/api/individuals?$filter=PHID eq 'E0D',2026-10-02 08:23:59.813516+10:00,2013-09-07,2016-07-02
srv-e0d-45-253ff2ee5bdbf053,aph-e0d,45,representatives,Liberal Party of Australia,LP,Bonner,QLD,2016-08-30,2019-04-11,True,False,https://handbookapi.aph.gov.au/api/individuals?$filter=PHID eq 'E0D',2026-10-02 08:23:59.813516+10:00,2016-07-02,2019-05-18
srv-e0d-46-ef5ffe0d8383726f,aph-e0d,46,representatives,Liberal Party of Australia,LP,Bonner,QLD,2019-07-02,2022-04-11,True,False,https://handbookapi.aph.gov.au/api/individuals?$filter=PHID eq 'E0D',2026-10-02 08:23:59.813516+10:00,2019-05-18,2022-05-21
srv-e0d-47-1407faa2f51ef92b,aph-e0d,47,representatives,Liberal Party of Australia,LP,Bonner,QLD,2022-07-26,2025-03-28,True,False,https://handbookapi.aph.gov.au/api/individuals?$filter=PHID eq 'E0D',2026-10-02 08:23:59.813516+10:00,2022-05-21,2025-05-03
srv-e0f-42-6a99bffe381d0fe3,aph-e0f,42,representatives,Liberal Party of Australia,LP,La Trobe,VIC,2008-02-12,2010-07-19,True,False,https://handbookapi.aph.gov.au/api/individuals?$filter=PHID eq 'E0F',2026-10-02 08:23:59.813516+10:00,2007-11-24,2010-08-21
srv-e0f-44-df8a8601b4674412,aph-e0f,44,representatives,Liberal Party of Australia,LP,La Trobe,VIC,2013-11-12,2016-05-09,True,False,https://handbookapi.aph.gov.au/api/individuals?$filter=PHID eq 'E0F',2026-10-02 08:23:59.813516+10:00,2013-09-07,2016-07-02
srv-e0f-45-cb54feef80205a80,aph-e0f,45,representatives,Liberal Party of Australia,LP,La Trobe,VIC,2016-08-30,2019-04-11,True,False,https://handbookapi.aph.gov.au/api/individuals?$filter=PHID eq 'E0F',2026-10-02 08:23:59.813516+10:00,2016-07-02,2019-05-18
srv-e0f-46-704454f48029effc,aph-e0f,46,representatives,Liberal Party of Australia,LP,La Trobe,VIC,2019-07-02,2022-04-11,True,False,https://handbookapi.aph.gov.au/api/individuals?$filter=PHID eq 'E0F',2026-10-02 08:23:59.813516+10:00,2019-05-18,2022-05-21
srv-e0f-47-1859f9793037d496,aph-e0f,47,representatives,Liberal Party of Australia,LP,La Trobe,VIC,2022-07-26,2025-03-28,True,False,https://handbookapi.aph.gov.au/api/individuals?$filter=PHID eq 'E0F',2026-10-02 08:23:59.813516+10:00,2022-05-21,2025-05-03
srv-e0f-48-f7e9baedf4517286,aph-e0f,48,representatives,Liberal Party of Australia,LP,La Trobe,VIC,2025-07-22,,True,True,https://handbookapi.aph.gov.au/api/individuals?$filter=PHID eq 'E0F',2026-10-02 08:23:59.813516+10:00,2025-05-03,2026-09-21
srv-e0h-42-0644ef3a267836a0,aph-e0h,42,representatives,Liberal Party of Australia,LP,Bowman,QLD,2008-02-12,2010-07-19,True,False,https://handbookapi.aph.gov.au/api/individuals?$filter=PHID eq 'E0H',2026-10-02 08:23:59.813516+10:00,2007-11-24,2010-08-21
srv-e0h-43-af7216520bd7e026,aph-e0h,43,representatives,Liberal Party of Australia,LP,Bowman,QLD,2010-09-28,2013-08-05,True,False,https://handbookapi.aph.gov.au/api/individuals?$filter=PHID eq 'E0H',2026-10-02 08:23:59.813516+10:00,2010-08-21,2013-09-07
srv-e0h-44-e47424b09e9274ee,aph-e0h,44,representatives,Liberal Party of Australia,LP,Bowman,QLD,2013-11-12,2016-05-09,True,False,https://handbookapi.aph.gov.au/api/individuals?$filter=PHID eq 'E0H',2026-10-02 08:23:59.813516+10:00,2013-09-07,2016-07-02
srv-e0h-45-b0ff5ab088c9765f,aph-e0h,45,representatives,Liberal Party of Australia,LP,Bowman,QLD,2016-08-30,2019-04-11,True,False,https://handbookapi.aph.gov.au/api/individuals?$filter=PHID eq 'E0H',2026-10-02 08:23:59.813516+10:00,2016-07-02,2019-05-18
srv-e0h-46-aa928ff816adc2c0,aph-e0h,46,representatives,Liberal Party of Australia,LP,Bowman,QLD,2019-07-02,2022-04-11,True,False,https://handbookapi.aph.gov.au/api/individuals?$filter=PHID eq 'E0H',2026-10-02 08:23:59.813516+10:00,2019-05-18,2022-04-11
srv-e0j-42-20ab818dbe5fc0b9,aph-e0j,42,representatives,Liberal Party of Australia,LP,Stirling,WA,2008-02-12,2010-07-19,True,False,https://handbookapi.aph.gov.au/api/individuals?$filter=PHID eq 'E0J',2026-10-02 08:23:59.813516+10:00,2007-11-24,2010-08-21
srv-e0j-43-ce660142ebe673eb,aph-e0j,43,representatives,Liberal Party of Australia,LP,Stirling,WA,2010-09-28,2013-08-05,True,False,https://handbookapi.aph.gov.au/api/individuals?$filter=PHID eq 'E0J',2026-10-02 08:23:59.813516+10:00,2010-08-21,2013-09-07
srv-e0j-44-8dac053aef7d2179,aph-e0j,44,representatives,Liberal Party of Australia,LP,Stirling,WA,2013-11-12,2016-05-09,True,False,https://handbookapi.aph.gov.au/api/individuals?$filter=PHID eq 'E0J',2026-10-02 08:23:59.813516+10:00,2013-09-07,2016-07-02
srv-e0j-45-746d8653ed02f4ee,aph-e0j,45,representatives,Liberal Party of Australia,LP,Stirling,WA,2016-08-30,2019-04-11,True,False,https://handbookapi.aph.gov.au/api/individuals?$filter=PHID eq 'E0J',2026-10-02 08:23:59.813516+10:00,2016-07-02,2019-04-11
srv-e3l-42-071e4a6630e6eaa0,aph-e3l,42,representatives,Liberal Party of Australia,LP,Cook,NSW,2008-02-12,2010-07-19,True,False,https://handbookapi.aph.gov.au/api/individuals?$filter=PHID eq 'E3L',2026-10-02 08:23:59.813516+10:00,2007-11-24,2010-08-21
srv-e3l-43-e7a192adfe70ba0e,aph-e3l,43,representatives,Liberal Party of Australia,LP,Cook,NSW,2010-09-28,2013-08-05,True,False,https://handbookapi.aph.gov.au/api/individuals?$filter=PHID eq 'E3L',2026-10-02 08:23:59.813516+10:00,2010-08-21,2013-09-07
srv-e3l-44-ad615c4fbd32e54d,aph-e3l,44,representatives,Liberal Party of Australia,LP,Cook,NSW,2013-11-12,2016-05-09,True,False,https://handbookapi.aph.gov.au/api/individuals?$filter=PHID eq 'E3L',2026-10-02 08:23:59.813516+10:00,2013-09-07,2016-07-02
srv-e3l-45-cdf287e32cd05a80,aph-e3l,45,representatives,Liberal Party of Australia,LP,Cook,NSW,2016-08-30,2019-04-11,True,False,https://handbookapi.aph.gov.au/api/individuals?$filter=PHID eq 'E3L',2026-10-02 08:23:59.813516+10:00,2016-07-02,2019-05-18
srv-e3l-46-62558b898541755c,aph-e3l,46,representatives,Liberal Party of Australia,LP,Cook,NSW,2019-07-02,2022-04-11,True,False,https://handbookapi.aph.gov.au/api/individuals?$filter=PHID eq 'E3L',2026-10-02 08:23:59.813516+10:00,2019-05-18,2022-05-21
srv-e3l-47-4baf8215508d19c5,aph-e3l,47,representatives,Liberal Party of Australia,LP,Cook,NSW,2022-07-26,2024-02-28,True,False,https://handbookapi.aph.gov.au/api/individuals?$filter=PHID eq 'E3L',2026-10-02 08:23:59.813516+10:00,2022-05-21,2024-02-28
srv-e4q-42-5ffdd9798185796d,aph-e4q,42,senate,Liberal Party of Australia,LP,,WA,2008-02-12,2010-07-19,True,False,https://handbookapi.aph.gov.au/api/individuals?$filter=PHID eq 'E4Q',2026-10-02 08:23:59.813516+10:00,2005-07-01,2011-06-30
srv-e4q-43-a64575862268c11f,aph-e4q,43,senate,Liberal Party of Australia,LP,,WA,2010-09-28,2012-03-31,True,False,https://handbookapi.aph.gov.au/api/individuals?$filter=PHID eq 'E4Q',2026-10-02 08:23:59.813516+10:00,2005-07-01,2012-03-31
srv-e4r-42-ebce9ed637867cb9,aph-e4r,42,senate,Family First,FFP,,VIC,2008-02-12,2010-07-19,True,False,https://handbookapi.aph.gov.au/api/individuals?$filter=PHID eq 'E4R',2026-10-02 08:23:59.813516+10:00,2005-07-01,2011-06-30
srv-e4r-43-a5fce46a2dbb2270,aph-e4r,43,senate,Family First,FFP,,VIC,2010-09-28,2011-06-30,True,False,https://handbookapi.aph.gov.au/api/individuals?$filter=PHID eq 'E4R',2026-10-02 08:23:59.813516+10:00,2005-07-01,2011-06-30
srv-e4t-42-50dafbc93c8390a7,aph-e4t,42,senate,Liberal Party of Australia,LP,,NSW,2008-02-12,2010-07-19,True,False,https://handbookapi.aph.gov.au/api/individuals?$filter=PHID eq 'E4T',2026-10-02 08:23:59.813516+10:00,2005-07-01,2011-06-30
srv-e4t-43-7d0ec902f7b5a87b,aph-e4t,43,senate,Liberal Party of Australia,LP,,NSW,2010-09-28,2013-08-05,True,False,https://handbookapi.aph.gov.au/api/individuals?$filter=PHID eq 'E4T',2026-10-02 08:23:59.813516+10:00,2005-07-01,2016-07-01
srv-e4t-44-2b9bc57953ee4fe2,aph-e4t,44,senate,Liberal Party of Australia,LP,,NSW,2013-11-12,2016-05-09,True,False,https://handbookapi.aph.gov.au/api/individuals?$filter=PHID eq 'E4T',2026-10-02 08:23:59.813516+10:00,2011-07-01,2016-07-01
srv-e4t-45-4ff71d71f2366bb2,aph-e4t,45,senate,Liberal Party of Australia,LP,,NSW,2016-08-30,2019-04-11,True,False,https://handbookapi.aph.gov.au/api/individuals?$filter=PHID eq 'E4T',2026-10-02 08:23:59.813516+10:00,2016-07-02,2022-06-30
srv-e4t-46-eaba3f2fbcfaf131,aph-e4t,46,senate,Liberal Party of Australia,LP,,NSW,2019-07-02,2022-04-11,True,False,https://handbookapi.aph.gov.au/api/individuals?$filter=PHID eq 'E4T',2026-10-02 08:23:59.813516+10:00,2016-07-02,2022-06-30
srv-e4u-42-9d8058adb0640aee,aph-e4u,42,senate,Australian Labor Party,ALP,,SA,2008-02-12,2010-07-19,True,False,https://handbookapi.aph.gov.au/api/individuals?$filter=PHID eq 'E4U',2026-10-02 08:23:59.813516+10:00,2005-07-01,2011-06-30
srv-e4u-43-e29e0b4a1c4bf1aa,aph-e4u,43,senate,Australian Labor Party,ALP,,SA,2010-09-28,2011-06-30,True,False,https://handbookapi.aph.gov.au/api/individuals?$filter=PHID eq 'E4U',2026-10-02 08:23:59.813516+10:00,2005-07-01,2011-06-30
srv-e5d-42-a90d6b96b4ca7ded,aph-e5d,42,senate,The Nationals,NP,,QLD,2008-02-12,2010-07-19,True,False,https://handbookapi.aph.gov.au/api/individuals?$filter=PHID eq 'E5D',2026-10-02 08:23:59.813516+10:00,2005-07-01,2011-06-30
srv-e5d-43-eb484276d7d418a8,aph-e5d,43,senate,The Nationals,NP,,QLD,2010-09-28,2013-08-05,True,False,https://handbookapi.aph.gov.au/api/individuals?$filter=PHID eq 'E5D',2026-10-02 08:23:59.813516+10:00,2005-07-01,2013-08-08
srv-e5d-44-fcd4bc053980fea3,aph-e5d,44,representatives,The Nationals,NP,New England,NSW,2013-11-12,2016-05-09,True,False,https://handbookapi.aph.gov.au/api/individuals?$filter=PHID eq 'E5D',2026-10-02 08:23:59.813516+10:00,2013-09-07,2016-07-02
srv-e5d-45-2976e62594df00aa,aph-e5d,45,representatives,The Nationals,NP,New England,NSW,2016-08-30,2017-10-27,True,False,https://handbookapi.aph.gov.au/api/individuals?$filter=PHID eq 'E5D',2026-10-02 08:23:59.813516+10:00,2016-07-02,2017-10-27
srv-e5d-45-54e9ed14c18e1218,aph-e5d,45,representatives,The Nationals,NP,New England,NSW,2017-12-02,2019-04-11,False,False,https://handbookapi.aph.gov.au/api/individuals?$filter=PHID eq 'E5D',2026-10-02 08:23:59.813516+10:00,2017-12-02,2019-05-18
srv-e5d-46-c43423dfb8f04aea,aph-e5d,46,representatives,The Nationals,NP,New England,NSW,2019-07-02,2022-04-11,True,False,https://handbookapi.aph.gov.au/api/individuals?$filter=PHID eq 'E5D',2026-10-02 08:23:59.813516+10:00,2019-05-18,2022-05-21
srv-e5d-47-c98a19fbe47744f7,aph-e5d,47,representatives,The Nationals,NP,New England,NSW,2022-07-26,2025-03-28,True,False,https://handbookapi.aph.gov.au/api/individuals?$filter=PHID eq 'E5D',2026-10-02 08:23:59.813516+10:00,2022-05-21,2025-05-03
srv-e5d-48-014227e89183da81,aph-e5d,48,representatives,Pauline Hanson's One Nation,PHON,New England,NSW,2025-12-08,2026-01-27,False,False,https://handbookapi.aph.gov.au/api/individuals?$filter=PHID eq 'E5D',2026-10-02 08:23:59.813516+10:00,2025-05-03,2026-09-21
srv-e5d-48-21a39710dc129340,aph-e5d,48,representatives,One Nation,ON,New England,NSW,2026-01-28,,False,True,https://handbookapi.aph.gov.au/api/individuals?$filter=PHID eq 'E5D',2026-10-02 08:23:59.813516+10:00,2025-05-03,2026-09-21
srv-e5d-48-7b5bc1cc193ebe34,aph-e5d,48,representatives,Independent,IND,New England,NSW,2025-11-27,2025-12-07,False,False,https://handbookapi.aph.gov.au/api/individuals?$filter=PHID eq 'E5D',2026-10-02 08:23:59.813516+10:00,2025-05-03,2026-09-21
srv-e5d-48-803aa539f4c75cdc,aph-e5d,48,representatives,The Nationals,NP,New England,NSW,2025-07-22,2025-11-26,True,False,https://handbookapi.aph.gov.au/api/individuals?$filter=PHID eq 'E5D',2026-10-02 08:23:59.813516+10:00,2025-05-03,2026-09-21
srv-e5e-42-9d8058adb0640aee,aph-e5e,42,senate,Australian Labor Party,ALP,,SA,2008-02-12,2010-07-19,True,False,https://handbookapi.aph.gov.au/api/individuals?$filter=PHID eq 'E5E',2026-10-02 08:23:59.813516+10:00,2005-07-01,2011-06-30
srv-e5e-43-e29e0b4a1c4bf1aa,aph-e5e,43,senate,Australian Labor Party,ALP,,SA,2010-09-28,2013-08-05,True,False,https://handbookapi.aph.gov.au/api/individuals?$filter=PHID eq 'E5E',2026-10-02 08:23:59.813516+10:00,2005-07-01,2016-07-02
srv-e5e-44-54401abe4cc70a19,aph-e5e,44,senate,Australian Labor Party,ALP,,SA,2013-11-12,2016-05-09,True,False,https://handbookapi.aph.gov.au/api/individuals?$filter=PHID eq 'E5E',2026-10-02 08:23:59.813516+10:00,2011-07-01,2016-07-02
srv-e5g-42-2c3cc3c2da73d39f,aph-e5g,42,senate,The Nationals,NP,,NSW,2008-02-12,2010-07-19,True,False,https://handbookapi.aph.gov.au/api/individuals?$filter=PHID eq 'E5G',2026-10-02 08:23:59.813516+10:00,2005-07-01,2011-06-30
srv-e5g-43-a20afc2ce37bc840,aph-e5g,43,senate,The Nationals,NP,,NSW,2010-09-28,2013-08-05,True,False,https://handbookapi.aph.gov.au/api/individuals?$filter=PHID eq 'E5G',2026-10-02 08:23:59.813516+10:00,2005-07-01,2016-07-01
srv-e5g-44-deba3c133730167e,aph-e5g,44,senate,The Nationals,NP,,NSW,2013-11-12,2016-05-09,True,False,https://handbookapi.aph.gov.au/api/individuals?$filter=PHID eq 'E5G',2026-10-02 08:23:59.813516+10:00,2011-07-01,2016-07-01
srv-e5g-45-39e7d63049aedfa4,aph-e5g,45,senate,The Nationals,NP,,NSW,2016-08-30,2017-10-27,True,False,https://handbookapi.aph.gov.au/api/individuals?$filter=PHID eq 'E5G',2026-10-02 08:23:59.813516+10:00,2016-07-02,2017-10-27
srv-e5v-42-e6ae0c1f476ad59d,aph-e5v,42,senate,Liberal Party of Australia,LP,,TAS,2008-02-12,2010-07-19,True,False,https://handbookapi.aph.gov.au/api/individuals?$filter=PHID eq 'E5V',2026-10-02 08:23:59.813516+10:00,2005-07-01,2011-06-30
srv-e5v-43-d305a102fc63470f,aph-e5v,43,senate,Liberal Party of Australia,LP,,TAS,2010-09-28,2013-08-05,True,False,https://handbookapi.aph.gov.au/api/individuals?$filter=PHID eq 'E5V',2026-10-02 08:23:59.813516+10:00,2005-07-01,2016-07-01
srv-e5v-44-0e5fa684227e621e,aph-e5v,44,senate,Liberal Party of Australia,LP,,TAS,2013-11-12,2016-05-09,True,False,https://handbookapi.aph.gov.au/api/individuals?$filter=PHID eq 'E5V',2026-10-02 08:23:59.813516+10:00,2011-07-01,2016-07-01
srv-e5v-45-8814455541a1d7fc,aph-e5v,45,senate,Liberal Party of Australia,LP,,TAS,2016-08-30,2017-11-02,True,False,https://handbookapi.aph.gov.au/api/individuals?$filter=PHID eq 'E5V',2026-10-02 08:23:59.813516+10:00,2016-07-02,2017-11-02
srv-e5x-42-05e24ef8a5f46c96,aph-e5x,42,senate,Australian Labor Party,ALP,,TAS,2008-02-12,2010-07-19,True,False,https://handbookapi.aph.gov.au/api/individuals?$filter=PHID eq 'E5X',2026-10-02 08:23:59.813516+10:00,2005-07-01,2011-06-30
srv-e5x-43-a9714b55100e2f5d,aph-e5x,43,senate,Australian Labor Party,ALP,,TAS,2010-09-28,2013-08-05,True,False,https://handbookapi.aph.gov.au/api/individuals?$filter=PHID eq 'E5X',2026-10-02 08:23:59.813516+10:00,2005-07-01,2016-07-02
srv-e5x-44-b43c23c8e08caae4,aph-e5x,44,senate,Australian Labor Party,ALP,,TAS,2013-11-12,2016-05-09,True,False,https://handbookapi.aph.gov.au/api/individuals?$filter=PHID eq 'E5X',2026-10-02 08:23:59.813516+10:00,2011-07-01,2016-07-02
srv-e5x-45-ce0fdb9380d518a9,aph-e5x,45,senate,Australian Labor Party,ALP,,TAS,2016-08-30,2019-04-11,True,False,https://handbookapi.aph.gov.au/api/individuals?$filter=PHID eq 'E5X',2026-10-02 08:23:59.813516+10:00,2016-07-02,2022-06-30
srv-e5x-46-a76b34aa832233bf,aph-e5x,46,senate,Australian Labor Party,ALP,,TAS,2019-07-02,2022-04-11,True,False,https://handbookapi.aph.gov.au/api/individuals?$filter=PHID eq 'E5X',2026-10-02 08:23:59.813516+10:00,2016-07-02,2022-06-30
srv-e5x-47-187a05e658c170d9,aph-e5x,47,senate,Australian Labor Party,ALP,,TAS,2022-07-26,2025-03-28,True,False,https://handbookapi.aph.gov.au/api/individuals?$filter=PHID eq 'E5X',2026-10-02 08:23:59.813516+10:00,2022-07-01,2026-09-21
srv-e5x-48-8ef7ac9c93a504bd,aph-e5x,48,senate,Australian Labor Party,ALP,,TAS,2025-07-22,,True,True,https://handbookapi.aph.gov.au/api/individuals?$filter=PHID eq 'E5X',2026-10-02 08:23:59.813516+10:00,2022-07-01,2026-09-21
srv-e5z-42-a5c7f3678c8a7ab1,aph-e5z,42,senate,Australian Greens,GRN,,WA,2008-02-12,2010-07-19,True,False,https://handbookapi.aph.gov.au/api/individuals?$filter=PHID eq 'E5Z',2026-10-02 08:23:59.813516+10:00,2005-07-01,2011-06-30
srv-e5z-43-cfd10c1018dbc438,aph-e5z,43,senate,Australian Greens,GRN,,WA,2010-09-28,2013-08-05,True,False,https://handbookapi.aph.gov.au/api/individuals?$filter=PHID eq 'E5Z',2026-10-02 08:23:59.813516+10:00,2005-07-01,2016-07-01
srv-e5z-44-d6a988f6b894a5b0,aph-e5z,44,senate,Australian Greens,GRN,,WA,2013-11-12,2016-05-09,True,False,https://handbookapi.aph.gov.au/api/individuals?$filter=PHID eq 'E5Z',2026-10-02 08:23:59.813516+10:00,2011-07-01,2016-07-01
srv-e5z-45-5ac5c82973c4498d,aph-e5z,45,senate,Australian Greens,GRN,,WA,2016-08-30,2019-04-11,True,False,https://handbookapi.aph.gov.au/api/individuals?$filter=PHID eq 'E5Z',2026-10-02 08:23:59.813516+10:00,2016-07-02,2021-09-06
srv-e5z-46-7a19da2f8d7db4f7,aph-e5z,46,senate,Australian Greens,GRN,,WA,2019-07-02,2021-09-06,True,False,https://handbookapi.aph.gov.au/api/individuals?$filter=PHID eq 'E5Z',2026-10-02 08:23:59.813516+10:00,2016-07-02,2021-09-06
srv-e68-42-52f0d79cae50d3f6,aph-e68,42,senate,Australian Labor Party,ALP,,WA,2008-02-12,2010-07-19,True,False,https://handbookapi.aph.gov.au/api/individuals?$filter=PHID eq 'E68',2026-10-02 08:23:59.813516+10:00,2005-07-01,2011-06-30
srv-e68-43-0889c5486015afc9,aph-e68,43,senate,Australian Labor Party,ALP,,WA,2010-09-28,2013-08-05,True,False,https://handbookapi.aph.gov.au/api/individuals?$filter=PHID eq 'E68',2026-10-02 08:23:59.813516+10:00,2005-07-01,2016-07-01
srv-e68-44-01b9a77a33b6a974,aph-e68,44,senate,Australian Labor Party,ALP,,WA,2013-11-12,2016-05-09,True,False,https://handbookapi.aph.gov.au/api/individuals?$filter=PHID eq 'E68',2026-10-02 08:23:59.813516+10:00,2011-07-01,2016-07-01
srv-e68-45-5884db98268c8500,aph-e68,45,senate,Australian Labor Party,ALP,,WA,2016-08-30,2019-04-11,True,False,https://handbookapi.aph.gov.au/api/individuals?$filter=PHID eq 'E68',2026-10-02 08:23:59.813516+10:00,2016-07-02,2022-06-30
srv-e68-46-d19b52cb6326a717,aph-e68,46,senate,Australian Labor Party,ALP,,WA,2019-07-02,2022-04-11,True,False,https://handbookapi.aph.gov.au/api/individuals?$filter=PHID eq 'E68',2026-10-02 08:23:59.813516+10:00,2016-07-02,2022-06-30
srv-e68-47-a918f73acd4a4e61,aph-e68,47,senate,Australian Labor Party,ALP,,WA,2022-07-26,2025-03-28,True,False,https://handbookapi.aph.gov.au/api/individuals?$filter=PHID eq 'E68',2026-10-02 08:23:59.813516+10:00,2022-07-01,2026-09-21
srv-e68-48-0f413a30c40b77b0,aph-e68,48,senate,Australian Labor Party,ALP,,WA,2025-07-22,,True,True,https://handbookapi.aph.gov.au/api/individuals?$filter=PHID eq 'E68',2026-10-02 08:23:59.813516+10:00,2022-07-01,2026-09-21
srv-e6a-42-27c3fa12aca4e3ca,aph-e6a,42,senate,Liberal Party of Australia,LP,,QLD,2008-02-12,2010-07-19,True,False,https://handbookapi.aph.gov.au/api/individuals?$filter=PHID eq 'E6A',2026-10-02 08:23:59.813516+10:00,2005-07-01,2011-06-30
srv-e6a-43-caf764be0226f779,aph-e6a,43,senate,Liberal Party of Australia,LP,,QLD,2010-09-28,2011-06-30,True,False,https://handbookapi.aph.gov.au/api/individuals?$filter=PHID eq 'E6A',2026-10-02 08:23:59.813516+10:00,2005-07-01,2011-06-30
srv-e6c-42-9d8058adb0640aee,aph-e6c,42,senate,Australian Labor Party,ALP,,SA,2008-02-12,2010-07-19,True,False,https://handbookapi.aph.gov.au/api/individuals?$filter=PHID eq 'E6C',2026-10-02 08:23:59.813516+10:00,2005-07-01,2011-06-30
srv-e6c-43-e29e0b4a1c4bf1aa,aph-e6c,43,senate,Australian Labor Party,ALP,,SA,2010-09-28,2011-06-30,True,False,https://handbookapi.aph.gov.au/api/individuals?$filter=PHID eq 'E6C',2026-10-02 08:23:59.813516+10:00,2005-07-01,2011-06-30
srv-ecv-42-9833aa2e1cd19b83,aph-ecv,42,representatives,Australian Labor Party,ALP,Werriwa,NSW,2008-02-12,2010-07-19,True,False,https://handbookapi.aph.gov.au/api/individuals?$filter=PHID eq 'ECV',2026-10-02 08:23:59.813516+10:00,2007-11-24,2010-08-21
srv-ecv-43-4dc3b31972e8f52e,aph-ecv,43,representatives,Australian Labor Party,ALP,Fowler,NSW,2010-09-28,2013-08-05,True,False,https://handbookapi.aph.gov.au/api/individuals?$filter=PHID eq 'ECV',2026-10-02 08:23:59.813516+10:00,2010-08-21,2013-09-07
srv-ecv-44-6bf4cc81410705d7,aph-ecv,44,representatives,Australian Labor Party,ALP,Fowler,NSW,2013-11-12,2016-05-09,True,False,https://handbookapi.aph.gov.au/api/individuals?$filter=PHID eq 'ECV',2026-10-02 08:23:59.813516+10:00,2013-09-07,2016-07-02
srv-ecv-45-c0ed114e02b2e442,aph-ecv,45,representatives,Australian Labor Party,ALP,Fowler,NSW,2016-08-30,2019-04-11,True,False,https://handbookapi.aph.gov.au/api/individuals?$filter=PHID eq 'ECV',2026-10-02 08:23:59.813516+10:00,2016-07-02,2019-05-18
srv-ecv-46-1b58a7c0ab2f8edb,aph-ecv,46,representatives,Australian Labor Party,ALP,Fowler,NSW,2019-07-02,2022-04-11,True,False,https://handbookapi.aph.gov.au/api/individuals?$filter=PHID eq 'ECV',2026-10-02 08:23:59.813516+10:00,2019-05-18,2022-04-11
srv-em6-42-aaf74d893fcd7107,aph-em6,42,representatives,Liberal Party of Australia,LP,Murray,VIC,2008-02-12,2010-07-19,True,False,https://handbookapi.aph.gov.au/api/individuals?$filter=PHID eq 'EM6',2026-10-02 08:23:59.813516+10:00,2007-11-24,2010-08-21
srv-em6-43-ea124a9bc49d9b7d,aph-em6,43,representatives,Liberal Party of Australia,LP,Murray,VIC,2010-09-28,2013-08-05,True,False,https://handbookapi.aph.gov.au/api/individuals?$filter=PHID eq 'EM6',2026-10-02 08:23:59.813516+10:00,2010-08-21,2013-09-07
srv-em6-44-7f8995eac591e76b,aph-em6,44,representatives,Liberal Party of Australia,LP,Murray,VIC,2013-11-12,2016-05-09,True,False,https://handbookapi.aph.gov.au/api/individuals?$filter=PHID eq 'EM6',2026-10-02 08:23:59.813516+10:00,2013-09-07,2016-05-09
srv-ep5-42-4d1b7c68b6486b3e,aph-ep5,42,senate,Liberal Party of Australia,LP,,SA,2008-02-12,2010-07-19,True,False,https://handbookapi.aph.gov.au/api/individuals?$filter=PHID eq 'EP5',2026-10-02 08:23:59.813516+10:00,2005-07-01,2011-06-30
srv-ep5-43-15d88df9f535728c,aph-ep5,43,senate,Liberal Party of Australia,LP,,SA,2010-09-28,2011-06-30,True,False,https://handbookapi.aph.gov.au/api/individuals?$filter=PHID eq 'EP5',2026-10-02 08:23:59.813516+10:00,2005-07-01,2011-06-30
srv-et4-42-77aa4aca9eb88478,aph-et4,42,representatives,Australian Labor Party,ALP,Brisbane,QLD,2008-02-12,2010-07-19,True,False,https://handbookapi.aph.gov.au/api/individuals?$filter=PHID eq 'ET4',2026-10-02 08:23:59.813516+10:00,2007-11-24,2010-08-21
srv-ez5-42-efc051412655c069,aph-ez5,42,representatives,Liberal Party of Australia,LP,Warringah,NSW,2008-02-12,2010-07-19,True,False,https://handbookapi.aph.gov.au/api/individuals?$filter=PHID eq 'EZ5',2026-10-02 08:23:59.813516+10:00,2007-11-24,2010-08-21
srv-ez5-43-1b608f212fe05bd6,aph-ez5,43,representatives,Liberal Party of Australia,LP,Warringah,NSW,2010-09-28,2013-08-05,True,False,https://handbookapi.aph.gov.au/api/individuals?$filter=PHID eq 'EZ5',2026-10-02 08:23:59.813516+10:00,2010-08-21,2013-09-07
srv-ez5-44-ae6fbc9710f4f1c4,aph-ez5,44,representatives,Liberal Party of Australia,LP,Warringah,NSW,2013-11-12,2016-05-09,True,False,https://handbookapi.aph.gov.au/api/individuals?$filter=PHID eq 'EZ5',2026-10-02 08:23:59.813516+10:00,2013-09-07,2016-07-02
srv-ez5-45-e348a5dd90470f71,aph-ez5,45,representatives,Liberal Party of Australia,LP,Warringah,NSW,2016-08-30,2019-04-11,True,False,https://handbookapi.aph.gov.au/api/individuals?$filter=PHID eq 'EZ5',2026-10-02 08:23:59.813516+10:00,2016-07-02,2019-05-18
srv-f2s-47-939722139d4c88eb,aph-f2s,47,representatives,Australian Labor Party,ALP,Lingiari,NT,2022-07-26,2025-03-28,True,False,https://handbookapi.aph.gov.au/api/individuals?$filter=PHID eq 'F2S',2026-10-02 08:23:59.813516+10:00,2022-05-21,2025-05-03
srv-f2s-48-b5c5b2165e60d18c,aph-f2s,48,representatives,Australian Labor Party,ALP,Lingiari,NT,2025-07-22,,True,True,https://handbookapi.aph.gov.au/api/individuals?$filter=PHID eq 'F2S',2026-10-02 08:23:59.813516+10:00,2025-05-03,2026-09-21
srv-f49-42-05e24ef8a5f46c96,aph-f49,42,senate,Australian Labor Party,ALP,,TAS,2008-02-12,2010-07-19,True,False,https://handbookapi.aph.gov.au/api/individuals?$filter=PHID eq 'F49',2026-10-02 08:23:59.813516+10:00,2005-08-25,2014-06-30
srv-f49-43-a9714b55100e2f5d,aph-f49,43,senate,Australian Labor Party,ALP,,TAS,2010-09-28,2013-08-05,True,False,https://handbookapi.aph.gov.au/api/individuals?$filter=PHID eq 'F49',2026-10-02 08:23:59.813516+10:00,2008-07-01,2014-06-30
srv-f49-44-b43c23c8e08caae4,aph-f49,44,senate,Australian Labor Party,ALP,,TAS,2013-11-12,2016-05-09,True,False,https://handbookapi.aph.gov.au/api/individuals?$filter=PHID eq 'F49',2026-10-02 08:23:59.813516+10:00,2008-07-01,2016-07-02
srv-f49-45-ce0fdb9380d518a9,aph-f49,45,senate,Australian Labor Party,ALP,,TAS,2016-08-30,2019-04-11,True,False,https://handbookapi.aph.gov.au/api/individuals?$filter=PHID eq 'F49',2026-10-02 08:23:59.813516+10:00,2016-07-02,2019-06-30
srv-f49-46-a76b34aa832233bf,aph-f49,46,senate,Australian Labor Party,ALP,,TAS,2019-07-02,2022-04-11,True,False,https://handbookapi.aph.gov.au/api/individuals?$filter=PHID eq 'F49',2026-10-02 08:23:59.813516+10:00,2019-07-01,2025-06-30
srv-f49-47-187a05e658c170d9,aph-f49,47,senate,Australian Labor Party,ALP,,TAS,2022-07-26,2025-03-28,True,False,https://handbookapi.aph.gov.au/api/individuals?$filter=PHID eq 'F49',2026-10-02 08:23:59.813516+10:00,2019-07-01,2025-06-30
srv-f49-48-8ef7ac9c93a504bd,aph-f49,48,senate,Australian Labor Party,ALP,,TAS,2025-07-22,,True,True,https://handbookapi.aph.gov.au/api/individuals?$filter=PHID eq 'F49',2026-10-02 08:23:59.813516+10:00,2025-07-01,2026-09-21
srv-fab-45-f9d54cc7d2b65e67,aph-fab,45,senate,Liberal Party of Australia,LP,,NSW,2017-12-22,2019-04-11,False,False,https://handbookapi.aph.gov.au/api/individuals?$filter=PHID eq 'FAB',2026-10-02 08:23:59.813516+10:00,2017-12-22,2019-06-30
srv-fab-46-43d530f846210f50,aph-fab,46,senate,Liberal Party of Australia,LP,,NSW,2019-11-14,2022-04-11,False,False,https://handbookapi.aph.gov.au/api/individuals?$filter=PHID eq 'FAB',2026-10-02 08:23:59.813516+10:00,2019-11-14,2022-06-30
srv-fab-47-cbed119f944611c5,aph-fab,47,senate,Liberal Party of Australia,LP,,NSW,2022-07-26,2023-01-16,True,False,https://handbookapi.aph.gov.au/api/individuals?$filter=PHID eq 'FAB',2026-10-02 08:23:59.813516+10:00,2022-07-01,2023-01-16
srv-ff4-42-4d1b7c68b6486b3e,aph-ff4,42,senate,Liberal Party of Australia,LP,,SA,2008-02-12,2008-06-30,True,False,https://handbookapi.aph.gov.au/api/individuals?$filter=PHID eq 'FF4',2026-10-02 08:23:59.813516+10:00,2002-07-01,2008-06-30
srv-fkl-43-ae29df552c4abaec,aph-fkl,43,representatives,Liberal Party of Australia,LP,Kooyong,VIC,2010-09-28,2013-08-05,True,False,https://handbookapi.aph.gov.au/api/individuals?$filter=PHID eq 'FKL',2026-10-02 08:23:59.813516+10:00,2010-08-21,2013-09-07
srv-fkl-44-41307dd3c6aa9549,aph-fkl,44,representatives,Liberal Party of Australia,LP,Kooyong,VIC,2013-11-12,2016-05-09,True,False,https://handbookapi.aph.gov.au/api/individuals?$filter=PHID eq 'FKL',2026-10-02 08:23:59.813516+10:00,2013-09-07,2016-07-02
srv-fkl-45-8fdb62d239980b9c,aph-fkl,45,representatives,Liberal Party of Australia,LP,Kooyong,VIC,2016-08-30,2019-04-11,True,False,https://handbookapi.aph.gov.au/api/individuals?$filter=PHID eq 'FKL',2026-10-02 08:23:59.813516+10:00,2016-07-02,2019-05-18
srv-fkl-46-d2806f1992f8aa7a,aph-fkl,46,representatives,Liberal Party of Australia,LP,Kooyong,VIC,2019-07-02,2022-04-11,True,False,https://handbookapi.aph.gov.au/api/individuals?$filter=PHID eq 'FKL',2026-10-02 08:23:59.813516+10:00,2019-05-18,2022-05-21
srv-fu4-42-c8bcd439589fb779,aph-fu4,42,representatives,Liberal Party of Australia,LP,Goldstein,VIC,2008-02-12,2010-07-19,True,False,https://handbookapi.aph.gov.au/api/individuals?$filter=PHID eq 'FU4',2026-10-02 08:23:59.813516+10:00,2007-11-24,2010-08-21
srv-fu4-43-581fa0c0f180fb21,aph-fu4,43,representatives,Liberal Party of Australia,LP,Goldstein,VIC,2010-09-28,2013-08-05,True,False,https://handbookapi.aph.gov.au/api/individuals?$filter=PHID eq 'FU4',2026-10-02 08:23:59.813516+10:00,2010-08-21,2013-09-07
srv-fu4-44-1e534126a36fcaf8,aph-fu4,44,representatives,Liberal Party of Australia,LP,Goldstein,VIC,2013-11-12,2016-05-09,True,False,https://handbookapi.aph.gov.au/api/individuals?$filter=PHID eq 'FU4',2026-10-02 08:23:59.813516+10:00,2013-09-07,2016-05-09
srv-g0d-42-4d1b7c68b6486b3e,aph-g0d,42,senate,Liberal Party of Australia,LP,,SA,2008-02-12,2010-07-19,True,False,https://handbookapi.aph.gov.au/api/individuals?$filter=PHID eq 'G0D',2026-10-02 08:23:59.813516+10:00,2006-05-04,2014-06-30
srv-g0d-43-15d88df9f535728c,aph-g0d,43,senate,Liberal Party of Australia,LP,,SA,2010-09-28,2013-08-05,True,False,https://handbookapi.aph.gov.au/api/individuals?$filter=PHID eq 'G0D',2026-10-02 08:23:59.813516+10:00,2008-07-01,2014-06-30
srv-g0d-44-23c468b142180b90,aph-g0d,44,senate,Liberal Party of Australia,LP,,SA,2013-11-12,2016-05-09,True,False,https://handbookapi.aph.gov.au/api/individuals?$filter=PHID eq 'G0D',2026-10-02 08:23:59.813516+10:00,2008-07-01,2016-07-02
srv-g0d-45-232ce7b6d033437b,aph-g0d,45,senate,Liberal Party of Australia,LP,,SA,2016-08-30,2017-02-06,True,False,https://handbookapi.aph.gov.au/api/individuals?$filter=PHID eq 'G0D',2026-10-02 08:23:59.813516+10:00,2016-07-02,2020-01-20
srv-g0d-45-9bde81458d8e7730,aph-g0d,45,senate,Australian Conservatives,Australian Conservatives,,SA,2017-02-07,2019-04-11,False,False,https://handbookapi.aph.gov.au/api/individuals?$filter=PHID eq 'G0D',2026-10-02 08:23:59.813516+10:00,2016-07-02,2020-01-20
srv-g0d-46-f8f0c3b9e0f0b55b,aph-g0d,46,senate,Independent,IND,,SA,2019-07-02,2020-01-20,True,False,https://handbookapi.aph.gov.au/api/individuals?$filter=PHID eq 'G0D',2026-10-02 08:23:59.813516+10:00,2016-07-02,2020-01-20
srv-g1n-42-b5ea1f9603e36ae4,aph-g1n,42,senate,Liberal Party of Australia,LP,,VIC,2008-07-01,2010-07-19,False,False,https://handbookapi.aph.gov.au/api/individuals?$filter=PHID eq 'G1N',2026-10-02 08:23:59.813516+10:00,2008-07-01,2014-06-30
srv-g1n-43-0f362d161cae6782,aph-g1n,43,senate,Liberal Party of Australia,LP,,VIC,2010-09-28,2013-08-05,True,False,https://handbookapi.aph.gov.au/api/individuals?$filter=PHID eq 'G1N',2026-10-02 08:23:59.813516+10:00,2008-07-01,2014-06-30
srv-g1n-44-de871938906d3639,aph-g1n,44,senate,Liberal Party of Australia,LP,,VIC,2013-11-12,2014-06-30,True,False,https://handbookapi.aph.gov.au/api/individuals?$filter=PHID eq 'G1N',2026-10-02 08:23:59.813516+10:00,2008-07-01,2014-06-30
srv-g86-45-e1bceafe4bdf7ccf,aph-g86,45,representatives,Liberal Party of Australia,LP,Mackellar,NSW,2016-08-30,2019-04-11,True,False,https://handbookapi.aph.gov.au/api/individuals?$filter=PHID eq 'G86',2026-10-02 08:23:59.813516+10:00,2016-07-02,2019-05-18
srv-g86-46-945bef2720475d8d,aph-g86,46,representatives,Liberal Party of Australia,LP,Mackellar,NSW,2019-07-02,2022-04-11,True,False,https://handbookapi.aph.gov.au/api/individuals?$filter=PHID eq 'G86',2026-10-02 08:23:59.813516+10:00,2019-05-18,2022-05-21
srv-gb6-42-e3f6afa13449c08f,aph-gb6,42,senate,Australian Labor Party,ALP,,VIC,2008-05-08,2010-07-19,False,False,https://handbookapi.aph.gov.au/api/individuals?$filter=PHID eq 'GB6',2026-10-02 08:23:59.813516+10:00,2008-05-08,2014-06-30
srv-gb6-43-42679795eb69c55b,aph-gb6,43,senate,Australian Labor Party,ALP,,VIC,2010-09-28,2013-08-05,True,False,https://handbookapi.aph.gov.au/api/individuals?$filter=PHID eq 'GB6',2026-10-02 08:23:59.813516+10:00,2008-07-01,2014-06-30
srv-gb6-44-9332c6ef7a2a7ae2,aph-gb6,44,senate,Australian Labor Party,ALP,,VIC,2013-11-12,2016-05-09,True,False,https://handbookapi.aph.gov.au/api/individuals?$filter=PHID eq 'GB6',2026-10-02 08:23:59.813516+10:00,2008-07-01,2016-07-02
srv-gb6-45-6c2da3ece62cc632,aph-gb6,45,senate,Australian Labor Party,ALP,,VIC,2016-08-30,2019-02-15,True,False,https://handbookapi.aph.gov.au/api/individuals?$filter=PHID eq 'GB6',2026-10-02 08:23:59.813516+10:00,2016-07-02,2019-02-15
srv-gt4-42-5f0e40282d19761c,aph-gt4,42,representatives,The Nationals,NP,Wide Bay,QLD,2008-02-12,2010-07-19,True,False,https://handbookapi.aph.gov.au/api/individuals?$filter=PHID eq 'GT4',2026-10-02 08:23:59.813516+10:00,2007-11-24,2010-08-21
srv-gt4-43-ec46dd59f5260921,aph-gt4,43,representatives,The Nationals,NP,Wide Bay,QLD,2010-09-28,2013-08-05,True,False,https://handbookapi.aph.gov.au/api/individuals?$filter=PHID eq 'GT4',2026-10-02 08:23:59.813516+10:00,2010-08-21,2013-09-07
srv-gt4-44-082657eed8c39136,aph-gt4,44,representatives,The Nationals,NP,Wide Bay,QLD,2013-11-12,2016-05-09,True,False,https://handbookapi.aph.gov.au/api/individuals?$filter=PHID eq 'GT4',2026-10-02 08:23:59.813516+10:00,2013-09-07,2016-05-09
srv-gx5-42-2179322deea566a5,aph-gx5,42,senate,Liberal Party of Australia,LP,,VIC,2008-02-12,2010-07-19,True,False,https://handbookapi.aph.gov.au/api/individuals?$filter=PHID eq 'GX5',2026-10-02 08:23:59.813516+10:00,2005-07-01,2011-06-30
srv-gx5-43-0f362d161cae6782,aph-gx5,43,senate,Liberal Party of Australia,LP,,VIC,2010-09-28,2011-06-30,True,False,https://handbookapi.aph.gov.au/api/individuals?$filter=PHID eq 'GX5',2026-10-02 08:23:59.813516+10:00,2005-07-01,2011-06-30
srv-h6v-42-27c3fa12aca4e3ca,aph-h6v,42,senate,Liberal Party of Australia,LP,,QLD,2008-02-12,2010-07-19,True,False,https://handbookapi.aph.gov.au/api/individuals?$filter=PHID eq 'H6V',2026-10-02 08:23:59.813516+10:00,2007-04-19,2014-06-30
srv-h6v-43-caf764be0226f779,aph-h6v,43,senate,Liberal Party of Australia,LP,,QLD,2010-09-28,2013-08-05,True,False,https://handbookapi.aph.gov.au/api/individuals?$filter=PHID eq 'H6V',2026-10-02 08:23:59.813516+10:00,2008-07-01,2014-06-30
srv-h6v-44-56de330abcfb938e,aph-h6v,44,senate,Liberal Party of Australia,LP,,QLD,2013-11-12,2014-06-30,True,False,https://handbookapi.aph.gov.au/api/individuals?$filter=PHID eq 'H6V',2026-10-02 08:23:59.813516+10:00,2008-07-01,2014-06-30
srv-h6x-42-4d1b7c68b6486b3e,aph-h6x,42,senate,Liberal Party of Australia,LP,,SA,2008-02-12,2010-07-19,True,False,https://handbookapi.aph.gov.au/api/individuals?$filter=PHID eq 'H6X',2026-10-02 08:23:59.813516+10:00,2007-05-03,2014-06-30
srv-h6x-43-15d88df9f535728c,aph-h6x,43,senate,Liberal Party of Australia,LP,,SA,2010-09-28,2013-08-05,True,False,https://handbookapi.aph.gov.au/api/individuals?$filter=PHID eq 'H6X',2026-10-02 08:23:59.813516+10:00,2008-07-01,2014-06-30
srv-h6x-44-23c468b142180b90,aph-h6x,44,senate,Liberal Party of Australia,LP,,SA,2013-11-12,2016-05-09,True,False,https://handbookapi.aph.gov.au/api/individuals?$filter=PHID eq 'H6X',2026-10-02 08:23:59.813516+10:00,2008-07-01,2016-07-02
srv-h6x-45-232ce7b6d033437b,aph-h6x,45,senate,Liberal Party of Australia,LP,,SA,2016-08-30,2019-04-11,True,False,https://handbookapi.aph.gov.au/api/individuals?$filter=PHID eq 'H6X',2026-10-02 08:23:59.813516+10:00,2016-07-02,2022-06-30
srv-h6x-46-870c8eae6478f0b3,aph-h6x,46,senate,Liberal Party of Australia,LP,,SA,2019-07-02,2022-04-11,True,False,https://handbookapi.aph.gov.au/api/individuals?$filter=PHID eq 'H6X',2026-10-02 08:23:59.813516+10:00,2016-07-02,2022-06-30
srv-h6x-47-32306dda4fe1325f,aph-h6x,47,senate,Liberal Party of Australia,LP,,SA,2022-07-26,2025-01-28,True,False,https://handbookapi.aph.gov.au/api/individuals?$filter=PHID eq 'H6X',2026-10-02 08:23:59.813516+10:00,2022-07-01,2025-01-28
srv-hbe-42-4d1b7c68b6486b3e,aph-hbe,42,senate,Liberal Party of Australia,LP,,SA,2008-02-12,2010-07-19,True,False,https://handbookapi.aph.gov.au/api/individuals?$filter=PHID eq 'HBE',2026-10-02 08:23:59.813516+10:00,2007-06-06,2011-06-30
srv-hbe-43-15d88df9f535728c,aph-hbe,43,senate,Liberal Party of Australia,LP,,SA,2010-09-28,2012-08-14,True,False,https://handbookapi.aph.gov.au/api/individuals?$filter=PHID eq 'HBE',2026-10-02 08:23:59.813516+10:00,2007-06-06,2012-08-14
srv-hda-42-5ffdd9798185796d,aph-hda,42,senate,Liberal Party of Australia,LP,,WA,2008-02-12,2010-07-19,True,False,https://handbookapi.aph.gov.au/api/individuals?$filter=PHID eq 'HDA',2026-10-02 08:23:59.813516+10:00,2007-06-19,2011-06-30
srv-hda-43-a64575862268c11f,aph-hda,43,senate,Liberal Party of Australia,LP,,WA,2010-09-28,2013-08-05,True,False,https://handbookapi.aph.gov.au/api/individuals?$filter=PHID eq 'HDA',2026-10-02 08:23:59.813516+10:00,2007-06-19,2016-07-02
srv-hda-44-9465fa0d85def696,aph-hda,44,senate,Liberal Party of Australia,LP,,WA,2013-11-12,2016-05-09,True,False,https://handbookapi.aph.gov.au/api/individuals?$filter=PHID eq 'HDA',2026-10-02 08:23:59.813516+10:00,2011-07-01,2016-07-02
srv-hda-45-b35179b2e9c620f3,aph-hda,45,senate,Liberal Party of Australia,LP,,WA,2016-08-30,2019-04-11,True,False,https://handbookapi.aph.gov.au/api/individuals?$filter=PHID eq 'HDA',2026-10-02 08:23:59.813516+10:00,2016-07-02,2020-11-06
srv-hda-46-e7ce51d59c68d4fb,aph-hda,46,senate,Liberal Party of Australia,LP,,WA,2019-07-02,2020-11-06,True,False,https://handbookapi.aph.gov.au/api/individuals?$filter=PHID eq 'HDA',2026-10-02 08:23:59.813516+10:00,2016-07-02,2020-11-06
srv-hes-42-12d00d170a6c7127,aph-hes,42,senate,Australian Labor Party,ALP,,NSW,2008-07-01,2010-07-19,False,False,https://handbookapi.aph.gov.au/api/individuals?$filter=PHID eq 'HES',2026-10-02 08:23:59.813516+10:00,2008-07-01,2012-03-05
srv-hes-43-9816e9e101c7ca73,aph-hes,43,senate,Australian Labor Party,ALP,,NSW,2010-09-28,2012-03-05,True,False,https://handbookapi.aph.gov.au/api/individuals?$filter=PHID eq 'HES',2026-10-02 08:23:59.813516+10:00,2008-07-01,2012-03-05
srv-hh4-42-b5435a241743199a,aph-hh4,42,representatives,Australian Labor Party,ALP,Scullin,VIC,2008-02-12,2010-07-19,True,False,https://handbookapi.aph.gov.au/api/individuals?$filter=PHID eq 'HH4',2026-10-02 08:23:59.813516+10:00,2007-11-24,2010-08-21
srv-hh4-43-e987894d25561f6b,aph-hh4,43,representatives,Australian Labor Party,ALP,Scullin,VIC,2010-09-28,2013-08-05,True,False,https://handbookapi.aph.gov.au/api/individuals?$filter=PHID eq 'HH4',2026-10-02 08:23:59.813516+10:00,2010-08-21,2013-08-05
srv-hk5-42-a792b86b8123a418,aph-hk5,42,representatives,Liberal Party of Australia,LP,Menzies,VIC,2008-02-12,2010-07-19,True,False,https://handbookapi.aph.gov.au/api/individuals?$filter=PHID eq 'HK5',2026-10-02 08:23:59.813516+10:00,2007-11-24,2010-08-21
srv-hk5-43-2b654bf42047f3a6,aph-hk5,43,representatives,Liberal Party of Australia,LP,Menzies,VIC,2010-09-28,2013-08-05,True,False,https://handbookapi.aph.gov.au/api/individuals?$filter=PHID eq 'HK5',2026-10-02 08:23:59.813516+10:00,2010-08-21,2013-09-07
srv-hk5-44-382fbbf4a3436b81,aph-hk5,44,representatives,Liberal Party of Australia,LP,Menzies,VIC,2013-11-12,2016-05-09,True,False,https://handbookapi.aph.gov.au/api/individuals?$filter=PHID eq 'HK5',2026-10-02 08:23:59.813516+10:00,2013-09-07,2016-07-02
srv-hk5-45-52d7dc66846a4679,aph-hk5,45,representatives,Liberal Party of Australia,LP,Menzies,VIC,2016-08-30,2019-04-11,True,False,https://handbookapi.aph.gov.au/api/individuals?$filter=PHID eq 'HK5',2026-10-02 08:23:59.813516+10:00,2016-07-02,2019-05-18
srv-hk5-46-0978a18bc530b9bf,aph-hk5,46,representatives,Liberal Party of Australia,LP,Menzies,VIC,2019-07-02,2022-04-11,True,False,https://handbookapi.aph.gov.au/api/individuals?$filter=PHID eq 'HK5',2026-10-02 08:23:59.813516+10:00,2019-05-18,2022-04-11
srv-hk6-42-065a0c44479cadb7,aph-hk6,42,representatives,Liberal Party of Australia,LP,Herbert,QLD,2008-02-12,2010-07-19,True,False,https://handbookapi.aph.gov.au/api/individuals?$filter=PHID eq 'HK6',2026-10-02 08:23:59.813516+10:00,2007-11-24,2010-07-19
srv-hll-42-e6ae0c1f476ad59d,aph-hll,42,senate,Liberal Party of Australia,LP,,TAS,2008-02-12,2010-07-19,True,False,https://handbookapi.aph.gov.au/api/individuals?$filter=PHID eq 'HLL',2026-10-02 08:23:59.813516+10:00,2007-08-30,2014-06-30
srv-hll-43-d305a102fc63470f,aph-hll,43,senate,Liberal Party of Australia,LP,,TAS,2010-09-28,2013-08-05,True,False,https://handbookapi.aph.gov.au/api/individuals?$filter=PHID eq 'HLL',2026-10-02 08:23:59.813516+10:00,2008-07-01,2014-06-30
srv-hll-44-0e5fa684227e621e,aph-hll,44,senate,Liberal Party of Australia,LP,,TAS,2013-11-12,2016-05-09,True,False,https://handbookapi.aph.gov.au/api/individuals?$filter=PHID eq 'HLL',2026-10-02 08:23:59.813516+10:00,2008-07-01,2016-07-02
srv-hll-45-8814455541a1d7fc,aph-hll,45,senate,Liberal Party of Australia,LP,,TAS,2016-08-30,2019-01-21,True,False,https://handbookapi.aph.gov.au/api/individuals?$filter=PHID eq 'HLL',2026-10-02 08:23:59.813516+10:00,2016-07-02,2019-01-21
srv-hm5-42-d39c86371f877d08,aph-hm5,42,representatives,Liberal Party of Australia,LP,Kooyong,VIC,2008-02-12,2010-07-19,True,False,https://handbookapi.aph.gov.au/api/individuals?$filter=PHID eq 'HM5',2026-10-02 08:23:59.813516+10:00,2007-11-24,2010-07-19
srv-hri-42-5acd748d79b7206b,aph-hri,42,representatives,Australian Labor Party,ALP,Eden-Monaro,NSW,2008-02-12,2010-07-19,True,False,https://handbookapi.aph.gov.au/api/individuals?$filter=PHID eq 'HRI',2026-10-02 08:23:59.813516+10:00,2007-11-24,2010-08-21
srv-hri-43-d4fd7bff06d78508,aph-hri,43,representatives,Australian Labor Party,ALP,Eden-Monaro,NSW,2010-09-28,2013-08-05,True,False,https://handbookapi.aph.gov.au/api/individuals?$filter=PHID eq 'HRI',2026-10-02 08:23:59.813516+10:00,2010-08-21,2013-09-07
srv-hri-45-cad4ad3b8ebf37db,aph-hri,45,representatives,Australian Labor Party,ALP,Eden-Monaro,NSW,2016-08-30,2019-04-11,True,False,https://handbookapi.aph.gov.au/api/individuals?$filter=PHID eq 'HRI',2026-10-02 08:23:59.813516+10:00,2016-07-02,2019-05-18
srv-hri-46-e46f4be4fb1e417f,aph-hri,46,representatives,Australian Labor Party,ALP,Eden-Monaro,NSW,2019-07-02,2020-04-30,True,False,https://handbookapi.aph.gov.au/api/individuals?$filter=PHID eq 'HRI',2026-10-02 08:23:59.813516+10:00,2019-05-18,2020-04-30
srv-hv4-42-2abd86408d64acf2,aph-hv4,42,representatives,Australian Labor Party,ALP,Kingsford Smith,NSW,2008-02-12,2010-07-19,True,False,https://handbookapi.aph.gov.au/api/individuals?$filter=PHID eq 'HV4',2026-10-02 08:23:59.813516+10:00,2007-11-24,2010-08-21
srv-hv4-43-744b2b5ae5bfd4af,aph-hv4,43,representatives,Australian Labor Party,ALP,Kingsford Smith,NSW,2010-09-28,2013-08-05,True,False,https://handbookapi.aph.gov.au/api/individuals?$filter=PHID eq 'HV4',2026-10-02 08:23:59.813516+10:00,2010-08-21,2013-08-05
srv-hvm-42-545d90423c6a7793,aph-hvm,42,representatives,Australian Labor Party,ALP,Dawson,QLD,2008-02-12,2010-07-19,True,False,https://handbookapi.aph.gov.au/api/individuals?$filter=PHID eq 'HVM',2026-10-02 08:23:59.813516+10:00,2007-11-24,2010-07-19
srv-hvn-42-9d91184067276ffd,aph-hvn,42,representatives,Australian Labor Party,ALP,Petrie,QLD,2008-02-12,2010-07-19,True,False,https://handbookapi.aph.gov.au/api/individuals?$filter=PHID eq 'HVN',2026-10-02 08:23:59.813516+10:00,2007-11-24,2010-08-21
srv-hvn-43-b85deefa8a2dd62e,aph-hvn,43,representatives,Australian Labor Party,ALP,Petrie,QLD,2010-09-28,2013-08-05,True,False,https://handbookapi.aph.gov.au/api/individuals?$filter=PHID eq 'HVN',2026-10-02 08:23:59.813516+10:00,2010-08-21,2013-09-07
srv-hvo-42-4f7251d76598ac4d,aph-hvo,42,representatives,Australian Labor Party,ALP,Blair,QLD,2008-02-12,2010-07-19,True,False,https://handbookapi.aph.gov.au/api/individuals?$filter=PHID eq 'HVO',2026-10-02 08:23:59.813516+10:00,2007-11-24,2010-08-21
srv-hvo-43-84c0586e51e9abbd,aph-hvo,43,representatives,Australian Labor Party,ALP,Blair,QLD,2010-09-28,2013-08-05,True,False,https://handbookapi.aph.gov.au/api/individuals?$filter=PHID eq 'HVO',2026-10-02 08:23:59.813516+10:00,2010-08-21,2013-09-07
srv-hvo-44-6073dae9e0dfa6d6,aph-hvo,44,representatives,Australian Labor Party,ALP,Blair,QLD,2013-11-12,2016-05-09,True,False,https://handbookapi.aph.gov.au/api/individuals?$filter=PHID eq 'HVO',2026-10-02 08:23:59.813516+10:00,2013-09-07,2016-07-02
srv-hvo-45-dfd05a55486cba6f,aph-hvo,45,representatives,Australian Labor Party,ALP,Blair,QLD,2016-08-30,2019-04-11,True,False,https://handbookapi.aph.gov.au/api/individuals?$filter=PHID eq 'HVO',2026-10-02 08:23:59.813516+10:00,2016-07-02,2019-05-18
srv-hvo-46-d845d81cfed8fec2,aph-hvo,46,representatives,Australian Labor Party,ALP,Blair,QLD,2019-07-02,2022-04-11,True,False,https://handbookapi.aph.gov.au/api/individuals?$filter=PHID eq 'HVO',2026-10-02 08:23:59.813516+10:00,2019-05-18,2022-05-21
srv-hvo-47-431a39c7f0a7e31b,aph-hvo,47,representatives,Australian Labor Party,ALP,Blair,QLD,2022-07-26,2025-03-28,True,False,https://handbookapi.aph.gov.au/api/individuals?$filter=PHID eq 'HVO',2026-10-02 08:23:59.813516+10:00,2022-05-21,2025-05-03
srv-hvo-48-d8173a0da7bbefa4,aph-hvo,48,representatives,Australian Labor Party,ALP,Blair,QLD,2025-07-22,,True,True,https://handbookapi.aph.gov.au/api/individuals?$filter=PHID eq 'HVO',2026-10-02 08:23:59.813516+10:00,2025-05-03,2026-09-21
srv-hvp-42-03938f4a52fb95a7,aph-hvp,42,representatives,Australian Labor Party,ALP,Moreton,QLD,2008-02-12,2010-07-19,True,False,https://handbookapi.aph.gov.au/api/individuals?$filter=PHID eq 'HVP',2026-10-02 08:23:59.813516+10:00,2007-11-24,2010-08-21
srv-hvp-43-770f8988b82dd861,aph-hvp,43,representatives,Australian Labor Party,ALP,Moreton,QLD,2010-09-28,2013-08-05,True,False,https://handbookapi.aph.gov.au/api/individuals?$filter=PHID eq 'HVP',2026-10-02 08:23:59.813516+10:00,2010-08-21,2013-09-07
srv-hvp-44-525379e7585dae24,aph-hvp,44,representatives,Australian Labor Party,ALP,Moreton,QLD,2013-11-12,2016-05-09,True,False,https://handbookapi.aph.gov.au/api/individuals?$filter=PHID eq 'HVP',2026-10-02 08:23:59.813516+10:00,2013-09-07,2016-07-02
srv-hvp-45-5eade2f57f7226da,aph-hvp,45,representatives,Australian Labor Party,ALP,Moreton,QLD,2016-08-30,2019-04-11,True,False,https://handbookapi.aph.gov.au/api/individuals?$filter=PHID eq 'HVP',2026-10-02 08:23:59.813516+10:00,2016-07-02,2019-05-18
srv-hvp-46-3e4265552c8760bd,aph-hvp,46,representatives,Australian Labor Party,ALP,Moreton,QLD,2019-07-02,2022-04-11,True,False,https://handbookapi.aph.gov.au/api/individuals?$filter=PHID eq 'HVP',2026-10-02 08:23:59.813516+10:00,2019-05-18,2022-05-21
srv-hvp-47-b150ee4d28fc1553,aph-hvp,47,representatives,Australian Labor Party,ALP,Moreton,QLD,2022-07-26,2025-03-28,True,False,https://handbookapi.aph.gov.au/api/individuals?$filter=PHID eq 'HVP',2026-10-02 08:23:59.813516+10:00,2022-05-21,2025-03-28
srv-hvq-42-1e7cab94f66b5a19,aph-hvq,42,representatives,Australian Labor Party,ALP,Forde,QLD,2008-02-12,2010-07-19,True,False,https://handbookapi.aph.gov.au/api/individuals?$filter=PHID eq 'HVQ',2026-10-02 08:23:59.813516+10:00,2007-11-24,2010-08-21
srv-hvr-42-e488a8a34b65004f,aph-hvr,42,representatives,Australian Labor Party,ALP,Bonner,QLD,2008-02-12,2010-07-19,True,False,https://handbookapi.aph.gov.au/api/individuals?$filter=PHID eq 'HVR',2026-10-02 08:23:59.813516+10:00,2007-11-24,2010-08-21
srv-hvs-42-cc0c6819a9b6872c,aph-hvs,42,representatives,Australian Labor Party,ALP,Longman,QLD,2008-02-12,2010-07-19,True,False,https://handbookapi.aph.gov.au/api/individuals?$filter=PHID eq 'HVS',2026-10-02 08:23:59.813516+10:00,2007-11-24,2010-08-21
srv-hvu-42-e94c57fb56bcf0a2,aph-hvu,42,representatives,Australian Labor Party,ALP,Flynn,QLD,2008-02-12,2010-07-19,True,False,https://handbookapi.aph.gov.au/api/individuals?$filter=PHID eq 'HVU',2026-10-02 08:23:59.813516+10:00,2007-11-24,2010-08-21
srv-hvv-42-6e6b0ece870a6c9a,aph-hvv,42,representatives,Australian Labor Party,ALP,Leichhardt,QLD,2008-02-12,2010-07-19,True,False,https://handbookapi.aph.gov.au/api/individuals?$filter=PHID eq 'HVV',2026-10-02 08:23:59.813516+10:00,2007-11-24,2010-08-21
srv-hvw-42-bcc8fde4826b9bdd,aph-hvw,42,representatives,Australian Labor Party,ALP,Lindsay,NSW,2008-02-12,2010-07-19,True,False,https://handbookapi.aph.gov.au/api/individuals?$filter=PHID eq 'HVW',2026-10-02 08:23:59.813516+10:00,2007-11-24,2010-08-21
srv-hvw-43-159d270ae957ed71,aph-hvw,43,representatives,Australian Labor Party,ALP,Lindsay,NSW,2010-09-28,2013-08-05,True,False,https://handbookapi.aph.gov.au/api/individuals?$filter=PHID eq 'HVW',2026-10-02 08:23:59.813516+10:00,2010-08-21,2013-09-07
srv-hvy-42-8898d8e5ead74466,aph-hvy,42,representatives,Australian Labor Party,ALP,Page,NSW,2008-02-12,2010-07-19,True,False,https://handbookapi.aph.gov.au/api/individuals?$filter=PHID eq 'HVY',2026-10-02 08:23:59.813516+10:00,2007-11-24,2010-08-21
srv-hvy-43-0f31a25bbbc7becb,aph-hvy,43,representatives,Australian Labor Party,ALP,Page,NSW,2010-09-28,2013-08-05,True,False,https://handbookapi.aph.gov.au/api/individuals?$filter=PHID eq 'HVY',2026-10-02 08:23:59.813516+10:00,2010-08-21,2013-09-07
srv-hvz-42-1cf2625eb9e14d48,aph-hvz,42,representatives,Australian Labor Party,ALP,Dobell,NSW,2008-02-12,2010-07-19,True,False,https://handbookapi.aph.gov.au/api/individuals?$filter=PHID eq 'HVZ',2026-10-02 08:23:59.813516+10:00,2007-11-24,2010-08-21
srv-hvz-43-0ea848c1f4d80d5d,aph-hvz,43,representatives,Independent,IND,Dobell,NSW,2012-04-29,2013-08-05,False,False,https://handbookapi.aph.gov.au/api/individuals?$filter=PHID eq 'HVZ',2026-10-02 08:23:59.813516+10:00,2010-08-21,2013-09-07
srv-hvz-43-e2524b153bfb5711,aph-hvz,43,representatives,Australian Labor Party,ALP,Dobell,NSW,2010-09-28,2012-04-28,True,False,https://handbookapi.aph.gov.au/api/individuals?$filter=PHID eq 'HVZ',2026-10-02 08:23:59.813516+10:00,2010-08-21,2013-09-07
srv-hw7-42-8e19bd500b3f3149,aph-hw7,42,representatives,Australian Labor Party,ALP,Corangamite,VIC,2008-02-12,2010-07-19,True,False,https://handbookapi.aph.gov.au/api/individuals?$filter=PHID eq 'HW7',2026-10-02 08:23:59.813516+10:00,2007-11-24,2010-08-21
srv-hw7-43-d3bbd737ae2935c8,aph-hw7,43,representatives,Australian Labor Party,ALP,Corangamite,VIC,2010-09-28,2013-08-05,True,False,https://handbookapi.aph.gov.au/api/individuals?$filter=PHID eq 'HW7',2026-10-02 08:23:59.813516+10:00,2010-08-21,2013-09-07
srv-hw8-42-bebf45d1b93657ac,aph-hw8,42,representatives,Australian Labor Party,ALP,Deakin,VIC,2008-02-12,2010-07-19,True,False,https://handbookapi.aph.gov.au/api/individuals?$filter=PHID eq 'HW8',2026-10-02 08:23:59.813516+10:00,2007-11-24,2010-08-21
srv-hw8-43-b25bb2f85a3d61eb,aph-hw8,43,representatives,Australian Labor Party,ALP,Deakin,VIC,2010-09-28,2013-08-05,True,False,https://handbookapi.aph.gov.au/api/individuals?$filter=PHID eq 'HW8',2026-10-02 08:23:59.813516+10:00,2010-08-21,2013-09-07
srv-hw9-42-b327d97ae0233051,aph-hw9,42,representatives,Australian Labor Party,ALP,Wakefield,SA,2008-02-12,2010-07-19,True,False,https://handbookapi.aph.gov.au/api/individuals?$filter=PHID eq 'HW9',2026-10-02 08:23:59.813516+10:00,2007-11-24,2010-08-21
srv-hw9-43-02a64d6e2bc4a1b4,aph-hw9,43,representatives,Australian Labor Party,ALP,Wakefield,SA,2010-09-28,2013-08-05,True,False,https://handbookapi.aph.gov.au/api/individuals?$filter=PHID eq 'HW9',2026-10-02 08:23:59.813516+10:00,2010-08-21,2013-09-07
srv-hw9-44-f7852ea8a04e3ac2,aph-hw9,44,representatives,Australian Labor Party,ALP,Wakefield,SA,2013-11-12,2016-05-09,True,False,https://handbookapi.aph.gov.au/api/individuals?$filter=PHID eq 'HW9',2026-10-02 08:23:59.813516+10:00,2013-09-07,2016-07-02
srv-hw9-45-379f1753e3c1ff00,aph-hw9,45,representatives,Australian Labor Party,ALP,Wakefield,SA,2016-08-30,2019-04-11,True,False,https://handbookapi.aph.gov.au/api/individuals?$filter=PHID eq 'HW9',2026-10-02 08:23:59.813516+10:00,2016-07-02,2019-05-18
srv-hw9-46-3dc6030e102a5a79,aph-hw9,46,representatives,Australian Labor Party,ALP,Spence,SA,2019-07-02,2022-02-22,True,False,https://handbookapi.aph.gov.au/api/individuals?$filter=PHID eq 'HW9',2026-10-02 08:23:59.813516+10:00,2019-05-18,2022-02-22
srv-hwa-42-4b596b7d015b442b,aph-hwa,42,representatives,Australian Labor Party,ALP,Kingston,SA,2008-02-12,2010-07-19,True,False,https://handbookapi.aph.gov.au/api/individuals?$filter=PHID eq 'HWA',2026-10-02 08:23:59.813516+10:00,2007-11-24,2010-08-21
srv-hwa-43-2b7f4b57380ae076,aph-hwa,43,representatives,Australian Labor Party,ALP,Kingston,SA,2010-09-28,2013-08-05,True,False,https://handbookapi.aph.gov.au/api/individuals?$filter=PHID eq 'HWA',2026-10-02 08:23:59.813516+10:00,2010-08-21,2013-09-07
srv-hwa-44-17b1cb36ee72496a,aph-hwa,44,representatives,Australian Labor Party,ALP,Kingston,SA,2013-11-12,2016-05-09,True,False,https://handbookapi.aph.gov.au/api/individuals?$filter=PHID eq 'HWA',2026-10-02 08:23:59.813516+10:00,2013-09-07,2016-07-02
srv-hwa-45-32f5c7ed0a7973e1,aph-hwa,45,representatives,Australian Labor Party,ALP,Kingston,SA,2016-08-30,2019-04-11,True,False,https://handbookapi.aph.gov.au/api/individuals?$filter=PHID eq 'HWA',2026-10-02 08:23:59.813516+10:00,2016-07-02,2019-05-18
srv-hwa-46-1f4ada9de38fc2e6,aph-hwa,46,representatives,Australian Labor Party,ALP,Kingston,SA,2019-07-02,2022-04-11,True,False,https://handbookapi.aph.gov.au/api/individuals?$filter=PHID eq 'HWA',2026-10-02 08:23:59.813516+10:00,2019-05-18,2022-05-21
srv-hwa-47-2182a79e8dfee2ff,aph-hwa,47,representatives,Australian Labor Party,ALP,Kingston,SA,2022-07-26,2025-03-28,True,False,https://handbookapi.aph.gov.au/api/individuals?$filter=PHID eq 'HWA',2026-10-02 08:23:59.813516+10:00,2022-05-21,2025-05-03
srv-hwa-48-cd774623d3d4bd51,aph-hwa,48,representatives,Australian Labor Party,ALP,Kingston,SA,2025-07-22,,True,True,https://handbookapi.aph.gov.au/api/individuals?$filter=PHID eq 'HWA',2026-10-02 08:23:59.813516+10:00,2025-05-03,2026-09-21
srv-hwb-42-c8b67ac9b08f5ca3,aph-hwb,42,representatives,Australian Labor Party,ALP,Makin,SA,2008-02-12,2010-07-19,True,False,https://handbookapi.aph.gov.au/api/individuals?$filter=PHID eq 'HWB',2026-10-02 08:23:59.813516+10:00,2007-11-24,2010-08-21
srv-hwb-43-ffc5c41cbccd8629,aph-hwb,43,representatives,Australian Labor Party,ALP,Makin,SA,2010-09-28,2013-08-05,True,False,https://handbookapi.aph.gov.au/api/individuals?$filter=PHID eq 'HWB',2026-10-02 08:23:59.813516+10:00,2010-08-21,2013-09-07
srv-hwb-44-8796ede3cb229e01,aph-hwb,44,representatives,Australian Labor Party,ALP,Makin,SA,2013-11-12,2016-05-09,True,False,https://handbookapi.aph.gov.au/api/individuals?$filter=PHID eq 'HWB',2026-10-02 08:23:59.813516+10:00,2013-09-07,2016-07-02
srv-hwb-45-3fdc61f316273d00,aph-hwb,45,representatives,Australian Labor Party,ALP,Makin,SA,2016-08-30,2019-04-11,True,False,https://handbookapi.aph.gov.au/api/individuals?$filter=PHID eq 'HWB',2026-10-02 08:23:59.813516+10:00,2016-07-02,2019-05-18
srv-hwb-46-fe52578858107fef,aph-hwb,46,representatives,Australian Labor Party,ALP,Makin,SA,2019-07-02,2022-04-11,True,False,https://handbookapi.aph.gov.au/api/individuals?$filter=PHID eq 'HWB',2026-10-02 08:23:59.813516+10:00,2019-05-18,2022-05-21
srv-hwb-47-e12bc02a2004afb2,aph-hwb,47,representatives,Australian Labor Party,ALP,Makin,SA,2022-07-26,2025-03-28,True,False,https://handbookapi.aph.gov.au/api/individuals?$filter=PHID eq 'HWB',2026-10-02 08:23:59.813516+10:00,2022-05-21,2025-05-03
srv-hwb-48-81f20f7318e82dc8,aph-hwb,48,representatives,Australian Labor Party,ALP,Makin,SA,2025-07-22,,True,True,https://handbookapi.aph.gov.au/api/individuals?$filter=PHID eq 'HWB',2026-10-02 08:23:59.813516+10:00,2025-05-03,2026-09-21
srv-hwc-42-90913cabe93cba0b,aph-hwc,42,representatives,Australian Labor Party,ALP,Bass,TAS,2008-02-12,2010-07-19,True,False,https://handbookapi.aph.gov.au/api/individuals?$filter=PHID eq 'HWC',2026-10-02 08:23:59.813516+10:00,2007-11-24,2010-07-19
srv-hwd-42-b69ac4b8bc421ca8,aph-hwd,42,representatives,Australian Labor Party,ALP,Solomon,NT,2008-02-12,2010-07-19,True,False,https://handbookapi.aph.gov.au/api/individuals?$filter=PHID eq 'HWD',2026-10-02 08:23:59.813516+10:00,2007-11-24,2010-08-21
srv-hwe-42-67554514b33845c0,aph-hwe,42,representatives,Liberal Party of Australia,LP,Cowan,WA,2008-02-12,2010-07-19,True,False,https://handbookapi.aph.gov.au/api/individuals?$filter=PHID eq 'HWE',2026-10-02 08:23:59.813516+10:00,2007-11-24,2010-08-21
srv-hwe-43-6472434623aca1eb,aph-hwe,43,representatives,Liberal Party of Australia,LP,Cowan,WA,2010-09-28,2013-08-05,True,False,https://handbookapi.aph.gov.au/api/individuals?$filter=PHID eq 'HWE',2026-10-02 08:23:59.813516+10:00,2010-08-21,2013-09-07
srv-hwe-44-8826cba80447f318,aph-hwe,44,representatives,Liberal Party of Australia,LP,Cowan,WA,2013-11-12,2016-05-09,True,False,https://handbookapi.aph.gov.au/api/individuals?$filter=PHID eq 'HWE',2026-10-02 08:23:59.813516+10:00,2013-09-07,2016-07-02
srv-hwg-42-ad0e887f1e3ebed5,aph-hwg,42,representatives,Australian Labor Party,ALP,Isaacs,VIC,2008-02-12,2010-07-19,True,False,https://handbookapi.aph.gov.au/api/individuals?$filter=PHID eq 'HWG',2026-10-02 08:23:59.813516+10:00,2007-11-24,2010-08-21
srv-hwg-43-1aec1118088f7ce9,aph-hwg,43,representatives,Australian Labor Party,ALP,Isaacs,VIC,2010-09-28,2013-08-05,True,False,https://handbookapi.aph.gov.au/api/individuals?$filter=PHID eq 'HWG',2026-10-02 08:23:59.813516+10:00,2010-08-21,2013-09-07
srv-hwg-44-7efbbd723d4bc3b7,aph-hwg,44,representatives,Australian Labor Party,ALP,Isaacs,VIC,2013-11-12,2016-05-09,True,False,https://handbookapi.aph.gov.au/api/individuals?$filter=PHID eq 'HWG',2026-10-02 08:23:59.813516+10:00,2013-09-07,2016-07-02
srv-hwg-45-db1bc312041c9aa7,aph-hwg,45,representatives,Australian Labor Party,ALP,Isaacs,VIC,2016-08-30,2019-04-11,True,False,https://handbookapi.aph.gov.au/api/individuals?$filter=PHID eq 'HWG',2026-10-02 08:23:59.813516+10:00,2016-07-02,2019-05-18
srv-hwg-46-5fc0156e4cdcf3b2,aph-hwg,46,representatives,Australian Labor Party,ALP,Isaacs,VIC,2019-07-02,2022-04-11,True,False,https://handbookapi.aph.gov.au/api/individuals?$filter=PHID eq 'HWG',2026-10-02 08:23:59.813516+10:00,2019-05-18,2022-05-21
srv-hwg-47-53bf54c9e23b196b,aph-hwg,47,representatives,Australian Labor Party,ALP,Isaacs,VIC,2022-07-26,2025-03-28,True,False,https://handbookapi.aph.gov.au/api/individuals?$filter=PHID eq 'HWG',2026-10-02 08:23:59.813516+10:00,2022-05-21,2025-05-03
srv-hwg-48-64888087be1d7729,aph-hwg,48,representatives,Australian Labor Party,ALP,Isaacs,VIC,2025-07-22,,True,True,https://handbookapi.aph.gov.au/api/individuals?$filter=PHID eq 'HWG',2026-10-02 08:23:59.813516+10:00,2025-05-03,2026-09-21
srv-hwk-42-cd80f1fa183f9c6c,aph-hwk,42,representatives,Australian Labor Party,ALP,Port Adelaide,SA,2008-02-12,2010-07-19,True,False,https://handbookapi.aph.gov.au/api/individuals?$filter=PHID eq 'HWK',2026-10-02 08:23:59.813516+10:00,2007-11-24,2010-08-21
srv-hwk-43-eb8cbc39ef7e45ac,aph-hwk,43,representatives,Australian Labor Party,ALP,Port Adelaide,SA,2010-09-28,2013-08-05,True,False,https://handbookapi.aph.gov.au/api/individuals?$filter=PHID eq 'HWK',2026-10-02 08:23:59.813516+10:00,2010-08-21,2014-04-05
srv-hwk-44-d1a112a6fbfff1f2,aph-hwk,44,representatives,Australian Labor Party,ALP,Port Adelaide,SA,2013-11-12,2016-05-09,True,False,https://handbookapi.aph.gov.au/api/individuals?$filter=PHID eq 'HWK',2026-10-02 08:23:59.813516+10:00,2010-08-21,2016-07-02
srv-hwk-45-ee98923faf12cfbc,aph-hwk,45,representatives,Australian Labor Party,ALP,Port Adelaide,SA,2016-08-30,2019-04-11,True,False,https://handbookapi.aph.gov.au/api/individuals?$filter=PHID eq 'HWK',2026-10-02 08:23:59.813516+10:00,2016-07-02,2019-05-18
srv-hwk-46-ef8820c29d6f3d0a,aph-hwk,46,representatives,Australian Labor Party,ALP,Hindmarsh,SA,2019-07-02,2022-04-11,True,False,https://handbookapi.aph.gov.au/api/individuals?$filter=PHID eq 'HWK',2026-10-02 08:23:59.813516+10:00,2019-05-18,2022-05-21
srv-hwk-47-1cc8689e5ce9b00d,aph-hwk,47,representatives,Australian Labor Party,ALP,Hindmarsh,SA,2022-07-26,2025-03-28,True,False,https://handbookapi.aph.gov.au/api/individuals?$filter=PHID eq 'HWK',2026-10-02 08:23:59.813516+10:00,2022-05-21,2025-05-03
srv-hwk-48-b1b20fe9768b660c,aph-hwk,48,representatives,Australian Labor Party,ALP,Hindmarsh,SA,2025-07-22,,True,True,https://handbookapi.aph.gov.au/api/individuals?$filter=PHID eq 'HWK',2026-10-02 08:23:59.813516+10:00,2025-05-03,2026-09-21
srv-hwl-42-eba5ab5d73a791f7,aph-hwl,42,representatives,Australian Labor Party,ALP,Blaxland,NSW,2008-02-12,2010-07-19,True,False,https://handbookapi.aph.gov.au/api/individuals?$filter=PHID eq 'HWL',2026-10-02 08:23:59.813516+10:00,2007-11-24,2010-08-21
srv-hwl-43-509f546d72a9bd7b,aph-hwl,43,representatives,Australian Labor Party,ALP,Blaxland,NSW,2010-09-28,2013-08-05,True,False,https://handbookapi.aph.gov.au/api/individuals?$filter=PHID eq 'HWL',2026-10-02 08:23:59.813516+10:00,2010-08-21,2013-09-07
srv-hwl-44-c55692f5441fd560,aph-hwl,44,representatives,Australian Labor Party,ALP,Blaxland,NSW,2013-11-12,2016-05-09,True,False,https://handbookapi.aph.gov.au/api/individuals?$filter=PHID eq 'HWL',2026-10-02 08:23:59.813516+10:00,2013-09-07,2016-07-02
srv-hwl-45-24e903b20ddafd91,aph-hwl,45,representatives,Australian Labor Party,ALP,Blaxland,NSW,2016-08-30,2019-04-11,True,False,https://handbookapi.aph.gov.au/api/individuals?$filter=PHID eq 'HWL',2026-10-02 08:23:59.813516+10:00,2016-07-02,2019-05-18
srv-hwl-46-d2b6448f6dd3e5de,aph-hwl,46,representatives,Australian Labor Party,ALP,Blaxland,NSW,2019-07-02,2022-04-11,True,False,https://handbookapi.aph.gov.au/api/individuals?$filter=PHID eq 'HWL',2026-10-02 08:23:59.813516+10:00,2019-05-18,2022-05-21
srv-hwl-47-8d46e1f437505aa3,aph-hwl,47,representatives,Australian Labor Party,ALP,Blaxland,NSW,2022-07-26,2025-03-28,True,False,https://handbookapi.aph.gov.au/api/individuals?$filter=PHID eq 'HWL',2026-10-02 08:23:59.813516+10:00,2022-05-21,2025-05-03
srv-hwl-48-93b668709afc5e55,aph-hwl,48,representatives,Australian Labor Party,ALP,Blaxland,NSW,2025-07-22,,True,True,https://handbookapi.aph.gov.au/api/individuals?$filter=PHID eq 'HWL',2026-10-02 08:23:59.813516+10:00,2025-05-03,2026-09-21
srv-hwm-42-a2a574e50d8c8452,aph-hwm,42,representatives,Australian Labor Party,ALP,Franklin,TAS,2008-02-12,2010-07-19,True,False,https://handbookapi.aph.gov.au/api/individuals?$filter=PHID eq 'HWM',2026-10-02 08:23:59.813516+10:00,2007-11-24,2010-08-21
srv-hwm-43-7c927b55b9b38fff,aph-hwm,43,representatives,Australian Labor Party,ALP,Franklin,TAS,2010-09-28,2013-08-05,True,False,https://handbookapi.aph.gov.au/api/individuals?$filter=PHID eq 'HWM',2026-10-02 08:23:59.813516+10:00,2010-08-21,2013-09-07
srv-hwm-44-2a6faa0c885b9ce4,aph-hwm,44,representatives,Australian Labor Party,ALP,Franklin,TAS,2013-11-12,2016-05-09,True,False,https://handbookapi.aph.gov.au/api/individuals?$filter=PHID eq 'HWM',2026-10-02 08:23:59.813516+10:00,2013-09-07,2016-07-02
srv-hwm-45-68fee1bda209a2a7,aph-hwm,45,representatives,Australian Labor Party,ALP,Franklin,TAS,2016-08-30,2019-04-11,True,False,https://handbookapi.aph.gov.au/api/individuals?$filter=PHID eq 'HWM',2026-10-02 08:23:59.813516+10:00,2016-07-02,2019-05-18
srv-hwm-46-3e1a05d82d9d5a0b,aph-hwm,46,representatives,Australian Labor Party,ALP,Franklin,TAS,2019-07-02,2022-04-11,True,False,https://handbookapi.aph.gov.au/api/individuals?$filter=PHID eq 'HWM',2026-10-02 08:23:59.813516+10:00,2019-05-18,2022-05-21
srv-hwm-47-b3d4e68bb89ef9bf,aph-hwm,47,representatives,Australian Labor Party,ALP,Franklin,TAS,2022-07-26,2025-03-28,True,False,https://handbookapi.aph.gov.au/api/individuals?$filter=PHID eq 'HWM',2026-10-02 08:23:59.813516+10:00,2022-05-21,2025-05-03
srv-hwm-48-1f725ace81baa86f,aph-hwm,48,representatives,Australian Labor Party,ALP,Franklin,TAS,2025-07-22,,True,True,https://handbookapi.aph.gov.au/api/individuals?$filter=PHID eq 'HWM',2026-10-02 08:23:59.813516+10:00,2025-05-03,2026-09-21
srv-hwn-42-b1921b3cf826c492,aph-hwn,42,representatives,The Nationals,NP,Parkes,NSW,2008-02-12,2010-07-19,True,False,https://handbookapi.aph.gov.au/api/individuals?$filter=PHID eq 'HWN',2026-10-02 08:23:59.813516+10:00,2007-11-24,2010-08-21
srv-hwn-43-efa7500cb5690669,aph-hwn,43,representatives,The Nationals,NP,Parkes,NSW,2010-09-28,2013-08-05,True,False,https://handbookapi.aph.gov.au/api/individuals?$filter=PHID eq 'HWN',2026-10-02 08:23:59.813516+10:00,2010-08-21,2013-09-07
srv-hwn-44-7ba083bc5e84f13c,aph-hwn,44,representatives,The Nationals,NP,Parkes,NSW,2013-11-12,2016-05-09,True,False,https://handbookapi.aph.gov.au/api/individuals?$filter=PHID eq 'HWN',2026-10-02 08:23:59.813516+10:00,2013-09-07,2016-07-02
srv-hwn-45-b8d67be7a49478d4,aph-hwn,45,representatives,The Nationals,NP,Parkes,NSW,2016-08-30,2019-04-11,True,False,https://handbookapi.aph.gov.au/api/individuals?$filter=PHID eq 'HWN',2026-10-02 08:23:59.813516+10:00,2016-07-02,2019-05-18
srv-hwn-46-5a609f10a158c2c7,aph-hwn,46,representatives,The Nationals,NP,Parkes,NSW,2019-07-02,2022-04-11,True,False,https://handbookapi.aph.gov.au/api/individuals?$filter=PHID eq 'HWN',2026-10-02 08:23:59.813516+10:00,2019-05-18,2022-05-21
srv-hwn-47-45047157c7c7695c,aph-hwn,47,representatives,The Nationals,NP,Parkes,NSW,2022-07-26,2025-03-28,True,False,https://handbookapi.aph.gov.au/api/individuals?$filter=PHID eq 'HWN',2026-10-02 08:23:59.813516+10:00,2022-05-21,2025-03-28
srv-hwo-42-dbc8c2524caa18ae,aph-hwo,42,representatives,Liberal Party of Australia,LP,Mitchell,NSW,2008-02-12,2010-07-19,True,False,https://handbookapi.aph.gov.au/api/individuals?$filter=PHID eq 'HWO',2026-10-02 08:23:59.813516+10:00,2007-11-24,2010-08-21
srv-hwo-43-ce163489a46020b3,aph-hwo,43,representatives,Liberal Party of Australia,LP,Mitchell,NSW,2010-09-28,2013-08-05,True,False,https://handbookapi.aph.gov.au/api/individuals?$filter=PHID eq 'HWO',2026-10-02 08:23:59.813516+10:00,2010-08-21,2013-09-07
srv-hwo-44-0e5524b50aa40dab,aph-hwo,44,representatives,Liberal Party of Australia,LP,Mitchell,NSW,2013-11-12,2016-05-09,True,False,https://handbookapi.aph.gov.au/api/individuals?$filter=PHID eq 'HWO',2026-10-02 08:23:59.813516+10:00,2013-09-07,2016-07-02
srv-hwo-45-585c2df12a29e138,aph-hwo,45,representatives,Liberal Party of Australia,LP,Mitchell,NSW,2016-08-30,2019-04-11,True,False,https://handbookapi.aph.gov.au/api/individuals?$filter=PHID eq 'HWO',2026-10-02 08:23:59.813516+10:00,2016-07-02,2019-05-18
srv-hwo-46-4aa53c07f2670ca9,aph-hwo,46,representatives,Liberal Party of Australia,LP,Mitchell,NSW,2019-07-02,2022-04-11,True,False,https://handbookapi.aph.gov.au/api/individuals?$filter=PHID eq 'HWO',2026-10-02 08:23:59.813516+10:00,2019-05-18,2022-05-21
srv-hwo-47-d36a8900d7868124,aph-hwo,47,representatives,Liberal Party of Australia,LP,Mitchell,NSW,2022-07-26,2025-03-28,True,False,https://handbookapi.aph.gov.au/api/individuals?$filter=PHID eq 'HWO',2026-10-02 08:23:59.813516+10:00,2022-05-21,2025-05-03
srv-hwo-48-bffccf73ec440a9d,aph-hwo,48,representatives,Liberal Party of Australia,LP,Mitchell,NSW,2025-07-22,,True,True,https://handbookapi.aph.gov.au/api/individuals?$filter=PHID eq 'HWO',2026-10-02 08:23:59.813516+10:00,2025-05-03,2026-09-21
srv-hwp-42-3976fadd5be132ef,aph-hwp,42,representatives,Liberal Party of Australia,LP,Forrest,WA,2008-02-12,2010-07-19,True,False,https://handbookapi.aph.gov.au/api/individuals?$filter=PHID eq 'HWP',2026-10-02 08:23:59.813516+10:00,2007-11-24,2010-08-21
srv-hwp-43-0494bc2ead152296,aph-hwp,43,representatives,Liberal Party of Australia,LP,Forrest,WA,2010-09-28,2013-08-05,True,False,https://handbookapi.aph.gov.au/api/individuals?$filter=PHID eq 'HWP',2026-10-02 08:23:59.813516+10:00,2010-08-21,2013-09-07
srv-hwp-44-0d1cfbe9392140d3,aph-hwp,44,representatives,Liberal Party of Australia,LP,Forrest,WA,2013-11-12,2016-05-09,True,False,https://handbookapi.aph.gov.au/api/individuals?$filter=PHID eq 'HWP',2026-10-02 08:23:59.813516+10:00,2013-09-07,2016-07-02
srv-hwp-45-82136a5182bfb9d7,aph-hwp,45,representatives,Liberal Party of Australia,LP,Forrest,WA,2016-08-30,2019-04-11,True,False,https://handbookapi.aph.gov.au/api/individuals?$filter=PHID eq 'HWP',2026-10-02 08:23:59.813516+10:00,2016-07-02,2019-05-18
srv-hwp-46-0a4408447e0f7cd6,aph-hwp,46,representatives,Liberal Party of Australia,LP,Forrest,WA,2019-07-02,2022-04-11,True,False,https://handbookapi.aph.gov.au/api/individuals?$filter=PHID eq 'HWP',2026-10-02 08:23:59.813516+10:00,2019-05-18,2022-05-21
srv-hwp-47-768ad08d23c3aaeb,aph-hwp,47,representatives,Liberal Party of Australia,LP,Forrest,WA,2022-07-26,2025-03-28,True,False,https://handbookapi.aph.gov.au/api/individuals?$filter=PHID eq 'HWP',2026-10-02 08:23:59.813516+10:00,2022-05-21,2025-03-28
srv-hwq-42-e498fd7ee9cb0263,aph-hwq,42,representatives,Australian Labor Party,ALP,Corio,VIC,2008-02-12,2010-07-19,True,False,https://handbookapi.aph.gov.au/api/individuals?$filter=PHID eq 'HWQ',2026-10-02 08:23:59.813516+10:00,2007-11-24,2010-08-21
srv-hwq-43-32a525314f4bd3ab,aph-hwq,43,representatives,Australian Labor Party,ALP,Corio,VIC,2010-09-28,2013-08-05,True,False,https://handbookapi.aph.gov.au/api/individuals?$filter=PHID eq 'HWQ',2026-10-02 08:23:59.813516+10:00,2010-08-21,2013-09-07
srv-hwq-44-22f08f0ec5b975e8,aph-hwq,44,representatives,Australian Labor Party,ALP,Corio,VIC,2013-11-12,2016-05-09,True,False,https://handbookapi.aph.gov.au/api/individuals?$filter=PHID eq 'HWQ',2026-10-02 08:23:59.813516+10:00,2013-09-07,2016-07-02
srv-hwq-45-893d1eb1992b48a3,aph-hwq,45,representatives,Australian Labor Party,ALP,Corio,VIC,2016-08-30,2019-04-11,True,False,https://handbookapi.aph.gov.au/api/individuals?$filter=PHID eq 'HWQ',2026-10-02 08:23:59.813516+10:00,2016-07-02,2019-05-18
srv-hwq-46-da2f0132a7608d80,aph-hwq,46,representatives,Australian Labor Party,ALP,Corio,VIC,2019-07-02,2022-04-11,True,False,https://handbookapi.aph.gov.au/api/individuals?$filter=PHID eq 'HWQ',2026-10-02 08:23:59.813516+10:00,2019-05-18,2022-05-21
srv-hwq-47-a0a4b377b71159e5,aph-hwq,47,representatives,Australian Labor Party,ALP,Corio,VIC,2022-07-26,2025-03-28,True,False,https://handbookapi.aph.gov.au/api/individuals?$filter=PHID eq 'HWQ',2026-10-02 08:23:59.813516+10:00,2022-05-21,2025-05-03
srv-hwq-48-11e782178a038df2,aph-hwq,48,representatives,Australian Labor Party,ALP,Corio,VIC,2025-07-22,,True,True,https://handbookapi.aph.gov.au/api/individuals?$filter=PHID eq 'HWQ',2026-10-02 08:23:59.813516+10:00,2025-05-03,2026-09-21
srv-hwr-42-8af4aa8c7dd2d01a,aph-hwr,42,representatives,Australian Labor Party,ALP,Fremantle,WA,2008-02-12,2010-07-19,True,False,https://handbookapi.aph.gov.au/api/individuals?$filter=PHID eq 'HWR',2026-10-02 08:23:59.813516+10:00,2007-11-24,2010-08-21
srv-hwr-43-2a0596c49daf86b6,aph-hwr,43,representatives,Australian Labor Party,ALP,Fremantle,WA,2010-09-28,2013-08-05,True,False,https://handbookapi.aph.gov.au/api/individuals?$filter=PHID eq 'HWR',2026-10-02 08:23:59.813516+10:00,2010-08-21,2013-09-07
srv-hwr-44-0acf737897ad2b89,aph-hwr,44,representatives,Australian Labor Party,ALP,Fremantle,WA,2013-11-12,2016-05-09,True,False,https://handbookapi.aph.gov.au/api/individuals?$filter=PHID eq 'HWR',2026-10-02 08:23:59.813516+10:00,2013-09-07,2016-05-09
srv-hws-42-87893c277045b47d,aph-hws,42,representatives,Liberal Party of Australia,LP,Grey,SA,2008-02-12,2010-07-19,True,False,https://handbookapi.aph.gov.au/api/individuals?$filter=PHID eq 'HWS',2026-10-02 08:23:59.813516+10:00,2007-11-24,2010-08-21
srv-hws-43-88342c5bffa23730,aph-hws,43,representatives,Liberal Party of Australia,LP,Grey,SA,2010-09-28,2013-08-05,True,False,https://handbookapi.aph.gov.au/api/individuals?$filter=PHID eq 'HWS',2026-10-02 08:23:59.813516+10:00,2010-08-21,2013-09-07
srv-hws-44-e1687cea11765363,aph-hws,44,representatives,Liberal Party of Australia,LP,Grey,SA,2013-11-12,2016-05-09,True,False,https://handbookapi.aph.gov.au/api/individuals?$filter=PHID eq 'HWS',2026-10-02 08:23:59.813516+10:00,2013-09-07,2016-07-02
srv-hws-45-e54e7c8a25900892,aph-hws,45,representatives,Liberal Party of Australia,LP,Grey,SA,2016-08-30,2019-04-11,True,False,https://handbookapi.aph.gov.au/api/individuals?$filter=PHID eq 'HWS',2026-10-02 08:23:59.813516+10:00,2016-07-02,2019-05-18
srv-hws-46-adddd50f3262bdde,aph-hws,46,representatives,Liberal Party of Australia,LP,Grey,SA,2019-07-02,2022-04-11,True,False,https://handbookapi.aph.gov.au/api/individuals?$filter=PHID eq 'HWS',2026-10-02 08:23:59.813516+10:00,2019-05-18,2022-05-21
srv-hws-47-9ea2cdf266072ecb,aph-hws,47,representatives,Liberal Party of Australia,LP,Grey,SA,2022-07-26,2025-03-28,True,False,https://handbookapi.aph.gov.au/api/individuals?$filter=PHID eq 'HWS',2026-10-02 08:23:59.813516+10:00,2022-05-21,2025-03-28
srv-hwt-42-387bb905b3081e08,aph-hwt,42,representatives,Liberal Party of Australia,LP,Fadden,QLD,2008-02-12,2010-07-19,True,False,https://handbookapi.aph.gov.au/api/individuals?$filter=PHID eq 'HWT',2026-10-02 08:23:59.813516+10:00,2007-11-24,2010-08-21
srv-hwt-43-6ee2c9caa5263994,aph-hwt,43,representatives,Liberal Party of Australia,LP,Fadden,QLD,2010-09-28,2013-08-05,True,False,https://handbookapi.aph.gov.au/api/individuals?$filter=PHID eq 'HWT',2026-10-02 08:23:59.813516+10:00,2010-08-21,2013-09-07
srv-hwt-44-b00a175fe699d29e,aph-hwt,44,representatives,Liberal Party of Australia,LP,Fadden,QLD,2013-11-12,2016-05-09,True,False,https://handbookapi.aph.gov.au/api/individuals?$filter=PHID eq 'HWT',2026-10-02 08:23:59.813516+10:00,2013-09-07,2016-07-02
srv-hwt-45-d4b2b3528e09a474,aph-hwt,45,representatives,Liberal Party of Australia,LP,Fadden,QLD,2016-08-30,2019-04-11,True,False,https://handbookapi.aph.gov.au/api/individuals?$filter=PHID eq 'HWT',2026-10-02 08:23:59.813516+10:00,2016-07-02,2019-05-18
srv-hwt-46-0aecd9eaabe7323f,aph-hwt,46,representatives,Liberal Party of Australia,LP,Fadden,QLD,2019-07-02,2022-04-11,True,False,https://handbookapi.aph.gov.au/api/individuals?$filter=PHID eq 'HWT',2026-10-02 08:23:59.813516+10:00,2019-05-18,2022-05-21
srv-hwt-47-57a888119b29d843,aph-hwt,47,representatives,Liberal Party of Australia,LP,Fadden,QLD,2022-07-26,2023-05-18,True,False,https://handbookapi.aph.gov.au/api/individuals?$filter=PHID eq 'HWT',2026-10-02 08:23:59.813516+10:00,2022-05-21,2023-05-18
srv-hx4-42-c8f56b8eb2395379,aph-hx4,42,representatives,Independent,IND,Kennedy,QLD,2008-02-12,2010-07-19,True,False,https://handbookapi.aph.gov.au/api/individuals?$filter=PHID eq 'HX4',2026-10-02 08:23:59.813516+10:00,2007-11-24,2010-08-21
srv-hx4-43-c6e97d344b1a3fe5,aph-hx4,43,representatives,Katter's Australian Party,KAP,Kennedy,QLD,2011-09-27,2013-08-05,False,False,https://handbookapi.aph.gov.au/api/individuals?$filter=PHID eq 'HX4',2026-10-02 08:23:59.813516+10:00,2010-08-21,2013-09-07
srv-hx4-43-e252043ad994f501,aph-hx4,43,representatives,Independent,IND,Kennedy,QLD,2010-09-28,2011-09-26,True,False,https://handbookapi.aph.gov.au/api/individuals?$filter=PHID eq 'HX4',2026-10-02 08:23:59.813516+10:00,2010-08-21,2013-09-07
srv-hx4-44-ffab61e24cf9ae76,aph-hx4,44,representatives,Katter's Australian Party,KAP,Kennedy,QLD,2013-11-12,2016-05-09,True,False,https://handbookapi.aph.gov.au/api/individuals?$filter=PHID eq 'HX4',2026-10-02 08:23:59.813516+10:00,2013-09-07,2016-07-02
srv-hx4-45-0bd6dde7573dade9,aph-hx4,45,representatives,Katter's Australian Party,KAP,Kennedy,QLD,2016-08-30,2019-04-11,True,False,https://handbookapi.aph.gov.au/api/individuals?$filter=PHID eq 'HX4',2026-10-02 08:23:59.813516+10:00,2016-07-02,2019-05-18
srv-hx4-46-d70fee4e6f751ae1,aph-hx4,46,representatives,Katter's Australian Party,KAP,Kennedy,QLD,2019-07-02,2022-04-11,True,False,https://handbookapi.aph.gov.au/api/individuals?$filter=PHID eq 'HX4',2026-10-02 08:23:59.813516+10:00,2019-05-18,2022-05-21
srv-hx4-47-f928359305ecb599,aph-hx4,47,representatives,Katter's Australian Party,KAP,Kennedy,QLD,2022-07-26,2025-03-28,True,False,https://handbookapi.aph.gov.au/api/individuals?$filter=PHID eq 'HX4',2026-10-02 08:23:59.813516+10:00,2022-05-21,2025-05-03
srv-hx4-48-bef778445f8cc051,aph-hx4,48,representatives,Katter's Australian Party,KAP,Kennedy,QLD,2025-07-22,,True,True,https://handbookapi.aph.gov.au/api/individuals?$filter=PHID eq 'HX4',2026-10-02 08:23:59.813516+10:00,2025-05-03,2026-09-21
srv-hyg-44-6b064eab52a575b1,aph-hyg,44,senate,Family First,FFP,,SA,2014-07-01,2016-05-09,False,False,https://handbookapi.aph.gov.au/api/individuals?$filter=PHID eq 'HYG',2026-10-02 08:23:59.813516+10:00,2014-07-01,2016-07-01
srv-hyg-45-b74779c5771dc291,aph-hyg,45,senate,Family First,FFP,,SA,2016-08-30,2016-11-01,True,False,https://handbookapi.aph.gov.au/api/individuals?$filter=PHID eq 'HYG',2026-10-02 08:23:59.813516+10:00,2016-07-02,2016-11-01
srv-hym-42-06dcd46acb2ddb4e,aph-hym,42,representatives,Liberal Party of Australia,LP,Swan,WA,2008-02-12,2010-07-19,True,False,https://handbookapi.aph.gov.au/api/individuals?$filter=PHID eq 'HYM',2026-10-02 08:23:59.813516+10:00,2007-11-24,2010-08-21
srv-hym-43-160a4c44c5cca2e5,aph-hym,43,representatives,Liberal Party of Australia,LP,Swan,WA,2010-09-28,2013-08-05,True,False,https://handbookapi.aph.gov.au/api/individuals?$filter=PHID eq 'HYM',2026-10-02 08:23:59.813516+10:00,2010-08-21,2013-09-07
srv-hym-44-09dbfd51f3fb4549,aph-hym,44,representatives,Liberal Party of Australia,LP,Swan,WA,2013-11-12,2016-05-09,True,False,https://handbookapi.aph.gov.au/api/individuals?$filter=PHID eq 'HYM',2026-10-02 08:23:59.813516+10:00,2013-09-07,2016-07-02
srv-hym-45-384db0ed6ef2f814,aph-hym,45,representatives,Liberal Party of Australia,LP,Swan,WA,2016-08-30,2019-04-11,True,False,https://handbookapi.aph.gov.au/api/individuals?$filter=PHID eq 'HYM',2026-10-02 08:23:59.813516+10:00,2016-07-02,2019-05-18
srv-hym-46-9128dcd79606ffbc,aph-hym,46,representatives,Liberal Party of Australia,LP,Swan,WA,2019-07-02,2022-04-11,True,False,https://handbookapi.aph.gov.au/api/individuals?$filter=PHID eq 'HYM',2026-10-02 08:23:59.813516+10:00,2019-05-18,2022-04-11
srv-hzb-42-7c1fafb4d8761b3c,aph-hzb,42,senate,Australian Labor Party,ALP,,TAS,2008-07-01,2010-07-19,False,False,https://handbookapi.aph.gov.au/api/individuals?$filter=PHID eq 'HZB',2026-10-02 08:23:59.813516+10:00,2008-07-01,2014-06-30
srv-hzb-43-a9714b55100e2f5d,aph-hzb,43,senate,Australian Labor Party,ALP,,TAS,2010-09-28,2013-08-05,True,False,https://handbookapi.aph.gov.au/api/individuals?$filter=PHID eq 'HZB',2026-10-02 08:23:59.813516+10:00,2008-07-01,2014-06-30
srv-hzb-44-b43c23c8e08caae4,aph-hzb,44,senate,Australian Labor Party,ALP,,TAS,2013-11-12,2016-05-09,True,False,https://handbookapi.aph.gov.au/api/individuals?$filter=PHID eq 'HZB',2026-10-02 08:23:59.813516+10:00,2008-07-01,2016-07-02
srv-hzb-45-ce0fdb9380d518a9,aph-hzb,45,senate,Australian Labor Party,ALP,,TAS,2016-08-30,2019-04-11,True,False,https://handbookapi.aph.gov.au/api/individuals?$filter=PHID eq 'HZB',2026-10-02 08:23:59.813516+10:00,2016-07-02,2019-06-30
srv-hzb-46-a76b34aa832233bf,aph-hzb,46,senate,Australian Labor Party,ALP,,TAS,2019-07-02,2022-04-11,True,False,https://handbookapi.aph.gov.au/api/individuals?$filter=PHID eq 'HZB',2026-10-02 08:23:59.813516+10:00,2019-07-01,2025-06-30
srv-hzb-47-187a05e658c170d9,aph-hzb,47,senate,Australian Labor Party,ALP,,TAS,2022-07-26,2025-03-28,True,False,https://handbookapi.aph.gov.au/api/individuals?$filter=PHID eq 'HZB',2026-10-02 08:23:59.813516+10:00,2019-07-01,2025-06-30
srv-hze-44-b6a814dc652fa242,aph-hze,44,senate,Liberal Party of Australia,LP,,ACT,2013-11-12,2016-05-09,True,False,https://handbookapi.aph.gov.au/api/individuals?$filter=PHID eq 'HZE',2026-10-02 08:23:59.813516+10:00,2013-09-07,2016-07-02
srv-hze-45-5e46fc016c282521,aph-hze,45,senate,Liberal Party of Australia,LP,,ACT,2016-08-30,2019-04-11,True,False,https://handbookapi.aph.gov.au/api/individuals?$filter=PHID eq 'HZE',2026-10-02 08:23:59.813516+10:00,2016-07-02,2019-05-18
srv-hze-46-bf1f3f4f116dc471,aph-hze,46,senate,Liberal Party of Australia,LP,,ACT,2019-07-02,2022-04-11,True,False,https://handbookapi.aph.gov.au/api/individuals?$filter=PHID eq 'HZE',2026-10-02 08:23:59.813516+10:00,2019-05-18,2022-05-21
srv-i07-42-1f3b8153968dbf66,aph-i07,42,senate,Australian Greens,GRN,,WA,2008-07-01,2010-07-19,False,False,https://handbookapi.aph.gov.au/api/individuals?$filter=PHID eq 'I07',2026-10-02 08:23:59.813516+10:00,2008-07-01,2014-06-30
srv-i07-43-cfd10c1018dbc438,aph-i07,43,senate,Australian Greens,GRN,,WA,2010-09-28,2013-08-05,True,False,https://handbookapi.aph.gov.au/api/individuals?$filter=PHID eq 'I07',2026-10-02 08:23:59.813516+10:00,2008-07-01,2014-06-30
srv-i07-44-d6a988f6b894a5b0,aph-i07,44,senate,Australian Greens,GRN,,WA,2013-11-12,2016-05-09,True,False,https://handbookapi.aph.gov.au/api/individuals?$filter=PHID eq 'I07',2026-10-02 08:23:59.813516+10:00,2008-07-01,2016-07-01
srv-i07-45-5ac5c82973c4498d,aph-i07,45,senate,Australian Greens,GRN,,WA,2016-08-30,2017-07-14,True,False,https://handbookapi.aph.gov.au/api/individuals?$filter=PHID eq 'I07',2026-10-02 08:23:59.813516+10:00,2016-07-02,2017-07-14
srv-i0m-42-b3e5a74b46b6fb71,aph-i0m,42,senate,Liberal Party of Australia,LP,,WA,2008-07-01,2010-07-19,False,False,https://handbookapi.aph.gov.au/api/individuals?$filter=PHID eq 'I0M',2026-10-02 08:23:59.813516+10:00,2008-07-01,2014-06-30
srv-i0m-43-a64575862268c11f,aph-i0m,43,senate,Liberal Party of Australia,LP,,WA,2010-09-28,2013-08-05,True,False,https://handbookapi.aph.gov.au/api/individuals?$filter=PHID eq 'I0M',2026-10-02 08:23:59.813516+10:00,2008-07-01,2014-06-30
srv-i0m-44-9465fa0d85def696,aph-i0m,44,senate,Liberal Party of Australia,LP,,WA,2013-11-12,2016-05-09,True,False,https://handbookapi.aph.gov.au/api/individuals?$filter=PHID eq 'I0M',2026-10-02 08:23:59.813516+10:00,2008-07-01,2016-07-02
srv-i0m-45-b35179b2e9c620f3,aph-i0m,45,senate,Liberal Party of Australia,LP,,WA,2016-08-30,2019-04-11,True,False,https://handbookapi.aph.gov.au/api/individuals?$filter=PHID eq 'I0M',2026-10-02 08:23:59.813516+10:00,2016-07-02,2022-06-30
srv-i0m-46-e7ce51d59c68d4fb,aph-i0m,46,senate,Liberal Party of Australia,LP,,WA,2019-07-02,2022-04-11,True,False,https://handbookapi.aph.gov.au/api/individuals?$filter=PHID eq 'I0M',2026-10-02 08:23:59.813516+10:00,2016-07-02,2022-06-30
srv-i0m-47-55d4ecc072476205,aph-i0m,47,senate,Liberal Party of Australia,LP,,WA,2022-07-26,2025-03-28,True,False,https://handbookapi.aph.gov.au/api/individuals?$filter=PHID eq 'I0M',2026-10-02 08:23:59.813516+10:00,2022-07-01,2026-09-21
srv-i0m-48-e27faf8d90d5332c,aph-i0m,48,senate,Liberal Party of Australia,LP,,WA,2025-07-22,,True,True,https://handbookapi.aph.gov.au/api/individuals?$filter=PHID eq 'I0M',2026-10-02 08:23:59.813516+10:00,2022-07-01,2026-09-21
srv-i0n-42-0a195550ebb39bef,aph-i0n,42,senate,Australian Labor Party,ALP,,SA,2008-07-01,2010-07-19,False,False,https://handbookapi.aph.gov.au/api/individuals?$filter=PHID eq 'I0N',2026-10-02 08:23:59.813516+10:00,2008-07-01,2014-06-30
srv-i0n-43-e29e0b4a1c4bf1aa,aph-i0n,43,senate,Australian Labor Party,ALP,,SA,2010-09-28,2013-08-05,True,False,https://handbookapi.aph.gov.au/api/individuals?$filter=PHID eq 'I0N',2026-10-02 08:23:59.813516+10:00,2008-07-01,2014-06-30
srv-i0n-44-54401abe4cc70a19,aph-i0n,44,senate,Australian Labor Party,ALP,,SA,2013-11-12,2014-06-30,True,False,https://handbookapi.aph.gov.au/api/individuals?$filter=PHID eq 'I0N',2026-10-02 08:23:59.813516+10:00,2008-07-01,2014-06-30
srv-i0n-45-aaebd6974cf9f9dc,aph-i0n,45,senate,Australian Labor Party,ALP,,SA,2016-08-30,2019-04-11,True,False,https://handbookapi.aph.gov.au/api/individuals?$filter=PHID eq 'I0N',2026-10-02 08:23:59.813516+10:00,2016-07-02,2022-06-30
srv-i0n-46-b8abaac14a0ee608,aph-i0n,46,senate,Australian Labor Party,ALP,,SA,2019-07-02,2022-04-11,True,False,https://handbookapi.aph.gov.au/api/individuals?$filter=PHID eq 'I0N',2026-10-02 08:23:59.813516+10:00,2016-07-02,2022-06-30
srv-i0n-47-5e775ae36d6da5aa,aph-i0n,47,senate,Australian Labor Party,ALP,,SA,2022-07-26,2025-03-28,True,False,https://handbookapi.aph.gov.au/api/individuals?$filter=PHID eq 'I0N',2026-10-02 08:23:59.813516+10:00,2022-07-01,2026-09-21
srv-i0n-48-9b5b7ed0bdb8f9f8,aph-i0n,48,senate,Australian Labor Party,ALP,,SA,2025-07-22,,True,True,https://handbookapi.aph.gov.au/api/individuals?$filter=PHID eq 'I0N',2026-10-02 08:23:59.813516+10:00,2022-07-01,2026-09-21
srv-i0o-42-a0ff9fc81034e9f2,aph-i0o,42,senate,Australian Labor Party,ALP,,VIC,2008-07-01,2010-07-19,False,False,https://handbookapi.aph.gov.au/api/individuals?$filter=PHID eq 'I0O',2026-10-02 08:23:59.813516+10:00,2008-07-01,2013-08-12
srv-i0o-43-42679795eb69c55b,aph-i0o,43,senate,Australian Labor Party,ALP,,VIC,2010-09-28,2013-08-05,True,False,https://handbookapi.aph.gov.au/api/individuals?$filter=PHID eq 'I0O',2026-10-02 08:23:59.813516+10:00,2008-07-01,2013-08-12
srv-i0o-44-2fdb910ecbaed281,aph-i0o,44,representatives,Australian Labor Party,ALP,Batman,VIC,2013-11-12,2016-05-09,True,False,https://handbookapi.aph.gov.au/api/individuals?$filter=PHID eq 'I0O',2026-10-02 08:23:59.813516+10:00,2013-09-07,2016-07-02
srv-i0o-45-d5526f5da1565448,aph-i0o,45,representatives,Australian Labor Party,ALP,Batman,VIC,2016-08-30,2018-02-01,True,False,https://handbookapi.aph.gov.au/api/individuals?$filter=PHID eq 'I0O',2026-10-02 08:23:59.813516+10:00,2016-07-02,2018-02-01
srv-i0p-42-81f226bf6da916d9,aph-i0p,42,senate,Australian Labor Party,ALP,,QLD,2008-07-01,2010-07-19,False,False,https://handbookapi.aph.gov.au/api/individuals?$filter=PHID eq 'I0P',2026-10-02 08:23:59.813516+10:00,2008-07-01,2014-06-30
srv-i0p-43-fa5d8a772804f48a,aph-i0p,43,senate,Australian Labor Party,ALP,,QLD,2010-09-28,2013-08-05,True,False,https://handbookapi.aph.gov.au/api/individuals?$filter=PHID eq 'I0P',2026-10-02 08:23:59.813516+10:00,2008-07-01,2014-06-30
srv-i0p-44-1be4a24c6244f84c,aph-i0p,44,senate,Australian Labor Party,ALP,,QLD,2013-11-12,2014-06-30,True,False,https://handbookapi.aph.gov.au/api/individuals?$filter=PHID eq 'I0P',2026-10-02 08:23:59.813516+10:00,2008-07-01,2014-06-30
srv-i0q-42-b5ea1f9603e36ae4,aph-i0q,42,senate,Liberal Party of Australia,LP,,VIC,2008-07-01,2010-07-19,False,False,https://handbookapi.aph.gov.au/api/individuals?$filter=PHID eq 'I0Q',2026-10-02 08:23:59.813516+10:00,2008-07-01,2014-06-30
srv-i0q-43-0f362d161cae6782,aph-i0q,43,senate,Liberal Party of Australia,LP,,VIC,2010-09-28,2013-08-05,True,False,https://handbookapi.aph.gov.au/api/individuals?$filter=PHID eq 'I0Q',2026-10-02 08:23:59.813516+10:00,2008-07-01,2014-06-30
srv-i0q-44-de871938906d3639,aph-i0q,44,senate,Liberal Party of Australia,LP,,VIC,2013-11-12,2016-05-09,True,False,https://handbookapi.aph.gov.au/api/individuals?$filter=PHID eq 'I0Q',2026-10-02 08:23:59.813516+10:00,2008-07-01,2016-07-01
srv-i0q-45-262f1f24276963a2,aph-i0q,45,senate,Liberal Party of Australia,LP,,VIC,2016-08-30,2019-04-11,True,False,https://handbookapi.aph.gov.au/api/individuals?$filter=PHID eq 'I0Q',2026-10-02 08:23:59.813516+10:00,2016-07-02,2021-10-13
srv-i0q-46-c8744b8d430b7f89,aph-i0q,46,senate,Liberal Party of Australia,LP,,VIC,2019-07-02,2021-10-13,True,False,https://handbookapi.aph.gov.au/api/individuals?$filter=PHID eq 'I0Q',2026-10-02 08:23:59.813516+10:00,2016-07-02,2021-10-13
srv-i0t-42-51513cafad73923e,aph-i0t,42,senate,Australian Labor Party,ALP,,WA,2008-07-01,2010-07-19,False,False,https://handbookapi.aph.gov.au/api/individuals?$filter=PHID eq 'I0T',2026-10-02 08:23:59.813516+10:00,2008-07-01,2014-06-30
srv-i0t-43-0889c5486015afc9,aph-i0t,43,senate,Australian Labor Party,ALP,,WA,2010-09-28,2013-08-05,True,False,https://handbookapi.aph.gov.au/api/individuals?$filter=PHID eq 'I0T',2026-10-02 08:23:59.813516+10:00,2008-07-01,2014-06-30
srv-i0t-44-01b9a77a33b6a974,aph-i0t,44,senate,Australian Labor Party,ALP,,WA,2013-11-12,2014-06-30,True,False,https://handbookapi.aph.gov.au/api/individuals?$filter=PHID eq 'I0T',2026-10-02 08:23:59.813516+10:00,2008-07-01,2014-06-30
srv-i0t-45-5884db98268c8500,aph-i0t,45,senate,Australian Labor Party,ALP,,WA,2016-08-30,2019-04-11,True,False,https://handbookapi.aph.gov.au/api/individuals?$filter=PHID eq 'I0T',2026-10-02 08:23:59.813516+10:00,2016-07-02,2019-06-30
srv-i0t-46-d19b52cb6326a717,aph-i0t,46,senate,Australian Labor Party,ALP,,WA,2019-07-02,2022-04-11,True,False,https://handbookapi.aph.gov.au/api/individuals?$filter=PHID eq 'I0T',2026-10-02 08:23:59.813516+10:00,2019-07-01,2025-06-30
srv-i0t-47-a918f73acd4a4e61,aph-i0t,47,senate,Australian Labor Party,ALP,,WA,2022-07-26,2025-03-28,True,False,https://handbookapi.aph.gov.au/api/individuals?$filter=PHID eq 'I0T',2026-10-02 08:23:59.813516+10:00,2019-07-01,2025-06-30
srv-i0u-42-91f95a942a42aaf5,aph-i0u,42,senate,Australian Greens,GRN,,SA,2008-07-01,2010-07-19,False,False,https://handbookapi.aph.gov.au/api/individuals?$filter=PHID eq 'I0U',2026-10-02 08:23:59.813516+10:00,2008-07-01,2014-06-30
srv-i0u-43-15d3225f19cc8479,aph-i0u,43,senate,Australian Greens,GRN,,SA,2010-09-28,2013-08-05,True,False,https://handbookapi.aph.gov.au/api/individuals?$filter=PHID eq 'I0U',2026-10-02 08:23:59.813516+10:00,2008-07-01,2014-06-30
srv-i0u-44-30a00150d965ec96,aph-i0u,44,senate,Australian Greens,GRN,,SA,2013-11-12,2016-05-09,True,False,https://handbookapi.aph.gov.au/api/individuals?$filter=PHID eq 'I0U',2026-10-02 08:23:59.813516+10:00,2008-07-01,2016-07-01
srv-i0u-45-44f307f9f1003118,aph-i0u,45,senate,Australian Greens,GRN,,SA,2016-08-30,2019-04-11,True,False,https://handbookapi.aph.gov.au/api/individuals?$filter=PHID eq 'I0U',2026-10-02 08:23:59.813516+10:00,2016-07-02,2019-06-30
srv-i0u-46-02e9d206f662f5cb,aph-i0u,46,senate,Australian Greens,GRN,,SA,2019-07-02,2022-04-11,True,False,https://handbookapi.aph.gov.au/api/individuals?$filter=PHID eq 'I0U',2026-10-02 08:23:59.813516+10:00,2019-07-01,2025-06-30
srv-i0u-47-970993a3cc375b03,aph-i0u,47,senate,Australian Greens,GRN,,SA,2022-07-26,2025-03-28,True,False,https://handbookapi.aph.gov.au/api/individuals?$filter=PHID eq 'I0U',2026-10-02 08:23:59.813516+10:00,2019-07-01,2025-06-30
srv-i0u-48-d33b35abbb5ce901,aph-i0u,48,senate,Australian Greens,GRN,,SA,2025-07-22,,True,True,https://handbookapi.aph.gov.au/api/individuals?$filter=PHID eq 'I0U',2026-10-02 08:23:59.813516+10:00,2025-07-01,2026-09-21
srv-i0v-42-6c784decbb6a0621,aph-i0v,42,senate,The Nationals,NP,,NSW,2008-07-01,2010-07-19,False,False,https://handbookapi.aph.gov.au/api/individuals?$filter=PHID eq 'I0V',2026-10-02 08:23:59.813516+10:00,2008-07-01,2014-06-30
srv-i0v-43-a20afc2ce37bc840,aph-i0v,43,senate,The Nationals,NP,,NSW,2010-09-28,2013-08-05,True,False,https://handbookapi.aph.gov.au/api/individuals?$filter=PHID eq 'I0V',2026-10-02 08:23:59.813516+10:00,2008-07-01,2014-06-30
srv-i0v-44-deba3c133730167e,aph-i0v,44,senate,The Nationals,NP,,NSW,2013-11-12,2016-05-09,True,False,https://handbookapi.aph.gov.au/api/individuals?$filter=PHID eq 'I0V',2026-10-02 08:23:59.813516+10:00,2008-07-01,2016-07-01
srv-i0v-45-39e7d63049aedfa4,aph-i0v,45,senate,The Nationals,NP,,NSW,2016-08-30,2019-04-11,True,False,https://handbookapi.aph.gov.au/api/individuals?$filter=PHID eq 'I0V',2026-10-02 08:23:59.813516+10:00,2016-07-02,2019-06-30
srv-i8m-47-6f93579416dc017c,aph-i8m,47,representatives,Australian Labor Party,ALP,Parramatta,NSW,2022-07-26,2025-03-28,True,False,https://handbookapi.aph.gov.au/api/individuals?$filter=PHID eq 'I8M',2026-10-02 08:23:59.813516+10:00,2022-05-21,2025-05-03
srv-i8m-48-a039079752d38c42,aph-i8m,48,representatives,Australian Labor Party,ALP,Parramatta,NSW,2025-07-22,,True,True,https://handbookapi.aph.gov.au/api/individuals?$filter=PHID eq 'I8M',2026-10-02 08:23:59.813516+10:00,2025-05-03,2026-09-21
srv-ij4-42-7d7df637b421f6f1,aph-ij4,42,representatives,Australian Labor Party,ALP,Lingiari,NT,2008-02-12,2010-07-19,True,False,https://handbookapi.aph.gov.au/api/individuals?$filter=PHID eq 'IJ4',2026-10-02 08:23:59.813516+10:00,2007-11-24,2010-08-21
srv-ij4-43-92e18d5cb2f19d56,aph-ij4,43,representatives,Australian Labor Party,ALP,Lingiari,NT,2010-09-28,2013-08-05,True,False,https://handbookapi.aph.gov.au/api/individuals?$filter=PHID eq 'IJ4',2026-10-02 08:23:59.813516+10:00,2010-08-21,2013-09-07
srv-ij4-44-8ddc8901edbc69d8,aph-ij4,44,representatives,Australian Labor Party,ALP,Lingiari,NT,2013-11-12,2016-05-09,True,False,https://handbookapi.aph.gov.au/api/individuals?$filter=PHID eq 'IJ4',2026-10-02 08:23:59.813516+10:00,2013-09-07,2016-07-02
srv-ij4-45-7da3b95df5d60d97,aph-ij4,45,representatives,Australian Labor Party,ALP,Lingiari,NT,2016-08-30,2019-04-11,True,False,https://handbookapi.aph.gov.au/api/individuals?$filter=PHID eq 'IJ4',2026-10-02 08:23:59.813516+10:00,2016-07-02,2019-05-18
srv-ij4-46-18ead17c6ddf06ca,aph-ij4,46,representatives,Australian Labor Party,ALP,Lingiari,NT,2019-07-02,2022-04-11,True,False,https://handbookapi.aph.gov.au/api/individuals?$filter=PHID eq 'IJ4',2026-10-02 08:23:59.813516+10:00,2019-05-18,2022-04-11
srv-imw-45-0592c9e1382a4578,aph-imw,45,representatives,Liberal Party of Australia,LP,Goldstein,VIC,2016-08-30,2019-04-11,True,False,https://handbookapi.aph.gov.au/api/individuals?$filter=PHID eq 'IMW',2026-10-02 08:23:59.813516+10:00,2016-07-02,2019-05-18
srv-imw-46-2c6ae86a0811d4e3,aph-imw,46,representatives,Liberal Party of Australia,LP,Goldstein,VIC,2019-07-02,2022-04-11,True,False,https://handbookapi.aph.gov.au/api/individuals?$filter=PHID eq 'IMW',2026-10-02 08:23:59.813516+10:00,2019-05-18,2022-05-21
srv-imw-48-458965e29516d294,aph-imw,48,representatives,Liberal Party of Australia,LP,Goldstein,VIC,2025-07-22,,True,True,https://handbookapi.aph.gov.au/api/individuals?$filter=PHID eq 'IMW',2026-10-02 08:23:59.813516+10:00,2025-05-03,2026-09-21
srv-ing-44-e7c1679616842036,aph-ing,44,senate,Australian Labor Party,ALP,,ACT,2015-03-25,2016-05-09,False,False,https://handbookapi.aph.gov.au/api/individuals?$filter=PHID eq 'ING',2026-10-02 08:23:59.813516+10:00,2015-03-25,2016-07-01
srv-ing-45-21deb3b3b1fa6641,aph-ing,45,senate,Australian Labor Party,ALP,,ACT,2016-08-30,2018-05-09,True,False,https://handbookapi.aph.gov.au/api/individuals?$filter=PHID eq 'ING',2026-10-02 08:23:59.813516+10:00,2016-07-02,2018-05-09
srv-ing-46-7019d19d93b60953,aph-ing,46,senate,Australian Labor Party,ALP,,ACT,2019-07-02,2022-04-11,True,False,https://handbookapi.aph.gov.au/api/individuals?$filter=PHID eq 'ING',2026-10-02 08:23:59.813516+10:00,2019-05-18,2022-05-21
srv-ing-47-023878b2642f24ef,aph-ing,47,senate,Australian Labor Party,ALP,,ACT,2022-07-26,2025-03-28,True,False,https://handbookapi.aph.gov.au/api/individuals?$filter=PHID eq 'ING',2026-10-02 08:23:59.813516+10:00,2022-05-21,2025-05-03
srv-ing-48-d2aa83c5ffdc7eea,aph-ing,48,senate,Australian Labor Party,ALP,,ACT,2025-07-22,,True,True,https://handbookapi.aph.gov.au/api/individuals?$filter=PHID eq 'ING',2026-10-02 08:23:59.813516+10:00,2025-05-03,2026-09-21
srv-ipz-42-377eb4579599f6b1,aph-ipz,42,representatives,The Nationals,NP,Gippsland,VIC,2008-06-28,2010-07-19,False,False,https://handbookapi.aph.gov.au/api/individuals?$filter=PHID eq 'IPZ',2026-10-02 08:23:59.813516+10:00,2008-06-28,2010-08-21
srv-ipz-43-45f64aa689cbc732,aph-ipz,43,representatives,The Nationals,NP,Gippsland,VIC,2010-09-28,2013-08-05,True,False,https://handbookapi.aph.gov.au/api/individuals?$filter=PHID eq 'IPZ',2026-10-02 08:23:59.813516+10:00,2010-08-21,2013-09-07
srv-ipz-44-d93996fdc51d4931,aph-ipz,44,representatives,The Nationals,NP,Gippsland,VIC,2013-11-12,2016-05-09,True,False,https://handbookapi.aph.gov.au/api/individuals?$filter=PHID eq 'IPZ',2026-10-02 08:23:59.813516+10:00,2013-09-07,2016-07-02
srv-ipz-45-2e43c12176a04f63,aph-ipz,45,representatives,The Nationals,NP,Gippsland,VIC,2016-08-30,2019-04-11,True,False,https://handbookapi.aph.gov.au/api/individuals?$filter=PHID eq 'IPZ',2026-10-02 08:23:59.813516+10:00,2016-07-02,2019-05-18
srv-ipz-46-79df6f0debde706c,aph-ipz,46,representatives,The Nationals,NP,Gippsland,VIC,2019-07-02,2022-04-11,True,False,https://handbookapi.aph.gov.au/api/individuals?$filter=PHID eq 'IPZ',2026-10-02 08:23:59.813516+10:00,2019-05-18,2022-05-21
srv-ipz-47-84ae2b04f19b02e7,aph-ipz,47,representatives,The Nationals,NP,Gippsland,VIC,2022-07-26,2025-03-28,True,False,https://handbookapi.aph.gov.au/api/individuals?$filter=PHID eq 'IPZ',2026-10-02 08:23:59.813516+10:00,2022-05-21,2025-05-03
srv-ipz-48-d87751d4c55b745f,aph-ipz,48,representatives,The Nationals,NP,Gippsland,VIC,2025-07-22,,True,True,https://handbookapi.aph.gov.au/api/individuals?$filter=PHID eq 'IPZ',2026-10-02 08:23:59.813516+10:00,2025-05-03,2026-09-21
srv-iwk-47-ae8df88b5fd9f84e,aph-iwk,47,senate,Australian Labor Party,ALP,,VIC,2022-07-26,2024-02-29,True,False,https://handbookapi.aph.gov.au/api/individuals?$filter=PHID eq 'IWK',2026-10-02 08:23:59.813516+10:00,2022-07-01,2024-02-29
srv-iys-42-3066ab2d57da737d,aph-iys,42,representatives,Independent,IND,Lyne,NSW,2008-09-06,2010-07-19,False,False,https://handbookapi.aph.gov.au/api/individuals?$filter=PHID eq 'IYS',2026-10-02 08:23:59.813516+10:00,2008-09-06,2010-08-21
srv-iys-43-9df29a5d78b0e271,aph-iys,43,representatives,Independent,IND,Lyne,NSW,2010-09-28,2013-08-05,True,False,https://handbookapi.aph.gov.au/api/individuals?$filter=PHID eq 'IYS',2026-10-02 08:23:59.813516+10:00,2010-08-21,2013-08-05
srv-iyu-42-0d7ac87bc554f4bd,aph-iyu,42,representatives,Liberal Party of Australia,LP,Mayo,SA,2008-09-06,2010-07-19,False,False,https://handbookapi.aph.gov.au/api/individuals?$filter=PHID eq 'IYU',2026-10-02 08:23:59.813516+10:00,2008-09-06,2010-08-21
srv-iyu-43-4dfd17eded8477ae,aph-iyu,43,representatives,Liberal Party of Australia,LP,Mayo,SA,2010-09-28,2013-08-05,True,False,https://handbookapi.aph.gov.au/api/individuals?$filter=PHID eq 'IYU',2026-10-02 08:23:59.813516+10:00,2010-08-21,2013-09-07
srv-iyu-44-811182f43816911b,aph-iyu,44,representatives,Liberal Party of Australia,LP,Mayo,SA,2013-11-12,2016-05-09,True,False,https://handbookapi.aph.gov.au/api/individuals?$filter=PHID eq 'IYU',2026-10-02 08:23:59.813516+10:00,2013-09-07,2016-07-02
srv-j7q-42-8e55c35210308605,aph-j7q,42,senate,Liberal Party of Australia,LP,,WA,2009-03-11,2010-07-19,False,False,https://handbookapi.aph.gov.au/api/individuals?$filter=PHID eq 'J7Q',2026-10-02 08:23:59.813516+10:00,2009-03-11,2011-06-30
srv-j7q-43-a64575862268c11f,aph-j7q,43,senate,Liberal Party of Australia,LP,,WA,2010-09-28,2013-08-05,True,False,https://handbookapi.aph.gov.au/api/individuals?$filter=PHID eq 'J7Q',2026-10-02 08:23:59.813516+10:00,2009-03-11,2016-07-01
srv-j7q-44-9465fa0d85def696,aph-j7q,44,senate,Liberal Party of Australia,LP,,WA,2013-11-12,2016-05-09,True,False,https://handbookapi.aph.gov.au/api/individuals?$filter=PHID eq 'J7Q',2026-10-02 08:23:59.813516+10:00,2011-07-01,2016-07-01
srv-j7q-45-b35179b2e9c620f3,aph-j7q,45,senate,Liberal Party of Australia,LP,,WA,2016-08-30,2017-07-31,True,False,https://handbookapi.aph.gov.au/api/individuals?$filter=PHID eq 'J7Q',2026-10-02 08:23:59.813516+10:00,2016-07-02,2017-07-31
srv-jh5-42-1ca54d086ca0205f,aph-jh5,42,representatives,Australian Labor Party,ALP,Throsby,NSW,2008-02-12,2010-07-19,True,False,https://handbookapi.aph.gov.au/api/individuals?$filter=PHID eq 'JH5',2026-10-02 08:23:59.813516+10:00,2007-11-24,2010-07-19
srv-jk6-42-50dd9a1aedcefe95,aph-jk6,42,representatives,Australian Labor Party,ALP,Barton,NSW,2008-02-12,2010-07-19,True,False,https://handbookapi.aph.gov.au/api/individuals?$filter=PHID eq 'JK6',2026-10-02 08:23:59.813516+10:00,2007-11-24,2010-08-21
srv-jk6-43-981283370fa4b1ce,aph-jk6,43,representatives,Australian Labor Party,ALP,Barton,NSW,2010-09-28,2013-08-05,True,False,https://handbookapi.aph.gov.au/api/individuals?$filter=PHID eq 'JK6',2026-10-02 08:23:59.813516+10:00,2010-08-21,2013-08-05
srv-jkm-44-688bc556a2285f2f,aph-jkm,44,senate,Australian Greens,GRN,,TAS,2015-08-19,2016-05-09,False,False,https://handbookapi.aph.gov.au/api/individuals?$filter=PHID eq 'JKM',2026-10-02 08:23:59.813516+10:00,2015-08-19,2016-07-01
srv-jkm-45-c4055ebdb2b5dd6b,aph-jkm,45,senate,Australian Greens,GRN,,TAS,2016-08-30,2019-04-11,True,False,https://handbookapi.aph.gov.au/api/individuals?$filter=PHID eq 'JKM',2026-10-02 08:23:59.813516+10:00,2016-07-02,2019-06-30
srv-jkm-46-a162cc0d3d8a193b,aph-jkm,46,senate,Australian Greens,GRN,,TAS,2019-07-02,2022-04-11,True,False,https://handbookapi.aph.gov.au/api/individuals?$filter=PHID eq 'JKM',2026-10-02 08:23:59.813516+10:00,2019-07-01,2025-06-30
srv-jkm-47-d4c851599e34b01b,aph-jkm,47,senate,Australian Greens,GRN,,TAS,2022-07-26,2025-03-28,True,False,https://handbookapi.aph.gov.au/api/individuals?$filter=PHID eq 'JKM',2026-10-02 08:23:59.813516+10:00,2019-07-01,2025-06-30
srv-jkm-48-78386c059d147f69,aph-jkm,48,senate,Australian Greens,GRN,,TAS,2025-07-22,,True,True,https://handbookapi.aph.gov.au/api/individuals?$filter=PHID eq 'JKM',2026-10-02 08:23:59.813516+10:00,2025-07-01,2026-09-21
srv-jt4-42-94f704acdee6b852,aph-jt4,42,representatives,Liberal Party of Australia,LP,McEwen,VIC,2008-02-12,2010-07-19,True,False,https://handbookapi.aph.gov.au/api/individuals?$filter=PHID eq 'JT4',2026-10-02 08:23:59.813516+10:00,2007-11-24,2010-07-19
srv-jx4-42-4d1b7c68b6486b3e,aph-jx4,42,senate,Liberal Party of Australia,LP,,SA,2008-02-12,2010-07-19,True,False,https://handbookapi.aph.gov.au/api/individuals?$filter=PHID eq 'JX4',2026-10-02 08:23:59.813516+10:00,2005-07-01,2011-06-30
srv-jx4-43-15d88df9f535728c,aph-jx4,43,senate,Liberal Party of Australia,LP,,SA,2010-09-28,2011-06-30,True,False,https://handbookapi.aph.gov.au/api/individuals?$filter=PHID eq 'JX4',2026-10-02 08:23:59.813516+10:00,2005-07-01,2011-06-30
srv-ka5-42-7289d5780a230001,aph-ka5,42,senate,Australian Greens,GRN,,TAS,2008-02-12,2010-07-19,True,False,https://handbookapi.aph.gov.au/api/individuals?$filter=PHID eq 'KA5',2026-10-02 08:23:59.813516+10:00,2005-07-01,2011-06-30
srv-ka5-43-64ee64ea7184b88b,aph-ka5,43,senate,Australian Greens,GRN,,TAS,2010-09-28,2013-08-05,True,False,https://handbookapi.aph.gov.au/api/individuals?$filter=PHID eq 'KA5',2026-10-02 08:23:59.813516+10:00,2005-07-01,2015-08-10
srv-ka5-44-f0a4e2de4d940508,aph-ka5,44,senate,Australian Greens,GRN,,TAS,2013-11-12,2015-08-10,True,False,https://handbookapi.aph.gov.au/api/individuals?$filter=PHID eq 'KA5',2026-10-02 08:23:59.813516+10:00,2011-07-01,2015-08-10
srv-ko6-42-b6a6170c82589c4e,aph-ko6,42,senate,Liberal Party of Australia,LP,,ACT,2008-02-12,2010-07-19,True,False,https://handbookapi.aph.gov.au/api/individuals?$filter=PHID eq 'KO6',2026-10-02 08:23:59.813516+10:00,2007-11-24,2010-08-21
srv-ko6-43-8c825e8f7d92348b,aph-ko6,43,senate,Liberal Party of Australia,LP,,ACT,2010-09-28,2013-08-05,True,False,https://handbookapi.aph.gov.au/api/individuals?$filter=PHID eq 'KO6',2026-10-02 08:23:59.813516+10:00,2010-08-21,2013-09-06
srv-kv5-42-9903e8f775ce8532,aph-kv5,42,representatives,The Nationals,NP,Hinkler,QLD,2008-02-12,2010-07-19,True,False,https://handbookapi.aph.gov.au/api/individuals?$filter=PHID eq 'KV5',2026-10-02 08:23:59.813516+10:00,2007-11-24,2010-08-21
srv-kv5-43-0cf444a6989acaec,aph-kv5,43,representatives,The Nationals,NP,Hinkler,QLD,2010-09-28,2013-08-05,True,False,https://handbookapi.aph.gov.au/api/individuals?$filter=PHID eq 'KV5',2026-10-02 08:23:59.813516+10:00,2010-08-21,2013-08-05
srv-l6b-42-c27ebe551723146a,aph-l6b,42,representatives,Liberal Party of Australia,LP,Bradfield,NSW,2009-12-05,2010-07-19,False,False,https://handbookapi.aph.gov.au/api/individuals?$filter=PHID eq 'L6B',2026-10-02 08:23:59.813516+10:00,2009-12-05,2010-08-21
srv-l6b-43-ffae5b7b38a6fba8,aph-l6b,43,representatives,Liberal Party of Australia,LP,Bradfield,NSW,2010-09-28,2013-08-05,True,False,https://handbookapi.aph.gov.au/api/individuals?$filter=PHID eq 'L6B',2026-10-02 08:23:59.813516+10:00,2010-08-21,2013-09-07
srv-l6b-44-21c25a5cfc047328,aph-l6b,44,representatives,Liberal Party of Australia,LP,Bradfield,NSW,2013-11-12,2016-05-09,True,False,https://handbookapi.aph.gov.au/api/individuals?$filter=PHID eq 'L6B',2026-10-02 08:23:59.813516+10:00,2013-09-07,2016-07-02
srv-l6b-45-ef9ad708218085b5,aph-l6b,45,representatives,Liberal Party of Australia,LP,Bradfield,NSW,2016-08-30,2019-04-11,True,False,https://handbookapi.aph.gov.au/api/individuals?$filter=PHID eq 'L6B',2026-10-02 08:23:59.813516+10:00,2016-07-02,2019-05-18
srv-l6b-46-3f0682c538629498,aph-l6b,46,representatives,Liberal Party of Australia,LP,Bradfield,NSW,2019-07-02,2022-04-11,True,False,https://handbookapi.aph.gov.au/api/individuals?$filter=PHID eq 'L6B',2026-10-02 08:23:59.813516+10:00,2019-05-18,2022-05-21
srv-l6b-47-91452b22652df5c1,aph-l6b,47,representatives,Liberal Party of Australia,LP,Bradfield,NSW,2022-07-26,2025-03-28,True,False,https://handbookapi.aph.gov.au/api/individuals?$filter=PHID eq 'L6B',2026-10-02 08:23:59.813516+10:00,2022-05-21,2025-03-28
srv-l6p-44-2e458c418fe58eec,aph-l6p,44,representatives,Australian Labor Party,ALP,Perth,WA,2013-11-12,2016-05-09,True,False,https://handbookapi.aph.gov.au/api/individuals?$filter=PHID eq 'L6P',2026-10-02 08:23:59.813516+10:00,2013-09-07,2016-05-09
srv-li4-42-2179322deea566a5,aph-li4,42,senate,Liberal Party of Australia,LP,,VIC,2008-02-12,2008-06-30,True,False,https://handbookapi.aph.gov.au/api/individuals?$filter=PHID eq 'LI4',2026-10-02 08:23:59.813516+10:00,2002-07-01,2008-06-30
srv-lku-42-2399b8d5659823a7,aph-lku,42,representatives,Liberal Party of Australia,LP,Higgins,VIC,2009-12-05,2010-07-19,False,False,https://handbookapi.aph.gov.au/api/individuals?$filter=PHID eq 'LKU',2026-10-02 08:23:59.813516+10:00,2009-12-05,2010-08-21
srv-lku-43-8e6040dd7f86a9f6,aph-lku,43,representatives,Liberal Party of Australia,LP,Higgins,VIC,2010-09-28,2013-08-05,True,False,https://handbookapi.aph.gov.au/api/individuals?$filter=PHID eq 'LKU',2026-10-02 08:23:59.813516+10:00,2010-08-21,2013-09-07
srv-lku-44-2491700179301bac,aph-lku,44,representatives,Liberal Party of Australia,LP,Higgins,VIC,2013-11-12,2016-05-09,True,False,https://handbookapi.aph.gov.au/api/individuals?$filter=PHID eq 'LKU',2026-10-02 08:23:59.813516+10:00,2013-09-07,2016-07-02
srv-lku-45-3a0c52d0cbdd7466,aph-lku,45,representatives,Liberal Party of Australia,LP,Higgins,VIC,2016-08-30,2019-04-11,True,False,https://handbookapi.aph.gov.au/api/individuals?$filter=PHID eq 'LKU',2026-10-02 08:23:59.813516+10:00,2016-07-02,2019-04-11
srv-ll6-42-acaa6690f26163fb,aph-ll6,42,representatives,Liberal Party of Australia,LP,Paterson,NSW,2008-02-12,2010-07-19,True,False,https://handbookapi.aph.gov.au/api/individuals?$filter=PHID eq 'LL6',2026-10-02 08:23:59.813516+10:00,2007-11-24,2010-08-21
srv-ll6-43-d68a4c4671f20a8a,aph-ll6,43,representatives,Liberal Party of Australia,LP,Paterson,NSW,2010-09-28,2013-08-05,True,False,https://handbookapi.aph.gov.au/api/individuals?$filter=PHID eq 'LL6',2026-10-02 08:23:59.813516+10:00,2010-08-21,2013-09-07
srv-ll6-44-8b1df2828ad1e4d6,aph-ll6,44,representatives,Liberal Party of Australia,LP,Paterson,NSW,2013-11-12,2016-05-09,True,False,https://handbookapi.aph.gov.au/api/individuals?$filter=PHID eq 'LL6',2026-10-02 08:23:59.813516+10:00,2013-09-07,2016-05-09
srv-lnw-45-99b5e1badedf81ff,aph-lnw,45,senate,Australian Labor Party,ALP,,NSW,2018-02-14,2019-04-11,False,False,https://handbookapi.aph.gov.au/api/individuals?$filter=PHID eq 'LNW',2026-10-02 08:23:59.813516+10:00,2018-02-14,2022-04-13
srv-lnw-46-1c1470492dd2564e,aph-lnw,46,senate,Australian Labor Party,ALP,,NSW,2019-07-02,2022-04-11,True,False,https://handbookapi.aph.gov.au/api/individuals?$filter=PHID eq 'LNW',2026-10-02 08:23:59.813516+10:00,2018-02-14,2022-04-13
srv-lqr-44-bfd6e198cf1f2b2e,aph-lqr,44,representatives,Palmer United Party,PUP ,Fairfax,QLD,2013-11-12,2016-05-09,True,False,https://handbookapi.aph.gov.au/api/individuals?$filter=PHID eq 'LQR',2026-10-02 08:23:59.813516+10:00,2013-09-07,2016-05-09
srv-ls4-42-fa724355bb30cd64,aph-ls4,42,representatives,Australian Labor Party,ALP,Batman,VIC,2008-02-12,2010-07-19,True,False,https://handbookapi.aph.gov.au/api/individuals?$filter=PHID eq 'LS4',2026-10-02 08:23:59.813516+10:00,2007-11-24,2010-08-21
srv-ls4-43-2c788ae7aba9f572,aph-ls4,43,representatives,Australian Labor Party,ALP,Batman,VIC,2010-09-28,2013-08-05,True,False,https://handbookapi.aph.gov.au/api/individuals?$filter=PHID eq 'LS4',2026-10-02 08:23:59.813516+10:00,2010-08-21,2013-08-05
srv-ltu-45-fcdd14c9cda3eefc,aph-ltu,45,representatives,Australian Labor Party,ALP,Batman,VIC,2018-03-17,2019-04-11,False,False,https://handbookapi.aph.gov.au/api/individuals?$filter=PHID eq 'LTU',2026-10-02 08:23:59.813516+10:00,2018-03-17,2019-05-18
srv-ltu-46-cc472f169b1806d1,aph-ltu,46,representatives,Australian Labor Party,ALP,Cooper,VIC,2019-07-02,2022-04-11,True,False,https://handbookapi.aph.gov.au/api/individuals?$filter=PHID eq 'LTU',2026-10-02 08:23:59.813516+10:00,2019-05-18,2022-05-21
srv-ltu-47-fc6cfb426708b3c9,aph-ltu,47,representatives,Australian Labor Party,ALP,Cooper,VIC,2022-07-26,2025-03-28,True,False,https://handbookapi.aph.gov.au/api/individuals?$filter=PHID eq 'LTU',2026-10-02 08:23:59.813516+10:00,2022-05-21,2025-05-03
srv-ltu-48-d0a7d589a2b8a7e6,aph-ltu,48,representatives,Australian Labor Party,ALP,Cooper,VIC,2025-07-22,,True,True,https://handbookapi.aph.gov.au/api/individuals?$filter=PHID eq 'LTU',2026-10-02 08:23:59.813516+10:00,2025-05-03,2026-09-21
srv-m0r-43-f44581e95b738bb3,aph-m0r,43,senate,Australian Labor Party,ALP,,TAS,2011-07-01,2013-08-05,False,False,https://handbookapi.aph.gov.au/api/individuals?$filter=PHID eq 'M0R',2026-10-02 08:23:59.813516+10:00,2011-07-01,2016-07-02
srv-m0r-44-b43c23c8e08caae4,aph-m0r,44,senate,Australian Labor Party,ALP,,TAS,2013-11-12,2016-05-09,True,False,https://handbookapi.aph.gov.au/api/individuals?$filter=PHID eq 'M0R',2026-10-02 08:23:59.813516+10:00,2011-07-01,2016-07-02
srv-m0r-45-ce0fdb9380d518a9,aph-m0r,45,senate,Australian Labor Party,ALP,,TAS,2016-08-30,2019-04-11,True,False,https://handbookapi.aph.gov.au/api/individuals?$filter=PHID eq 'M0R',2026-10-02 08:23:59.813516+10:00,2016-07-02,2019-06-30
srv-m2v-43-296093f8dd1a0d08,aph-m2v,43,representatives,Liberal Party of Australia,LP,Macarthur,NSW,2010-09-28,2013-08-05,True,False,https://handbookapi.aph.gov.au/api/individuals?$filter=PHID eq 'M2V',2026-10-02 08:23:59.813516+10:00,2010-08-21,2013-09-07
srv-m2v-44-c1ff2884aff9a0dd,aph-m2v,44,representatives,Liberal Party of Australia,LP,Macarthur,NSW,2013-11-12,2016-05-09,True,False,https://handbookapi.aph.gov.au/api/individuals?$filter=PHID eq 'M2V',2026-10-02 08:23:59.813516+10:00,2013-09-07,2016-07-02
srv-m2x-43-8719d8aa5fe6bcaa,aph-m2x,43,representatives,Liberal Party of Australia,LP,Longman,QLD,2010-09-28,2013-08-05,True,False,https://handbookapi.aph.gov.au/api/individuals?$filter=PHID eq 'M2X',2026-10-02 08:23:59.813516+10:00,2010-08-21,2013-09-07
srv-m2x-44-24abb9bad99d41cf,aph-m2x,44,representatives,Liberal Party of Australia,LP,Longman,QLD,2013-11-12,2016-05-09,True,False,https://handbookapi.aph.gov.au/api/individuals?$filter=PHID eq 'M2X',2026-10-02 08:23:59.813516+10:00,2013-09-07,2016-07-02
srv-m2y-43-6a8e9127c21b4c6e,aph-m2y,43,representatives,Liberal Party of Australia,LP,Aston,VIC,2010-09-28,2013-08-05,True,False,https://handbookapi.aph.gov.au/api/individuals?$filter=PHID eq 'M2Y',2026-10-02 08:23:59.813516+10:00,2010-08-21,2013-09-07
srv-m2y-44-692e6fd661191800,aph-m2y,44,representatives,Liberal Party of Australia,LP,Aston,VIC,2013-11-12,2016-05-09,True,False,https://handbookapi.aph.gov.au/api/individuals?$filter=PHID eq 'M2Y',2026-10-02 08:23:59.813516+10:00,2013-09-07,2016-07-02
srv-m2y-45-d48da6dc4d5bcc87,aph-m2y,45,representatives,Liberal Party of Australia,LP,Aston,VIC,2016-08-30,2019-04-11,True,False,https://handbookapi.aph.gov.au/api/individuals?$filter=PHID eq 'M2Y',2026-10-02 08:23:59.813516+10:00,2016-07-02,2019-05-18
srv-m2y-46-d7f4d90e71f3f1e1,aph-m2y,46,representatives,Liberal Party of Australia,LP,Aston,VIC,2019-07-02,2022-04-11,True,False,https://handbookapi.aph.gov.au/api/individuals?$filter=PHID eq 'M2Y',2026-10-02 08:23:59.813516+10:00,2019-05-18,2022-05-21
srv-m2y-47-27c7bf8edc11bae7,aph-m2y,47,representatives,Liberal Party of Australia,LP,Aston,VIC,2022-07-26,2023-02-17,True,False,https://handbookapi.aph.gov.au/api/individuals?$filter=PHID eq 'M2Y',2026-10-02 08:23:59.813516+10:00,2022-05-21,2023-02-17
srv-m38-43-062091608deba11a,aph-m38,43,representatives,Australian Labor Party,ALP,Bass,TAS,2010-09-28,2013-08-05,True,False,https://handbookapi.aph.gov.au/api/individuals?$filter=PHID eq 'M38',2026-10-02 08:23:59.813516+10:00,2010-08-21,2013-09-07
srv-m3a-43-380e2a69036dc780,aph-m3a,43,representatives,Liberal Party of Australia,LP,Hasluck,WA,2010-09-28,2013-08-05,True,False,https://handbookapi.aph.gov.au/api/individuals?$filter=PHID eq 'M3A',2026-10-02 08:23:59.813516+10:00,2010-08-21,2013-09-07
srv-m3a-44-55fd7f0b019cdb1d,aph-m3a,44,representatives,Liberal Party of Australia,LP,Hasluck,WA,2013-11-12,2016-05-09,True,False,https://handbookapi.aph.gov.au/api/individuals?$filter=PHID eq 'M3A',2026-10-02 08:23:59.813516+10:00,2013-09-07,2016-07-02
srv-m3a-45-a479ab64de0986fa,aph-m3a,45,representatives,Liberal Party of Australia,LP,Hasluck,WA,2016-08-30,2019-04-11,True,False,https://handbookapi.aph.gov.au/api/individuals?$filter=PHID eq 'M3A',2026-10-02 08:23:59.813516+10:00,2016-07-02,2019-05-18
srv-m3a-46-e5839981d95718b6,aph-m3a,46,representatives,Liberal Party of Australia,LP,Hasluck,WA,2019-07-02,2022-04-11,True,False,https://handbookapi.aph.gov.au/api/individuals?$filter=PHID eq 'M3A',2026-10-02 08:23:59.813516+10:00,2019-05-18,2022-05-21
srv-m3c-43-b36180970a5674c0,aph-m3c,43,representatives,Australian Greens,GRN,Melbourne,VIC,2010-09-28,2013-08-05,True,False,https://handbookapi.aph.gov.au/api/individuals?$filter=PHID eq 'M3C',2026-10-02 08:23:59.813516+10:00,2010-08-21,2016-07-02
srv-m3c-44-8f7accb2b2bc8627,aph-m3c,44,representatives,Australian Greens,GRN,Melbourne,VIC,2013-11-12,2016-05-09,True,False,https://handbookapi.aph.gov.au/api/individuals?$filter=PHID eq 'M3C',2026-10-02 08:23:59.813516+10:00,2013-05-31,2016-07-02
srv-m3c-45-423a9d370133b433,aph-m3c,45,representatives,Australian Greens,GRN,Melbourne,VIC,2016-08-30,2019-04-11,True,False,https://handbookapi.aph.gov.au/api/individuals?$filter=PHID eq 'M3C',2026-10-02 08:23:59.813516+10:00,2016-07-02,2019-05-18
srv-m3c-46-a5d10a4ed2667978,aph-m3c,46,representatives,Australian Greens,GRN,Melbourne,VIC,2019-07-02,2022-04-11,True,False,https://handbookapi.aph.gov.au/api/individuals?$filter=PHID eq 'M3C',2026-10-02 08:23:59.813516+10:00,2019-05-18,2022-05-21
srv-m3c-47-18604d5aec3f6434,aph-m3c,47,representatives,Australian Greens,GRN,Melbourne,VIC,2022-07-26,2025-03-28,True,False,https://handbookapi.aph.gov.au/api/individuals?$filter=PHID eq 'M3C',2026-10-02 08:23:59.813516+10:00,2022-05-21,2025-05-03
srv-m3e-43-8e1ac37c44a6effb,aph-m3e,43,representatives,Australian Labor Party,ALP,McEwen,VIC,2010-09-28,2013-08-05,True,False,https://handbookapi.aph.gov.au/api/individuals?$filter=PHID eq 'M3E',2026-10-02 08:23:59.813516+10:00,2010-08-21,2013-09-07
srv-m3e-44-95a7115291294a83,aph-m3e,44,representatives,Australian Labor Party,ALP,McEwen,VIC,2013-11-12,2016-05-09,True,False,https://handbookapi.aph.gov.au/api/individuals?$filter=PHID eq 'M3E',2026-10-02 08:23:59.813516+10:00,2013-09-07,2016-07-02
srv-m3e-45-9e76d0e94c1ded96,aph-m3e,45,representatives,Australian Labor Party,ALP,McEwen,VIC,2016-08-30,2019-04-11,True,False,https://handbookapi.aph.gov.au/api/individuals?$filter=PHID eq 'M3E',2026-10-02 08:23:59.813516+10:00,2016-07-02,2019-05-18
srv-m3e-46-aab653785689496d,aph-m3e,46,representatives,Australian Labor Party,ALP,McEwen,VIC,2019-07-02,2022-04-11,True,False,https://handbookapi.aph.gov.au/api/individuals?$filter=PHID eq 'M3E',2026-10-02 08:23:59.813516+10:00,2019-05-18,2022-05-21
srv-m3e-47-8bea65240723f0fb,aph-m3e,47,representatives,Australian Labor Party,ALP,McEwen,VIC,2022-07-26,2025-03-28,True,False,https://handbookapi.aph.gov.au/api/individuals?$filter=PHID eq 'M3E',2026-10-02 08:23:59.813516+10:00,2022-05-21,2025-05-03
srv-m3e-48-c31b293a8acfc375,aph-m3e,48,representatives,Australian Labor Party,ALP,McEwen,VIC,2025-07-22,,True,True,https://handbookapi.aph.gov.au/api/individuals?$filter=PHID eq 'M3E',2026-10-02 08:23:59.813516+10:00,2025-05-03,2026-09-21
srv-m3k-43-1771fcb4bb417334,aph-m3k,43,representatives,The Nationals,NP,O'Connor,WA,2010-09-28,2013-08-05,True,False,https://handbookapi.aph.gov.au/api/individuals?$filter=PHID eq 'M3K',2026-10-02 08:23:59.813516+10:00,2010-08-21,2013-08-05
srv-m3m-43-e2eae1a409b7d356,aph-m3m,43,representatives,Liberal Party of Australia,LP,Bennelong,NSW,2010-09-28,2013-08-05,True,False,https://handbookapi.aph.gov.au/api/individuals?$filter=PHID eq 'M3M',2026-10-02 08:23:59.813516+10:00,2010-08-21,2013-09-07
srv-m3m-44-0fe5d8eaeee31ff4,aph-m3m,44,representatives,Liberal Party of Australia,LP,Bennelong,NSW,2013-11-12,2016-05-09,True,False,https://handbookapi.aph.gov.au/api/individuals?$filter=PHID eq 'M3M',2026-10-02 08:23:59.813516+10:00,2013-09-07,2016-07-02
srv-m3m-45-39beb419386658c2,aph-m3m,45,representatives,Liberal Party of Australia,LP,Bennelong,NSW,2017-12-16,2019-04-11,False,False,https://handbookapi.aph.gov.au/api/individuals?$filter=PHID eq 'M3M',2026-10-02 08:23:59.813516+10:00,2017-12-16,2019-05-18
srv-m3m-45-d506c3bcfafee99d,aph-m3m,45,representatives,Liberal Party of Australia,LP,Bennelong,NSW,2016-08-30,2017-11-11,True,False,https://handbookapi.aph.gov.au/api/individuals?$filter=PHID eq 'M3M',2026-10-02 08:23:59.813516+10:00,2016-07-02,2017-11-11
srv-m3m-46-a4c8130e7529009e,aph-m3m,46,representatives,Liberal Party of Australia,LP,Bennelong,NSW,2019-07-02,2022-04-11,True,False,https://handbookapi.aph.gov.au/api/individuals?$filter=PHID eq 'M3M',2026-10-02 08:23:59.813516+10:00,2019-05-18,2022-04-11
srv-m56-42-50dafbc93c8390a7,aph-m56,42,senate,Liberal Party of Australia,LP,,NSW,2008-02-12,2010-07-19,True,False,https://handbookapi.aph.gov.au/api/individuals?$filter=PHID eq 'M56',2026-10-02 08:23:59.813516+10:00,2002-07-01,2014-06-30
srv-m56-43-7d0ec902f7b5a87b,aph-m56,43,senate,Liberal Party of Australia,LP,,NSW,2010-09-28,2013-08-05,True,False,https://handbookapi.aph.gov.au/api/individuals?$filter=PHID eq 'M56',2026-10-02 08:23:59.813516+10:00,2008-07-01,2014-06-30
srv-m56-44-2b9bc57953ee4fe2,aph-m56,44,senate,Liberal Party of Australia,LP,,NSW,2013-11-12,2016-05-09,True,False,https://handbookapi.aph.gov.au/api/individuals?$filter=PHID eq 'M56',2026-10-02 08:23:59.813516+10:00,2008-07-01,2016-07-01
srv-m56-45-4ff71d71f2366bb2,aph-m56,45,senate,Liberal Party of Australia,LP,,NSW,2016-08-30,2019-04-11,True,False,https://handbookapi.aph.gov.au/api/individuals?$filter=PHID eq 'M56',2026-10-02 08:23:59.813516+10:00,2016-07-02,2022-06-30
srv-m56-46-eaba3f2fbcfaf131,aph-m56,46,senate,Liberal Party of Australia,LP,,NSW,2019-07-02,2022-04-11,True,False,https://handbookapi.aph.gov.au/api/individuals?$filter=PHID eq 'M56',2026-10-02 08:23:59.813516+10:00,2016-07-02,2022-06-30
srv-m56-47-cbed119f944611c5,aph-m56,47,senate,Liberal Party of Australia,LP,,NSW,2022-07-26,2023-09-30,True,False,https://handbookapi.aph.gov.au/api/individuals?$filter=PHID eq 'M56',2026-10-02 08:23:59.813516+10:00,2022-07-01,2023-09-30
srv-mt4-42-424fbe6ab99c4ab0,aph-mt4,42,representatives,Liberal Party of Australia,LP,McMillan,VIC,2008-02-12,2010-07-19,True,False,https://handbookapi.aph.gov.au/api/individuals?$filter=PHID eq 'MT4',2026-10-02 08:23:59.813516+10:00,2007-11-24,2010-08-21
srv-mt4-43-81a2ed9b2f3998aa,aph-mt4,43,representatives,Liberal Party of Australia,LP,McMillan,VIC,2010-09-28,2013-08-05,True,False,https://handbookapi.aph.gov.au/api/individuals?$filter=PHID eq 'MT4',2026-10-02 08:23:59.813516+10:00,2010-08-21,2013-09-07
srv-mt4-44-2619a1954ab4dc42,aph-mt4,44,representatives,Liberal Party of Australia,LP,McMillan,VIC,2013-11-12,2016-05-09,True,False,https://handbookapi.aph.gov.au/api/individuals?$filter=PHID eq 'MT4',2026-10-02 08:23:59.813516+10:00,2013-09-07,2016-07-02
srv-mt4-45-94ea2a584201ee89,aph-mt4,45,representatives,Liberal Party of Australia,LP,McMillan,VIC,2016-08-30,2019-04-11,True,False,https://handbookapi.aph.gov.au/api/individuals?$filter=PHID eq 'MT4',2026-10-02 08:23:59.813516+10:00,2016-07-02,2019-05-18
srv-mt4-46-b83a6e8e3f760f71,aph-mt4,46,representatives,Liberal Party of Australia,LP,Monash,VIC,2019-07-02,2022-04-11,True,False,https://handbookapi.aph.gov.au/api/individuals?$filter=PHID eq 'MT4',2026-10-02 08:23:59.813516+10:00,2019-05-18,2022-05-21
srv-mt4-47-5bcc13a17ce34677,aph-mt4,47,representatives,Liberal Party of Australia,LP,Monash,VIC,2022-07-26,2023-11-13,True,False,https://handbookapi.aph.gov.au/api/individuals?$filter=PHID eq 'MT4',2026-10-02 08:23:59.813516+10:00,2022-05-21,2025-05-03
srv-mt4-47-ac15d671411aec84,aph-mt4,47,representatives,Independent,IND,Monash,VIC,2023-11-14,2025-03-28,False,False,https://handbookapi.aph.gov.au/api/individuals?$filter=PHID eq 'MT4',2026-10-02 08:23:59.813516+10:00,2022-05-21,2025-05-03
srv-n26-42-e6ae0c1f476ad59d,aph-n26,42,senate,Liberal Party of Australia,LP,,TAS,2008-02-12,2010-07-19,True,False,https://handbookapi.aph.gov.au/api/individuals?$filter=PHID eq 'N26',2026-10-02 08:23:59.813516+10:00,2005-07-01,2011-06-30
srv-n26-43-d305a102fc63470f,aph-n26,43,senate,Liberal Party of Australia,LP,,TAS,2010-09-28,2013-08-05,True,False,https://handbookapi.aph.gov.au/api/individuals?$filter=PHID eq 'N26',2026-10-02 08:23:59.813516+10:00,2005-07-01,2016-07-02
srv-n26-44-0e5fa684227e621e,aph-n26,44,senate,Liberal Party of Australia,LP,,TAS,2013-11-12,2016-05-09,True,False,https://handbookapi.aph.gov.au/api/individuals?$filter=PHID eq 'N26',2026-10-02 08:23:59.813516+10:00,2011-07-01,2016-07-02
srv-n26-45-8814455541a1d7fc,aph-n26,45,senate,Liberal Party of Australia,LP,,TAS,2016-08-30,2019-04-11,True,False,https://handbookapi.aph.gov.au/api/individuals?$filter=PHID eq 'N26',2026-10-02 08:23:59.813516+10:00,2016-07-02,2022-06-30
srv-n26-46-056e1e5f8bfd74c2,aph-n26,46,senate,Liberal Party of Australia,LP,,TAS,2019-07-02,2022-04-11,True,False,https://handbookapi.aph.gov.au/api/individuals?$filter=PHID eq 'N26',2026-10-02 08:23:59.813516+10:00,2016-07-02,2022-06-30
srv-nb5-42-368a0b4707243243,aph-nb5,42,senate,Australian Labor Party,ALP,,NSW,2008-02-12,2008-06-30,True,False,https://handbookapi.aph.gov.au/api/individuals?$filter=PHID eq 'NB5',2026-10-02 08:23:59.813516+10:00,2002-07-01,2008-06-30
srv-nv5-42-0a09ef922a43e16a,aph-nv5,42,representatives,The Nationals,NP,Mallee,VIC,2008-02-12,2010-07-19,True,False,https://handbookapi.aph.gov.au/api/individuals?$filter=PHID eq 'NV5',2026-10-02 08:23:59.813516+10:00,2007-11-24,2010-08-21
srv-nv5-43-5de134147e43c9c6,aph-nv5,43,representatives,The Nationals,NP,Mallee,VIC,2010-09-28,2013-08-05,True,False,https://handbookapi.aph.gov.au/api/individuals?$filter=PHID eq 'NV5',2026-10-02 08:23:59.813516+10:00,2010-08-21,2013-08-05
srv-pg6-42-6d00c6eec2b5ffa3,aph-pg6,42,representatives,Australian Labor Party,ALP,Jagajaga,VIC,2008-02-12,2010-07-19,True,False,https://handbookapi.aph.gov.au/api/individuals?$filter=PHID eq 'PG6',2026-10-02 08:23:59.813516+10:00,2007-11-24,2010-08-21
srv-pg6-43-1de2ee4f8626b606,aph-pg6,43,representatives,Australian Labor Party,ALP,Jagajaga,VIC,2010-09-28,2013-08-05,True,False,https://handbookapi.aph.gov.au/api/individuals?$filter=PHID eq 'PG6',2026-10-02 08:23:59.813516+10:00,2010-08-21,2013-09-07
srv-pg6-44-e260b7494e30e315,aph-pg6,44,representatives,Australian Labor Party,ALP,Jagajaga,VIC,2013-11-12,2016-05-09,True,False,https://handbookapi.aph.gov.au/api/individuals?$filter=PHID eq 'PG6',2026-10-02 08:23:59.813516+10:00,2013-09-07,2016-07-02
srv-pg6-45-8f70577edbe6ce23,aph-pg6,45,representatives,Australian Labor Party,ALP,Jagajaga,VIC,2016-08-30,2019-04-11,True,False,https://handbookapi.aph.gov.au/api/individuals?$filter=PHID eq 'PG6',2026-10-02 08:23:59.813516+10:00,2016-07-02,2019-04-11
srv-pk6-42-fa45db1e221c73c8,aph-pk6,42,representatives,Liberal Party of Australia,LP,Canning,WA,2008-02-12,2010-07-19,True,False,https://handbookapi.aph.gov.au/api/individuals?$filter=PHID eq 'PK6',2026-10-02 08:23:59.813516+10:00,2007-11-24,2010-08-21
srv-pk6-43-f4e27de0a3fe2c6c,aph-pk6,43,representatives,Liberal Party of Australia,LP,Canning,WA,2010-09-28,2013-08-05,True,False,https://handbookapi.aph.gov.au/api/individuals?$filter=PHID eq 'PK6',2026-10-02 08:23:59.813516+10:00,2010-08-21,2013-09-07
srv-pk6-44-33ad7498bfe16914,aph-pk6,44,representatives,Liberal Party of Australia,LP,Canning,WA,2013-11-12,2015-07-21,True,False,https://handbookapi.aph.gov.au/api/individuals?$filter=PHID eq 'PK6',2026-10-02 08:23:59.813516+10:00,2013-09-07,2015-07-21
srv-qd4-42-7289d5780a230001,aph-qd4,42,senate,Australian Greens,GRN,,TAS,2008-02-12,2010-07-19,True,False,https://handbookapi.aph.gov.au/api/individuals?$filter=PHID eq 'QD4',2026-10-02 08:23:59.813516+10:00,2002-07-01,2012-06-15
srv-qd4-43-64ee64ea7184b88b,aph-qd4,43,senate,Australian Greens,GRN,,TAS,2010-09-28,2012-06-15,True,False,https://handbookapi.aph.gov.au/api/individuals?$filter=PHID eq 'QD4',2026-10-02 08:23:59.813516+10:00,2008-07-01,2012-06-15
srv-qi4-42-c2cd4e31a24b49cb,aph-qi4,42,representatives,Australian Labor Party,ALP,Chifley,NSW,2008-02-12,2010-07-19,True,False,https://handbookapi.aph.gov.au/api/individuals?$filter=PHID eq 'QI4',2026-10-02 08:23:59.813516+10:00,2007-03-24,2010-07-19
srv-r36-42-a87148215982451f,aph-r36,42,representatives,Australian Labor Party,ALP,Grayndler,NSW,2008-02-12,2010-07-19,True,False,https://handbookapi.aph.gov.au/api/individuals?$filter=PHID eq 'R36',2026-10-02 08:23:59.813516+10:00,2007-11-24,2010-08-21
srv-r36-43-e267092289ad4f48,aph-r36,43,representatives,Australian Labor Party,ALP,Grayndler,NSW,2010-09-28,2013-08-05,True,False,https://handbookapi.aph.gov.au/api/individuals?$filter=PHID eq 'R36',2026-10-02 08:23:59.813516+10:00,2010-08-21,2013-09-07
srv-r36-44-fa69434fb363fa37,aph-r36,44,representatives,Australian Labor Party,ALP,Grayndler,NSW,2013-11-12,2016-05-09,True,False,https://handbookapi.aph.gov.au/api/individuals?$filter=PHID eq 'R36',2026-10-02 08:23:59.813516+10:00,2013-09-07,2016-07-02
srv-r36-45-d5515c18b5b91b2f,aph-r36,45,representatives,Australian Labor Party,ALP,Grayndler,NSW,2016-08-30,2019-04-11,True,False,https://handbookapi.aph.gov.au/api/individuals?$filter=PHID eq 'R36',2026-10-02 08:23:59.813516+10:00,2016-07-02,2019-05-18
srv-r36-46-d5c5f40828e8ba05,aph-r36,46,representatives,Australian Labor Party,ALP,Grayndler,NSW,2019-07-02,2022-04-11,True,False,https://handbookapi.aph.gov.au/api/individuals?$filter=PHID eq 'R36',2026-10-02 08:23:59.813516+10:00,2019-05-18,2022-05-21
srv-r36-47-32da199ba8390272,aph-r36,47,representatives,Australian Labor Party,ALP,Grayndler,NSW,2022-07-26,2025-03-28,True,False,https://handbookapi.aph.gov.au/api/individuals?$filter=PHID eq 'R36',2026-10-02 08:23:59.813516+10:00,2022-05-21,2025-05-03
srv-r36-48-8aa3965b2ffec714,aph-r36,48,representatives,Australian Labor Party,ALP,Grayndler,NSW,2025-07-22,,True,True,https://handbookapi.aph.gov.au/api/individuals?$filter=PHID eq 'R36',2026-10-02 08:23:59.813516+10:00,2025-05-03,2026-09-21
srv-rh4-42-850db9a61f8c6d2f,aph-rh4,42,representatives,Australian Labor Party,ALP,Denison,TAS,2008-02-12,2010-07-19,True,False,https://handbookapi.aph.gov.au/api/individuals?$filter=PHID eq 'RH4',2026-10-02 08:23:59.813516+10:00,2007-11-24,2010-07-19
srv-rw5-42-855ac2c119333344,aph-rw5,42,representatives,Liberal Party of Australia,LP,Bradfield,NSW,2008-02-12,2009-10-19,True,False,https://handbookapi.aph.gov.au/api/individuals?$filter=PHID eq 'RW5',2026-10-02 08:23:59.813516+10:00,2007-11-24,2009-10-19
srv-se4-42-fe803d118a4577eb,aph-se4,42,representatives,Liberal Party of Australia,LP,Mackellar,NSW,2008-02-12,2010-07-19,True,False,https://handbookapi.aph.gov.au/api/individuals?$filter=PHID eq 'SE4',2026-10-02 08:23:59.813516+10:00,2007-11-24,2010-08-21
srv-se4-43-3760e278730e04f8,aph-se4,43,representatives,Liberal Party of Australia,LP,Mackellar,NSW,2010-09-28,2013-08-05,True,False,https://handbookapi.aph.gov.au/api/individuals?$filter=PHID eq 'SE4',2026-10-02 08:23:59.813516+10:00,2010-08-21,2013-09-07
srv-se4-44-81c38b11469bb8f9,aph-se4,44,representatives,Liberal Party of Australia,LP,Mackellar,NSW,2013-11-12,2016-05-09,True,False,https://handbookapi.aph.gov.au/api/individuals?$filter=PHID eq 'SE4',2026-10-02 08:23:59.813516+10:00,2013-09-07,2016-05-09
srv-sj4-42-9ceddad7b19b98ec,aph-sj4,42,representatives,Liberal Party of Australia,LP,O'Connor,WA,2008-02-12,2010-07-19,True,False,https://handbookapi.aph.gov.au/api/individuals?$filter=PHID eq 'SJ4',2026-10-02 08:23:59.813516+10:00,2007-11-24,2010-08-21
srv-sr5-44-f251bc9dd33edd12,aph-sr5,44,senate,Australian Labor Party,ALP,,WA,2016-04-28,2016-05-09,False,False,https://handbookapi.aph.gov.au/api/individuals?$filter=PHID eq 'SR5',2026-10-02 08:23:59.813516+10:00,2016-04-28,2016-07-01
srv-sr5-45-5884db98268c8500,aph-sr5,45,senate,Australian Labor Party,ALP,,WA,2016-08-30,2019-04-11,True,False,https://handbookapi.aph.gov.au/api/individuals?$filter=PHID eq 'SR5',2026-10-02 08:23:59.813516+10:00,2016-07-02,2019-06-30
srv-sr5-46-d19b52cb6326a717,aph-sr5,46,senate,Australian Labor Party,ALP,,WA,2019-07-02,2022-04-11,True,False,https://handbookapi.aph.gov.au/api/individuals?$filter=PHID eq 'SR5',2026-10-02 08:23:59.813516+10:00,2019-07-01,2024-01-26
srv-sr5-47-a918f73acd4a4e61,aph-sr5,47,senate,Australian Labor Party,ALP,,WA,2022-07-26,2024-01-26,True,False,https://handbookapi.aph.gov.au/api/individuals?$filter=PHID eq 'SR5',2026-10-02 08:23:59.813516+10:00,2019-07-01,2024-01-26
srv-su5-42-81fc7afa6cf68c9f,aph-su5,42,representatives,The Nationals,NP,Lyne,NSW,2008-02-12,2008-07-30,True,False,https://handbookapi.aph.gov.au/api/individuals?$filter=PHID eq 'SU5',2026-10-02 08:23:59.813516+10:00,2007-11-24,2008-07-30
srv-tk6-42-642c26468a802fc0,aph-tk6,42,representatives,Liberal Party of Australia,LP,Boothby,SA,2008-02-12,2010-07-19,True,False,https://handbookapi.aph.gov.au/api/individuals?$filter=PHID eq 'TK6',2026-10-02 08:23:59.813516+10:00,2007-11-24,2010-08-21
srv-tk6-43-b50972b6c1644c1b,aph-tk6,43,representatives,Liberal Party of Australia,LP,Boothby,SA,2010-09-28,2013-08-05,True,False,https://handbookapi.aph.gov.au/api/individuals?$filter=PHID eq 'TK6',2026-10-02 08:23:59.813516+10:00,2010-08-21,2013-09-07
srv-tk6-44-a7294462b0850481,aph-tk6,44,representatives,Liberal Party of Australia,LP,Boothby,SA,2013-11-12,2016-05-09,True,False,https://handbookapi.aph.gov.au/api/individuals?$filter=PHID eq 'TK6',2026-10-02 08:23:59.813516+10:00,2013-09-07,2016-05-09
srv-ui4-42-8af42f6fdab268bc,aph-ui4,42,senate,Australian Labor Party,ALP,,VIC,2008-02-12,2008-05-05,True,False,https://handbookapi.aph.gov.au/api/individuals?$filter=PHID eq 'UI4',2026-10-02 08:23:59.813516+10:00,2002-07-01,2008-05-05
srv-uk6-42-d268beda4b1cff3d,aph-uk6,42,representatives,Australian Labor Party,ALP,Wills,VIC,2008-02-12,2010-07-19,True,False,https://handbookapi.aph.gov.au/api/individuals?$filter=PHID eq 'UK6',2026-10-02 08:23:59.813516+10:00,2007-11-24,2010-08-21
srv-uk6-43-50f41ae1a3e4df20,aph-uk6,43,representatives,Australian Labor Party,ALP,Wills,VIC,2010-09-28,2013-08-05,True,False,https://handbookapi.aph.gov.au/api/individuals?$filter=PHID eq 'UK6',2026-10-02 08:23:59.813516+10:00,2010-08-21,2013-09-07
srv-uk6-44-bdc5c48c3a3852a0,aph-uk6,44,representatives,Australian Labor Party,ALP,Wills,VIC,2013-11-12,2016-05-09,True,False,https://handbookapi.aph.gov.au/api/individuals?$filter=PHID eq 'UK6',2026-10-02 08:23:59.813516+10:00,2013-09-07,2016-05-09
srv-vj4-42-e6ae0c1f476ad59d,aph-vj4,42,senate,Liberal Party of Australia,LP,,TAS,2008-02-12,2008-06-30,True,False,https://handbookapi.aph.gov.au/api/individuals?$filter=PHID eq 'VJ4',2026-10-02 08:23:59.813516+10:00,2002-07-01,2008-06-30
srv-vk6-42-eb5467c23a0bc56c,aph-vk6,42,representatives,Liberal Party of Australia,LP,Hughes,NSW,2008-02-12,2010-07-19,True,False,https://handbookapi.aph.gov.au/api/individuals?$filter=PHID eq 'VK6',2026-10-02 08:23:59.813516+10:00,2007-11-24,2010-07-19
srv-vu5-42-6e872903a237050b,aph-vu5,42,representatives,Australian Labor Party,ALP,Bruce,VIC,2008-02-12,2010-07-19,True,False,https://handbookapi.aph.gov.au/api/individuals?$filter=PHID eq 'VU5',2026-10-02 08:23:59.813516+10:00,2007-11-24,2010-08-21
srv-vu5-43-9d7bc39bb0d207af,aph-vu5,43,representatives,Australian Labor Party,ALP,Bruce,VIC,2010-09-28,2013-08-05,True,False,https://handbookapi.aph.gov.au/api/individuals?$filter=PHID eq 'VU5',2026-10-02 08:23:59.813516+10:00,2010-08-21,2013-09-07
srv-vu5-44-ed301e7accb1ec62,aph-vu5,44,representatives,Australian Labor Party,ALP,Bruce,VIC,2013-11-12,2016-05-09,True,False,https://handbookapi.aph.gov.au/api/individuals?$filter=PHID eq 'VU5',2026-10-02 08:23:59.813516+10:00,2013-09-07,2016-05-09
srv-wf6-42-a7e2321e64ab44de,aph-wf6,42,representatives,Australian Labor Party,ALP,Melbourne Ports,VIC,2008-02-12,2010-07-19,True,False,https://handbookapi.aph.gov.au/api/individuals?$filter=PHID eq 'WF6',2026-10-02 08:23:59.813516+10:00,2007-11-24,2010-08-21
srv-wf6-43-83e0835488b619db,aph-wf6,43,representatives,Australian Labor Party,ALP,Melbourne Ports,VIC,2010-09-28,2013-08-05,True,False,https://handbookapi.aph.gov.au/api/individuals?$filter=PHID eq 'WF6',2026-10-02 08:23:59.813516+10:00,2010-08-21,2013-09-07
srv-wf6-44-d00fa16512d3363f,aph-wf6,44,representatives,Australian Labor Party,ALP,Melbourne Ports,VIC,2013-11-12,2016-05-09,True,False,https://handbookapi.aph.gov.au/api/individuals?$filter=PHID eq 'WF6',2026-10-02 08:23:59.813516+10:00,2013-09-07,2016-07-02
srv-wf6-45-a8390489718ef094,aph-wf6,45,representatives,Australian Labor Party,ALP,Melbourne Ports,VIC,2016-08-30,2019-04-11,True,False,https://handbookapi.aph.gov.au/api/individuals?$filter=PHID eq 'WF6',2026-10-02 08:23:59.813516+10:00,2016-07-02,2019-04-11
srv-wh4-42-2179322deea566a5,aph-wh4,42,senate,Liberal Party of Australia,LP,,VIC,2008-02-12,2010-07-19,True,False,https://handbookapi.aph.gov.au/api/individuals?$filter=PHID eq 'WH4',2026-10-02 08:23:59.813516+10:00,2005-07-01,2011-06-30
srv-wh4-43-0f362d161cae6782,aph-wh4,43,senate,Liberal Party of Australia,LP,,VIC,2010-09-28,2011-06-30,True,False,https://handbookapi.aph.gov.au/api/individuals?$filter=PHID eq 'WH4',2026-10-02 08:23:59.813516+10:00,2005-07-01,2011-06-30
srv-wn6-42-4584b0fd0e7f9e56,aph-wn6,42,representatives,Liberal Party of Australia,LP,Groom,QLD,2008-02-12,2010-07-19,True,False,https://handbookapi.aph.gov.au/api/individuals?$filter=PHID eq 'WN6',2026-10-02 08:23:59.813516+10:00,2007-11-24,2010-08-21
srv-wn6-43-24e074af8f66b4b7,aph-wn6,43,representatives,Liberal Party of Australia,LP,Groom,QLD,2010-09-28,2013-08-05,True,False,https://handbookapi.aph.gov.au/api/individuals?$filter=PHID eq 'WN6',2026-10-02 08:23:59.813516+10:00,2010-08-21,2013-09-07
srv-wn6-44-3426348d70db958d,aph-wn6,44,representatives,Liberal Party of Australia,LP,Groom,QLD,2013-11-12,2016-05-09,True,False,https://handbookapi.aph.gov.au/api/individuals?$filter=PHID eq 'WN6',2026-10-02 08:23:59.813516+10:00,2013-09-07,2016-05-09
srv-wp6-42-5ffdd9798185796d,aph-wp6,42,senate,Liberal Party of Australia,LP,,WA,2008-02-12,2008-06-30,True,False,https://handbookapi.aph.gov.au/api/individuals?$filter=PHID eq 'WP6',2026-10-02 08:23:59.813516+10:00,2002-07-01,2008-06-30
srv-ww4-42-2179322deea566a5,aph-ww4,42,senate,Liberal Party of Australia,LP,,VIC,2008-02-12,2008-06-30,True,False,https://handbookapi.aph.gov.au/api/individuals?$filter=PHID eq 'WW4',2026-10-02 08:23:59.813516+10:00,2002-07-01,2008-06-30
srv-wx4-43-a0e01632996e76ba,aph-wx4,43,senate,Australian Labor Party,ALP,,NSW,2012-03-06,2013-08-05,False,False,https://handbookapi.aph.gov.au/api/individuals?$filter=PHID eq 'WX4',2026-10-02 08:23:59.813516+10:00,2012-03-06,2013-09-07
srv-xh4-42-4703014f2e80fa50,aph-xh4,42,representatives,The Nationals,NP,Gippsland,VIC,2008-02-12,2008-04-09,True,False,https://handbookapi.aph.gov.au/api/individuals?$filter=PHID eq 'XH4',2026-10-02 08:23:59.813516+10:00,2007-11-24,2008-04-09
srv-xt4-42-2179322deea566a5,aph-xt4,42,senate,Liberal Party of Australia,LP,,VIC,2008-02-12,2010-07-19,True,False,https://handbookapi.aph.gov.au/api/individuals?$filter=PHID eq 'XT4',2026-10-02 08:23:59.813516+10:00,2005-07-01,2011-06-30
srv-xt4-43-0f362d161cae6782,aph-xt4,43,senate,Liberal Party of Australia,LP,,VIC,2010-09-28,2013-08-05,True,False,https://handbookapi.aph.gov.au/api/individuals?$filter=PHID eq 'XT4',2026-10-02 08:23:59.813516+10:00,2005-07-01,2016-02-28
srv-xt4-44-de871938906d3639,aph-xt4,44,senate,Liberal Party of Australia,LP,,VIC,2013-11-12,2016-02-28,True,False,https://handbookapi.aph.gov.au/api/individuals?$filter=PHID eq 'XT4',2026-10-02 08:23:59.813516+10:00,2011-07-01,2016-02-28
srv-ye4-42-a90d6b96b4ca7ded,aph-ye4,42,senate,The Nationals,NP,,QLD,2008-02-12,2010-07-19,True,False,https://handbookapi.aph.gov.au/api/individuals?$filter=PHID eq 'YE4',2026-10-02 08:23:59.813516+10:00,2002-07-01,2014-06-30
srv-ye4-43-eb484276d7d418a8,aph-ye4,43,senate,The Nationals,NP,,QLD,2010-09-28,2013-08-05,True,False,https://handbookapi.aph.gov.au/api/individuals?$filter=PHID eq 'YE4',2026-10-02 08:23:59.813516+10:00,2008-07-01,2014-06-30
srv-ye4-44-2fac8b04937cb1a6,aph-ye4,44,senate,The Nationals,NP,,QLD,2013-11-12,2014-06-30,True,False,https://handbookapi.aph.gov.au/api/individuals?$filter=PHID eq 'YE4',2026-10-02 08:23:59.813516+10:00,2008-07-01,2014-06-30
srv-yt4-42-8fa8818d6805b91e,aph-yt4,42,representatives,The Nationals,NP,Maranoa,QLD,2008-02-12,2010-07-19,True,False,https://handbookapi.aph.gov.au/api/individuals?$filter=PHID eq 'YT4',2026-10-02 08:23:59.813516+10:00,2007-11-24,2010-08-21
srv-yt4-43-2395877d0a807b40,aph-yt4,43,representatives,The Nationals,NP,Maranoa,QLD,2010-09-28,2013-08-05,True,False,https://handbookapi.aph.gov.au/api/individuals?$filter=PHID eq 'YT4',2026-10-02 08:23:59.813516+10:00,2010-08-21,2013-09-07
srv-yt4-44-d6f493396a6966c4,aph-yt4,44,representatives,The Nationals,NP,Maranoa,QLD,2013-11-12,2016-05-09,True,False,https://handbookapi.aph.gov.au/api/individuals?$filter=PHID eq 'YT4',2026-10-02 08:23:59.813516+10:00,2013-09-07,2016-05-09
srv-yu5-42-30c08b8b18ea62d2,aph-yu5,42,representatives,Australian Labor Party,ALP,Melbourne,VIC,2008-02-12,2010-07-19,True,False,https://handbookapi.aph.gov.au/api/individuals?$filter=PHID eq 'YU5',2026-10-02 08:23:59.813516+10:00,2007-11-24,2010-07-19
srv-yw4-42-27c3fa12aca4e3ca,aph-yw4,42,senate,Liberal Party of Australia,LP,,QLD,2008-02-12,2010-07-19,True,False,https://handbookapi.aph.gov.au/api/individuals?$filter=PHID eq 'YW4',2026-10-02 08:23:59.813516+10:00,2002-07-01,2014-06-30
srv-yw4-43-caf764be0226f779,aph-yw4,43,senate,Liberal Party of Australia,LP,,QLD,2010-09-28,2013-08-05,True,False,https://handbookapi.aph.gov.au/api/individuals?$filter=PHID eq 'YW4',2026-10-02 08:23:59.813516+10:00,2008-07-01,2014-06-30
srv-yw4-44-56de330abcfb938e,aph-yw4,44,senate,Liberal Party of Australia,LP,,QLD,2013-11-12,2016-05-09,True,False,https://handbookapi.aph.gov.au/api/individuals?$filter=PHID eq 'YW4',2026-10-02 08:23:59.813516+10:00,2008-07-01,2016-07-01
srv-yw4-45-61d6087e18b3b4ae,aph-yw4,45,senate,Liberal Party of Australia,LP,,QLD,2016-08-30,2019-04-11,True,False,https://handbookapi.aph.gov.au/api/individuals?$filter=PHID eq 'YW4',2026-10-02 08:23:59.813516+10:00,2016-07-02,2019-06-30
srv-yw6-42-975394d93fb65af2,aph-yw6,42,representatives,Australian Labor Party,ALP,Charlton,NSW,2008-02-12,2010-07-19,True,False,https://handbookapi.aph.gov.au/api/individuals?$filter=PHID eq 'YW6',2026-10-02 08:23:59.813516+10:00,2007-11-24,2010-08-21
srv-yw6-43-42143d0792310d32,aph-yw6,43,representatives,Australian Labor Party,ALP,Charlton,NSW,2010-09-28,2013-08-05,True,False,https://handbookapi.aph.gov.au/api/individuals?$filter=PHID eq 'YW6',2026-10-02 08:23:59.813516+10:00,2010-08-21,2013-08-05
srv-zn4-44-40961b75433b39df,aph-zn4,44,representatives,Liberal Party of Australia,LP,Corangamite,VIC,2013-11-12,2016-05-09,True,False,https://handbookapi.aph.gov.au/api/individuals?$filter=PHID eq 'ZN4',2026-10-02 08:23:59.813516+10:00,2013-09-07,2016-07-02
srv-zn4-45-38f1552430c8b78b,aph-zn4,45,representatives,Liberal Party of Australia,LP,Corangamite,VIC,2016-08-30,2019-04-11,True,False,https://handbookapi.aph.gov.au/api/individuals?$filter=PHID eq 'ZN4',2026-10-02 08:23:59.813516+10:00,2016-07-02,2019-05-18
srv-zn4-46-1ccc2347cb66bf60,aph-zn4,46,senate,Liberal Party of Australia,LP,,VIC,2019-09-11,2022-04-11,False,False,https://handbookapi.aph.gov.au/api/individuals?$filter=PHID eq 'ZN4',2026-10-02 08:23:59.813516+10:00,2019-09-11,2022-06-30
srv-zn4-47-4ad82d6008daf869,aph-zn4,47,senate,Liberal Party of Australia,LP,,VIC,2022-07-26,2025-03-28,True,False,https://handbookapi.aph.gov.au/api/individuals?$filter=PHID eq 'ZN4',2026-10-02 08:23:59.813516+10:00,2022-07-01,2026-09-21
srv-zn4-48-901262a2a8064ad0,aph-zn4,48,senate,Liberal Party of Australia,LP,,VIC,2025-07-22,,True,True,https://handbookapi.aph.gov.au/api/individuals?$filter=PHID eq 'ZN4',2026-10-02 08:23:59.813516+10:00,2022-07-01,2026-09-21
srv-zt4-42-129e960c2edab2bf,aph-zt4,42,representatives,Liberal Party of Australia,LP,Fairfax,QLD,2008-02-12,2010-07-19,True,False,https://handbookapi.aph.gov.au/api/individuals?$filter=PHID eq 'ZT4',2026-10-02 08:23:59.813516+10:00,2007-11-24,2010-08-21
srv-zt4-43-c8d1ee9a46a3ed63,aph-zt4,43,representatives,Liberal Party of Australia,LP,Fairfax,QLD,2010-09-28,2013-08-05,True,False,https://handbookapi.aph.gov.au/api/individuals?$filter=PHID eq 'ZT4',2026-10-02 08:23:59.813516+10:00,2010-08-21,2013-08-05
srv-zw4-42-05e24ef8a5f46c96,aph-zw4,42,senate,Australian Labor Party,ALP,,TAS,2008-02-12,2010-07-19,True,False,https://handbookapi.aph.gov.au/api/individuals?$filter=PHID eq 'ZW4',2026-10-02 08:23:59.813516+10:00,2002-07-01,2012-06-01
srv-zw4-43-a9714b55100e2f5d,aph-zw4,43,senate,Australian Labor Party,ALP,,TAS,2010-09-28,2012-06-01,True,False,https://handbookapi.aph.gov.au/api/individuals?$filter=PHID eq 'ZW4',2026-10-02 08:23:59.813516+10:00,2008-07-01,2012-06-01
